full_name,team,Position,Price,round,opponent_team,was_home,minutes,total_points,element,fixture,kickoff_time,team_h_score,team_a_score,modified,goals_scored,assists,clean_sheets,goals_conceded,own_goals,penalties_saved,penalties_missed,yellow_cards,red_cards,saves,bonus,bps,influence,creativity,threat,ict_index,clearances_blocks_interceptions,recoveries,tackles,defensive_contribution,starts,expected_goals,expected_assists,expected_goal_involvements,expected_goals_conceded,value,transfers_balance,selected,transfers_in,transfers_out
david_raya martín,Arsenal,GK,6.0,1,Coventry City,True,90,6,1,1,2026-08-21T19:00:00Z,3,0,False,0,0,1,0,0,0,0,0,0,1,0,24,11.8,0.0,0.0,1.2,1,8,0,0,1,0.00,0.00,0.00,0.20,60,0,3347153,0,0
david_raya martín,Arsenal,GK,6.0,2,Aston Villa,False,90,6,1,20,2026-08-31T19:00:00Z,0,1,False,0,0,1,0,0,0,0,0,0,0,0,21,5.6,0.0,0.0,0.6,1,11,0,0,1,0.00,0.00,0.00,0.33,60,24756,3801300,106734,81978
david_raya martín,Arsenal,GK,6.0,3,Chelsea,True,90,3,1,29,2026-09-06T15:30:00Z,2,1,False,0,0,0,1,0,0,0,0,0,4,0,15,28.8,0.0,0.0,2.9,2,11,0,0,1,0.00,0.01,0.01,0.39,60,-23780,3887669,204948,228728
david_raya martín,Arsenal,GK,6.0,4,Sunderland,False,90,14,1,36,2026-09-12T19:00:00Z,0,2,False,0,0,1,0,0,1,0,0,0,2,3,38,37.8,0.2,0.0,3.8,2,14,0,0,1,0.00,0.00,0.00,1.80,60,34449,4195206,249119,214670
kepa_arrizabalaga revuelta,Arsenal,GK,5.0,1,Coventry City,True,0,0,2,1,2026-08-21T19:00:00Z,3,0,False,0,0,0,0,0,0,0,0,0,0,0,0,0.0,0.0,0.0,0.0,0,0,0,0,0,0.00,0.00,0.00,0.00,50,0,7415,0,0
kepa_arrizabalaga revuelta,Arsenal,GK,5.0,2,Aston Villa,False,0,0,2,20,2026-08-31T19:00:00Z,0,1,False,0,0,0,0,0,0,0,0,0,0,0,0,0.0,0.0,0.0,0.0,0,0,0,0,0,0.00,0.00,0.00,0.00,50,-1067,7844,322,1389
kepa_arrizabalaga revuelta,Arsenal,GK,5.0,3,Chelsea,True,0,0,2,29,2026-09-06T15:30:00Z,2,1,False,0,0,0,0,0,0,0,0,0,0,0,0,0.0,0.0,0.0,0.0,0,0,0,0,0,0.00,0.00,0.00,0.00,50,-615,8025,599,1214
kepa_arrizabalaga revuelta,Arsenal,GK,4.9,4,Sunderland,False,0,0,2,36,2026-09-12T19:00:00Z,0,2,False,0,0,0,0,0,0,0,0,0,0,0,0,0.0,0.0,0.0,0.0,0,0,0,0,0,0.00,0.00,0.00,0.00,49,-576,7757,275,851
illan_meslier,Arsenal,GK,5.0,1,Coventry City,True,0,0,3,1,2026-08-21T19:00:00Z,3,0,False,0,0,0,0,0,0,0,0,0,0,0,0,0.0,0.0,0.0,0.0,0,0,0,0,0,0.00,0.00,0.00,0.00,50,0,2971,0,0
illan_meslier,Arsenal,GK,5.0,2,Aston Villa,False,0,0,3,20,2026-08-31T19:00:00Z,0,1,False,0,0,0,0,0,0,0,0,0,0,0,0,0.0,0.0,0.0,0.0,0,0,0,0,0,0.00,0.00,0.00,0.00,50,-391,3125,101,492
illan_meslier,Arsenal,GK,5.0,3,Chelsea,True,0,0,3,29,2026-09-06T15:30:00Z,2,1,False,0,0,0,0,0,0,0,0,0,0,0,0,0.0,0.0,0.0,0.0,0,0,0,0,0,0.00,0.00,0.00,0.00,50,-287,3143,172,459
illan_meslier,Arsenal,GK,4.9,4,Sunderland,False,0,0,3,36,2026-09-12T19:00:00Z,0,2,False,0,0,0,0,0,0,0,0,0,0,0,0,0.0,0.0,0.0,0.0,0,0,0,0,0,0.00,0.00,0.00,0.00,49,-200,3081,108,308
gabriel_dos santos magalhães,Arsenal,DF,8.0,1,Coventry City,True,90,5,4,1,2026-08-21T19:00:00Z,3,0,False,0,0,1,0,0,0,0,1,0,0,0,21,6.6,1.8,1.0,0.9,4,2,0,4,1,0.05,0.01,0.06,0.20,80,0,2647984,0,0
gabriel_dos santos magalhães,Arsenal,DF,8.0,2,Aston Villa,False,90,8,4,20,2026-08-31T19:00:00Z,0,1,False,0,0,1,0,0,0,0,0,0,0,0,23,18.2,3.2,6.0,2.7,8,5,2,10,1,0.13,0.02,0.15,0.33,80,-65343,2878770,58765,124108
gabriel_dos santos magalhães,Arsenal,DF,8.0,3,Chelsea,True,90,2,4,29,2026-09-06T15:30:00Z,2,1,False,0,0,0,1,0,0,0,0,0,0,0,10,23.6,2.4,76.0,10.2,7,4,0,7,1,0.31,0.02,0.33,0.39,80,-298759,2590027,46883,345642
gabriel_dos santos magalhães,Arsenal,DF,8.0,4,Sunderland,False,90,9,4,36,2026-09-12T19:00:00Z,0,2,False,0,0,1,0,0,0,0,1,0,0,2,30,20.6,1.5,1.0,2.3,10,2,1,11,1,0.02,0.01,0.03,1.80,80,-197767,2549738,56562,254329
jurriën_timber,Arsenal,DF,6.5,1,Coventry City,True,0,0,5,1,2026-08-21T19:00:00Z,3,0,False,0,0,0,0,0,0,0,0,0,0,0,0,0.0,0.0,0.0,0.0,0,0,0,0,0,0.00,0.00,0.00,0.00,65,0,11200,0,0
jurriën_timber,Arsenal,DF,6.5,2,Aston Villa,False,0,0,5,20,2026-08-31T19:00:00Z,0,1,False,0,0,0,0,0,0,0,0,0,0,0,0,0.0,0.0,0.0,0.0,0,0,0,0,0,0.00,0.00,0.00,0.00,65,-2703,9810,401,3104
jurriën_timber,Arsenal,DF,6.5,3,Chelsea,True,0,0,5,29,2026-09-06T15:30:00Z,2,1,False,0,0,0,0,0,0,0,0,0,0,0,0,0.0,0.0,0.0,0.0,0,0,0,0,0,0.00,0.00,0.00,0.00,65,-1892,8594,549,2441
jurriën_timber,Arsenal,DF,6.5,4,Sunderland,False,45,1,5,36,2026-09-12T19:00:00Z,0,2,False,0,0,0,0,0,0,0,0,0,0,0,3,6.0,1.9,0.0,0.8,2,5,1,3,0,0.00,0.01,0.01,1.57,65,-772,8281,618,1390
william_saliba,Arsenal,DF,6.0,1,Coventry City,True,0,0,6,1,2026-08-21T19:00:00Z,3,0,False,0,0,0,0,0,0,0,0,0,0,0,0,0.0,0.0,0.0,0.0,0,0,0,0,0,0.00,0.00,0.00,0.00,60,0,26559,0,0
william_saliba,Arsenal,DF,6.0,2,Aston Villa,False,0,0,6,20,2026-08-31T19:00:00Z,0,1,False,0,0,0,0,0,0,0,0,0,0,0,0,0.0,0.0,0.0,0.0,0,0,0,0,0,0.00,0.00,0.00,0.00,60,-5970,25581,846,6816
william_saliba,Arsenal,DF,6.0,3,Chelsea,True,0,0,6,29,2026-09-06T15:30:00Z,2,1,False,0,0,0,0,0,0,0,0,0,0,0,0,0.0,0.0,0.0,0.0,0,0,0,0,0,0.00,0.00,0.00,0.00,60,-4380,23846,1102,5482
william_saliba,Arsenal,DF,5.9,4,Sunderland,False,0,0,6,36,2026-09-12T19:00:00Z,0,2,False,0,0,0,0,0,0,0,0,0,0,0,0,0.0,0.0,0.0,0.0,0,0,0,0,0,0.00,0.00,0.00,0.00,59,-2516,22768,735,3251
myles_lewis-skelly,Arsenal,MD,5.5,1,Coventry City,True,90,3,7,1,2026-08-21T19:00:00Z,3,0,False,0,0,1,0,0,0,0,0,0,0,0,15,11.0,22.9,7.0,4.1,1,5,1,7,1,0.06,0.11,0.17,0.20,55,0,55656,0,0
myles_lewis-skelly,Arsenal,MD,5.5,2,Aston Villa,False,70,3,7,20,2026-08-31T19:00:00Z,0,1,False,0,0,1,0,0,0,0,0,0,0,0,15,10.6,3.2,5.0,1.9,4,1,0,5,1,0.07,0.02,0.09,0.33,55,642,70615,9693,9051
myles_lewis-skelly,Arsenal,MD,5.5,3,Chelsea,True,66,2,7,29,2026-09-06T15:30:00Z,2,1,False,0,0,0,1,0,0,0,0,0,0,0,5,0.0,12.7,4.0,1.0,0,2,0,2,1,0.03,0.10,0.13,0.26,55,-4641,71335,8849,13490
myles_lewis-skelly,Arsenal,MD,5.5,4,Sunderland,False,45,1,7,36,2026-09-12T19:00:00Z,0,2,False,0,0,0,0,0,0,0,0,0,0,0,2,0.0,1.4,0.0,0.0,0,0,0,0,1,0.00,0.00,0.00,0.23,55,-4212,70499,6908,11120
riccardo_calafiori,Arsenal,DF,5.5,1,Coventry City,True,80,9,8,1,2026-08-21T19:00:00Z,3,0,False,0,1,1,0,0,0,0,0,0,0,0,31,26.0,12.2,4.0,4.2,4,1,1,5,1,0.04,0.09,0.13,0.06,55,0,3542684,0,0
riccardo_calafiori,Arsenal,DF,5.6,2,Aston Villa,False,90,11,8,20,2026-08-31T19:00:00Z,0,1,False,0,1,1,0,0,0,0,0,0,0,2,30,21.2,11.9,9.0,4.2,2,4,1,3,1,0.11,0.46,0.57,0.33,56,268472,4150694,310105,41633
riccardo_calafiori,Arsenal,DF,5.7,3,Chelsea,True,66,2,8,29,2026-09-06T15:30:00Z,2,1,False,0,0,0,1,0,0,0,0,0,0,0,0,4.4,3.2,26.0,3.4,0,1,1,1,1,0.39,0.03,0.42,0.26,57,396923,4639050,515479,118556
riccardo_calafiori,Arsenal,DF,5.8,4,Sunderland,False,90,6,8,36,2026-09-12T19:00:00Z,0,2,False,0,0,1,0,0,0,0,0,0,0,0,18,8.8,1.7,7.0,1.8,4,2,0,4,1,0.06,0.01,0.07,1.80,58,392809,5296821,487524,94715
piero_hincapié,Arsenal,DF,5.5,1,Coventry City,True,9,1,9,1,2026-08-21T19:00:00Z,3,0,False,0,0,0,0,0,0,0,0,0,0,0,3,0.4,0.5,0.0,0.1,0,0,0,0,0,0.00,0.00,0.00,0.15,55,0,165924,0,0
piero_hincapié,Arsenal,DF,5.4,2,Aston Villa,False,0,0,9,20,2026-08-31T19:00:00Z,0,1,False,0,0,0,0,0,0,0,0,0,0,0,0,0.0,0.0,0.0,0.0,0,0,0,0,0,0.00,0.00,0.00,0.00,54,-37136,145234,3910,41046
piero_hincapié,Arsenal,DF,5.4,3,Chelsea,True,23,1,9,29,2026-09-06T15:30:00Z,2,1,False,0,0,0,0,0,0,0,0,0,0,0,3,6.0,0.5,2.0,0.9,2,0,1,3,0,0.00,0.00,0.00,0.13,54,-31216,119369,4425,35641
piero_hincapié,Arsenal,DF,5.3,4,Sunderland,False,0,0,9,36,2026-09-12T19:00:00Z,0,2,False,0,0,0,0,0,0,0,0,0,0,0,0,0.0,0.0,0.0,0.0,0,0,0,0,0,0.00,0.00,0.00,0.00,53,-15451,109174,3925,19376
benjamin_white,Arsenal,DF,5.5,1,Coventry City,True,90,11,10,1,2026-08-21T19:00:00Z,3,0,False,0,1,1,0,0,0,0,0,0,0,2,37,33.2,26.8,13.0,7.3,4,3,1,5,1,0.18,0.21,0.39,0.20,55,0,401419,0,0
benjamin_white,Arsenal,DF,5.5,2,Aston Villa,False,90,7,10,20,2026-08-31T19:00:00Z,0,1,False,0,0,1,0,0,0,0,0,0,0,1,26,16.4,20.3,0.0,3.7,3,2,1,4,1,0.00,0.05,0.05,0.33,55,119886,683136,144941,25055
benjamin_white,Arsenal,DF,5.5,3,Chelsea,True,90,2,10,29,2026-09-06T15:30:00Z,2,1,False,0,0,0,1,0,0,0,0,0,0,0,11,15.8,5.1,10.0,3.1,4,4,2,6,1,0.00,0.03,0.03,0.39,55,45919,745511,163295,117376
benjamin_white,Arsenal,DF,5.5,4,Sunderland,False,45,1,10,36,2026-09-12T19:00:00Z,0,2,False,0,0,0,0,0,0,0,0,0,0,0,4,4.2,0.8,6.0,1.1,1,0,2,3,1,0.00,0.00,0.00,0.23,55,6399,815166,123355,116956
cristhian_mosquera,Arsenal,DF,5.5,1,Coventry City,True,90,6,11,1,2026-08-21T19:00:00Z,3,0,False,0,0,1,0,0,0,0,0,0,0,0,27,14.4,0.6,0.0,1.5,6,3,0,6,1,0.00,0.00,0.00,0.20,55,0,571606,0,0
cristhian_mosquera,Arsenal,DF,5.5,2,Aston Villa,False,78,6,11,20,2026-08-31T19:00:00Z,0,1,False,0,0,1,0,0,0,0,0,0,0,0,25,10.2,1.4,0.0,1.2,4,0,0,4,1,0.00,0.01,0.01,0.33,55,-30539,566006,15410,45949
cristhian_mosquera,Arsenal,DF,5.5,3,Chelsea,True,0,0,11,29,2026-09-06T15:30:00Z,2,1,False,0,0,0,0,0,0,0,0,0,0,0,0,0.0,0.0,0.0,0.0,0,0,0,0,0,0.00,0.00,0.00,0.00,55,-114822,438589,13546,128368
cristhian_mosquera,Arsenal,DF,5.4,4,Sunderland,False,0,0,11,36,2026-09-12T19:00:00Z,0,2,False,0,0,0,0,0,0,0,0,0,0,0,0,0.0,0.0,0.0,0.0,0,0,0,0,0,0.00,0.00,0.00,0.00,54,-201802,248830,733,202535
bukayo_saka,Arsenal,MD,9.5,1,Coventry City,True,67,9,12,1,2026-08-21T19:00:00Z,3,0,False,1,0,1,0,0,0,0,0,0,0,1,36,42.8,26.1,33.0,10.2,2,4,1,7,1,0.64,0.08,0.72,0.06,95,0,819914,0,0
bukayo_saka,Arsenal,MD,9.5,2,Aston Villa,False,90,11,12,20,2026-08-31T19:00:00Z,0,1,False,1,0,1,0,0,0,0,0,0,0,3,46,41.0,8.0,44.0,9.3,3,6,2,11,1,0.63,0.04,0.67,0.33,95,53683,1039189,88913,35230
bukayo_saka,Arsenal,MD,9.5,3,Chelsea,True,89,2,12,29,2026-09-06T15:30:00Z,2,1,False,0,0,0,1,0,0,0,0,0,0,0,13,10.6,27.8,70.0,10.8,1,2,1,4,1,0.23,0.23,0.46,0.39,95,55091,1160318,156377,101286
bukayo_saka,Arsenal,MD,9.5,4,Sunderland,False,90,8,12,36,2026-09-12T19:00:00Z,0,2,False,1,0,1,0,0,0,0,0,0,0,0,28,45.4,16.9,57.0,11.9,2,4,1,7,1,1.38,0.08,1.46,1.80,95,64680,1257689,213086,148406
declan_rice,Arsenal,MD,7.5,1,Coventry City,True,67,3,13,1,2026-08-21T19:00:00Z,3,0,False,0,0,1,0,0,0,0,0,0,0,0,10,6.8,6.4,2.0,1.5,3,3,0,6,1,0.07,0.08,0.15,0.06,75,0,1604406,0,0
declan_rice,Arsenal,MD,7.5,2,Aston Villa,False,84,5,13,20,2026-08-31T19:00:00Z,0,1,False,0,0,1,0,0,0,0,0,0,0,0,19,24.0,27.6,0.0,5.2,2,7,3,12,1,0.00,0.10,0.10,0.33,75,-122235,1662633,35487,157722
declan_rice,Arsenal,MD,7.5,3,Chelsea,True,90,5,13,29,2026-09-06T15:30:00Z,2,1,False,0,1,0,1,0,0,0,0,0,0,0,22,33.8,19.9,2.0,5.6,5,1,0,6,1,0.03,0.08,0.11,0.39,75,-227106,1465517,21785,248891
declan_rice,Arsenal,MD,7.4,4,Sunderland,False,80,6,13,36,2026-09-12T19:00:00Z,0,2,False,0,1,1,0,0,0,0,0,0,0,0,27,45.0,36.4,0.0,8.1,6,2,2,10,1,0.00,0.37,0.37,1.41,74,-126667,1379844,25889,152556
eberechi_eze,Arsenal,MD,6.5,1,Coventry City,True,14,1,14,1,2026-08-21T19:00:00Z,3,0,False,0,0,0,0,0,0,0,0,0,0,0,4,0.0,1.8,1.0,0.1,0,2,0,2,0,0.04,0.00,0.04,0.15,65,0,188164,0,0
eberechi_eze,Arsenal,MD,6.5,2,Aston Villa,False,45,1,14,20,2026-08-31T19:00:00Z,0,1,False,0,0,0,0,0,0,0,0,0,0,0,6,1.6,2.0,2.0,0.6,0,3,0,3,0,0.00,0.07,0.07,0.24,65,-38776,169814,5716,44492
eberechi_eze,Arsenal,MD,6.4,3,Chelsea,True,0,0,14,29,2026-09-06T15:30:00Z,2,1,False,0,0,0,0,0,0,0,0,0,0,0,0,0.0,0.0,0.0,0.0,0,0,0,0,0,0.00,0.00,0.00,0.00,64,-32301,146059,8271,40572
eberechi_eze,Arsenal,MD,6.3,4,Sunderland,False,9,1,14,36,2026-09-12T19:00:00Z,0,2,False,0,0,0,0,0,0,0,0,0,0,0,3,0.2,0.0,2.0,0.2,0,0,0,0,0,0.00,0.00,0.00,0.40,63,-25833,125433,3906,29739
martin_ødegaard,Arsenal,MD,6.5,1,Coventry City,True,75,11,15,1,2026-08-21T19:00:00Z,3,0,False,1,0,1,0,0,0,0,0,0,0,3,41,50.6,41.5,31.0,12.3,1,4,3,8,1,0.21,0.10,0.31,0.06,65,0,717252,0,0
martin_ødegaard,Arsenal,MD,6.6,2,Aston Villa,False,70,3,15,20,2026-08-31T19:00:00Z,0,1,False,0,0,1,0,0,0,0,0,0,0,0,13,6.8,6.8,5.0,1.9,2,1,2,5,1,0.08,0.07,0.15,0.33,66,252699,1174125,289559,36860
martin_ødegaard,Arsenal,MD,6.6,3,Chelsea,True,76,10,15,29,2026-09-06T15:30:00Z,2,1,False,1,0,0,1,0,0,0,0,0,0,3,47,45.0,54.2,30.0,12.9,0,3,0,3,1,0.72,0.88,1.60,0.27,66,-52949,1130521,119653,172602
martin_ødegaard,Arsenal,MD,6.7,4,Sunderland,False,84,3,15,36,2026-09-12T19:00:00Z,0,2,False,0,0,1,0,0,0,0,0,0,0,0,26,19.4,58.2,2.0,8.0,1,3,1,5,1,0.00,0.25,0.25,1.80,67,702273,2036643,820232,117959
noni_madueke,Arsenal,MD,6.5,1,Coventry City,True,22,1,16,1,2026-08-21T19:00:00Z,3,0,False,0,0,0,0,0,0,0,0,0,0,0,8,9.4,43.1,0.0,5.3,0,2,0,2,0,0.00,0.04,0.04,0.15,65,0,30442,0,0
noni_madueke,Arsenal,MD,6.4,2,Aston Villa,False,0,0,16,20,2026-08-31T19:00:00Z,0,1,False,0,0,0,0,0,0,0,0,0,0,0,0,0.0,0.0,0.0,0.0,0,0,0,0,0,0.00,0.00,0.00,0.00,64,-6819,29476,1412,8231
noni_madueke,Arsenal,MD,6.3,3,Chelsea,True,1,1,16,29,2026-09-06T15:30:00Z,2,1,False,0,0,0,0,0,0,0,0,0,0,0,3,2.2,0.8,0.0,0.3,0,0,1,1,0,0.00,0.01,0.01,0.00,63,-6797,24885,1276,8073
noni_madueke,Arsenal,MD,6.3,4,Sunderland,False,0,0,16,36,2026-09-12T19:00:00Z,0,2,False,0,0,0,0,0,0,0,0,0,0,0,0,0.0,0.0,0.0,0.0,0,0,0,0,0,0.00,0.00,0.00,0.00,63,-3081,23695,1399,4480
mikel_merino zazón,Arsenal,MD,6.0,1,Coventry City,True,14,1,17,1,2026-08-21T19:00:00Z,3,0,False,0,0,0,0,0,0,0,0,0,0,0,5,3.6,1.2,14.0,1.9,0,2,0,2,0,0.14,0.02,0.16,0.15,60,0,62671,0,0
mikel_merino zazón,Arsenal,MD,6.0,2,Aston Villa,False,19,1,17,20,2026-08-31T19:00:00Z,0,1,False,0,0,0,0,0,0,0,0,0,0,0,7,2.8,1.0,0.0,0.4,0,4,0,4,0,0.00,0.00,0.00,0.00,60,-12835,58253,2422,15257
mikel_merino zazón,Arsenal,MD,5.9,3,Chelsea,True,13,0,17,29,2026-09-06T15:30:00Z,2,1,False,0,0,0,0,0,0,0,1,0,0,0,0,0.0,1.1,0.0,0.1,0,0,0,0,0,0.00,0.00,0.00,0.11,59,-10808,51449,3061,13869
mikel_merino zazón,Arsenal,MD,5.8,4,Sunderland,False,5,1,17,36,2026-09-12T19:00:00Z,0,2,False,0,0,0,0,0,0,0,0,0,0,0,3,0.2,0.1,0.0,0.0,0,0,0,0,0,0.00,0.00,0.00,0.00,58,-7941,46215,1909,9850
gabriel_martinelli silva,Arsenal,MD,6.5,1,Coventry City,True,0,0,18,1,2026-08-21T19:00:00Z,3,0,False,0,0,0,0,0,0,0,0,0,0,0,0,0.0,0.0,0.0,0.0,0,0,0,0,0,0.00,0.00,0.00,0.00,65,0,21290,0,0
gabriel_martinelli silva,Arsenal,MD,6.4,2,Aston Villa,False,0,0,18,20,2026-08-31T19:00:00Z,0,1,False,0,0,0,0,0,0,0,0,0,0,0,0,0.0,0.0,0.0,0.0,0,0,0,0,0,0.00,0.00,0.00,0.00,64,-5718,19331,1318,7036
gabriel_martinelli silva,Arsenal,MD,6.3,3,Chelsea,True,0,0,18,29,2026-09-06T15:30:00Z,2,1,False,0,0,0,0,0,0,0,0,0,0,0,0,0.0,0.0,0.0,0.0,0,0,0,0,0,0.00,0.00,0.00,0.00,63,-5441,15232,1165,6606
gabriel_martinelli silva,Arsenal,MD,6.3,4,Sunderland,False,0,0,18,36,2026-09-12T19:00:00Z,0,2,False,0,0,0,0,0,0,0,0,0,0,0,0,0.0,0.0,0.0,0.0,0,0,0,0,0,0.00,0.00,0.00,0.00,63,-6160,9183,0,6160
martín_zubimendi ibáñez,Arsenal,MD,5.5,1,Coventry City,True,22,1,19,1,2026-08-21T19:00:00Z,3,0,False,0,0,0,0,0,0,0,0,0,0,0,3,3.8,2.3,0.0,0.6,0,2,1,3,0,0.00,0.02,0.02,0.15,55,0,107568,0,0
martín_zubimendi ibáñez,Arsenal,MD,5.5,2,Aston Villa,False,5,1,19,20,2026-08-31T19:00:00Z,0,1,False,0,0,0,0,0,0,0,0,0,0,0,5,4.8,0.9,0.0,0.6,0,0,2,2,0,0.00,0.00,0.00,0.00,55,-19013,94430,1579,20592
martín_zubimendi ibáñez,Arsenal,MD,5.4,3,Chelsea,True,23,1,19,29,2026-09-06T15:30:00Z,2,1,False,0,0,0,0,0,0,0,0,0,0,0,1,1.4,0.8,11.0,1.3,4,0,0,4,0,0.08,0.02,0.10,0.13,54,-16532,80922,3485,20017
martín_zubimendi ibáñez,Arsenal,MD,5.4,4,Sunderland,False,9,1,19,36,2026-09-12T19:00:00Z,0,2,False,0,0,0,0,0,0,0,0,0,0,0,5,3.4,0.2,0.0,0.4,0,1,1,2,0,0.00,0.00,0.00,0.40,54,-11465,71283,1507,12972
max_dowman,Arsenal,MD,5.5,1,Coventry City,True,0,0,20,1,2026-08-21T19:00:00Z,3,0,False,0,0,0,0,0,0,0,0,0,0,0,0,0.0,0.0,0.0,0.0,0,0,0,0,0,0.00,0.00,0.00,0.00,55,0,8920,0,0
max_dowman,Arsenal,MD,5.4,2,Aston Villa,False,0,0,20,20,2026-08-31T19:00:00Z,0,1,False,0,0,0,0,0,0,0,0,0,0,0,0,0.0,0.0,0.0,0.0,0,0,0,0,0,0.00,0.00,0.00,0.00,54,-1857,8233,473,2330
max_dowman,Arsenal,MD,5.4,3,Chelsea,True,0,0,20,29,2026-09-06T15:30:00Z,2,1,False,0,0,0,0,0,0,0,0,0,0,0,0,0.0,0.0,0.0,0.0,0,0,0,0,0,0.00,0.00,0.00,0.00,54,-1389,7381,608,1997
max_dowman,Arsenal,MD,5.3,4,Sunderland,False,0,0,20,36,2026-09-12T19:00:00Z,0,2,False,0,0,0,0,0,0,0,0,0,0,0,0,0.0,0.0,0.0,0.0,0,0,0,0,0,0.00,0.00,0.00,0.00,53,-713,7072,629,1342
ethan_nwaneri,Arsenal,MD,5.5,1,Coventry City,True,0,0,22,1,2026-08-21T19:00:00Z,3,0,False,0,0,0,0,0,0,0,0,0,0,0,0,0.0,0.0,0.0,0.0,0,0,0,0,0,0.00,0.00,0.00,0.00,55,0,1260,0,0
ethan_nwaneri,Arsenal,MD,5.5,2,Aston Villa,False,0,0,22,20,2026-08-31T19:00:00Z,0,1,False,0,0,0,0,0,0,0,0,0,0,0,0,0.0,0.0,0.0,0.0,0,0,0,0,0,0.00,0.00,0.00,0.00,55,-248,1254,76,324
ethan_nwaneri,Arsenal,MD,5.4,3,Chelsea,True,0,0,22,29,2026-09-06T15:30:00Z,2,1,False,0,0,0,0,0,0,0,0,0,0,0,0,0.0,0.0,0.0,0.0,0,0,0,0,0,0.00,0.00,0.00,0.00,54,-270,1107,157,427
ethan_nwaneri,Arsenal,MD,5.4,4,Sunderland,False,0,0,22,36,2026-09-12T19:00:00Z,0,2,False,0,0,0,0,0,0,0,0,0,0,0,0,0.0,0.0,0.0,0.0,0,0,0,0,0,0.00,0.00,0.00,0.00,54,-333,783,0,333
fábio_ferreira vieira,Arsenal,MD,5.5,1,Coventry City,True,0,0,23,1,2026-08-21T19:00:00Z,3,0,False,0,0,0,0,0,0,0,0,0,0,0,0,0.0,0.0,0.0,0.0,0,0,0,0,0,0.00,0.00,0.00,0.00,55,0,892,0,0
fábio_ferreira vieira,Arsenal,MD,5.5,2,Aston Villa,False,0,0,23,20,2026-08-31T19:00:00Z,0,1,False,0,0,0,0,0,0,0,0,0,0,0,0,0.0,0.0,0.0,0.0,0,0,0,0,0,0.00,0.00,0.00,0.00,55,-135,979,80,215
fábio_ferreira vieira,Arsenal,MD,5.5,3,Chelsea,True,0,0,23,29,2026-09-06T15:30:00Z,2,1,False,0,0,0,0,0,0,0,0,0,0,0,0,0.0,0.0,0.0,0.0,0,0,0,0,0,0.00,0.00,0.00,0.00,55,-136,972,175,311
fábio_ferreira vieira,Arsenal,MD,5.5,4,Sunderland,False,0,0,23,36,2026-09-12T19:00:00Z,0,2,False,0,0,0,0,0,0,0,0,0,0,0,0,0.0,0.0,0.0,0.0,0,0,0,0,0,0.00,0.00,0.00,0.00,55,-265,708,0,265
reiss_nelson,Arsenal,MD,5.5,1,Coventry City,True,0,0,24,1,2026-08-21T19:00:00Z,3,0,False,0,0,0,0,0,0,0,0,0,0,0,0,0.0,0.0,0.0,0.0,0,0,0,0,0,0.00,0.00,0.00,0.00,55,0,853,0,0
reiss_nelson,Arsenal,MD,5.5,2,Aston Villa,False,0,0,24,20,2026-08-31T19:00:00Z,0,1,False,0,0,0,0,0,0,0,0,0,0,0,0,0.0,0.0,0.0,0.0,0,0,0,0,0,0.00,0.00,0.00,0.00,55,-108,966,64,172
reiss_nelson,Arsenal,MD,5.5,3,Chelsea,True,0,0,24,29,2026-09-06T15:30:00Z,2,1,False,0,0,0,0,0,0,0,0,0,0,0,0,0.0,0.0,0.0,0.0,0,0,0,0,0,0.00,0.00,0.00,0.00,55,-299,662,4,303
reiss_nelson,Arsenal,MD,5.5,4,Sunderland,False,0,0,24,36,2026-09-12T19:00:00Z,0,2,False,0,0,0,0,0,0,0,0,0,0,0,0,0.0,0.0,0.0,0.0,0,0,0,0,0,0.00,0.00,0.00,0.00,55,-113,565,0,113
viktor_gyökeres,Arsenal,FW,7.5,1,Coventry City,True,0,0,25,1,2026-08-21T19:00:00Z,3,0,False,0,0,0,0,0,0,0,0,0,0,0,0,0.0,0.0,0.0,0.0,0,0,0,0,0,0.00,0.00,0.00,0.00,75,0,816962,0,0
viktor_gyökeres,Arsenal,FW,7.4,2,Aston Villa,False,0,0,25,20,2026-08-31T19:00:00Z,0,1,False,0,0,0,0,0,0,0,0,0,0,0,0,0.0,0.0,0.0,0.0,0,0,0,0,0,0.00,0.00,0.00,0.00,74,-229353,650596,8776,238129
viktor_gyökeres,Arsenal,FW,7.3,3,Chelsea,True,12,1,25,29,2026-09-06T15:30:00Z,2,1,False,0,0,0,0,0,0,0,0,0,0,0,2,0.0,0.1,0.0,0.0,0,1,0,1,0,0.00,0.00,0.00,0.11,73,-192830,466852,8161,200991
viktor_gyökeres,Arsenal,FW,7.2,4,Sunderland,False,0,0,25,36,2026-09-12T19:00:00Z,0,2,False,0,0,0,0,0,0,0,0,0,0,0,0,0.0,0.0,0.0,0.0,0,0,0,0,0,0.00,0.00,0.00,0.00,72,-92048,388876,6130,98178
kai_havertz,Arsenal,FW,7.5,1,Coventry City,True,90,6,26,1,2026-08-21T19:00:00Z,3,0,False,1,0,1,0,0,0,0,0,0,0,0,34,37.2,13.2,25.0,7.5,2,0,0,2,1,0.26,0.03,0.29,0.20,75,0,468616,0,0
kai_havertz,Arsenal,FW,7.5,2,Aston Villa,False,90,2,26,20,2026-08-31T19:00:00Z,0,1,False,0,0,1,0,0,0,0,0,0,0,0,5,2.4,3.4,23.0,2.9,0,5,0,5,1,0.02,0.03,0.05,0.33,75,148783,752082,187608,38825
kai_havertz,Arsenal,FW,7.5,3,Chelsea,True,77,8,26,29,2026-09-06T15:30:00Z,2,1,False,1,0,0,1,0,0,0,0,0,0,2,38,43.0,37.0,57.0,13.7,1,0,0,1,1,0.27,0.27,0.54,0.27,75,-68870,686572,72519,141389
kai_havertz,Arsenal,FW,7.5,4,Sunderland,False,90,1,26,36,2026-09-12T19:00:00Z,0,2,False,0,0,1,0,0,0,0,1,0,0,0,0,1.6,12.4,32.0,4.6,1,1,0,2,1,0.34,0.02,0.36,1.80,75,118477,871717,195764,77287
gabriel_fernando de jesus,Arsenal,FW,6.0,1,Coventry City,True,0,0,27,1,2026-08-21T19:00:00Z,3,0,False,0,0,0,0,0,0,0,0,0,0,0,0,0.0,0.0,0.0,0.0,0,0,0,0,0,0.00,0.00,0.00,0.00,60,0,31403,0,0
gabriel_fernando de jesus,Arsenal,FW,6.0,2,Aston Villa,False,0,0,27,20,2026-08-31T19:00:00Z,0,1,False,0,0,0,0,0,0,0,0,0,0,0,0,0.0,0.0,0.0,0.0,0,0,0,0,0,0.00,0.00,0.00,0.00,60,-5264,32779,1914,7178
gabriel_fernando de jesus,Arsenal,FW,5.9,3,Chelsea,True,0,0,27,29,2026-09-06T15:30:00Z,2,1,False,0,0,0,0,0,0,0,0,0,0,0,0,0.0,0.0,0.0,0.0,0,0,0,0,0,0.00,0.00,0.00,0.00,59,-8859,26101,2250,11109
gabriel_fernando de jesus,Arsenal,FW,5.9,4,Sunderland,False,0,0,27,36,2026-09-12T19:00:00Z,0,2,False,0,0,0,0,0,0,0,0,0,0,0,0,0.0,0.0,0.0,0.0,0,0,0,0,0,0.00,0.00,0.00,0.00,59,-7696,18614,0,7696
ezri_konsa ngoyo,Arsenal,DF,4.5,1,Coventry City,True,0,0,31,1,2026-08-21T19:00:00Z,3,0,False,0,0,0,0,0,0,0,0,0,0,0,0,0.0,0.0,0.0,0.0,0,0,0,0,0,0.00,0.00,0.00,0.00,45,0,1206127,0,0
ezri_konsa ngoyo,Arsenal,DF,4.5,2,Aston Villa,False,11,1,31,20,2026-08-31T19:00:00Z,0,1,False,0,0,0,0,0,0,0,0,0,0,0,3,3.2,0.1,0.0,0.3,1,0,0,1,0,0.00,0.00,0.00,0.00,45,-179766,1061562,49821,229587
ezri_konsa ngoyo,Arsenal,DF,4.4,3,Chelsea,True,90,4,31,29,2026-09-06T15:30:00Z,2,1,False,0,0,0,1,0,0,0,0,0,0,0,15,19.4,1.4,4.0,2.5,7,5,3,10,1,0.00,0.01,0.01,0.39,44,71726,1139279,270872,199146
ezri_konsa ngoyo,Arsenal,DF,4.5,4,Sunderland,False,90,6,31,36,2026-09-12T19:00:00Z,0,2,False,0,0,1,0,0,0,0,0,0,0,0,16,11.8,0.2,0.0,1.2,6,1,2,8,1,0.00,0.00,0.00,1.80,45,612675,1867300,709520,96845
bruno_guimarães rodriguez moura,Arsenal,MD,7.0,1,Coventry City,True,0,0,452,1,2026-08-21T19:00:00Z,3,0,False,0,0,0,0,0,0,0,0,0,0,0,0,0.0,0.0,0.0,0.0,0,0,0,0,0,0.00,0.00,0.00,0.00,70,0,391151,0,0
bruno_guimarães rodriguez moura,Arsenal,MD,6.9,2,Aston Villa,False,19,1,452,20,2026-08-31T19:00:00Z,0,1,False,0,0,0,0,0,0,0,0,0,0,0,4,1.4,0.8,2.0,0.4,0,3,0,3,0,0.00,0.01,0.01,0.00,69,-125705,265263,850,126555
bruno_guimarães rodriguez moura,Arsenal,MD,6.8,3,Chelsea,True,0,0,452,29,2026-09-06T15:30:00Z,2,1,False,0,0,0,0,0,0,0,0,0,0,0,0,0.0,0.0,0.0,0.0,0,0,0,0,0,0.00,0.00,0.00,0.00,68,-57236,212586,5546,62782
bruno_guimarães rodriguez moura,Arsenal,MD,6.8,4,Sunderland,False,45,7,452,36,2026-09-12T19:00:00Z,0,2,False,1,0,0,0,0,0,0,0,0,0,1,29,35.4,3.9,11.0,5.0,1,1,1,3,0,0.09,0.14,0.23,1.57,68,-35502,181073,2351,37853
christos_tzolis,Arsenal,MD,6.5,1,Coventry City,True,75,6,557,1,2026-08-21T19:00:00Z,3,0,False,0,1,1,0,0,0,0,0,0,0,0,30,17.0,39.8,30.0,8.7,2,3,1,6,1,0.19,0.14,0.33,0.06,65,0,2247384,0,0
christos_tzolis,Arsenal,MD,6.5,2,Aston Villa,False,45,0,557,20,2026-08-31T19:00:00Z,0,1,False,0,0,0,0,0,0,0,1,0,0,0,1,0.0,11.8,4.0,1.6,1,2,0,3,1,0.00,0.01,0.01,0.10,65,180987,2597617,236687,55700
christos_tzolis,Arsenal,MD,6.5,3,Chelsea,True,90,5,557,29,2026-09-06T15:30:00Z,2,1,False,0,1,0,1,0,0,0,1,0,0,1,31,30.6,50.0,4.0,8.5,2,5,1,8,1,0.00,0.20,0.20,0.39,65,-601940,1889271,91384,693324
christos_tzolis,Arsenal,MD,6.4,4,Sunderland,False,80,3,557,36,2026-09-12T19:00:00Z,0,2,False,0,0,1,0,0,0,0,0,0,0,0,10,3.8,7.3,2.0,1.3,1,1,1,3,1,0.00,0.13,0.13,1.41,64,-328555,1659753,82691,411246
marco_bizot,Aston Villa,GK,4.5,1,Brighton,False,90,1,29,7,2026-08-23T13:00:00Z,4,0,False,0,0,0,4,0,0,0,0,0,3,0,1,28.2,0.0,0.0,2.8,2,6,0,0,1,0.00,0.00,0.00,3.77,45,0,10183,0,0
marco_bizot,Aston Villa,GK,4.5,2,Arsenal,True,0,0,29,20,2026-08-31T19:00:00Z,0,1,False,0,0,0,0,0,0,0,0,0,0,0,0,0.0,0.0,0.0,0.0,0,0,0,0,0,0.00,0.00,0.00,0.00,45,-36,13320,845,881
marco_bizot,Aston Villa,GK,4.5,3,Hull City,False,0,0,29,25,2026-09-05T16:30:00Z,0,0,False,0,0,0,0,0,0,0,0,0,0,0,0,0.0,0.0,0.0,0.0,0,0,0,0,0,0.00,0.00,0.00,0.00,45,-69,14920,2306,2375
marco_bizot,Aston Villa,GK,4.5,4,Nott'm Forest,True,0,0,29,31,2026-09-12T14:00:00Z,1,2,False,0,0,0,0,0,0,0,0,0,0,0,0,0.0,0.0,0.0,0.0,0,0,0,0,0,0.00,0.00,0.00,0.00,45,-601,14214,1027,1628
lucas_digne,Aston Villa,DF,4.5,1,Brighton,False,0,0,30,7,2026-08-23T13:00:00Z,4,0,False,0,0,0,0,0,0,0,0,0,0,0,0,0.0,0.0,0.0,0.0,0,0,0,0,0,0.00,0.00,0.00,0.00,45,0,13780,0,0
lucas_digne,Aston Villa,DF,4.5,2,Arsenal,True,0,0,30,20,2026-08-31T19:00:00Z,0,1,False,0,0,0,0,0,0,0,0,0,0,0,0,0.0,0.0,0.0,0.0,0,0,0,0,0,0.00,0.00,0.00,0.00,45,-4977,8690,0,4977
lucas_digne,Aston Villa,DF,4.5,3,Hull City,False,0,0,30,25,2026-09-05T16:30:00Z,0,0,False,0,0,0,0,0,0,0,0,0,0,0,0,0.0,0.0,0.0,0.0,0,0,0,0,0,0.00,0.00,0.00,0.00,45,-2071,6725,0,2071
lucas_digne,Aston Villa,DF,4.5,4,Nott'm Forest,True,0,0,30,31,2026-09-12T14:00:00Z,1,2,False,0,0,0,0,0,0,0,0,0,0,0,0,0.0,0.0,0.0,0.0,0,0,0,0,0,0.00,0.00,0.00,0.00,45,-932,5846,0,932
matty_cash,Aston Villa,DF,4.5,1,Brighton,False,90,-1,32,7,2026-08-23T13:00:00Z,4,0,False,0,0,0,4,0,0,0,1,0,0,0,-8,12.0,1.1,0.0,1.3,5,0,2,7,1,0.00,0.00,0.00,3.77,45,0,789072,0,0
matty_cash,Aston Villa,DF,4.5,2,Arsenal,True,77,2,32,20,2026-08-31T19:00:00Z,0,1,False,0,0,0,1,0,0,0,0,0,0,0,8,14.0,1.8,7.0,2.3,2,1,4,6,1,0.15,0.01,0.16,1.04,45,-79349,749133,26978,106327
matty_cash,Aston Villa,DF,4.5,3,Hull City,False,84,6,32,25,2026-09-05T16:30:00Z,0,0,False,0,0,1,0,0,0,0,0,0,0,0,23,6.4,16.3,6.0,2.9,1,1,0,1,1,0.00,0.03,0.03,0.22,45,-35679,731987,41628,77307
matty_cash,Aston Villa,DF,4.5,4,Nott'm Forest,True,0,0,32,31,2026-09-12T14:00:00Z,1,2,False,0,0,0,0,0,0,0,0,0,0,0,0,0.0,0.0,0.0,0.0,0,0,0,0,0,0.00,0.00,0.00,0.00,45,-80882,641566,18781,99663
tyrone_mings,Aston Villa,DF,4.5,1,Brighton,False,16,1,33,7,2026-08-23T13:00:00Z,4,0,False,0,0,0,0,0,0,0,0,0,0,0,5,2.0,0.0,0.0,0.2,0,0,1,1,0,0.00,0.00,0.00,0.22,45,0,29034,0,0
tyrone_mings,Aston Villa,DF,4.5,2,Arsenal,True,0,0,33,20,2026-08-31T19:00:00Z,0,1,False,0,0,0,0,0,0,0,0,0,0,0,0,0.0,0.0,0.0,0.0,0,0,0,0,0,0.00,0.00,0.00,0.00,45,-254,38144,3253,3507
tyrone_mings,Aston Villa,DF,4.5,3,Hull City,False,90,6,33,25,2026-09-05T16:30:00Z,0,0,False,0,0,1,0,0,0,0,0,0,0,0,28,14.8,4.4,13.0,3.2,4,2,1,5,1,0.11,0.02,0.13,0.57,45,-2214,38099,2622,4836
tyrone_mings,Aston Villa,DF,4.5,4,Nott'm Forest,True,65,0,33,31,2026-09-12T14:00:00Z,1,2,False,0,0,0,2,0,0,0,1,0,0,0,0,15.6,0.6,4.0,2.0,4,2,1,5,0,0.09,0.00,0.09,2.08,45,2788,43024,5312,2524
pau_torres,Aston Villa,DF,4.5,1,Brighton,False,73,0,34,7,2026-08-23T13:00:00Z,4,0,False,0,0,0,4,0,0,0,0,0,0,0,-14,0.0,0.7,0.0,0.0,5,1,0,5,1,0.00,0.00,0.00,3.55,45,0,38472,0,0
pau_torres,Aston Villa,DF,4.5,2,Arsenal,True,90,2,34,20,2026-08-31T19:00:00Z,0,1,False,0,0,0,1,0,0,0,0,0,0,0,6,11.0,0.8,0.0,1.2,3,8,1,4,1,0.00,0.01,0.01,1.04,45,-3229,41549,1831,5060
pau_torres,Aston Villa,DF,4.5,3,Hull City,False,0,0,34,25,2026-09-05T16:30:00Z,0,0,False,0,0,0,0,0,0,0,0,0,0,0,0,0.0,0.0,0.0,0.0,0,0,0,0,0,0.00,0.00,0.00,0.00,45,919,46943,5255,4336
pau_torres,Aston Villa,DF,4.5,4,Nott'm Forest,True,24,1,34,31,2026-09-12T14:00:00Z,1,2,False,0,0,0,0,0,0,0,0,0,0,0,4,0.2,0.4,2.0,0.3,0,0,0,0,1,0.00,0.00,0.00,0.20,45,-1717,43964,3870,5587
lamare_bogarde,Aston Villa,MD,5.0,1,Brighton,False,16,1,35,7,2026-08-23T13:00:00Z,4,0,False,0,0,0,0,0,0,0,0,0,0,0,3,2.2,0.5,0.0,0.3,1,0,0,1,0,0.00,0.00,0.00,0.22,50,0,5822,0,0
lamare_bogarde,Aston Villa,MD,5.0,2,Arsenal,True,0,0,35,20,2026-08-31T19:00:00Z,0,1,False,0,0,0,0,0,0,0,0,0,0,0,0,0.0,0.0,0.0,0.0,0,0,0,0,0,0.00,0.00,0.00,0.00,50,-349,6973,636,985
lamare_bogarde,Aston Villa,MD,5.0,3,Hull City,False,0,0,35,25,2026-09-05T16:30:00Z,0,0,False,0,0,0,0,0,0,0,0,0,0,0,0,0.0,0.0,0.0,0.0,0,0,0,0,0,0.00,0.00,0.00,0.00,50,-311,7284,945,1256
lamare_bogarde,Aston Villa,MD,5.0,4,Nott'm Forest,True,0,0,35,31,2026-09-12T14:00:00Z,1,2,False,0,0,0,0,0,0,0,0,0,0,0,0,0.0,0.0,0.0,0.0,0,0,0,0,0,0.00,0.00,0.00,0.00,50,-440,7155,686,1126
ian_maatsen,Aston Villa,DF,4.5,1,Brighton,False,81,0,36,7,2026-08-23T13:00:00Z,4,0,False,0,0,0,4,0,0,0,0,0,0,0,-9,9.2,0.8,3.0,1.3,7,2,2,9,1,0.03,0.00,0.03,3.62,45,0,71952,0,0
ian_maatsen,Aston Villa,DF,4.5,2,Arsenal,True,90,1,36,20,2026-08-31T19:00:00Z,0,1,False,0,0,0,1,0,0,0,1,0,0,0,-5,4.8,0.5,12.0,1.7,5,2,3,8,1,0.07,0.00,0.07,1.04,45,-6312,72655,2546,8858
ian_maatsen,Aston Villa,DF,4.5,3,Hull City,False,74,7,36,25,2026-09-05T16:30:00Z,0,0,False,0,0,1,0,0,0,0,0,0,0,1,29,10.6,19.8,4.0,3.4,2,0,1,3,1,0.00,0.42,0.42,0.22,45,2667,83194,11292,8625
ian_maatsen,Aston Villa,DF,4.5,4,Nott'm Forest,True,90,1,36,31,2026-09-12T14:00:00Z,1,2,False,0,0,0,2,0,0,0,0,0,0,0,7,10.2,3.4,24.0,3.8,3,6,1,4,1,0.18,0.03,0.21,1.66,45,10444,92419,17456,7012
victor_lindelöf,Aston Villa,DF,4.5,1,Brighton,False,90,-2,37,7,2026-08-23T13:00:00Z,4,0,False,0,0,0,4,1,0,0,0,0,0,0,-13,1.8,0.1,0.0,0.2,3,1,0,3,1,0.00,0.00,0.00,3.77,45,0,24630,0,0
victor_lindelöf,Aston Villa,DF,4.5,2,Arsenal,True,90,2,37,20,2026-08-31T19:00:00Z,0,1,False,0,0,0,1,0,0,0,0,0,0,0,10,15.0,1.2,0.0,1.6,6,1,1,7,1,0.00,0.08,0.08,1.04,45,-2236,27172,1775,4011
victor_lindelöf,Aston Villa,DF,4.5,3,Hull City,False,90,6,37,25,2026-09-05T16:30:00Z,0,0,False,0,0,1,0,0,0,0,0,0,0,0,28,22.4,24.9,2.0,4.9,4,3,0,4,1,0.00,0.08,0.08,0.57,45,216,29725,3211,2995
victor_lindelöf,Aston Villa,DF,4.5,4,Nott'm Forest,True,90,1,37,31,2026-09-12T14:00:00Z,1,2,False,0,0,0,2,0,0,0,0,0,0,0,2,16.4,1.1,35.0,5.3,2,0,0,2,1,0.44,0.01,0.45,2.28,45,3012,33974,5112,2100
andrés_garcía,Aston Villa,DF,4.0,1,Brighton,False,0,0,38,7,2026-08-23T13:00:00Z,4,0,False,0,0,0,0,0,0,0,0,0,0,0,0,0.0,0.0,0.0,0.0,0,0,0,0,0,0.00,0.00,0.00,0.00,40,0,157304,0,0
andrés_garcía,Aston Villa,DF,4.0,2,Arsenal,True,0,0,38,20,2026-08-31T19:00:00Z,0,1,False,0,0,0,0,0,0,0,0,0,0,0,0,0.0,0.0,0.0,0.0,0,0,0,0,0,0.00,0.00,0.00,0.00,40,-6584,167046,7339,13923
andrés_garcía,Aston Villa,DF,4.0,3,Hull City,False,0,0,38,25,2026-09-05T16:30:00Z,0,0,False,0,0,0,0,0,0,0,0,0,0,0,0,0.0,0.0,0.0,0.0,0,0,0,0,0,0.00,0.00,0.00,0.00,40,-506,187661,16171,16677
andrés_garcía,Aston Villa,DF,4.0,4,Nott'm Forest,True,0,0,38,31,2026-09-12T14:00:00Z,1,2,False,0,0,0,0,0,0,0,0,0,0,0,0,0.0,0.0,0.0,0.0,0,0,0,0,0,0.00,0.00,0.00,0.00,40,-4343,183834,12784,17127
kosta_nedeljkovic,Aston Villa,DF,4.0,1,Brighton,False,0,0,39,7,2026-08-23T13:00:00Z,4,0,False,0,0,0,0,0,0,0,0,0,0,0,0,0.0,0.0,0.0,0.0,0,0,0,0,0,0.00,0.00,0.00,0.00,40,0,29043,0,0
kosta_nedeljkovic,Aston Villa,DF,4.0,2,Arsenal,True,0,0,39,20,2026-08-31T19:00:00Z,0,1,False,0,0,0,0,0,0,0,0,0,0,0,0,0.0,0.0,0.0,0.0,0,0,0,0,0,0.00,0.00,0.00,0.00,40,-7238,21591,0,7238
kosta_nedeljkovic,Aston Villa,DF,4.0,3,Hull City,False,0,0,39,25,2026-09-05T16:30:00Z,0,0,False,0,0,0,0,0,0,0,0,0,0,0,0,0.0,0.0,0.0,0.0,0,0,0,0,0,0.00,0.00,0.00,0.00,40,-3988,17687,0,3988
kosta_nedeljkovic,Aston Villa,DF,4.0,4,Nott'm Forest,True,0,0,39,31,2026-09-12T14:00:00Z,1,2,False,0,0,0,0,0,0,0,0,0,0,0,0,0.0,0.0,0.0,0.0,0,0,0,0,0,0.00,0.00,0.00,0.00,40,-2186,15637,0,2186
emiliano_buendía stati,Aston Villa,MD,6.0,1,Brighton,False,85,2,41,7,2026-08-23T13:00:00Z,4,0,False,0,0,0,4,0,0,0,0,0,0,0,4,0.0,16.3,8.0,2.2,3,3,1,7,1,0.13,0.09,0.22,3.62,60,0,120830,0,0
emiliano_buendía stati,Aston Villa,MD,6.0,2,Arsenal,True,90,2,41,20,2026-08-31T19:00:00Z,0,1,False,0,0,0,1,0,0,0,0,0,0,0,9,5.0,13.2,9.0,2.7,0,4,1,5,1,0.04,0.02,0.06,1.04,60,-16866,114718,5020,21886
emiliano_buendía stati,Aston Villa,MD,6.0,3,Hull City,False,74,3,41,25,2026-09-05T16:30:00Z,0,0,False,0,0,1,0,0,0,0,0,0,0,0,2,0.0,10.8,7.0,1.4,0,2,0,2,1,0.61,0.05,0.66,0.22,60,-3519,128636,20598,24117
emiliano_buendía stati,Aston Villa,MD,5.9,4,Nott'm Forest,True,62,2,41,31,2026-09-12T14:00:00Z,1,2,False,0,0,0,1,0,0,0,0,0,0,0,8,0.0,3.9,0.0,0.1,0,5,0,5,1,0.00,0.01,0.01,1.42,59,-5900,111856,15961,21861
leon_bailey,Aston Villa,MD,5.5,1,Brighton,False,0,0,44,7,2026-08-23T13:00:00Z,4,0,False,0,0,0,0,0,0,0,0,0,0,0,0,0.0,0.0,0.0,0.0,0,0,0,0,0,0.00,0.00,0.00,0.00,55,0,12940,0,0
leon_bailey,Aston Villa,MD,5.5,2,Arsenal,True,0,0,44,20,2026-08-31T19:00:00Z,0,1,False,0,0,0,0,0,0,0,0,0,0,0,0,0.0,0.0,0.0,0.0,0,0,0,0,0,0.00,0.00,0.00,0.00,55,-1655,14192,1002,2657
leon_bailey,Aston Villa,MD,5.4,3,Hull City,False,0,0,44,25,2026-09-05T16:30:00Z,0,0,False,0,0,0,0,0,0,0,0,0,0,0,0,0.0,0.0,0.0,0.0,0,0,0,0,0,0.00,0.00,0.00,0.00,54,-2630,12237,1094,3724
leon_bailey,Aston Villa,MD,5.4,4,Nott'm Forest,True,0,0,44,31,2026-09-12T14:00:00Z,1,2,False,0,0,0,0,0,0,0,0,0,0,0,0,0.0,0.0,0.0,0.0,0,0,0,0,0,0.00,0.00,0.00,0.00,54,-4702,7592,0,4702
john_mcginn,Aston Villa,MD,5.5,1,Brighton,False,81,1,45,7,2026-08-23T13:00:00Z,4,0,False,0,0,0,4,0,0,0,1,0,0,0,8,1.6,2.4,1.0,0.5,2,3,1,6,1,0.04,0.01,0.05,3.62,55,0,290994,0,0
john_mcginn,Aston Villa,MD,5.5,2,Arsenal,True,90,1,45,20,2026-08-31T19:00:00Z,0,1,False,0,0,0,1,0,0,0,1,0,0,0,2,0.0,12.0,10.0,1.7,1,2,1,4,1,0.05,0.05,0.10,1.04,55,-37047,274653,7606,44653
john_mcginn,Aston Villa,MD,5.4,3,Hull City,False,90,3,45,25,2026-09-05T16:30:00Z,0,0,False,0,0,1,0,0,0,0,0,0,0,0,6,1.4,5.6,4.0,1.1,1,2,2,5,1,0.68,0.03,0.71,0.57,54,-27591,252885,16891,44482
john_mcginn,Aston Villa,MD,5.4,4,Nott'm Forest,True,90,6,45,31,2026-09-12T14:00:00Z,1,2,False,0,1,0,2,0,0,0,0,0,0,1,30,26.4,31.4,0.0,5.8,2,6,1,9,1,0.00,0.11,0.11,2.28,54,-12721,243800,20520,33241
ross_barkley,Aston Villa,MD,5.0,1,Brighton,False,73,2,46,7,2026-08-23T13:00:00Z,4,0,False,0,0,0,4,0,0,0,0,0,0,0,11,9.4,21.4,7.0,3.8,1,0,0,1,1,0.10,0.02,0.12,3.55,50,0,20508,0,0
ross_barkley,Aston Villa,MD,5.0,2,Arsenal,True,77,2,46,20,2026-08-31T19:00:00Z,0,1,False,0,0,0,1,0,0,0,0,0,0,0,23,12.8,23.3,2.0,3.8,1,6,3,10,1,0.03,0.02,0.05,1.04,50,-841,23246,1875,2716
ross_barkley,Aston Villa,MD,5.0,3,Hull City,False,90,3,46,25,2026-09-05T16:30:00Z,0,0,False,0,0,1,0,0,0,0,0,0,0,0,15,13.6,34.1,15.0,6.3,2,4,0,6,1,0.22,0.09,0.31,0.57,50,1735,27497,5744,4009
ross_barkley,Aston Villa,MD,5.0,4,Nott'm Forest,True,62,2,46,31,2026-09-12T14:00:00Z,1,2,False,0,0,0,1,0,0,0,0,0,0,0,14,6.0,2.7,7.0,1.6,0,3,4,7,1,0.03,0.01,0.04,1.42,50,1496,29642,5244,3748
boubacar_kamara,Aston Villa,MD,5.0,1,Brighton,False,90,2,47,7,2026-08-23T13:00:00Z,4,0,False,0,0,0,4,0,0,0,0,0,0,0,9,11.2,2.8,0.0,1.4,3,2,2,7,1,0.00,0.00,0.00,3.77,50,0,31172,0,0
boubacar_kamara,Aston Villa,MD,5.0,2,Arsenal,True,90,2,47,20,2026-08-31T19:00:00Z,0,1,False,0,0,0,1,0,0,0,0,0,0,0,13,10.6,14.2,0.0,2.5,3,4,1,8,1,0.00,0.03,0.03,1.04,50,-2250,33591,2489,4739
boubacar_kamara,Aston Villa,MD,5.0,3,Hull City,False,90,3,47,25,2026-09-05T16:30:00Z,0,0,False,0,0,1,0,0,0,0,0,0,0,0,20,13.6,26.2,0.0,4.0,3,6,1,10,1,0.00,0.07,0.07,0.57,50,-720,35132,5061,5781
boubacar_kamara,Aston Villa,MD,5.0,4,Nott'm Forest,True,90,2,47,31,2026-09-12T14:00:00Z,1,2,False,0,0,0,2,0,0,0,0,0,0,0,17,11.6,12.4,2.0,2.6,1,1,3,5,1,0.00,0.05,0.05,2.28,50,-1023,34935,3671,4694
amadou_onana,Aston Villa,MD,5.0,1,Brighton,False,0,0,48,7,2026-08-23T13:00:00Z,4,0,False,0,0,0,0,0,0,0,0,0,0,0,0,0.0,0.0,0.0,0.0,0,0,0,0,0,0.00,0.00,0.00,0.00,50,0,2081,0,0
amadou_onana,Aston Villa,MD,5.0,2,Arsenal,True,0,0,48,20,2026-08-31T19:00:00Z,0,1,False,0,0,0,0,0,0,0,0,0,0,0,0,0.0,0.0,0.0,0.0,0,0,0,0,0,0.00,0.00,0.00,0.00,50,-372,2156,157,529
amadou_onana,Aston Villa,MD,5.0,3,Hull City,False,0,0,48,25,2026-09-05T16:30:00Z,0,0,False,0,0,0,0,0,0,0,0,0,0,0,0,0.0,0.0,0.0,0.0,0,0,0,0,0,0.00,0.00,0.00,0.00,50,-430,1852,140,570
amadou_onana,Aston Villa,MD,5.0,4,Nott'm Forest,True,0,0,48,31,2026-09-12T14:00:00Z,1,2,False,0,0,0,0,0,0,0,0,0,0,0,0,0.0,0.0,0.0,0.0,0,0,0,0,0,0.00,0.00,0.00,0.00,50,-160,1757,108,268
samuel_iling-junior,Aston Villa,MD,5.0,1,Brighton,False,0,0,49,7,2026-08-23T13:00:00Z,4,0,False,0,0,0,0,0,0,0,0,0,0,0,0,0.0,0.0,0.0,0.0,0,0,0,0,0,0.00,0.00,0.00,0.00,50,0,394,0,0
samuel_iling-junior,Aston Villa,MD,5.0,2,Arsenal,True,0,0,49,20,2026-08-31T19:00:00Z,0,1,False,0,0,0,0,0,0,0,0,0,0,0,0,0.0,0.0,0.0,0.0,0,0,0,0,0,0.00,0.00,0.00,0.00,50,-120,271,0,120
samuel_iling-junior,Aston Villa,MD,5.0,3,Hull City,False,0,0,49,25,2026-09-05T16:30:00Z,0,0,False,0,0,0,0,0,0,0,0,0,0,0,0,0.0,0.0,0.0,0.0,0,0,0,0,0,0.00,0.00,0.00,0.00,50,-63,211,0,63
samuel_iling-junior,Aston Villa,MD,5.0,4,Nott'm Forest,True,0,0,49,31,2026-09-12T14:00:00Z,1,2,False,0,0,0,0,0,0,0,0,0,0,0,0,0.0,0.0,0.0,0.0,0,0,0,0,0,0.00,0.00,0.00,0.00,50,-22,188,0,22
bradley_burrowes,Aston Villa,MD,4.5,1,Brighton,False,0,0,50,7,2026-08-23T13:00:00Z,4,0,False,0,0,0,0,0,0,0,0,0,0,0,0,0.0,0.0,0.0,0.0,0,0,0,0,0,0.00,0.00,0.00,0.00,45,0,60228,0,0
bradley_burrowes,Aston Villa,MD,4.5,2,Arsenal,True,0,0,50,20,2026-08-31T19:00:00Z,0,1,False,0,0,0,0,0,0,0,0,0,0,0,0,0.0,0.0,0.0,0.0,0,0,0,0,0,0.00,0.00,0.00,0.00,45,-3255,64781,3513,6768
bradley_burrowes,Aston Villa,MD,4.5,3,Hull City,False,0,0,50,25,2026-09-05T16:30:00Z,0,0,False,0,0,0,0,0,0,0,0,0,0,0,0,0.0,0.0,0.0,0.0,0,0,0,0,0,0.00,0.00,0.00,0.00,45,-408,72806,8705,9113
bradley_burrowes,Aston Villa,MD,4.5,4,Nott'm Forest,True,0,0,50,31,2026-09-12T14:00:00Z,1,2,False,0,0,0,0,0,0,0,0,0,0,0,0,0.0,0.0,0.0,0.0,0,0,0,0,0,0.00,0.00,0.00,0.00,45,-1967,71444,6646,8613
george_hemmings,Aston Villa,MD,4.5,1,Brighton,False,90,2,51,7,2026-08-23T13:00:00Z,4,0,False,0,0,0,4,0,0,0,0,0,0,0,12,10.6,11.6,2.0,2.4,0,2,3,5,1,0.00,0.00,0.00,3.77,45,0,60759,0,0
george_hemmings,Aston Villa,MD,4.5,2,Arsenal,True,70,2,51,20,2026-08-31T19:00:00Z,0,1,False,0,0,0,1,0,0,0,0,0,0,0,5,1.8,4.3,0.0,0.6,0,4,2,6,1,0.00,0.01,0.01,1.01,45,3259,72550,8743,5484
george_hemmings,Aston Villa,MD,4.5,3,Hull City,False,74,3,51,25,2026-09-05T16:30:00Z,0,0,False,0,0,1,0,0,0,0,0,0,0,0,12,10.8,13.5,21.0,4.5,2,4,1,7,1,0.07,0.14,0.21,0.22,45,21970,110782,36405,14435
george_hemmings,Aston Villa,MD,4.5,4,Nott'm Forest,True,45,1,51,31,2026-09-12T14:00:00Z,1,2,False,0,0,0,0,0,0,0,0,0,0,0,3,2.0,11.5,2.0,1.6,1,0,0,1,1,0.00,0.01,0.01,0.39,45,30719,147009,53459,22740
alysson edward franco_da rocha dos santos,Aston Villa,MD,5.0,1,Brighton,False,8,1,52,7,2026-08-23T13:00:00Z,4,0,False,0,0,0,0,0,0,0,0,0,0,0,5,4.0,0.0,0.0,0.4,1,1,1,3,0,0.00,0.00,0.00,0.14,50,0,3792,0,0
alysson edward franco_da rocha dos santos,Aston Villa,MD,5.0,2,Arsenal,True,19,0,52,20,2026-08-31T19:00:00Z,0,1,False,0,0,0,0,0,0,0,1,0,0,0,2,1.2,0.8,2.0,0.4,0,1,1,2,0,0.00,0.00,0.00,0.02,50,-253,4426,343,596
alysson edward franco_da rocha dos santos,Aston Villa,MD,5.0,3,Hull City,False,15,1,52,25,2026-09-05T16:30:00Z,0,0,False,0,0,0,0,0,0,0,0,0,0,0,3,0.2,1.8,0.0,0.2,0,1,0,1,0,0.00,0.00,0.00,0.35,50,-102,4733,827,929
alysson edward franco_da rocha dos santos,Aston Villa,MD,5.0,4,Nott'm Forest,True,45,6,52,31,2026-09-12T14:00:00Z,1,2,False,1,0,0,2,0,0,0,0,0,0,0,24,34.4,2.3,23.0,6.0,1,1,0,2,0,0.06,0.00,0.06,1.89,50,-205,4724,508,713
johan_manzambi,Aston Villa,MD,6.0,1,Brighton,False,0,0,53,7,2026-08-23T13:00:00Z,4,0,False,0,0,0,0,0,0,0,0,0,0,0,0,0.0,0.0,0.0,0.0,0,0,0,0,0,0.00,0.00,0.00,0.00,60,0,26624,0,0
johan_manzambi,Aston Villa,MD,6.0,2,Arsenal,True,0,0,53,20,2026-08-31T19:00:00Z,0,1,False,0,0,0,0,0,0,0,0,0,0,0,0,0.0,0.0,0.0,0.0,0,0,0,0,0,0.00,0.00,0.00,0.00,60,-8558,18618,232,8790
johan_manzambi,Aston Villa,MD,5.9,3,Hull City,False,0,0,53,25,2026-09-05T16:30:00Z,0,0,False,0,0,0,0,0,0,0,0,0,0,0,0,0.0,0.0,0.0,0.0,0,0,0,0,0,0.00,0.00,0.00,0.00,59,-4708,14230,341,5049
johan_manzambi,Aston Villa,MD,5.9,4,Nott'm Forest,True,27,1,53,31,2026-09-12T14:00:00Z,1,2,False,0,0,0,1,0,0,0,0,0,0,0,3,2.6,4.0,0.0,0.7,0,1,1,2,0,0.00,0.08,0.08,0.86,59,-1220,13307,570,1790
joao_gomes,Aston Villa,MD,5.5,1,Brighton,False,39,-2,54,7,2026-08-23T13:00:00Z,4,0,False,0,0,0,4,0,0,0,0,1,0,0,-2,1.0,11.0,0.0,1.2,1,2,4,7,1,0.00,0.01,0.01,2.58,55,0,6573,0,0
joao_gomes,Aston Villa,MD,5.5,2,Arsenal,True,0,0,54,20,2026-08-31T19:00:00Z,0,1,False,0,0,0,0,0,0,0,0,0,0,0,0,0.0,0.0,0.0,0.0,0,0,0,0,0,0.00,0.00,0.00,0.00,55,-1729,5096,154,1883
joao_gomes,Aston Villa,MD,5.5,3,Hull City,False,0,0,54,25,2026-09-05T16:30:00Z,0,0,False,0,0,0,0,0,0,0,0,0,0,0,0,0.0,0.0,0.0,0.0,0,0,0,0,0,0.00,0.00,0.00,0.00,55,-1095,4112,90,1185
joao_gomes,Aston Villa,MD,5.5,4,Nott'm Forest,True,0,0,54,31,2026-09-12T14:00:00Z,1,2,False,0,0,0,0,0,0,0,0,0,0,0,0,0.0,0.0,0.0,0.0,0,0,0,0,0,0.00,0.00,0.00,0.00,55,-383,3819,131,514
ollie_watkins,Aston Villa,FW,8.0,1,Brighton,False,0,0,55,7,2026-08-23T13:00:00Z,4,0,False,0,0,0,0,0,0,0,0,0,0,0,0,0.0,0.0,0.0,0.0,0,0,0,0,0,0.00,0.00,0.00,0.00,80,0,898121,0,0
ollie_watkins,Aston Villa,FW,7.9,2,Arsenal,True,0,0,55,20,2026-08-31T19:00:00Z,0,1,False,0,0,0,0,0,0,0,0,0,0,0,0,0.0,0.0,0.0,0.0,0,0,0,0,0,0.00,0.00,0.00,0.00,79,-265828,734872,10632,276460
ollie_watkins,Aston Villa,FW,7.8,3,Hull City,False,0,0,55,25,2026-09-05T16:30:00Z,0,0,False,0,0,0,0,0,0,0,0,0,0,0,0,0.0,0.0,0.0,0.0,0,0,0,0,0,0.00,0.00,0.00,0.00,78,-305129,433685,4250,309379
ollie_watkins,Aston Villa,FW,7.8,4,Nott'm Forest,True,0,0,55,31,2026-09-12T14:00:00Z,1,2,False,0,0,0,0,0,0,0,0,0,0,0,0,0.0,0.0,0.0,0.0,0,0,0,0,0,0.00,0.00,0.00,0.00,78,-126292,317753,0,126292
tammy_abraham,Aston Villa,FW,5.5,1,Brighton,False,0,0,56,7,2026-08-23T13:00:00Z,4,0,False,0,0,0,0,0,0,0,0,0,0,0,0,0.0,0.0,0.0,0.0,0,0,0,0,0,0.00,0.00,0.00,0.00,55,0,11764,0,0
tammy_abraham,Aston Villa,FW,5.5,2,Arsenal,True,19,1,56,20,2026-08-31T19:00:00Z,0,1,False,0,0,0,0,0,0,0,0,0,0,0,3,0.0,1.3,0.0,0.1,0,0,0,0,0,0.00,0.00,0.00,0.02,55,-2086,10592,597,2683
tammy_abraham,Aston Villa,FW,5.5,3,Hull City,False,5,1,56,25,2026-09-05T16:30:00Z,0,0,False,0,0,0,0,0,0,0,0,0,0,0,3,2.0,1.0,0.0,0.3,0,0,1,1,0,0.00,0.00,0.00,0.35,55,2174,14917,4925,2751
tammy_abraham,Aston Villa,FW,5.5,4,Nott'm Forest,True,45,1,56,31,2026-09-12T14:00:00Z,1,2,False,0,0,0,2,0,0,0,0,0,0,0,4,1.2,1.5,2.0,0.5,0,1,0,1,0,0.00,0.00,0.00,1.89,55,1369,17325,4186,2817
alejandro_garnacho ferreyra,Aston Villa,MD,6.0,1,Brighton,False,4,1,160,7,2026-08-23T13:00:00Z,4,0,False,0,0,0,0,0,0,0,0,0,0,0,2,0.0,0.0,0.0,0.0,0,0,0,0,0,0.00,0.00,0.00,0.14,60,0,54802,0,0
alejandro_garnacho ferreyra,Aston Villa,MD,6.0,2,Arsenal,True,12,1,160,20,2026-08-31T19:00:00Z,0,1,False,0,0,0,0,0,0,0,0,0,0,0,3,0.2,2.0,0.0,0.2,0,2,0,2,0,0.00,0.00,0.00,0.00,60,-8554,53506,2021,10575
alejandro_garnacho ferreyra,Aston Villa,MD,5.9,3,Hull City,False,15,1,160,25,2026-09-05T16:30:00Z,0,0,False,0,0,0,0,0,0,0,0,0,0,0,4,1.0,1.6,0.0,0.3,0,0,0,0,0,0.00,0.00,0.00,0.35,59,-9524,46064,2557,12081
alejandro_garnacho ferreyra,Aston Villa,MD,5.9,4,Nott'm Forest,True,0,0,160,31,2026-09-12T14:00:00Z,1,2,False,0,0,0,0,0,0,0,0,0,0,0,0,0.0,0.0,0.0,0.0,0,0,0,0,0,0.00,0.00,0.00,0.00,59,-7225,40475,1531,8756
nicolas_jackson,Aston Villa,FW,6.5,1,Fulham,False,0,0,166,10,2026-08-24T19:00:00Z,2,3,False,0,0,0,0,0,0,0,0,0,0,0,0,0.0,0.0,0.0,0.0,0,0,0,0,0,0.00,0.00,0.00,0.00,65,0,29435,0,0
nicolas_jackson,Aston Villa,FW,6.5,2,Arsenal,True,70,2,166,20,2026-08-31T19:00:00Z,0,1,False,0,0,0,1,0,0,0,0,0,0,0,11,4.2,5.9,2.0,1.2,0,3,0,3,1,0.00,0.10,0.10,1.01,65,-2878,63340,26989,5175
nicolas_jackson,Aston Villa,FW,6.5,3,Hull City,False,84,2,166,25,2026-09-05T16:30:00Z,0,0,False,0,0,1,0,0,0,0,0,0,0,0,10,1.2,17.5,20.0,3.9,0,2,0,2,1,0.24,0.44,0.68,0.22,65,37834,115958,46877,9043
nicolas_jackson,Aston Villa,FW,6.5,4,Nott'm Forest,True,45,0,166,31,2026-09-12T14:00:00Z,1,2,False,0,0,0,0,0,0,0,1,0,0,0,0,0.0,2.0,2.0,0.2,0,0,0,0,1,0.00,0.04,0.04,0.39,65,28857,143354,47223,18366
brian_madjo,Aston Villa,FW,5.5,1,Brighton,False,0,0,582,7,2026-08-23T13:00:00Z,4,0,False,0,0,0,0,0,0,0,0,0,0,0,0,0.0,0.0,0.0,0.0,0,0,0,0,0,0.00,0.00,0.00,0.00,55,0,46241,0,0
brian_madjo,Aston Villa,FW,5.5,2,Arsenal,True,0,0,582,20,2026-08-31T19:00:00Z,0,1,False,0,0,0,0,0,0,0,0,0,0,0,0,0.0,0.0,0.0,0.0,0,0,0,0,0,0.00,0.00,0.00,0.00,55,-7757,40291,1166,8923
brian_madjo,Aston Villa,FW,5.5,3,Hull City,False,0,0,582,25,2026-09-05T16:30:00Z,0,0,False,0,0,0,0,0,0,0,0,0,0,0,0,0.0,0.0,0.0,0.0,0,0,0,0,0,0.00,0.00,0.00,0.00,55,-8463,31743,894,9357
brian_madjo,Aston Villa,FW,5.5,4,Nott'm Forest,True,0,0,582,31,2026-09-12T14:00:00Z,1,2,False,0,0,0,0,0,0,0,0,0,0,0,0,0.0,0.0,0.0,0.0,0,0,0,0,0,0.00,0.00,0.00,0.00,55,-5489,26815,357,5846
matteo_ruggeri,Aston Villa,DF,4.5,1,Brighton,False,8,1,596,7,2026-08-23T13:00:00Z,4,0,False,0,0,0,0,0,0,0,0,0,0,0,3,4.0,0.0,0.0,0.4,0,0,2,2,0,0.00,0.00,0.00,0.14,45,0,7884,0,0
matteo_ruggeri,Aston Villa,DF,4.5,2,Arsenal,True,0,0,596,20,2026-08-31T19:00:00Z,0,1,False,0,0,0,0,0,0,0,0,0,0,0,0,0.0,0.0,0.0,0.0,0,0,0,0,0,0.00,0.00,0.00,0.00,45,-243,10673,856,1099
matteo_ruggeri,Aston Villa,DF,4.5,3,Hull City,False,15,1,596,25,2026-09-05T16:30:00Z,0,0,False,0,0,0,0,0,0,0,0,0,0,0,3,2.6,2.6,0.0,0.5,1,2,0,1,0,0.00,0.01,0.01,0.35,45,-990,10240,736,1726
matteo_ruggeri,Aston Villa,DF,4.5,4,Nott'm Forest,True,0,0,596,31,2026-09-12T14:00:00Z,1,2,False,0,0,0,0,0,0,0,0,0,0,0,0,0.0,0.0,0.0,0.0,0,0,0,0,0,0.00,0.00,0.00,0.00,45,-993,9485,272,1265
zion_suzuki,Aston Villa,GK,5.0,1,Brighton,False,0,0,597,7,2026-08-23T13:00:00Z,4,0,False,0,0,0,0,0,0,0,0,0,0,0,0,0.0,0.0,0.0,0.0,0,0,0,0,0,0.00,0.00,0.00,0.00,50,0,61739,0,0
zion_suzuki,Aston Villa,GK,5.0,2,Arsenal,True,90,2,597,20,2026-08-31T19:00:00Z,0,1,False,0,0,0,1,0,0,0,0,0,1,0,8,13.6,0.0,0.0,1.4,2,9,0,0,1,0.00,0.00,0.00,1.04,50,-2542,82325,4229,6771
zion_suzuki,Aston Villa,GK,5.0,3,Hull City,False,90,10,597,25,2026-09-05T16:30:00Z,0,0,False,0,0,1,0,0,0,0,0,0,4,3,38,27.2,0.0,0.0,2.7,1,13,0,0,1,0.00,0.00,0.00,0.57,50,21820,144003,33094,11274
zion_suzuki,Aston Villa,GK,5.0,4,Nott'm Forest,True,90,2,597,31,2026-09-12T14:00:00Z,1,2,False,0,0,0,2,0,0,0,0,0,5,0,17,38.6,0.0,0.0,3.9,2,9,0,0,1,0.00,0.01,0.01,2.28,50,64651,206678,83655,19004
triston_rowe,Aston Villa,DF,4.0,1,Brighton,False,0,0,606,7,2026-08-23T13:00:00Z,4,0,False,0,0,0,0,0,0,0,0,0,0,0,0,0.0,0.0,0.0,0.0,0,0,0,0,0,0.00,0.00,0.00,0.00,40,0,0,0,0
triston_rowe,Aston Villa,DF,4.0,2,Arsenal,True,0,0,606,20,2026-08-31T19:00:00Z,0,1,False,0,0,0,0,0,0,0,0,0,0,0,0,0.0,0.0,0.0,0.0,0,0,0,0,0,0.00,0.00,0.00,0.00,40,1314,5947,1560,246
triston_rowe,Aston Villa,DF,4.0,3,Hull City,False,0,0,606,25,2026-09-05T16:30:00Z,0,0,False,0,0,0,0,0,0,0,0,0,0,0,0,0.0,0.0,0.0,0.0,0,0,0,0,0,0.00,0.00,0.00,0.00,40,4717,18767,6400,1683
triston_rowe,Aston Villa,DF,4.0,4,Nott'm Forest,True,0,0,606,31,2026-09-12T14:00:00Z,1,2,False,0,0,0,0,0,0,0,0,0,0,0,0,0.0,0.0,0.0,0.0,0,0,0,0,0,0.00,0.00,0.00,0.00,40,1187,18103,2914,1727
luka_lynch,Aston Villa,MD,4.5,1,Brighton,False,0,0,607,7,2026-08-23T13:00:00Z,4,0,False,0,0,0,0,0,0,0,0,0,0,0,0,0.0,0.0,0.0,0.0,0,0,0,0,0,0.00,0.00,0.00,0.00,45,0,0,0,0
luka_lynch,Aston Villa,MD,4.5,2,Arsenal,True,0,0,607,20,2026-08-31T19:00:00Z,0,1,False,0,0,0,0,0,0,0,0,0,0,0,0,0.0,0.0,0.0,0.0,0,0,0,0,0,0.00,0.00,0.00,0.00,45,2771,8874,3603,832
luka_lynch,Aston Villa,MD,4.5,3,Hull City,False,0,0,607,25,2026-09-05T16:30:00Z,0,0,False,0,0,0,0,0,0,0,0,0,0,0,0,0.0,0.0,0.0,0.0,0,0,0,0,0,0.00,0.00,0.00,0.00,45,1177,12683,3500,2323
luka_lynch,Aston Villa,MD,4.5,4,Nott'm Forest,True,0,0,607,31,2026-09-12T14:00:00Z,1,2,False,0,0,0,0,0,0,0,0,0,0,0,0,0.0,0.0,0.0,0.0,0,0,0,0,0,0.00,0.00,0.00,0.00,45,-2922,8828,0,2922
aaron_wan-bissaka,Aston Villa,DF,4.5,2,Arsenal,True,12,1,611,20,2026-08-31T19:00:00Z,0,1,False,0,0,0,0,0,0,0,0,0,0,0,4,3.6,0.8,0.0,0.4,0,0,2,2,0,0.00,0.00,0.00,0.00,45,1383,4588,1549,166
aaron_wan-bissaka,Aston Villa,DF,4.5,3,Hull City,False,5,1,611,25,2026-09-05T16:30:00Z,0,0,False,0,0,0,0,0,0,0,0,0,0,0,3,2.8,0.9,0.0,0.4,1,0,0,1,0,0.00,0.00,0.00,0.35,45,5012,15829,6633,1621
aaron_wan-bissaka,Aston Villa,DF,4.5,4,Nott'm Forest,True,90,3,611,31,2026-09-12T14:00:00Z,1,2,False,0,0,0,2,0,0,0,0,0,0,0,11,26.0,13.3,0.0,3.9,7,1,5,12,1,0.00,0.06,0.06,2.28,45,1842,19667,4076,2234
leon_goretzka,Aston Villa,MD,6.0,2,Arsenal,True,0,0,618,20,2026-08-31T19:00:00Z,0,1,False,0,0,0,0,0,0,0,0,0,0,0,0,0.0,0.0,0.0,0.0,0,0,0,0,0,0.00,0.00,0.00,0.00,60,205,386,212,7
leon_goretzka,Aston Villa,MD,6.0,3,Hull City,False,0,0,618,25,2026-09-05T16:30:00Z,0,0,False,0,0,0,0,0,0,0,0,0,0,0,0,0.0,0.0,0.0,0.0,0,0,0,0,0,0.00,0.00,0.00,0.00,60,2608,5084,3449,841
leon_goretzka,Aston Villa,MD,6.0,4,Nott'm Forest,True,0,0,618,31,2026-09-12T14:00:00Z,1,2,False,0,0,0,0,0,0,0,0,0,0,0,0,0.0,0.0,0.0,0.0,0,0,0,0,0,0.00,0.00,0.00,0.00,60,-1201,4178,901,2102
taylor_harwood-bellis,Aston Villa,DF,4.5,3,Hull City,False,0,0,630,25,2026-09-05T16:30:00Z,0,0,False,0,0,0,0,0,0,0,0,0,0,0,0,0.0,0.0,0.0,0.0,0,0,0,0,0,0.00,0.00,0.00,0.00,45,755,1010,945,190
taylor_harwood-bellis,Aston Villa,DF,4.5,4,Nott'm Forest,True,0,0,630,31,2026-09-12T14:00:00Z,1,2,False,0,0,0,0,0,0,0,0,0,0,0,0,0.0,0.0,0.0,0.0,0,0,0,0,0,0.00,0.00,0.00,0.00,45,388,1586,653,265
ibrahim_mbaye,Aston Villa,MD,6.0,3,Hull City,False,0,0,631,25,2026-09-05T16:30:00Z,0,0,False,0,0,0,0,0,0,0,0,0,0,0,0,0.0,0.0,0.0,0.0,0,0,0,0,0,0.00,0.00,0.00,0.00,60,3426,4421,4056,630
ibrahim_mbaye,Aston Villa,MD,6.0,4,Nott'm Forest,True,27,1,631,31,2026-09-12T14:00:00Z,1,2,False,0,0,0,1,0,0,0,0,0,0,0,6,9.0,15.2,19.0,4.3,0,1,1,2,0,0.02,0.13,0.15,0.86,60,1207,5917,2787,1580
đorđe_petrović,Bournemouth,GK,4.5,1,Man City,False,90,2,57,8,2026-08-23T13:00:00Z,2,1,False,0,0,0,2,0,0,0,0,0,4,0,13,36.8,0.0,0.0,3.7,2,5,0,0,1,0.00,0.00,0.00,2.25,45,0,288326,0,0
đorđe_petrović,Bournemouth,GK,4.5,2,Everton,True,90,3,57,12,2026-08-29T14:00:00Z,1,1,False,0,0,0,1,0,0,0,0,0,5,0,20,33.8,0.0,0.0,3.4,3,8,0,0,1,0.00,0.00,0.00,1.84,45,11325,332768,25378,14053
đorđe_petrović,Bournemouth,GK,4.5,3,Newcastle,False,90,1,57,27,2026-09-05T11:30:00Z,2,2,False,0,0,0,2,0,0,0,0,0,0,0,0,3.4,0.0,0.0,0.3,1,8,0,0,1,0.00,0.00,0.00,0.71,45,11030,349425,45982,34952
đorđe_petrović,Bournemouth,GK,4.5,4,Brentford,True,90,1,57,32,2026-09-12T14:00:00Z,2,2,False,0,0,0,2,0,0,0,0,0,0,0,0,0.0,0.0,0.0,0.0,0,10,0,0,1,0.00,0.00,0.00,0.50,45,-9622,346097,27504,37126
fraser_forster,Bournemouth,GK,4.0,1,Man City,False,0,0,58,8,2026-08-23T13:00:00Z,2,1,False,0,0,0,0,0,0,0,0,0,0,0,0,0.0,0.0,0.0,0.0,0,0,0,0,0,0.00,0.00,0.00,0.00,40,0,283903,0,0
fraser_forster,Bournemouth,GK,4.0,2,Everton,True,0,0,58,12,2026-08-29T14:00:00Z,1,1,False,0,0,0,0,0,0,0,0,0,0,0,0,0.0,0.0,0.0,0.0,0,0,0,0,0,0.00,0.00,0.00,0.00,40,-1091,317899,9562,10653
fraser_forster,Bournemouth,GK,4.0,3,Newcastle,False,0,0,58,27,2026-09-05T11:30:00Z,2,2,False,0,0,0,0,0,0,0,0,0,0,0,0,0.0,0.0,0.0,0.0,0,0,0,0,0,0.00,0.00,0.00,0.00,40,17023,371559,38348,21325
fraser_forster,Bournemouth,GK,4.0,4,Brentford,True,0,0,58,32,2026-09-12T14:00:00Z,2,2,False,0,0,0,0,0,0,0,0,0,0,0,0,0.0,0.0,0.0,0.0,0,0,0,0,0,0.00,0.00,0.00,0.00,40,14555,383559,38779,24224
will_dennis,Bournemouth,GK,4.0,1,Man City,False,0,0,59,8,2026-08-23T13:00:00Z,2,1,False,0,0,0,0,0,0,0,0,0,0,0,0,0.0,0.0,0.0,0.0,0,0,0,0,0,0.00,0.00,0.00,0.00,40,0,16822,0,0
will_dennis,Bournemouth,GK,4.0,2,Everton,True,0,0,59,12,2026-08-29T14:00:00Z,1,1,False,0,0,0,0,0,0,0,0,0,0,0,0,0.0,0.0,0.0,0.0,0,0,0,0,0,0.00,0.00,0.00,0.00,40,-384,18847,1133,1517
will_dennis,Bournemouth,GK,4.0,3,Newcastle,False,0,0,59,27,2026-09-05T11:30:00Z,2,2,False,0,0,0,0,0,0,0,0,0,0,0,0,0.0,0.0,0.0,0.0,0,0,0,0,0,0.00,0.00,0.00,0.00,40,-2784,15695,0,2784
will_dennis,Bournemouth,GK,4.0,4,Brentford,True,0,0,59,32,2026-09-12T14:00:00Z,2,2,False,0,0,0,0,0,0,0,0,0,0,0,0,0.0,0.0,0.0,0.0,0,0,0,0,0,0.00,0.00,0.00,0.00,40,-1608,14269,0,1608
james_hill,Bournemouth,DF,5.5,1,Man City,False,90,1,60,8,2026-08-23T13:00:00Z,2,1,False,0,0,0,2,0,0,0,0,0,0,0,0,11.6,0.3,0.0,1.2,5,1,1,6,1,0.00,0.00,0.00,2.25,55,0,72436,0,0
james_hill,Bournemouth,DF,5.5,2,Everton,True,90,4,60,12,2026-08-29T14:00:00Z,1,1,False,0,0,0,1,0,0,0,0,0,0,0,19,25.6,21.0,4.0,5.1,9,3,3,12,1,0.00,0.74,0.74,1.84,55,2412,89428,9153,6741
james_hill,Bournemouth,DF,5.5,3,Newcastle,False,90,1,60,27,2026-09-05T11:30:00Z,2,2,False,0,0,0,2,0,0,0,0,0,0,0,4,16.8,31.5,2.0,5.0,6,1,0,6,1,0.00,0.02,0.02,0.71,55,-4574,87381,7094,11668
james_hill,Bournemouth,DF,5.5,4,Brentford,True,90,2,60,32,2026-09-12T14:00:00Z,2,2,False,0,0,0,2,0,0,0,1,0,0,0,5,22.0,11.4,0.0,3.3,10,3,1,11,1,0.00,0.01,0.01,0.50,55,-2382,89044,8173,10555
adrien_truffert,Bournemouth,DF,5.5,1,Man City,False,90,1,61,8,2026-08-23T13:00:00Z,2,1,False,0,0,0,2,0,0,0,0,0,0,0,0,15.4,1.3,0.0,1.7,5,7,2,7,1,0.00,0.00,0.00,2.25,55,0,392050,0,0
adrien_truffert,Bournemouth,DF,5.5,2,Everton,True,90,4,61,12,2026-08-29T14:00:00Z,1,1,False,0,0,0,1,0,0,0,0,0,0,2,27,27.8,23.7,4.0,5.6,7,6,2,9,1,0.00,0.07,0.07,1.84,55,-5220,417325,20601,25821
adrien_truffert,Bournemouth,DF,5.5,3,Newcastle,False,90,0,61,27,2026-09-05T11:30:00Z,2,2,False,0,0,0,2,0,0,0,1,0,0,0,-3,10.2,15.7,2.0,2.8,3,5,3,6,1,0.01,0.06,0.07,0.71,55,-30205,387734,11879,42084
adrien_truffert,Bournemouth,DF,5.5,4,Brentford,True,90,3,61,32,2026-09-12T14:00:00Z,2,2,False,0,0,0,2,0,0,0,0,0,0,0,23,38.6,18.0,28.0,8.5,8,3,8,16,1,0.08,0.10,0.18,0.50,55,-33011,362027,12869,45880
bafodé_diakité,Bournemouth,DF,5.0,1,Man City,False,0,0,62,8,2026-08-23T13:00:00Z,2,1,False,0,0,0,0,0,0,0,0,0,0,0,0,0.0,0.0,0.0,0.0,0,0,0,0,0,0.00,0.00,0.00,0.00,50,0,15573,0,0
bafodé_diakité,Bournemouth,DF,5.0,2,Everton,True,0,0,62,12,2026-08-29T14:00:00Z,1,1,False,0,0,0,0,0,0,0,0,0,0,0,0,0.0,0.0,0.0,0.0,0,0,0,0,0,0.00,0.00,0.00,0.00,50,401,19940,2722,2321
bafodé_diakité,Bournemouth,DF,5.0,3,Newcastle,False,0,0,62,27,2026-09-05T11:30:00Z,2,2,False,0,0,0,0,0,0,0,0,0,0,0,0,0.0,0.0,0.0,0.0,0,0,0,0,0,0.00,0.00,0.00,0.00,50,-2153,18773,1710,3863
bafodé_diakité,Bournemouth,DF,5.0,4,Brentford,True,0,0,62,32,2026-09-12T14:00:00Z,2,2,False,0,0,0,0,0,0,0,0,0,0,0,0,0.0,0.0,0.0,0.0,0,0,0,0,0,0.00,0.00,0.00,0.00,50,-1343,18147,1310,2653
veljko_milosavljevic,Bournemouth,DF,5.0,1,Man City,False,0,0,63,8,2026-08-23T13:00:00Z,2,1,False,0,0,0,0,0,0,0,0,0,0,0,0,0.0,0.0,0.0,0.0,0,0,0,0,0,0.00,0.00,0.00,0.00,50,0,1122,0,0
veljko_milosavljevic,Bournemouth,DF,5.0,2,Everton,True,0,0,63,12,2026-08-29T14:00:00Z,1,1,False,0,0,0,0,0,0,0,0,0,0,0,0,0.0,0.0,0.0,0.0,0,0,0,0,0,0.00,0.00,0.00,0.00,50,-222,1026,74,296
veljko_milosavljevic,Bournemouth,DF,5.0,3,Newcastle,False,0,0,63,27,2026-09-05T11:30:00Z,2,2,False,0,0,0,0,0,0,0,0,0,0,0,0,0.0,0.0,0.0,0.0,0,0,0,0,0,0.00,0.00,0.00,0.00,50,-154,919,88,242
veljko_milosavljevic,Bournemouth,DF,5.0,4,Brentford,True,0,0,63,32,2026-09-12T14:00:00Z,2,2,False,0,0,0,0,0,0,0,0,0,0,0,0,0.0,0.0,0.0,0.0,0,0,0,0,0,0.00,0.00,0.00,0.00,50,-94,852,70,164
adam_smith,Bournemouth,DF,4.5,1,Man City,False,90,1,64,8,2026-08-23T13:00:00Z,2,1,False,0,0,0,2,0,0,0,0,0,0,0,4,7.0,0.6,0.0,0.8,4,3,1,5,1,0.00,0.00,0.00,2.25,45,0,8561,0,0
adam_smith,Bournemouth,DF,4.5,2,Everton,True,90,1,64,12,2026-08-29T14:00:00Z,1,1,False,0,0,0,1,0,0,0,1,0,0,0,5,15.6,15.7,0.0,3.1,4,0,2,6,1,0.00,0.02,0.02,1.84,45,1827,13789,2845,1018
adam_smith,Bournemouth,DF,4.5,3,Newcastle,False,90,0,64,27,2026-09-05T11:30:00Z,2,2,False,0,0,0,2,0,0,0,1,0,0,0,3,9.6,25.3,4.0,3.9,3,6,1,4,1,0.01,0.04,0.05,0.71,45,-461,13869,1630,2091
adam_smith,Bournemouth,DF,4.5,4,Brentford,True,90,0,64,32,2026-09-12T14:00:00Z,2,2,False,0,0,0,2,0,0,0,1,0,0,0,-1,11.4,2.0,0.0,1.3,5,4,1,6,1,0.00,0.01,0.01,0.50,45,-233,14155,1505,1738
julián_araujo zúñiga,Bournemouth,DF,4.5,1,Man City,False,0,0,65,8,2026-08-23T13:00:00Z,2,1,False,0,0,0,0,0,0,0,0,0,0,0,0,0.0,0.0,0.0,0.0,0,0,0,0,0,0.00,0.00,0.00,0.00,45,0,1775,0,0
julián_araujo zúñiga,Bournemouth,DF,4.5,2,Everton,True,0,0,65,12,2026-08-29T14:00:00Z,1,1,False,0,0,0,0,0,0,0,0,0,0,0,0,0.0,0.0,0.0,0.0,0,0,0,0,0,0.00,0.00,0.00,0.00,45,-418,1571,88,506
julián_araujo zúñiga,Bournemouth,DF,4.5,3,Newcastle,False,0,0,65,27,2026-09-05T11:30:00Z,2,2,False,0,0,0,0,0,0,0,0,0,0,0,0,0.0,0.0,0.0,0.0,0,0,0,0,0,0.00,0.00,0.00,0.00,45,-270,1391,96,366
julián_araujo zúñiga,Bournemouth,DF,4.4,4,Brentford,True,0,0,65,32,2026-09-12T14:00:00Z,2,2,False,0,0,0,0,0,0,0,0,0,0,0,0,0.0,0.0,0.0,0.0,0,0,0,0,0,0.00,0.00,0.00,0.00,44,-117,1303,99,216
julio_soler barreto,Bournemouth,DF,4.0,1,Man City,False,0,0,66,8,2026-08-23T13:00:00Z,2,1,False,0,0,0,0,0,0,0,0,0,0,0,0,0.0,0.0,0.0,0.0,0,0,0,0,0,0.00,0.00,0.00,0.00,40,0,19739,0,0
julio_soler barreto,Bournemouth,DF,4.0,2,Everton,True,0,0,66,12,2026-08-29T14:00:00Z,1,1,False,0,0,0,0,0,0,0,0,0,0,0,0,0.0,0.0,0.0,0.0,0,0,0,0,0,0.00,0.00,0.00,0.00,40,-2011,18565,416,2427
julio_soler barreto,Bournemouth,DF,4.0,3,Newcastle,False,0,0,66,27,2026-09-05T11:30:00Z,2,2,False,0,0,0,0,0,0,0,0,0,0,0,0,0.0,0.0,0.0,0.0,0,0,0,0,0,0.00,0.00,0.00,0.00,40,3691,30657,6046,2355
julio_soler barreto,Bournemouth,DF,4.0,4,Brentford,True,0,0,66,32,2026-09-12T14:00:00Z,2,2,False,0,0,0,0,0,0,0,0,0,0,0,0,0.0,0.0,0.0,0.0,0,0,0,0,0,0.00,0.00,0.00,0.00,40,1583,31214,4282,2699
rayan vitor_simplício rocha,Bournemouth,MD,6.5,1,Man City,False,88,2,67,8,2026-08-23T13:00:00Z,2,1,False,0,0,0,1,0,0,0,0,0,0,0,9,6.2,11.3,17.0,3.5,1,0,0,1,1,0.04,0.03,0.07,2.06,65,0,242374,0,0
rayan vitor_simplício rocha,Bournemouth,MD,6.5,2,Everton,True,90,2,67,12,2026-08-29T14:00:00Z,1,1,False,0,0,0,1,0,0,0,0,0,0,0,4,8.6,3.5,44.0,5.6,1,3,1,5,1,0.40,0.02,0.42,1.84,65,1501,276541,23680,22179
rayan vitor_simplício rocha,Bournemouth,MD,6.5,3,Newcastle,False,88,2,67,27,2026-09-05T11:30:00Z,2,2,False,0,0,0,2,0,0,0,0,0,0,0,8,1.6,0.9,10.0,1.3,1,0,1,2,1,0.04,0.01,0.05,0.66,65,-48316,230133,11708,60024
rayan vitor_simplício rocha,Bournemouth,MD,6.4,4,Brentford,True,81,2,67,32,2026-09-12T14:00:00Z,2,2,False,0,0,0,2,0,0,0,0,0,0,0,7,5.6,17.8,20.0,4.3,2,0,1,3,1,0.39,0.02,0.41,0.39,64,-33384,202880,8549,41933
marcus_tavernier,Bournemouth,MD,6.0,1,Man City,False,90,10,68,8,2026-08-23T13:00:00Z,2,1,False,1,0,0,2,0,0,0,0,0,0,3,32,40.0,17.2,18.0,7.5,2,4,2,8,1,0.40,0.08,0.48,2.25,60,0,139421,0,0
marcus_tavernier,Bournemouth,MD,6.0,2,Everton,True,90,1,68,12,2026-08-29T14:00:00Z,1,1,False,0,0,0,1,0,0,0,1,0,0,0,20,15.0,38.3,11.0,6.4,1,6,4,11,1,0.09,0.21,0.30,1.84,60,74776,254437,87207,12431
marcus_tavernier,Bournemouth,MD,6.0,3,Newcastle,False,88,10,68,27,2026-09-05T11:30:00Z,2,2,False,1,0,0,2,0,0,0,0,0,0,3,43,46.6,13.2,77.0,13.7,0,8,1,9,1,1.01,0.05,1.06,0.66,60,-21585,230783,28263,49848
marcus_tavernier,Bournemouth,MD,6.0,4,Brentford,True,82,8,68,32,2026-09-12T14:00:00Z,2,2,False,1,0,0,2,0,0,0,1,0,0,2,44,49.4,58.3,37.0,14.5,2,5,1,8,1,0.20,0.47,0.67,0.39,60,125960,417515,177420,51460
alex_scott,Bournemouth,MD,6.0,1,Man City,False,90,2,69,8,2026-08-23T13:00:00Z,2,1,False,0,0,0,2,0,0,0,0,0,0,0,17,11.4,4.8,0.0,1.6,1,6,4,11,1,0.00,0.01,0.01,2.25,60,0,134668,0,0
alex_scott,Bournemouth,MD,6.0,2,Everton,True,86,12,69,12,2026-08-29T14:00:00Z,1,1,False,1,0,1,0,0,0,0,1,0,0,3,39,47.6,32.1,21.0,10.1,3,9,3,15,1,0.26,0.27,0.53,1.71,60,-4366,145926,8520,12886
alex_scott,Bournemouth,MD,6.0,3,Newcastle,False,90,10,69,27,2026-09-05T11:30:00Z,2,2,False,0,2,0,2,0,0,0,0,0,0,2,37,13.4,22.9,12.0,4.8,5,6,0,11,1,0.07,0.02,0.09,0.71,60,39114,210299,56885,17771
alex_scott,Bournemouth,MD,6.1,4,Brentford,True,90,4,69,32,2026-09-12T14:00:00Z,2,2,False,0,0,0,2,0,0,0,0,0,0,0,19,22.2,46.1,10.0,7.8,6,7,2,15,1,0.19,0.05,0.24,0.50,61,324036,657646,386435,62399
justin_kluivert,Bournemouth,MD,6.0,1,Man City,False,74,3,70,8,2026-08-23T13:00:00Z,2,1,False,0,0,1,0,0,0,0,0,0,0,0,15,11.0,14.3,17.0,4.2,1,5,3,9,1,0.11,0.00,0.11,1.94,60,0,96045,0,0
justin_kluivert,Bournemouth,MD,6.0,2,Everton,True,80,3,70,12,2026-08-29T14:00:00Z,1,1,False,0,0,1,0,0,0,0,0,0,0,0,12,11.2,26.9,57.0,9.5,0,5,0,5,1,0.61,0.05,0.66,1.67,60,6731,123176,16321,9590
justin_kluivert,Bournemouth,MD,6.0,3,Newcastle,False,75,1,70,27,2026-09-05T11:30:00Z,2,2,False,0,0,0,1,0,0,0,1,0,0,0,6,0.0,2.0,3.0,0.2,0,3,1,4,1,0.06,0.01,0.07,0.48,60,-12692,113173,10830,23522
justin_kluivert,Bournemouth,MD,6.0,4,Brentford,True,65,8,70,32,2026-09-12T14:00:00Z,2,2,False,1,0,0,2,0,0,0,0,0,0,1,31,40.0,3.3,43.0,8.6,1,3,0,4,1,0.21,0.02,0.23,0.39,60,-12026,104989,8665,20691
lewis_cook,Bournemouth,MD,5.0,1,Man City,False,75,3,71,8,2026-08-23T13:00:00Z,2,1,False,0,0,1,0,0,0,0,0,0,0,0,8,4.6,2.1,0.0,0.7,3,3,1,7,1,0.00,0.00,0.00,1.94,50,0,13065,0,0
lewis_cook,Bournemouth,MD,5.0,2,Everton,True,68,3,71,12,2026-08-29T14:00:00Z,1,1,False,0,0,1,0,0,0,0,0,0,0,0,13,3.8,12.8,0.0,1.7,0,2,0,2,1,0.00,0.01,0.01,1.67,50,1552,18237,3259,1707
lewis_cook,Bournemouth,MD,5.0,3,Newcastle,False,14,1,71,27,2026-09-05T11:30:00Z,2,2,False,0,0,0,1,0,0,0,0,0,0,0,2,0.0,0.3,0.0,0.0,1,0,0,1,0,0.00,0.00,0.00,0.23,50,2757,23118,6600,3843
lewis_cook,Bournemouth,MD,5.0,4,Brentford,True,8,0,71,32,2026-09-12T14:00:00Z,2,2,False,0,0,0,0,0,0,0,1,0,0,0,-1,0.6,0.3,0.0,0.1,2,0,0,2,0,0.00,0.00,0.00,0.11,50,-1358,21878,2134,3492
ben_gannon-doak,Bournemouth,MD,5.0,1,Man City,False,1,1,72,8,2026-08-23T13:00:00Z,2,1,False,0,0,0,1,0,0,0,0,0,0,0,3,0.2,0.1,2.0,0.2,0,1,0,1,0,0.00,0.00,0.00,0.19,50,0,7889,0,0
ben_gannon-doak,Bournemouth,MD,5.0,2,Everton,True,0,0,72,12,2026-08-29T14:00:00Z,1,1,False,0,0,0,0,0,0,0,0,0,0,0,0,0.0,0.0,0.0,0.0,0,0,0,0,0,0.00,0.00,0.00,0.00,50,-468,8171,365,833
ben_gannon-doak,Bournemouth,MD,5.0,3,Newcastle,False,1,1,72,27,2026-09-05T11:30:00Z,2,2,False,0,0,0,0,0,0,0,0,0,0,0,3,2.0,0.5,5.0,0.8,0,1,1,2,0,0.02,0.00,0.02,0.05,50,-1165,7170,384,1549
ben_gannon-doak,Bournemouth,MD,4.9,4,Brentford,True,8,1,72,32,2026-09-12T14:00:00Z,2,2,False,0,0,0,0,0,0,0,0,0,0,0,6,1.6,1.5,7.0,1.0,0,3,1,4,0,0.10,0.03,0.13,0.11,49,-612,6799,413,1025
tyler_adams,Bournemouth,MD,5.0,1,Man City,False,15,1,73,8,2026-08-23T13:00:00Z,2,1,False,0,0,0,2,0,0,0,0,0,0,0,4,3.6,0.6,0.0,0.4,3,0,0,3,0,0.00,0.00,0.00,0.31,50,0,19512,0,0
tyler_adams,Bournemouth,MD,5.0,2,Everton,True,21,1,73,12,2026-08-29T14:00:00Z,1,1,False,0,0,0,1,0,0,0,0,0,0,0,4,1.6,1.3,0.0,0.3,0,3,0,3,0,0.00,0.00,0.00,0.16,50,177,22708,3032,2855
tyler_adams,Bournemouth,MD,5.0,3,Newcastle,False,75,4,73,27,2026-09-05T11:30:00Z,2,2,False,0,0,0,1,0,0,0,0,0,0,0,15,12.2,11.5,0.0,2.4,1,8,3,12,1,0.00,0.01,0.01,0.48,50,897,26019,5588,4691
tyler_adams,Bournemouth,MD,5.0,4,Brentford,True,81,2,73,32,2026-09-12T14:00:00Z,2,2,False,0,0,0,2,0,0,0,0,0,0,0,16,13.0,5.9,7.0,2.6,3,5,2,10,1,0.03,0.02,0.05,0.39,50,2015,29708,5594,3579
david_brooks,Bournemouth,MD,5.0,1,Man City,False,0,0,74,8,2026-08-23T13:00:00Z,2,1,False,0,0,0,0,0,0,0,0,0,0,0,0,0.0,0.0,0.0,0.0,0,0,0,0,0,0.00,0.00,0.00,0.00,50,0,4610,0,0
david_brooks,Bournemouth,MD,5.0,2,Everton,True,9,1,74,12,2026-08-29T14:00:00Z,1,1,False,0,0,0,1,0,0,0,0,0,0,0,3,0.0,1.6,0.0,0.1,0,0,0,0,0,0.00,0.01,0.01,0.16,50,-93,5133,602,695
david_brooks,Bournemouth,MD,5.0,3,Newcastle,False,14,1,74,27,2026-09-05T11:30:00Z,2,2,False,0,0,0,1,0,0,0,0,0,0,0,2,0.0,0.0,0.0,0.0,0,0,0,0,0,0.00,0.00,0.00,0.23,50,292,5938,1296,1004
david_brooks,Bournemouth,MD,5.0,4,Brentford,True,7,0,74,32,2026-09-12T14:00:00Z,2,2,False,0,0,0,0,0,0,0,1,0,0,0,-1,4.2,0.3,2.0,0.7,2,1,0,3,0,0.00,0.00,0.00,0.11,50,-81,6000,781,862
ryan_christie,Bournemouth,MD,5.0,1,Man City,False,0,0,75,8,2026-08-23T13:00:00Z,2,1,False,0,0,0,0,0,0,0,0,0,0,0,0,0.0,0.0,0.0,0.0,0,0,0,0,0,0.00,0.00,0.00,0.00,50,0,1007,0,0
ryan_christie,Bournemouth,MD,5.0,2,Everton,True,3,1,75,12,2026-08-29T14:00:00Z,1,1,False,0,0,0,1,0,0,0,0,0,0,0,5,2.8,0.3,0.0,0.3,0,1,1,2,0,0.00,0.00,0.00,0.13,50,364,1962,560,196
ryan_christie,Bournemouth,MD,5.0,3,Newcastle,False,1,1,75,27,2026-09-05T11:30:00Z,2,2,False,0,0,0,0,0,0,0,0,0,0,0,3,0.0,0.0,0.0,0.0,0,0,0,0,0,0.00,0.00,0.00,0.00,50,522,2833,1038,516
ryan_christie,Bournemouth,MD,5.0,4,Brentford,True,24,1,75,32,2026-09-12T14:00:00Z,2,2,False,0,0,0,0,0,0,0,0,0,0,0,7,6.6,14.4,4.0,2.5,3,4,0,7,0,0.00,0.12,0.12,0.11,50,542,3640,1116,574
alex_tóth,Bournemouth,MD,5.0,1,Man City,False,15,1,76,8,2026-08-23T13:00:00Z,2,1,False,0,0,0,2,0,0,0,0,0,0,0,5,2.8,0.6,0.0,0.3,0,1,1,2,0,0.00,0.00,0.00,0.31,50,0,1238,0,0
alex_tóth,Bournemouth,MD,5.0,2,Everton,True,0,0,76,12,2026-08-29T14:00:00Z,1,1,False,0,0,0,0,0,0,0,0,0,0,0,0,0.0,0.0,0.0,0.0,0,0,0,0,0,0.00,0.00,0.00,0.00,50,-46,1576,100,146
alex_tóth,Bournemouth,MD,5.0,3,Newcastle,False,0,0,76,27,2026-09-05T11:30:00Z,2,2,False,0,0,0,0,0,0,0,0,0,0,0,0,0.0,0.0,0.0,0.0,0,0,0,0,0,0.00,0.00,0.00,0.00,50,-108,1563,123,231
alex_tóth,Bournemouth,MD,5.0,4,Brentford,True,0,0,76,32,2026-09-12T14:00:00Z,2,2,False,0,0,0,0,0,0,0,0,0,0,0,0,0.0,0.0,0.0,0.0,0,0,0,0,0,0.00,0.00,0.00,0.00,50,-138,1498,72,210
amine_adli,Bournemouth,MD,5.0,1,Man City,False,0,0,77,8,2026-08-23T13:00:00Z,2,1,False,0,0,0,0,0,0,0,0,0,0,0,0,0.0,0.0,0.0,0.0,0,0,0,0,0,0.00,0.00,0.00,0.00,50,0,3087,0,0
amine_adli,Bournemouth,MD,5.0,2,Everton,True,0,0,77,12,2026-08-29T14:00:00Z,1,1,False,0,0,0,0,0,0,0,0,0,0,0,0,0.0,0.0,0.0,0.0,0,0,0,0,0,0.00,0.00,0.00,0.00,50,-922,2226,54,976
amine_adli,Bournemouth,MD,4.9,3,Newcastle,False,0,0,77,27,2026-09-05T11:30:00Z,2,2,False,0,0,0,0,0,0,0,0,0,0,0,0,0.0,0.0,0.0,0.0,0,0,0,0,0,0.00,0.00,0.00,0.00,49,-491,1803,136,627
amine_adli,Bournemouth,MD,4.9,4,Brentford,True,0,0,77,32,2026-09-12T14:00:00Z,2,2,False,0,0,0,0,0,0,0,0,0,0,0,0,0.0,0.0,0.0,0.0,0,0,0,0,0,0.00,0.00,0.00,0.00,49,-275,1557,54,329
junior_kroupi,Bournemouth,MD,7.5,1,Man City,False,0,0,78,8,2026-08-23T13:00:00Z,2,1,False,0,0,0,0,0,0,0,0,0,0,0,0,0.0,0.0,0.0,0.0,0,0,0,0,0,0.00,0.00,0.00,0.00,75,0,42378,0,0
junior_kroupi,Bournemouth,MD,7.5,2,Everton,True,0,0,78,12,2026-08-29T14:00:00Z,1,1,False,0,0,0,0,0,0,0,0,0,0,0,0,0.0,0.0,0.0,0.0,0,0,0,0,0,0.00,0.00,0.00,0.00,75,-12946,30734,462,13408
junior_kroupi,Bournemouth,MD,7.4,3,Newcastle,False,0,0,78,27,2026-09-05T11:30:00Z,2,2,False,0,0,0,0,0,0,0,0,0,0,0,0,0.0,0.0,0.0,0.0,0,0,0,0,0,0.00,0.00,0.00,0.00,74,-7714,23655,246,7960
junior_kroupi,Bournemouth,MD,7.4,4,Brentford,True,0,0,78,32,2026-09-12T14:00:00Z,2,2,False,0,0,0,0,0,0,0,0,0,0,0,0,0.0,0.0,0.0,0.0,0,0,0,0,0,0.00,0.00,0.00,0.00,74,-3124,21026,197,3321
francisco evanilson_de lima barbosa,Bournemouth,FW,6.0,1,Man City,False,74,4,79,8,2026-08-23T13:00:00Z,2,1,False,0,1,1,0,0,0,0,1,0,0,0,17,19.4,11.9,2.0,3.3,4,3,1,8,1,0.00,0.21,0.21,1.94,60,0,200122,0,0
francisco evanilson_de lima barbosa,Bournemouth,FW,6.0,2,Everton,True,80,5,79,12,2026-08-29T14:00:00Z,1,1,False,0,1,1,0,0,0,0,0,0,0,0,11,15.0,22.2,22.0,5.9,1,2,0,3,1,0.58,0.04,0.62,1.67,60,53599,300527,72625,19026
francisco evanilson_de lima barbosa,Bournemouth,FW,6.0,3,Newcastle,False,90,2,79,27,2026-09-05T11:30:00Z,2,2,False,0,0,0,2,0,0,0,0,0,0,0,4,3.2,5.1,21.0,2.9,4,3,0,7,1,0.13,0.01,0.14,0.71,60,26119,336364,69571,43452
francisco evanilson_de lima barbosa,Bournemouth,FW,6.0,4,Brentford,True,90,5,79,32,2026-09-12T14:00:00Z,2,2,False,0,1,0,2,0,0,0,0,0,0,0,22,22.8,40.0,4.0,6.7,1,3,0,4,1,0.00,0.25,0.25,0.48,60,3494,349369,48861,45367
enes_ünal,Bournemouth,FW,5.5,1,Man City,False,0,0,80,8,2026-08-23T13:00:00Z,2,1,False,0,0,0,0,0,0,0,0,0,0,0,0,0.0,0.0,0.0,0.0,0,0,0,0,0,0.00,0.00,0.00,0.00,55,0,3581,0,0
enes_ünal,Bournemouth,FW,5.5,2,Everton,True,0,0,80,12,2026-08-29T14:00:00Z,1,1,False,0,0,0,0,0,0,0,0,0,0,0,0,0.0,0.0,0.0,0.0,0,0,0,0,0,0.00,0.00,0.00,0.00,55,-1070,2487,0,1070
enes_ünal,Bournemouth,FW,5.5,3,Newcastle,False,0,0,80,27,2026-09-05T11:30:00Z,2,2,False,0,0,0,0,0,0,0,0,0,0,0,0,0.0,0.0,0.0,0.0,0,0,0,0,0,0.00,0.00,0.00,0.00,55,-522,1977,0,522
enes_ünal,Bournemouth,FW,5.5,4,Brentford,True,0,0,80,32,2026-09-12T14:00:00Z,2,2,False,0,0,0,0,0,0,0,0,0,0,0,0,0.0,0.0,0.0,0.0,0,0,0,0,0,0.00,0.00,0.00,0.00,55,-219,1781,0,219
álvaro_rodríguez,Bournemouth,FW,6.0,1,Man City,False,0,0,81,8,2026-08-23T13:00:00Z,2,1,False,0,0,0,0,0,0,0,0,0,0,0,0,0.0,0.0,0.0,0.0,0,0,0,0,0,0.00,0.00,0.00,0.00,60,0,9051,0,0
álvaro_rodríguez,Bournemouth,FW,6.0,2,Everton,True,9,1,81,12,2026-08-29T14:00:00Z,1,1,False,0,0,0,1,0,0,0,0,0,0,0,4,0.0,0.0,0.0,0.0,0,1,0,1,0,0.00,0.00,0.00,0.16,60,-182,11569,1000,1182
álvaro_rodríguez,Bournemouth,FW,6.0,3,Newcastle,False,0,0,81,27,2026-09-05T11:30:00Z,2,2,False,0,0,0,0,0,0,0,0,0,0,0,0,0.0,0.0,0.0,0.0,0,0,0,0,0,0.00,0.00,0.00,0.00,60,-398,12281,1521,1919
álvaro_rodríguez,Bournemouth,FW,6.0,4,Brentford,True,1,1,81,32,2026-09-12T14:00:00Z,2,2,False,0,0,0,0,0,0,0,0,0,0,0,3,0.0,0.5,0.0,0.1,0,0,0,0,0,0.00,0.00,0.00,0.02,60,-409,12593,1247,1656
antónio joão_pereira de albuquerque tavares da silva,Bournemouth,DF,5.0,1,Man City,False,90,2,566,8,2026-08-23T13:00:00Z,2,1,False,0,0,0,2,0,0,0,1,0,0,0,5,31.4,0.3,0.0,3.2,13,1,0,13,1,0.00,0.00,0.00,2.25,50,0,23702,0,0
antónio joão_pereira de albuquerque tavares da silva,Bournemouth,DF,5.0,2,Everton,True,90,4,566,12,2026-08-29T14:00:00Z,1,1,False,0,0,0,1,0,0,0,0,0,0,0,11,18.6,1.8,13.0,3.3,8,4,2,10,1,0.25,0.03,0.28,1.84,50,5175,36812,7365,2190
antónio joão_pereira de albuquerque tavares da silva,Bournemouth,DF,5.0,3,Newcastle,False,90,1,566,27,2026-09-05T11:30:00Z,2,2,False,0,0,0,2,0,0,0,0,0,0,0,8,23.8,1.2,17.0,4.2,7,2,1,8,1,0.02,0.01,0.03,0.71,50,3048,43269,9722,6674
antónio joão_pereira de albuquerque tavares da silva,Bournemouth,DF,5.0,4,Brentford,True,90,3,566,32,2026-09-12T14:00:00Z,2,2,False,0,0,0,2,0,0,0,0,0,0,0,-2,18.0,5.3,11.0,3.4,10,5,0,10,1,0.58,0.23,0.81,0.50,50,-299,44292,5703,6002
juanlu_sánchez,Bournemouth,DF,4.5,1,Man City,False,0,0,573,8,2026-08-23T13:00:00Z,2,1,False,0,0,0,0,0,0,0,0,0,0,0,0,0.0,0.0,0.0,0.0,0,0,0,0,0,0.00,0.00,0.00,0.00,45,0,18342,0,0
juanlu_sánchez,Bournemouth,DF,4.5,2,Everton,True,0,0,573,12,2026-08-29T14:00:00Z,1,1,False,0,0,0,0,0,0,0,0,0,0,0,0,0.0,0.0,0.0,0.0,0,0,0,0,0,0.00,0.00,0.00,0.00,45,-1013,21445,452,1465
juanlu_sánchez,Bournemouth,DF,4.5,3,Newcastle,False,0,0,573,27,2026-09-05T11:30:00Z,2,2,False,0,0,0,0,0,0,0,0,0,0,0,0,0.0,0.0,0.0,0.0,0,0,0,0,0,0.00,0.00,0.00,0.00,45,-1920,19900,369,2289
juanlu_sánchez,Bournemouth,DF,4.5,4,Brentford,True,0,0,573,32,2026-09-12T14:00:00Z,2,2,False,0,0,0,0,0,0,0,0,0,0,0,0,0.0,0.0,0.0,0.0,0,0,0,0,0,0.00,0.00,0.00,0.00,45,-1322,18893,285,1607
daniel_jebbison,Bournemouth,FW,5.0,1,Man City,False,15,1,608,8,2026-08-23T13:00:00Z,2,1,False,0,0,0,2,0,0,0,0,0,0,0,6,3.4,0.8,17.0,2.1,0,1,0,1,0,0.10,0.00,0.10,0.31,50,0,0,0,0
daniel_jebbison,Bournemouth,FW,5.0,2,Everton,True,0,0,608,12,2026-08-29T14:00:00Z,1,1,False,0,0,0,0,0,0,0,0,0,0,0,0,0.0,0.0,0.0,0.0,0,0,0,0,0,0.00,0.00,0.00,0.00,50,2056,4738,2477,421
daniel_jebbison,Bournemouth,FW,5.0,3,Newcastle,False,1,1,608,27,2026-09-05T11:30:00Z,2,2,False,0,0,0,0,0,0,0,0,0,0,0,4,0.0,0.0,0.0,0.0,0,0,0,0,0,0.00,0.00,0.00,0.05,50,2512,9237,4510,1998
daniel_jebbison,Bournemouth,FW,5.0,4,Brentford,True,0,0,608,32,2026-09-12T14:00:00Z,2,2,False,0,0,0,0,0,0,0,0,0,0,0,0,0.0,0.0,0.0,0.0,0,0,0,0,0,0.00,0.00,0.00,0.00,50,1502,11375,3390,1888
michele_di gregorio,Bournemouth,GK,4.5,2,Everton,True,0,0,615,12,2026-08-29T14:00:00Z,1,1,False,0,0,0,0,0,0,0,0,0,0,0,0,0.0,0.0,0.0,0.0,0,0,0,0,0,0.00,0.00,0.00,0.00,45,214,593,241,27
michele_di gregorio,Bournemouth,GK,4.5,3,Newcastle,False,0,0,615,27,2026-09-05T11:30:00Z,2,2,False,0,0,0,0,0,0,0,0,0,0,0,0,0.0,0.0,0.0,0.0,0,0,0,0,0,0.00,0.00,0.00,0.00,45,949,2932,1404,455
michele_di gregorio,Bournemouth,GK,4.5,4,Brentford,True,0,0,615,32,2026-09-12T14:00:00Z,2,2,False,0,0,0,0,0,0,0,0,0,0,0,0,0.0,0.0,0.0,0.0,0,0,0,0,0,0.00,0.00,0.00,0.00,45,229,3698,755,526
caoimhín_kelleher,Brentford,GK,5.0,1,Spurs,True,90,7,82,2,2026-08-22T16:30:00Z,3,0,False,0,0,1,0,0,0,0,0,0,4,0,34,31.4,0.0,0.0,3.1,0,5,0,0,1,0.00,0.01,0.01,0.57,50,0,513912,0,0
caoimhín_kelleher,Brentford,GK,5.0,2,Leeds,False,90,2,82,17,2026-08-30T13:00:00Z,1,1,False,0,0,0,1,0,0,0,0,0,1,0,7,9.4,0.0,0.0,0.9,2,4,0,0,1,0.00,0.00,0.00,1.46,50,54510,649790,74434,19924
caoimhín_kelleher,Brentford,GK,5.0,3,Sunderland,True,90,2,82,22,2026-09-05T14:00:00Z,1,1,False,0,0,0,1,0,0,0,0,0,2,0,10,16.8,0.0,0.0,1.7,2,6,0,0,1,0.00,0.00,0.00,1.71,50,54758,832099,113703,58945
caoimhín_kelleher,Brentford,GK,5.0,4,Bournemouth,False,90,3,82,32,2026-09-12T14:00:00Z,2,2,False,0,0,0,2,0,0,0,0,0,8,0,19,44.0,0.0,0.0,4.4,1,11,0,0,1,0.00,0.00,0.00,1.75,50,-23973,702931,34374,58347
hákon rafn_valdimarsson,Brentford,GK,4.5,1,Spurs,True,0,0,83,2,2026-08-22T16:30:00Z,3,0,False,0,0,0,0,0,0,0,0,0,0,0,0,0.0,0.0,0.0,0.0,0,0,0,0,0,0.00,0.00,0.00,0.00,45,0,9667,0,0
hákon rafn_valdimarsson,Brentford,GK,4.5,2,Leeds,False,0,0,83,17,2026-08-30T13:00:00Z,1,1,False,0,0,0,0,0,0,0,0,0,0,0,0,0.0,0.0,0.0,0.0,0,0,0,0,0,0.00,0.00,0.00,0.00,45,-248,10896,642,890
hákon rafn_valdimarsson,Brentford,GK,4.5,3,Sunderland,True,0,0,83,22,2026-09-05T14:00:00Z,1,1,False,0,0,0,0,0,0,0,0,0,0,0,0,0.0,0.0,0.0,0.0,0,0,0,0,0,0.00,0.00,0.00,0.00,45,-432,11246,975,1407
hákon rafn_valdimarsson,Brentford,GK,4.5,4,Bournemouth,False,0,0,83,32,2026-09-12T14:00:00Z,2,2,False,0,0,0,0,0,0,0,0,0,0,0,0,0.0,0.0,0.0,0.0,0,0,0,0,0,0.00,0.00,0.00,0.00,45,-438,10856,631,1069
nathan_collins,Brentford,DF,5.5,1,Spurs,True,90,6,84,2,2026-08-22T16:30:00Z,3,0,False,0,0,1,0,0,0,0,0,0,0,0,21,11.6,21.5,17.0,5.0,3,3,0,3,1,0.34,0.04,0.38,0.57,55,0,156847,0,0
nathan_collins,Brentford,DF,5.5,2,Leeds,False,90,3,84,17,2026-08-30T13:00:00Z,1,1,False,0,0,0,1,0,0,0,1,0,0,0,14,28.0,0.9,34.0,6.3,11,8,2,13,1,0.17,0.01,0.18,1.46,55,15716,207535,25089,9373
nathan_collins,Brentford,DF,5.5,3,Sunderland,True,16,1,84,22,2026-09-05T14:00:00Z,1,1,False,0,0,0,0,0,0,0,0,0,0,0,4,1.0,0.0,0.0,0.1,1,0,0,1,1,0.00,0.00,0.00,0.10,55,11591,271484,32175,20584
nathan_collins,Brentford,DF,5.5,4,Bournemouth,False,0,0,84,32,2026-09-12T14:00:00Z,2,2,False,0,0,0,0,0,0,0,0,0,0,0,0,0.0,0.0,0.0,0.0,0,0,0,0,0,0.00,0.00,0.00,0.00,55,-76756,146784,1251,78007
sepp_van den berg,Brentford,DF,5.0,1,Spurs,True,0,0,85,2,2026-08-22T16:30:00Z,3,0,False,0,0,0,0,0,0,0,0,0,0,0,0,0.0,0.0,0.0,0.0,0,0,0,0,0,0.00,0.00,0.00,0.00,50,0,14391,0,0
sepp_van den berg,Brentford,DF,5.0,2,Leeds,False,0,0,85,17,2026-08-30T13:00:00Z,1,1,False,0,0,0,0,0,0,0,0,0,0,0,0,0.0,0.0,0.0,0.0,0,0,0,0,0,0.00,0.00,0.00,0.00,50,-3978,10710,145,4123
sepp_van den berg,Brentford,DF,4.9,3,Sunderland,True,0,0,85,22,2026-09-05T14:00:00Z,1,1,False,0,0,0,0,0,0,0,0,0,0,0,0,0.0,0.0,0.0,0.0,0,0,0,0,0,0.00,0.00,0.00,0.00,49,-2342,8510,121,2463
sepp_van den berg,Brentford,DF,4.9,4,Bournemouth,False,0,0,85,32,2026-09-12T14:00:00Z,2,2,False,0,0,0,0,0,0,0,0,0,0,0,0,0.0,0.0,0.0,0.0,0,0,0,0,0,0.00,0.00,0.00,0.00,49,-1184,7443,70,1254
keane_lewis-potter,Brentford,MD,5.5,1,Spurs,True,90,10,86,2,2026-08-22T16:30:00Z,3,0,False,1,0,1,0,0,0,0,0,0,0,2,37,47.2,15.9,19.0,8.2,4,5,1,10,1,0.77,0.12,0.89,0.57,55,0,38558,0,0
keane_lewis-potter,Brentford,MD,5.5,2,Leeds,False,87,6,86,17,2026-08-30T13:00:00Z,1,1,False,0,1,0,1,0,0,0,0,0,0,1,29,38.4,31.6,2.0,7.2,3,6,2,11,1,0.02,0.13,0.15,1.46,55,45826,116486,52542,6716
keane_lewis-potter,Brentford,MD,5.5,3,Sunderland,True,90,2,86,22,2026-09-05T14:00:00Z,1,1,False,0,0,0,1,0,0,0,0,0,0,0,4,8.2,45.1,22.0,7.5,4,1,1,6,1,0.24,0.40,0.64,1.71,55,74882,235201,101209,26327
keane_lewis-potter,Brentford,MD,5.5,4,Bournemouth,False,59,1,86,32,2026-09-12T14:00:00Z,2,2,False,0,0,0,2,0,0,0,0,0,0,0,0,0.8,1.6,6.0,0.8,1,0,1,2,1,0.03,0.13,0.16,1.25,55,-6193,223550,26643,32836
kristoffer_ajer,Brentford,DF,4.5,1,Spurs,True,90,8,87,2,2026-08-22T16:30:00Z,3,0,False,0,0,1,0,0,0,0,0,0,0,0,29,20.0,0.9,35.0,5.6,8,3,2,10,1,0.11,0.02,0.13,0.57,45,0,318142,0,0
kristoffer_ajer,Brentford,DF,4.5,2,Leeds,False,90,3,87,17,2026-08-30T13:00:00Z,1,1,False,0,0,0,1,0,0,0,1,0,0,0,7,37.8,21.0,2.0,6.1,17,2,0,17,1,0.00,0.01,0.01,1.46,45,56076,412431,69978,13902
kristoffer_ajer,Brentford,DF,4.5,3,Sunderland,True,90,2,87,22,2026-09-05T14:00:00Z,1,1,False,0,0,0,1,0,0,0,0,0,0,0,8,11.8,0.3,0.0,1.2,5,2,0,5,1,0.00,0.00,0.00,1.71,45,112523,610187,174453,61930
kristoffer_ajer,Brentford,DF,4.5,4,Bournemouth,False,90,1,87,32,2026-09-12T14:00:00Z,2,2,False,0,0,0,2,0,0,0,0,0,0,0,0,15.2,0.5,8.0,2.4,7,1,2,9,1,0.02,0.00,0.02,1.75,45,-51781,479881,52109,103890
michael_kayode,Brentford,DF,4.5,1,Spurs,True,75,13,88,2,2026-08-22T16:30:00Z,3,0,False,1,0,1,0,0,0,0,0,0,0,1,36,33.8,1.5,46.0,8.1,4,5,0,4,1,0.50,0.00,0.50,0.47,45,0,282611,0,0
michael_kayode,Brentford,DF,4.6,2,Leeds,False,87,2,88,17,2026-08-30T13:00:00Z,1,1,False,0,0,0,1,0,0,0,0,0,0,0,9,14.4,16.0,8.0,3.8,3,4,1,4,1,0.02,0.21,0.23,1.46,46,289643,778776,310803,21160
michael_kayode,Brentford,DF,4.6,3,Sunderland,True,45,1,88,22,2026-09-05T14:00:00Z,1,1,False,0,0,0,0,0,0,0,0,0,0,0,2,7.6,0.3,2.0,1.0,5,2,0,5,1,0.03,0.00,0.03,0.35,46,121903,1044649,201513,79610
michael_kayode,Brentford,DF,4.6,4,Bournemouth,False,19,1,88,32,2026-09-12T14:00:00Z,2,2,False,0,0,0,0,0,0,0,0,0,0,0,5,5.4,14.1,0.0,2.0,1,1,0,1,0,0.00,0.15,0.15,0.41,46,-58707,934432,52146,110853
rico_henry,Brentford,DF,4.5,1,Spurs,True,0,0,89,2,2026-08-22T16:30:00Z,3,0,False,0,0,0,0,0,0,0,0,0,0,0,0,0.0,0.0,0.0,0.0,0,0,0,0,0,0.00,0.00,0.00,0.00,45,0,22322,0,0
rico_henry,Brentford,DF,4.5,2,Leeds,False,2,1,89,17,2026-08-30T13:00:00Z,1,1,False,0,0,0,0,0,0,0,0,0,0,0,3,0.0,0.0,0.0,0.0,0,0,0,0,0,0.00,0.00,0.00,0.00,45,-1602,24226,544,2146
rico_henry,Brentford,DF,4.5,3,Sunderland,True,0,0,89,22,2026-09-05T14:00:00Z,1,1,False,0,0,0,0,0,0,0,0,0,0,0,0,0.0,0.0,0.0,0.0,0,0,0,0,0,0.00,0.00,0.00,0.00,45,-1641,22909,561,2202
rico_henry,Brentford,DF,4.5,4,Bournemouth,False,0,0,89,32,2026-09-12T14:00:00Z,2,2,False,0,0,0,0,0,0,0,0,0,0,0,0,0.0,0.0,0.0,0.0,0,0,0,0,0,0.00,0.00,0.00,0.00,45,-1693,21461,309,2002
aaron_hickey,Brentford,DF,4.5,1,Spurs,True,14,1,90,2,2026-08-22T16:30:00Z,3,0,False,0,0,0,0,0,0,0,0,0,0,0,2,0.0,0.3,0.0,0.0,0,2,0,0,0,0.00,0.00,0.00,0.10,45,0,5416,0,0
aaron_hickey,Brentford,DF,4.5,2,Leeds,False,2,1,90,17,2026-08-30T13:00:00Z,1,1,False,0,0,0,0,0,0,0,0,0,0,0,6,4.0,4.1,0.0,0.8,0,0,1,1,0,0.00,0.02,0.02,0.00,45,83,7643,623,540
aaron_hickey,Brentford,DF,4.5,3,Sunderland,True,45,1,90,22,2026-09-05T14:00:00Z,1,1,False,0,0,0,1,0,0,0,0,0,0,0,0,7.6,1.0,0.0,0.9,4,2,1,5,0,0.00,0.00,0.00,1.36,45,-239,7835,653,892
aaron_hickey,Brentford,DF,4.5,4,Bournemouth,False,70,1,90,32,2026-09-12T14:00:00Z,2,2,False,0,0,0,2,0,0,0,0,0,0,0,4,10.0,2.1,6.0,1.8,5,4,2,7,1,0.03,0.03,0.06,1.33,45,-402,7602,309,711
kim_ji-soo,Brentford,DF,4.5,1,Spurs,True,0,0,92,2,2026-08-22T16:30:00Z,3,0,False,0,0,0,0,0,0,0,0,0,0,0,0,0.0,0.0,0.0,0.0,0,0,0,0,0,0.00,0.00,0.00,0.00,45,0,1635,0,0
kim_ji-soo,Brentford,DF,4.5,2,Leeds,False,0,0,92,17,2026-08-30T13:00:00Z,1,1,False,0,0,0,0,0,0,0,0,0,0,0,0,0.0,0.0,0.0,0.0,0,0,0,0,0,0.00,0.00,0.00,0.00,45,-86,1940,112,198
kim_ji-soo,Brentford,DF,4.5,3,Sunderland,True,0,0,92,22,2026-09-05T14:00:00Z,1,1,False,0,0,0,0,0,0,0,0,0,0,0,0,0.0,0.0,0.0,0.0,0,0,0,0,0,0.00,0.00,0.00,0.00,45,-133,1937,151,284
kim_ji-soo,Brentford,DF,4.5,4,Bournemouth,False,0,0,92,32,2026-09-12T14:00:00Z,2,2,False,0,0,0,0,0,0,0,0,0,0,0,0,0.0,0.0,0.0,0.0,0,0,0,0,0,0.00,0.00,0.00,0.00,45,-125,1896,102,227
jannik_schuster,Brentford,DF,4.5,1,Spurs,True,0,0,93,2,2026-08-22T16:30:00Z,3,0,False,0,0,0,0,0,0,0,0,0,0,0,0,0.0,0.0,0.0,0.0,0,0,0,0,0,0.00,0.00,0.00,0.00,45,0,15125,0,0
jannik_schuster,Brentford,DF,4.5,2,Leeds,False,0,0,93,17,2026-08-30T13:00:00Z,1,1,False,0,0,0,0,0,0,0,0,0,0,0,0,0.0,0.0,0.0,0.0,0,0,0,0,0,0.00,0.00,0.00,0.00,45,-1064,16511,142,1206
jannik_schuster,Brentford,DF,4.5,3,Sunderland,True,73,4,93,22,2026-09-05T14:00:00Z,1,1,False,0,0,0,1,0,0,0,0,0,0,0,11,17.2,0.2,4.0,2.1,10,0,0,10,0,0.10,0.01,0.11,1.61,45,-1306,15267,166,1472
jannik_schuster,Brentford,DF,4.5,4,Bournemouth,False,90,3,93,32,2026-09-12T14:00:00Z,2,2,False,0,0,0,2,0,0,0,0,0,0,0,5,22.2,0.5,8.0,3.1,10,3,2,12,1,0.00,0.01,0.01,1.75,45,170,15722,905,735
kevin_schade,Brentford,MD,6.0,1,Spurs,True,90,3,94,2,2026-08-22T16:30:00Z,3,0,False,0,0,1,0,0,0,0,0,0,0,0,17,14.4,11.8,59.0,8.5,1,5,3,9,1,0.52,0.01,0.53,0.57,60,0,330810,0,0
kevin_schade,Brentford,MD,6.0,2,Leeds,False,87,10,94,17,2026-08-30T13:00:00Z,1,1,False,1,0,0,1,0,0,0,0,0,0,3,34,45.6,11.1,34.0,9.1,3,4,2,9,1,0.25,0.02,0.27,1.46,60,-791,344201,24998,25789
kevin_schade,Brentford,MD,6.0,3,Sunderland,True,90,2,94,22,2026-09-05T14:00:00Z,1,1,False,0,0,0,1,0,0,0,0,0,0,0,11,4.0,13.3,8.0,2.5,0,5,0,5,1,0.00,0.17,0.17,1.71,60,92782,492340,140288,47506
kevin_schade,Brentford,MD,6.0,4,Bournemouth,False,90,15,94,32,2026-09-12T14:00:00Z,2,2,False,2,0,0,2,0,0,0,0,0,0,3,49,70.8,8.3,28.0,10.7,0,3,1,4,1,0.21,0.10,0.31,1.75,60,-59161,374153,28990,88151
dango_ouattara,Brentford,MD,6.5,1,Spurs,True,66,3,95,2,2026-08-22T16:30:00Z,3,0,False,0,0,1,0,0,0,0,0,0,0,0,6,1.0,30.8,15.0,4.7,2,4,0,6,1,0.05,0.29,0.34,0.47,65,0,105835,0,0
dango_ouattara,Brentford,MD,6.5,2,Leeds,False,29,1,95,17,2026-08-30T13:00:00Z,1,1,False,0,0,0,1,0,0,0,0,0,0,0,16,15.4,15.5,2.0,3.3,3,3,1,7,0,0.02,0.08,0.10,1.36,65,-3604,110686,7348,10952
dango_ouattara,Brentford,MD,6.5,3,Sunderland,True,45,1,95,22,2026-09-05T14:00:00Z,1,1,False,0,0,0,0,0,0,0,0,0,0,0,6,6.8,11.3,0.0,1.8,3,7,1,11,1,0.00,0.01,0.01,0.35,65,-24974,85265,4607,29581
dango_ouattara,Brentford,MD,6.4,4,Bournemouth,False,30,1,95,32,2026-09-12T14:00:00Z,2,2,False,0,0,0,0,0,0,0,0,0,0,0,4,2.0,1.7,6.0,1.0,1,3,0,4,0,0.02,0.01,0.03,0.50,64,-22021,64766,1377,23398
mikkel_damsgaard,Brentford,MD,5.5,1,Spurs,True,14,1,96,2,2026-08-22T16:30:00Z,3,0,False,0,0,0,0,0,0,0,0,0,0,0,6,7.6,26.3,0.0,3.4,0,3,1,4,0,0.00,0.11,0.11,0.10,55,0,52929,0,0
mikkel_damsgaard,Brentford,MD,5.5,2,Leeds,False,68,3,96,17,2026-08-30T13:00:00Z,1,1,False,0,0,1,0,0,0,0,0,0,0,0,20,16.6,32.4,25.0,7.4,2,5,2,9,1,0.03,0.13,0.16,0.13,55,-5226,52568,2318,7544
mikkel_damsgaard,Brentford,MD,5.5,3,Sunderland,True,85,8,96,22,2026-09-05T14:00:00Z,1,1,False,0,1,0,1,0,0,0,0,0,0,3,30,10.0,28.5,6.0,4.5,1,3,0,4,1,0.00,0.21,0.21,1.63,55,-3734,49863,3933,7667
mikkel_damsgaard,Brentford,MD,5.5,4,Bournemouth,False,30,1,96,32,2026-09-12T14:00:00Z,2,2,False,0,0,0,0,0,0,0,0,0,0,0,3,0.0,7.8,6.0,1.3,1,3,0,4,0,0.10,0.00,0.10,0.50,55,807,51791,5734,4927
mathias_jensen,Brentford,MD,5.5,1,Spurs,True,66,6,97,2,2026-08-22T16:30:00Z,3,0,False,0,1,1,0,0,0,0,0,0,0,0,22,12.6,46.2,13.0,7.2,0,3,2,5,1,0.08,0.34,0.42,0.47,55,0,16245,0,0
mathias_jensen,Brentford,MD,5.5,2,Leeds,False,0,0,97,17,2026-08-30T13:00:00Z,1,1,False,0,0,0,0,0,0,0,0,0,0,0,0,0.0,0.0,0.0,0.0,0,0,0,0,0,0.00,0.00,0.00,0.00,55,2521,22961,3858,1337
mathias_jensen,Brentford,MD,5.5,3,Sunderland,True,0,0,97,22,2026-09-05T14:00:00Z,1,1,False,0,0,0,0,0,0,0,0,0,0,0,0,0.0,0.0,0.0,0.0,0,0,0,0,0,0.00,0.00,0.00,0.00,55,-6340,16413,569,6909
mathias_jensen,Brentford,MD,5.4,4,Bournemouth,False,0,0,97,32,2026-09-12T14:00:00Z,2,2,False,0,0,0,0,0,0,0,0,0,0,0,0,0.0,0.0,0.0,0.0,0,0,0,0,0,0.00,0.00,0.00,0.00,54,-4249,12497,42,4291
vitaly_janelt,Brentford,MD,5.0,1,Spurs,True,90,9,98,2,2026-08-22T16:30:00Z,3,0,False,1,0,1,0,0,0,0,1,0,0,0,35,53.2,38.8,24.0,11.6,6,3,4,13,1,0.39,0.17,0.56,0.57,50,0,9018,0,0
vitaly_janelt,Brentford,MD,5.0,2,Leeds,False,90,1,98,17,2026-08-30T13:00:00Z,1,1,False,0,0,0,1,0,0,0,1,0,0,0,11,16.4,35.4,4.0,5.6,5,2,3,10,1,0.00,0.14,0.14,1.46,50,29474,49684,33759,4285
vitaly_janelt,Brentford,MD,5.0,3,Sunderland,True,90,11,98,22,2026-09-05T14:00:00Z,1,1,False,1,0,0,1,0,0,0,1,0,0,3,30,48.0,3.1,17.0,6.8,3,5,4,12,1,0.11,0.01,0.12,1.71,50,16015,69448,29605,13590
vitaly_janelt,Brentford,MD,5.0,4,Bournemouth,False,90,4,98,32,2026-09-12T14:00:00Z,2,2,False,0,0,0,2,0,0,0,0,0,0,0,20,28.4,14.4,0.0,4.3,11,6,3,20,1,0.00,0.08,0.08,1.75,50,139007,266936,176461,37454
antoni_milambo,Brentford,MD,5.0,1,Spurs,True,0,0,99,2,2026-08-22T16:30:00Z,3,0,False,0,0,0,0,0,0,0,0,0,0,0,0,0.0,0.0,0.0,0.0,0,0,0,0,0,0.00,0.00,0.00,0.00,50,0,187,0,0
antoni_milambo,Brentford,MD,5.0,2,Leeds,False,0,0,99,17,2026-08-30T13:00:00Z,1,1,False,0,0,0,0,0,0,0,0,0,0,0,0,0.0,0.0,0.0,0.0,0,0,0,0,0,0.00,0.00,0.00,0.00,50,-17,190,28,45
antoni_milambo,Brentford,MD,5.0,3,Sunderland,True,0,0,99,22,2026-09-05T14:00:00Z,1,1,False,0,0,0,0,0,0,0,0,0,0,0,0,0.0,0.0,0.0,0.0,0,0,0,0,0,0.00,0.00,0.00,0.00,50,-8,190,34,42
antoni_milambo,Brentford,MD,5.0,4,Bournemouth,False,0,0,99,32,2026-09-12T14:00:00Z,2,2,False,0,0,0,0,0,0,0,0,0,0,0,0,0.0,0.0,0.0,0.0,0,0,0,0,0,0.00,0.00,0.00,0.00,50,-5,201,27,32
fábio_freitas gouveia carvalho,Brentford,MD,5.0,1,Spurs,True,0,0,100,2,2026-08-22T16:30:00Z,3,0,False,0,0,0,0,0,0,0,0,0,0,0,0,0.0,0.0,0.0,0.0,0,0,0,0,0,0.00,0.00,0.00,0.00,50,0,1459,0,0
fábio_freitas gouveia carvalho,Brentford,MD,5.0,2,Leeds,False,0,0,100,17,2026-08-30T13:00:00Z,1,1,False,0,0,0,0,0,0,0,0,0,0,0,0,0.0,0.0,0.0,0.0,0,0,0,0,0,0.00,0.00,0.00,0.00,50,-91,1624,155,246
fábio_freitas gouveia carvalho,Brentford,MD,5.0,3,Sunderland,True,0,0,100,22,2026-09-05T14:00:00Z,1,1,False,0,0,0,0,0,0,0,0,0,0,0,0,0.0,0.0,0.0,0.0,0,0,0,0,0,0.00,0.00,0.00,0.00,50,185,2107,543,358
fábio_freitas gouveia carvalho,Brentford,MD,5.0,4,Bournemouth,False,0,0,100,32,2026-09-12T14:00:00Z,2,2,False,0,0,0,0,0,0,0,0,0,0,0,0,0.0,0.0,0.0,0.0,0,0,0,0,0,0.00,0.00,0.00,0.00,50,3,2209,335,332
yehor_yarmoliuk,Brentford,MD,5.0,1,Spurs,True,23,1,102,2,2026-08-22T16:30:00Z,3,0,False,0,0,0,0,0,0,0,0,0,0,0,7,2.2,0.8,3.0,0.6,1,3,2,6,0,0.04,0.00,0.04,0.10,50,0,123741,0,0
yehor_yarmoliuk,Brentford,MD,5.0,2,Leeds,False,21,1,102,17,2026-08-30T13:00:00Z,1,1,False,0,0,0,1,0,0,0,0,0,0,0,4,3.0,12.5,4.0,2.0,0,0,0,0,0,0.00,0.01,0.01,1.32,50,-12434,112295,745,13179
yehor_yarmoliuk,Brentford,MD,4.9,3,Sunderland,True,45,0,102,22,2026-09-05T14:00:00Z,1,1,False,0,0,0,1,0,0,0,1,0,0,0,1,2.4,3.4,2.0,0.8,1,3,1,5,0,0.03,0.02,0.05,1.36,49,-18230,93335,1076,19306
yehor_yarmoliuk,Brentford,MD,4.9,4,Bournemouth,False,59,4,102,32,2026-09-12T14:00:00Z,2,2,False,0,1,0,2,0,0,0,0,0,0,0,19,22.0,22.8,4.0,4.9,2,3,0,5,1,0.00,0.21,0.21,1.25,49,-15709,78222,706,16415
josh_dasilva,Brentford,MD,5.0,1,Spurs,True,0,0,103,2,2026-08-22T16:30:00Z,3,0,False,0,0,0,0,0,0,0,0,0,0,0,0,0.0,0.0,0.0,0.0,0,0,0,0,0,0.00,0.00,0.00,0.00,50,0,2396,0,0
josh_dasilva,Brentford,MD,5.0,2,Leeds,False,0,0,103,17,2026-08-30T13:00:00Z,1,1,False,0,0,0,0,0,0,0,0,0,0,0,0,0.0,0.0,0.0,0.0,0,0,0,0,0,0.00,0.00,0.00,0.00,50,-189,2549,164,353
josh_dasilva,Brentford,MD,5.0,3,Sunderland,True,0,0,103,22,2026-09-05T14:00:00Z,1,1,False,0,0,0,0,0,0,0,0,0,0,0,0,0.0,0.0,0.0,0.0,0,0,0,0,0,0.00,0.00,0.00,0.00,50,-369,2280,180,549
josh_dasilva,Brentford,MD,4.9,4,Bournemouth,False,0,0,103,32,2026-09-12T14:00:00Z,2,2,False,0,0,0,0,0,0,0,0,0,0,0,0,0.0,0.0,0.0,0.0,0,0,0,0,0,0.00,0.00,0.00,0.00,49,-614,1675,36,650
jaidon_anthony,Brentford,MD,6.0,1,Spurs,True,23,1,105,2,2026-08-22T16:30:00Z,3,0,False,0,0,0,0,0,0,0,0,0,0,0,9,10.6,34.9,1.0,4.7,0,6,2,8,0,0.03,0.35,0.38,0.10,60,0,14244,0,0
jaidon_anthony,Brentford,MD,6.0,2,Leeds,False,60,2,105,17,2026-08-30T13:00:00Z,1,1,False,0,0,1,0,0,0,0,1,0,0,0,4,3.2,25.9,15.0,4.4,0,1,0,1,1,0.11,0.06,0.17,0.09,60,-433,16949,1958,2391
jaidon_anthony,Brentford,MD,6.0,3,Sunderland,True,45,1,105,22,2026-09-05T14:00:00Z,1,1,False,0,0,0,1,0,0,0,0,0,0,0,3,0.0,2.2,3.0,0.4,0,4,0,4,0,0.05,0.01,0.06,1.36,60,-1707,16152,1644,3351
jaidon_anthony,Brentford,MD,6.0,4,Bournemouth,False,59,1,105,32,2026-09-12T14:00:00Z,2,2,False,0,0,0,2,0,0,0,0,0,0,0,12,14.6,15.3,2.0,3.2,5,4,2,11,1,0.00,0.10,0.10,1.25,60,-1801,14724,761,2562
igor thiago_nascimento rodrigues,Brentford,FW,8.0,1,Spurs,True,82,0,106,2,2026-08-22T16:30:00Z,3,0,False,0,0,1,0,0,0,1,0,0,0,0,-3,2.2,4.0,8.0,1.4,1,4,0,5,1,1.00,0.08,1.08,0.50,80,0,1509299,0,0
igor thiago_nascimento rodrigues,Brentford,FW,8.0,2,Leeds,False,90,2,106,17,2026-08-30T13:00:00Z,1,1,False,0,0,0,1,0,0,0,0,0,0,0,2,2.4,6.2,55.0,6.4,0,3,1,4,1,0.80,0.01,0.81,1.46,80,-49395,1635017,91772,141167
igor thiago_nascimento rodrigues,Brentford,FW,8.0,3,Sunderland,True,90,2,106,22,2026-09-05T14:00:00Z,1,1,False,0,0,0,1,0,0,0,0,0,0,0,9,16.0,1.4,43.0,6.0,3,2,1,6,1,0.50,0.01,0.51,1.71,80,-240730,1462107,72058,312788
igor thiago_nascimento rodrigues,Brentford,FW,7.9,4,Bournemouth,False,90,1,106,32,2026-09-12T14:00:00Z,2,2,False,0,0,0,2,0,0,0,1,0,0,0,3,0.0,16.0,10.0,2.4,0,1,0,1,1,0.11,0.03,0.14,1.75,79,-296868,1129976,24154,321022
kaye_furo,Brentford,FW,4.5,1,Spurs,True,0,0,107,2,2026-08-22T16:30:00Z,3,0,False,0,0,0,0,0,0,0,0,0,0,0,0,0.0,0.0,0.0,0.0,0,0,0,0,0,0.00,0.00,0.00,0.00,45,0,78000,0,0
kaye_furo,Brentford,FW,4.5,2,Leeds,False,0,0,107,17,2026-08-30T13:00:00Z,1,1,False,0,0,0,0,0,0,0,0,0,0,0,0,0.0,0.0,0.0,0.0,0,0,0,0,0,0.00,0.00,0.00,0.00,45,-252,89302,8191,8443
kaye_furo,Brentford,FW,4.5,3,Sunderland,True,0,0,107,22,2026-09-05T14:00:00Z,1,1,False,0,0,0,0,0,0,0,0,0,0,0,0,0.0,0.0,0.0,0.0,0,0,0,0,0,0.00,0.00,0.00,0.00,45,13495,116698,27280,13785
kaye_furo,Brentford,FW,4.5,4,Bournemouth,False,0,0,107,32,2026-09-12T14:00:00Z,2,2,False,0,0,0,0,0,0,0,0,0,0,0,0,0.0,0.0,0.0,0.0,0,0,0,0,0,0.00,0.00,0.00,0.00,45,4526,119195,19067,14541
callum_wilson,Brentford,FW,5.5,1,Spurs,True,7,1,108,2,2026-08-22T16:30:00Z,3,0,False,0,0,0,0,0,0,0,0,0,0,0,4,2.2,10.3,5.0,1.8,0,0,0,0,0,0.03,0.04,0.07,0.07,55,0,30450,0,0
callum_wilson,Brentford,FW,5.5,2,Leeds,False,2,1,108,17,2026-08-30T13:00:00Z,1,1,False,0,0,0,0,0,0,0,0,0,0,0,3,0.0,0.1,7.0,0.7,0,1,0,1,0,0.04,0.00,0.04,0.00,55,-457,37634,4351,4808
callum_wilson,Brentford,FW,5.5,3,Sunderland,True,4,1,108,22,2026-09-05T14:00:00Z,1,1,False,0,0,0,0,0,0,0,0,0,0,0,2,1.0,0.0,0.0,0.1,1,0,0,1,0,0.00,0.00,0.00,0.08,55,-1724,38790,5560,7284
callum_wilson,Brentford,FW,5.5,4,Bournemouth,False,0,0,108,32,2026-09-12T14:00:00Z,2,2,False,0,0,0,0,0,0,0,0,0,0,0,0,0.0,0.0,0.0,0.0,0,0,0,0,0,0.00,0.00,0.00,0.00,55,-3164,36748,2767,5931
mamadou_sangaré,Brentford,MD,5.5,1,Spurs,True,75,14,565,2,2026-08-22T16:30:00Z,3,0,False,0,2,1,0,0,0,0,0,0,0,3,41,31.6,21.8,21.0,7.4,4,7,2,13,1,0.05,0.33,0.38,0.47,55,0,294770,0,0
mamadou_sangaré,Brentford,MD,5.6,2,Leeds,False,90,4,565,17,2026-08-30T13:00:00Z,1,1,False,0,0,0,1,0,0,0,0,0,0,0,16,24.4,25.3,11.0,6.1,5,5,4,14,1,0.21,0.03,0.24,1.46,56,420422,902725,443762,23340
mamadou_sangaré,Brentford,MD,5.7,3,Sunderland,True,45,0,565,22,2026-09-05T14:00:00Z,1,1,False,0,0,0,0,0,0,0,1,0,0,0,0,0.0,1.3,8.0,0.6,1,3,1,5,1,0.15,0.01,0.16,0.35,57,509396,1631469,639468,130072
mamadou_sangaré,Brentford,MD,5.7,4,Bournemouth,False,90,4,565,32,2026-09-12T14:00:00Z,2,2,False,0,0,0,2,0,0,0,0,0,0,0,19,18.2,9.4,0.0,2.8,1,6,6,13,1,0.00,0.28,0.28,1.75,57,-207682,1351673,106889,314571
el hadji malick_diouf,Brentford,DF,4.5,2,Leeds,False,0,0,620,17,2026-08-30T13:00:00Z,1,1,False,0,0,0,0,0,0,0,0,0,0,0,0,0.0,0.0,0.0,0.0,0,0,0,0,0,0.00,0.00,0.00,0.00,45,563,817,600,37
el hadji malick_diouf,Brentford,DF,4.5,3,Sunderland,True,0,0,620,22,2026-09-05T14:00:00Z,1,1,False,0,0,0,0,0,0,0,0,0,0,0,0,0.0,0.0,0.0,0.0,0,0,0,0,0,0.00,0.00,0.00,0.00,45,6560,10083,9542,2982
el hadji malick_diouf,Brentford,DF,4.5,4,Bournemouth,False,30,1,620,32,2026-09-12T14:00:00Z,2,2,False,0,0,0,0,0,0,0,0,0,0,0,4,3.4,1.0,0.0,0.4,1,1,0,1,0,0.00,0.01,0.01,0.50,45,-31,10030,1940,1971
gustavo_nunes fernandes gomes,Brentford,MD,4.5,4,Bournemouth,False,0,0,657,32,2026-09-12T14:00:00Z,2,2,False,0,0,0,0,0,0,0,0,0,0,0,0,0.0,0.0,0.0,0.0,0,0,0,0,0,0.00,0.00,0.00,0.00,45,0,0,0,0
bart_verbruggen,Brighton,GK,4.5,1,Aston Villa,True,90,6,109,7,2026-08-23T13:00:00Z,4,0,False,0,0,1,0,0,0,0,0,0,0,0,25,6.6,0.0,0.0,0.7,0,4,0,0,1,0.00,0.00,0.00,0.29,45,0,1987586,0,0
bart_verbruggen,Brighton,GK,4.5,2,Chelsea,False,90,0,109,16,2026-08-30T13:00:00Z,4,3,False,0,0,0,4,0,0,0,0,0,1,0,-1,10.2,0.0,0.0,1.0,0,14,0,0,1,0.00,0.00,0.00,2.93,45,39276,2133814,84756,45480
bart_verbruggen,Brighton,GK,4.5,3,Leeds,True,90,3,109,23,2026-09-05T14:00:00Z,1,1,False,0,0,0,1,0,0,0,0,0,3,0,17,29.2,3.0,0.0,3.2,0,5,0,0,1,0.00,0.20,0.20,2.49,45,114050,2293721,270948,156898
bart_verbruggen,Brighton,GK,4.5,4,Coventry City,False,90,8,109,38,2026-09-13T13:00:00Z,0,5,False,0,0,1,0,0,0,0,0,0,6,0,39,47.8,0.0,0.0,4.8,3,7,0,0,1,0.00,0.00,0.00,1.33,45,51727,2390519,248699,196972
jason_steele,Brighton,GK,4.0,1,Aston Villa,True,0,0,111,7,2026-08-23T13:00:00Z,4,0,False,0,0,0,0,0,0,0,0,0,0,0,0,0.0,0.0,0.0,0.0,0,0,0,0,0,0.00,0.00,0.00,0.00,40,0,369830,0,0
jason_steele,Brighton,GK,4.0,2,Chelsea,False,0,0,111,16,2026-08-30T13:00:00Z,4,3,False,0,0,0,0,0,0,0,0,0,0,0,0,0.0,0.0,0.0,0.0,0,0,0,0,0,0.00,0.00,0.00,0.00,40,-3330,398691,10714,14044
jason_steele,Brighton,GK,4.0,3,Leeds,True,0,0,111,23,2026-09-05T14:00:00Z,1,1,False,0,0,0,0,0,0,0,0,0,0,0,0,0.0,0.0,0.0,0.0,0,0,0,0,0,0.00,0.00,0.00,0.00,40,27834,459848,62093,34259
jason_steele,Brighton,GK,4.0,4,Coventry City,False,0,0,111,38,2026-09-13T13:00:00Z,0,5,False,0,0,0,0,0,0,0,0,0,0,0,0,0.0,0.0,0.0,0.0,0,0,0,0,0,0.00,0.00,0.00,0.00,40,10916,460442,46956,36040
ferdi_kadıoğlu,Brighton,DF,4.5,1,Aston Villa,True,0,0,113,7,2026-08-23T13:00:00Z,4,0,False,0,0,0,0,0,0,0,0,0,0,0,0,0.0,0.0,0.0,0.0,0,0,0,0,0,0.00,0.00,0.00,0.00,45,0,265528,0,0
ferdi_kadıoğlu,Brighton,DF,4.5,2,Chelsea,False,90,0,113,16,2026-08-30T13:00:00Z,4,3,False,0,0,0,4,0,0,0,0,0,0,0,-4,2.8,16.7,8.0,2.8,0,2,0,0,1,0.02,0.01,0.03,2.93,45,-48824,221172,2580,51404
ferdi_kadıoğlu,Brighton,DF,4.4,3,Leeds,True,77,2,113,23,2026-09-05T14:00:00Z,1,1,False,0,0,0,1,0,0,0,0,0,0,0,8,12.6,12.5,19.0,4.4,4,2,1,5,1,0.06,0.01,0.07,2.40,44,-19909,203285,12724,32633
ferdi_kadıoğlu,Brighton,DF,4.4,4,Coventry City,False,90,6,113,38,2026-09-13T13:00:00Z,0,5,False,0,0,1,0,0,0,0,0,0,0,0,24,6.4,15.4,0.0,2.2,2,1,0,2,1,0.00,0.09,0.09,1.33,44,-18414,186000,6832,25246
olivier_boscagli,Brighton,DF,4.5,1,Aston Villa,True,90,6,114,7,2026-08-23T13:00:00Z,4,0,False,0,0,1,0,0,0,0,0,0,0,0,29,15.2,7.3,6.0,2.9,5,4,1,6,1,0.00,0.04,0.04,0.29,45,0,19109,0,0
olivier_boscagli,Brighton,DF,4.5,2,Chelsea,False,90,-1,114,16,2026-08-30T13:00:00Z,4,3,False,0,0,0,4,0,0,0,1,0,0,0,-2,16.8,26.6,11.0,5.4,3,2,0,3,1,0.05,0.11,0.16,2.93,45,2544,26909,4103,1559
olivier_boscagli,Brighton,DF,4.5,3,Leeds,True,90,2,114,23,2026-09-05T14:00:00Z,1,1,False,0,0,0,1,0,0,0,0,0,0,0,17,20.6,62.3,0.0,8.3,4,4,0,4,1,0.00,0.33,0.33,2.49,45,2298,31479,6293,3995
olivier_boscagli,Brighton,DF,4.5,4,Coventry City,False,77,6,114,38,2026-09-13T13:00:00Z,0,5,False,0,0,1,0,0,0,0,0,0,0,0,25,11.6,14.3,2.0,2.8,8,5,1,9,1,0.01,0.03,0.04,1.11,45,-585,30469,2439,3024
maxim_de cuyper,Brighton,DF,4.5,1,Aston Villa,True,77,17,115,7,2026-08-23T13:00:00Z,4,0,False,1,1,1,0,0,0,0,0,0,0,2,46,40.6,45.3,43.0,12.9,1,3,3,4,1,1.47,0.21,1.68,0.29,45,0,151636,0,0
maxim_de cuyper,Brighton,DF,4.6,2,Chelsea,False,90,0,115,16,2026-08-30T13:00:00Z,4,3,False,0,0,0,4,0,0,0,0,0,0,0,-2,8.8,23.7,5.0,3.8,2,3,0,2,1,0.03,0.05,0.08,2.93,46,473840,847829,494998,21158
maxim_de cuyper,Brighton,DF,4.7,3,Leeds,True,76,4,115,23,2026-09-05T14:00:00Z,1,1,False,0,1,0,1,0,0,0,1,0,0,0,17,19.6,22.1,2.0,4.4,1,4,1,2,1,0.00,0.14,0.14,2.40,47,762031,1978466,871841,109810
maxim_de cuyper,Brighton,DF,4.8,4,Coventry City,False,90,11,115,38,2026-09-13T13:00:00Z,0,5,False,0,1,1,0,0,0,0,0,0,0,2,41,24.8,46.9,3.0,7.5,1,4,0,1,1,0.03,0.04,0.07,1.33,48,509874,2489501,640942,131068
lewis_dunk,Brighton,DF,4.5,1,Aston Villa,True,90,6,116,7,2026-08-23T13:00:00Z,4,0,False,0,0,1,0,0,0,0,0,0,0,0,24,13.4,6.4,0.0,2.0,1,2,1,2,1,0.00,0.04,0.04,0.29,45,0,88762,0,0
lewis_dunk,Brighton,DF,4.5,2,Chelsea,False,90,-1,116,16,2026-08-30T13:00:00Z,4,3,False,0,0,0,4,0,0,0,1,0,0,0,-4,14.8,2.0,0.0,1.7,2,4,1,3,1,0.00,0.01,0.01,2.93,45,8033,118436,13343,5310
lewis_dunk,Brighton,DF,4.5,3,Leeds,True,90,5,116,23,2026-09-05T14:00:00Z,1,1,False,0,0,0,1,0,0,0,0,0,0,1,20,30.8,1.9,4.0,3.7,12,5,0,12,1,0.00,0.01,0.01,2.49,45,6568,133493,20326,13758
lewis_dunk,Brighton,DF,4.5,4,Coventry City,False,90,12,116,38,2026-09-13T13:00:00Z,0,5,False,1,0,1,0,0,0,0,0,0,0,0,39,57.2,4.3,7.0,6.9,5,2,1,6,1,0.03,0.03,0.06,1.33,45,9404,148520,19779,10375
diego_coppola,Brighton,DF,4.5,1,Aston Villa,True,0,0,117,7,2026-08-23T13:00:00Z,4,0,False,0,0,0,0,0,0,0,0,0,0,0,0,0.0,0.0,0.0,0.0,0,0,0,0,0,0.00,0.00,0.00,0.00,45,0,1583,0,0
diego_coppola,Brighton,DF,4.5,2,Chelsea,False,0,0,117,16,2026-08-30T13:00:00Z,4,3,False,0,0,0,0,0,0,0,0,0,0,0,0,0.0,0.0,0.0,0.0,0,0,0,0,0,0.00,0.00,0.00,0.00,45,-33,1892,191,224
diego_coppola,Brighton,DF,4.5,3,Leeds,True,0,0,117,23,2026-09-05T14:00:00Z,1,1,False,0,0,0,0,0,0,0,0,0,0,0,0,0.0,0.0,0.0,0.0,0,0,0,0,0,0.00,0.00,0.00,0.00,45,-35,2029,261,296
diego_coppola,Brighton,DF,4.5,4,Coventry City,False,0,0,117,38,2026-09-13T13:00:00Z,0,5,False,0,0,0,0,0,0,0,0,0,0,0,0,0.0,0.0,0.0,0.0,0,0,0,0,0,0.00,0.00,0.00,0.00,45,-50,2061,180,230
igor julio_dos santos de paulo,Brighton,DF,4.5,1,Aston Villa,True,0,0,118,7,2026-08-23T13:00:00Z,4,0,False,0,0,0,0,0,0,0,0,0,0,0,0,0.0,0.0,0.0,0.0,0,0,0,0,0,0.00,0.00,0.00,0.00,45,0,7195,0,0
igor julio_dos santos de paulo,Brighton,DF,4.5,2,Chelsea,False,0,0,118,16,2026-08-30T13:00:00Z,4,3,False,0,0,0,0,0,0,0,0,0,0,0,0,0.0,0.0,0.0,0.0,0,0,0,0,0,0.00,0.00,0.00,0.00,45,-404,8240,471,875
igor julio_dos santos de paulo,Brighton,DF,4.5,3,Leeds,True,0,0,118,23,2026-09-05T14:00:00Z,1,1,False,0,0,0,0,0,0,0,0,0,0,0,0,0.0,0.0,0.0,0.0,0,0,0,0,0,0.00,0.00,0.00,0.00,45,-1451,7052,444,1895
igor julio_dos santos de paulo,Brighton,DF,4.5,4,Coventry City,False,0,0,118,38,2026-09-13T13:00:00Z,0,5,False,0,0,0,0,0,0,0,0,0,0,0,0,0.0,0.0,0.0,0.0,0,0,0,0,0,0.00,0.00,0.00,0.00,45,-1990,5099,0,1990
joão pedro_loureiro da costa,Brighton,DF,4.5,1,Aston Villa,True,26,1,119,7,2026-08-23T13:00:00Z,4,0,False,0,0,0,0,0,0,0,0,0,0,0,7,8.2,1.9,18.0,2.8,3,0,1,4,0,0.12,0.00,0.12,0.10,45,0,2148,0,0
joão pedro_loureiro da costa,Brighton,DF,4.5,2,Chelsea,False,10,0,119,16,2026-08-30T13:00:00Z,4,3,False,0,0,0,0,0,0,0,1,0,0,0,-1,0.0,0.3,0.0,0.0,0,0,0,0,0,0.00,0.00,0.00,0.04,45,59,3512,285,226
joão pedro_loureiro da costa,Brighton,DF,4.5,3,Leeds,True,12,1,119,23,2026-09-05T14:00:00Z,1,1,False,0,0,0,0,0,0,0,0,0,0,0,7,5.8,14.5,0.0,2.0,1,0,0,1,0,0.00,0.16,0.16,0.10,45,-72,3762,400,472
joão pedro_loureiro da costa,Brighton,DF,4.5,4,Coventry City,False,6,1,119,38,2026-09-13T13:00:00Z,0,5,False,0,0,0,0,0,0,0,0,0,0,0,3,1.2,0.3,0.0,0.2,1,1,0,1,0,0.00,0.00,0.00,0.04,45,-117,3722,204,321
michael_svoboda,Brighton,DF,5.0,1,Aston Villa,True,0,0,120,7,2026-08-23T13:00:00Z,4,0,False,0,0,0,0,0,0,0,0,0,0,0,0,0.0,0.0,0.0,0.0,0,0,0,0,0,0.00,0.00,0.00,0.00,50,0,3997,0,0
michael_svoboda,Brighton,DF,5.0,2,Chelsea,False,0,0,120,16,2026-08-30T13:00:00Z,4,3,False,0,0,0,0,0,0,0,0,0,0,0,0,0.0,0.0,0.0,0.0,0,0,0,0,0,0.00,0.00,0.00,0.00,50,84,5185,768,684
michael_svoboda,Brighton,DF,5.0,3,Leeds,True,0,0,120,23,2026-09-05T14:00:00Z,1,1,False,0,0,0,0,0,0,0,0,0,0,0,0,0.0,0.0,0.0,0.0,0,0,0,0,0,0.00,0.00,0.00,0.00,50,-124,5613,863,987
michael_svoboda,Brighton,DF,5.0,4,Coventry City,False,0,0,120,38,2026-09-13T13:00:00Z,0,5,False,0,0,0,0,0,0,0,0,0,0,0,0,0.0,0.0,0.0,0.0,0,0,0,0,0,0.00,0.00,0.00,0.00,50,4,5997,898,894
mitoma_kaoru,Brighton,MD,6.0,1,Aston Villa,True,0,0,121,7,2026-08-23T13:00:00Z,4,0,False,0,0,0,0,0,0,0,0,0,0,0,0,0.0,0.0,0.0,0.0,0,0,0,0,0,0.00,0.00,0.00,0.00,60,0,4360,0,0
mitoma_kaoru,Brighton,MD,6.0,2,Chelsea,False,0,0,121,16,2026-08-30T13:00:00Z,4,3,False,0,0,0,0,0,0,0,0,0,0,0,0,0.0,0.0,0.0,0.0,0,0,0,0,0,0.00,0.00,0.00,0.00,60,-1078,4114,159,1237
mitoma_kaoru,Brighton,MD,6.0,3,Leeds,True,0,0,121,23,2026-09-05T14:00:00Z,1,1,False,0,0,0,0,0,0,0,0,0,0,0,0,0.0,0.0,0.0,0.0,0,0,0,0,0,0.00,0.00,0.00,0.00,60,-821,3542,130,951
mitoma_kaoru,Brighton,MD,5.9,4,Coventry City,False,0,0,121,38,2026-09-13T13:00:00Z,0,5,False,0,0,0,0,0,0,0,0,0,0,0,0,0.0,0.0,0.0,0.0,0,0,0,0,0,0.00,0.00,0.00,0.00,59,-383,3299,74,457
yankuba_minteh,Brighton,MD,6.0,1,Aston Villa,True,0,0,122,7,2026-08-23T13:00:00Z,4,0,False,0,0,0,0,0,0,0,0,0,0,0,0,0.0,0.0,0.0,0.0,0,0,0,0,0,0.00,0.00,0.00,0.00,60,0,9337,0,0
yankuba_minteh,Brighton,MD,6.0,2,Chelsea,False,0,0,122,16,2026-08-30T13:00:00Z,4,3,False,0,0,0,0,0,0,0,0,0,0,0,0,0.0,0.0,0.0,0.0,0,0,0,0,0,0.00,0.00,0.00,0.00,60,-3381,6199,140,3521
yankuba_minteh,Brighton,MD,5.9,3,Leeds,True,0,0,122,23,2026-09-05T14:00:00Z,1,1,False,0,0,0,0,0,0,0,0,0,0,0,0,0.0,0.0,0.0,0.0,0,0,0,0,0,0.00,0.00,0.00,0.00,59,-1839,4472,87,1926
yankuba_minteh,Brighton,MD,5.9,4,Coventry City,False,0,0,122,38,2026-09-13T13:00:00Z,0,5,False,0,0,0,0,0,0,0,0,0,0,0,0,0.0,0.0,0.0,0.0,0,0,0,0,0,0.00,0.00,0.00,0.00,59,-716,3821,35,751
jack_hinshelwood,Brighton,MD,6.0,1,Aston Villa,True,63,16,123,7,2026-08-23T13:00:00Z,4,0,False,2,0,1,0,0,0,0,0,0,0,3,54,72.8,13.4,59.0,14.5,0,1,2,3,1,1.41,0.02,1.43,0.19,60,0,39219,0,0
jack_hinshelwood,Brighton,MD,6.0,2,Chelsea,False,0,0,123,16,2026-08-30T13:00:00Z,4,3,False,0,0,0,0,0,0,0,0,0,0,0,0,0.0,0.0,0.0,0.0,0,0,0,0,0,0.00,0.00,0.00,0.00,60,101743,230171,139828,38085
jack_hinshelwood,Brighton,MD,6.0,3,Leeds,True,0,0,123,23,2026-09-05T14:00:00Z,1,1,False,0,0,0,0,0,0,0,0,0,0,0,0,0.0,0.0,0.0,0.0,0,0,0,0,0,0.00,0.00,0.00,0.00,60,-92072,129183,6623,98695
jack_hinshelwood,Brighton,MD,6.0,4,Coventry City,False,0,0,123,38,2026-09-13T13:00:00Z,0,5,False,0,0,0,0,0,0,0,0,0,0,0,0,0.0,0.0,0.0,0.0,0,0,0,0,0,0.00,0.00,0.00,0.00,60,-44735,91458,1042,45777
pascal_groß,Brighton,MD,5.5,1,Aston Villa,True,90,2,124,7,2026-08-23T13:00:00Z,4,0,False,0,0,1,0,0,0,0,1,0,0,0,18,21.0,56.9,8.0,8.6,0,2,3,5,1,0.00,0.27,0.27,0.29,55,0,1308033,0,0
pascal_groß,Brighton,MD,5.5,2,Chelsea,False,90,13,124,16,2026-08-30T13:00:00Z,4,3,False,1,1,0,4,0,0,0,0,0,0,3,46,47.8,33.2,23.0,10.4,2,3,1,6,1,0.05,0.11,0.16,2.93,55,-81694,1268429,24179,105873
pascal_groß,Brighton,MD,5.5,3,Leeds,True,90,1,124,23,2026-09-05T14:00:00Z,1,1,False,0,0,0,1,0,0,0,1,0,0,0,-1,0.0,16.5,19.0,3.2,2,2,0,4,1,0.79,0.04,0.83,2.49,55,341111,1691790,448315,107204
pascal_groß,Brighton,MD,5.6,4,Coventry City,False,90,17,124,38,2026-09-13T13:00:00Z,0,5,False,1,2,1,0,0,0,0,0,0,0,3,56,83.8,79.1,18.0,18.1,2,2,2,6,1,0.82,0.19,1.01,1.33,56,72242,1745184,283590,211348
georginio_rutter,Brighton,FW,5.5,1,Aston Villa,True,90,5,125,7,2026-08-23T13:00:00Z,4,0,False,0,1,1,0,0,0,0,0,0,0,0,22,19.8,11.4,15.0,4.6,1,4,2,7,1,0.08,0.44,0.52,0.29,55,0,78765,0,0
georginio_rutter,Brighton,FW,5.5,2,Chelsea,False,0,0,125,16,2026-08-30T13:00:00Z,4,3,False,0,0,0,0,0,0,0,0,0,0,0,0,0.0,0.0,0.0,0.0,0,0,0,0,0,0.00,0.00,0.00,0.00,55,8880,98683,23887,15007
georginio_rutter,Brighton,FW,5.5,3,Leeds,True,0,0,125,23,2026-09-05T14:00:00Z,1,1,False,0,0,0,0,0,0,0,0,0,0,0,0,0.0,0.0,0.0,0.0,0,0,0,0,0,0.00,0.00,0.00,0.00,55,-21930,74079,4546,26476
georginio_rutter,Brighton,FW,5.4,4,Coventry City,False,0,0,125,38,2026-09-13T13:00:00Z,0,5,False,0,0,0,0,0,0,0,0,0,0,0,0,0.0,0.0,0.0,0.0,0,0,0,0,0,0.00,0.00,0.00,0.00,54,-17412,58474,1249,18661
matt_o'riley,Brighton,MD,5.5,1,Aston Villa,True,0,0,126,7,2026-08-23T13:00:00Z,4,0,False,0,0,0,0,0,0,0,0,0,0,0,0,0.0,0.0,0.0,0.0,0,0,0,0,0,0.00,0.00,0.00,0.00,55,0,8249,0,0
matt_o'riley,Brighton,MD,5.5,2,Chelsea,False,0,0,126,16,2026-08-30T13:00:00Z,4,3,False,0,0,0,0,0,0,0,0,0,0,0,0,0.0,0.0,0.0,0.0,0,0,0,0,0,0.00,0.00,0.00,0.00,55,-696,10143,656,1352
matt_o'riley,Brighton,MD,5.5,3,Leeds,True,0,0,126,23,2026-09-05T14:00:00Z,1,1,False,0,0,0,0,0,0,0,0,0,0,0,0,0.0,0.0,0.0,0.0,0,0,0,0,0,0.00,0.00,0.00,0.00,55,-909,10276,1040,1949
matt_o'riley,Brighton,MD,5.5,4,Coventry City,False,6,1,126,38,2026-09-13T13:00:00Z,0,5,False,0,0,0,0,0,0,0,0,0,0,0,4,2.2,10.5,0.0,1.3,0,1,0,1,0,0.00,0.01,0.01,0.04,55,-515,10605,901,1416
diego_gómez amarilla,Brighton,MD,5.0,1,Aston Villa,True,85,6,127,7,2026-08-23T13:00:00Z,4,0,False,0,1,1,0,0,0,0,0,0,0,0,27,33.0,25.1,41.0,9.9,2,1,3,6,1,0.18,0.48,0.66,0.29,50,0,355972,0,0
diego_gómez amarilla,Brighton,MD,5.0,2,Chelsea,False,90,5,127,16,2026-08-30T13:00:00Z,4,3,False,0,1,0,4,0,0,0,0,0,0,0,15,4.6,20.3,42.0,6.7,1,2,2,5,1,0.38,0.17,0.55,2.93,50,7080,380491,23952,16872
diego_gómez amarilla,Brighton,MD,5.0,3,Leeds,True,90,2,127,23,2026-09-05T14:00:00Z,1,1,False,0,0,0,1,0,0,0,0,0,0,0,13,15.2,26.4,30.0,7.2,2,4,3,9,1,0.09,0.05,0.14,2.49,50,117389,525464,177501,60112
diego_gómez amarilla,Brighton,MD,5.0,4,Coventry City,False,83,3,127,38,2026-09-13T13:00:00Z,0,5,False,0,0,1,0,0,0,0,0,0,0,0,6,2.4,9.0,9.0,2.0,1,2,0,3,1,0.14,0.06,0.20,1.30,50,5076,522783,107677,102601
facundo_buonanotte,Brighton,MD,5.0,1,Aston Villa,True,0,0,128,7,2026-08-23T13:00:00Z,4,0,False,0,0,0,0,0,0,0,0,0,0,0,0,0.0,0.0,0.0,0.0,0,0,0,0,0,0.00,0.00,0.00,0.00,50,0,528,0,0
facundo_buonanotte,Brighton,MD,5.0,2,Chelsea,False,0,0,128,16,2026-08-30T13:00:00Z,4,3,False,0,0,0,0,0,0,0,0,0,0,0,0,0.0,0.0,0.0,0.0,0,0,0,0,0,0.00,0.00,0.00,0.00,50,-173,346,0,173
facundo_buonanotte,Brighton,MD,5.0,3,Leeds,True,0,0,128,23,2026-09-05T14:00:00Z,1,1,False,0,0,0,0,0,0,0,0,0,0,0,0,0.0,0.0,0.0,0.0,0,0,0,0,0,0.00,0.00,0.00,0.00,50,-94,257,0,94
facundo_buonanotte,Brighton,MD,5.0,4,Coventry City,False,0,0,128,38,2026-09-13T13:00:00Z,0,5,False,0,0,0,0,0,0,0,0,0,0,0,0,0.0,0.0,0.0,0.0,0,0,0,0,0,0.00,0.00,0.00,0.00,50,-39,223,0,39
yasin_ayari,Brighton,MD,5.5,1,Aston Villa,True,63,2,129,7,2026-08-23T13:00:00Z,4,0,False,0,0,1,0,0,0,0,1,0,0,0,8,0.0,15.0,6.0,1.7,1,3,0,4,1,0.11,0.03,0.14,0.19,55,0,61091,0,0
yasin_ayari,Brighton,MD,5.5,2,Chelsea,False,0,0,129,16,2026-08-30T13:00:00Z,4,3,False,0,0,0,0,0,0,0,0,0,0,0,0,0.0,0.0,0.0,0.0,0,0,0,0,0,0.00,0.00,0.00,0.00,55,-4277,62632,3334,7611
yasin_ayari,Brighton,MD,5.4,3,Leeds,True,90,2,129,23,2026-09-05T14:00:00Z,1,1,False,0,0,0,1,0,0,0,0,0,0,0,18,11.4,14.8,18.0,4.4,1,2,0,3,1,0.17,0.04,0.21,2.49,54,-19892,42114,1443,21335
yasin_ayari,Brighton,MD,5.4,4,Coventry City,False,90,8,129,38,2026-09-13T13:00:00Z,0,5,False,1,0,1,0,0,0,0,0,0,0,0,38,39.0,6.8,27.0,7.3,0,6,1,7,1,0.31,0.03,0.34,1.33,54,-4206,39911,2011,6217
mats_wieffer,Brighton,DF,5.0,1,Aston Villa,True,77,7,130,7,2026-08-23T13:00:00Z,4,0,False,0,0,1,0,0,0,0,0,0,0,1,32,16.6,26.3,6.0,4.9,4,5,4,8,1,0.09,0.05,0.14,0.29,50,0,22925,0,0
mats_wieffer,Brighton,DF,5.0,2,Chelsea,False,79,0,130,16,2026-08-30T13:00:00Z,4,3,False,0,0,0,4,0,0,0,0,0,0,0,6,20.4,9.2,4.0,3.4,7,4,0,7,1,0.03,0.08,0.11,2.89,50,10371,43921,13428,3057
mats_wieffer,Brighton,DF,5.0,3,Leeds,True,0,0,130,23,2026-09-05T14:00:00Z,1,1,False,0,0,0,0,0,0,0,0,0,0,0,0,0.0,0.0,0.0,0.0,0,0,0,0,0,0.00,0.00,0.00,0.00,50,-473,46414,12362,12835
mats_wieffer,Brighton,DF,5.0,4,Coventry City,False,0,0,130,38,2026-09-13T13:00:00Z,0,5,False,0,0,0,0,0,0,0,0,0,0,0,0,0.0,0.0,0.0,0.0,0,0,0,0,0,0.00,0.00,0.00,0.00,50,-18513,26541,68,18581
harry_howell,Brighton,MD,4.5,1,Aston Villa,True,0,0,132,7,2026-08-23T13:00:00Z,4,0,False,0,0,0,0,0,0,0,0,0,0,0,0,0.0,0.0,0.0,0.0,0,0,0,0,0,0.00,0.00,0.00,0.00,45,0,6770,0,0
harry_howell,Brighton,MD,4.5,2,Chelsea,False,0,0,132,16,2026-08-30T13:00:00Z,4,3,False,0,0,0,0,0,0,0,0,0,0,0,0,0.0,0.0,0.0,0.0,0,0,0,0,0,0.00,0.00,0.00,0.00,45,-1532,5161,0,1532
harry_howell,Brighton,MD,4.5,3,Leeds,True,0,0,132,23,2026-09-05T14:00:00Z,1,1,False,0,0,0,0,0,0,0,0,0,0,0,0,0.0,0.0,0.0,0.0,0,0,0,0,0,0.00,0.00,0.00,0.00,45,-976,4183,0,976
harry_howell,Brighton,MD,4.5,4,Coventry City,False,0,0,132,38,2026-09-13T13:00:00Z,0,5,False,0,0,0,0,0,0,0,0,0,0,0,0,0.0,0.0,0.0,0.0,0,0,0,0,0,0.00,0.00,0.00,0.00,45,-575,3658,0,575
tom_watson,Brighton,MD,5.0,1,Aston Villa,True,0,0,133,7,2026-08-23T13:00:00Z,4,0,False,0,0,0,0,0,0,0,0,0,0,0,0,0.0,0.0,0.0,0.0,0,0,0,0,0,0.00,0.00,0.00,0.00,50,0,241,0,0
tom_watson,Brighton,MD,5.0,2,Chelsea,False,0,0,133,16,2026-08-30T13:00:00Z,4,3,False,0,0,0,0,0,0,0,0,0,0,0,0,0.0,0.0,0.0,0.0,0,0,0,0,0,0.00,0.00,0.00,0.00,50,-56,182,0,56
tom_watson,Brighton,MD,5.0,3,Leeds,True,0,0,133,23,2026-09-05T14:00:00Z,1,1,False,0,0,0,0,0,0,0,0,0,0,0,0,0.0,0.0,0.0,0.0,0,0,0,0,0,0.00,0.00,0.00,0.00,50,-46,139,0,46
tom_watson,Brighton,MD,5.0,4,Coventry City,False,0,0,133,38,2026-09-13T13:00:00Z,0,5,False,0,0,0,0,0,0,0,0,0,0,0,0,0.0,0.0,0.0,0.0,0,0,0,0,0,0.00,0.00,0.00,0.00,50,-19,122,0,19
nehemiah_oriola,Brighton,MD,4.5,1,Aston Villa,True,0,0,134,7,2026-08-23T13:00:00Z,4,0,False,0,0,0,0,0,0,0,0,0,0,0,0,0.0,0.0,0.0,0.0,0,0,0,0,0,0.00,0.00,0.00,0.00,45,0,24725,0,0
nehemiah_oriola,Brighton,MD,4.5,2,Chelsea,False,0,0,134,16,2026-08-30T13:00:00Z,4,3,False,0,0,0,0,0,0,0,0,0,0,0,0,0.0,0.0,0.0,0.0,0,0,0,0,0,0.00,0.00,0.00,0.00,45,-1072,27277,1708,2780
nehemiah_oriola,Brighton,MD,4.5,3,Leeds,True,0,0,134,23,2026-09-05T14:00:00Z,1,1,False,0,0,0,0,0,0,0,0,0,0,0,0,0.0,0.0,0.0,0.0,0,0,0,0,0,0.00,0.00,0.00,0.00,45,-147,29432,3612,3759
nehemiah_oriola,Brighton,MD,4.5,4,Coventry City,False,0,0,134,38,2026-09-13T13:00:00Z,0,5,False,0,0,0,0,0,0,0,0,0,0,0,0,0.0,0.0,0.0,0.0,0,0,0,0,0,0.00,0.00,0.00,0.00,45,-1093,28553,2194,3287
zadok_yohanna,Brighton,MD,5.0,1,Aston Villa,True,12,1,135,7,2026-08-23T13:00:00Z,4,0,False,0,0,0,0,0,0,0,0,0,0,0,3,0.2,1.3,0.0,0.2,0,0,0,0,0,0.00,0.03,0.03,0.00,50,0,6623,0,0
zadok_yohanna,Brighton,MD,5.0,2,Chelsea,False,0,0,135,16,2026-08-30T13:00:00Z,4,3,False,0,0,0,0,0,0,0,0,0,0,0,0,0.0,0.0,0.0,0.0,0,0,0,0,0,0.00,0.00,0.00,0.00,50,-506,6909,373,879
zadok_yohanna,Brighton,MD,5.0,3,Leeds,True,0,0,135,23,2026-09-05T14:00:00Z,1,1,False,0,0,0,0,0,0,0,0,0,0,0,0,0.0,0.0,0.0,0.0,0,0,0,0,0,0.00,0.00,0.00,0.00,50,-1062,6108,517,1579
zadok_yohanna,Brighton,MD,4.9,4,Coventry City,False,0,0,135,38,2026-09-13T13:00:00Z,0,5,False,0,0,0,0,0,0,0,0,0,0,0,0,0.0,0.0,0.0,0.0,0,0,0,0,0,0.00,0.00,0.00,0.00,49,-1135,5076,318,1453
stefanos_tzimas,Brighton,FW,5.5,1,Aston Villa,True,0,0,137,7,2026-08-23T13:00:00Z,4,0,False,0,0,0,0,0,0,0,0,0,0,0,0,0.0,0.0,0.0,0.0,0,0,0,0,0,0.00,0.00,0.00,0.00,55,0,879,0,0
stefanos_tzimas,Brighton,FW,5.5,2,Chelsea,False,0,0,137,16,2026-08-30T13:00:00Z,4,3,False,0,0,0,0,0,0,0,0,0,0,0,0,0.0,0.0,0.0,0.0,0,0,0,0,0,0.00,0.00,0.00,0.00,55,-168,839,84,252
stefanos_tzimas,Brighton,FW,5.5,3,Leeds,True,0,0,137,23,2026-09-05T14:00:00Z,1,1,False,0,0,0,0,0,0,0,0,0,0,0,0,0.0,0.0,0.0,0.0,0,0,0,0,0,0.00,0.00,0.00,0.00,55,-130,754,80,210
stefanos_tzimas,Brighton,FW,5.5,4,Coventry City,False,0,0,137,38,2026-09-13T13:00:00Z,0,5,False,0,0,0,0,0,0,0,0,0,0,0,0,0.0,0.0,0.0,0.0,0,0,0,0,0,0.00,0.00,0.00,0.00,55,-82,705,70,152
charalampos_kostoulas,Brighton,FW,5.5,1,Aston Villa,True,26,1,138,7,2026-08-23T13:00:00Z,4,0,False,0,0,0,0,0,0,0,0,0,0,0,-1,0.0,0.4,10.0,0.9,0,1,1,2,0,0.18,0.00,0.18,0.10,55,0,19339,0,0
charalampos_kostoulas,Brighton,FW,5.5,2,Chelsea,False,79,5,138,16,2026-08-30T13:00:00Z,4,3,False,0,1,0,4,0,0,0,0,0,0,0,17,5.0,15.1,17.0,3.7,0,6,0,6,1,0.17,0.02,0.19,2.89,55,-767,22097,1384,2151
charalampos_kostoulas,Brighton,FW,5.5,3,Leeds,True,90,2,138,23,2026-09-05T14:00:00Z,1,1,False,0,0,0,1,0,0,0,0,0,0,0,9,9.6,5.3,24.0,3.9,3,4,1,8,1,0.43,0.02,0.45,2.49,55,23615,52785,29733,6118
charalampos_kostoulas,Brighton,FW,5.5,4,Coventry City,False,83,10,138,38,2026-09-13T13:00:00Z,0,5,False,1,1,1,0,0,0,0,0,0,0,1,40,33.0,7.0,38.0,7.8,2,4,1,7,1,0.39,0.01,0.40,1.30,55,7254,59839,16416,9162
evan_ferguson,Brighton,FW,5.0,1,Aston Villa,True,0,0,139,7,2026-08-23T13:00:00Z,4,0,False,0,0,0,0,0,0,0,0,0,0,0,0,0.0,0.0,0.0,0.0,0,0,0,0,0,0.00,0.00,0.00,0.00,50,0,2877,0,0
evan_ferguson,Brighton,FW,5.0,2,Chelsea,False,0,0,139,16,2026-08-30T13:00:00Z,4,3,False,0,0,0,0,0,0,0,0,0,0,0,0,0.0,0.0,0.0,0.0,0,0,0,0,0,0.00,0.00,0.00,0.00,50,-305,3163,318,623
evan_ferguson,Brighton,FW,5.0,3,Leeds,True,0,0,139,23,2026-09-05T14:00:00Z,1,1,False,0,0,0,0,0,0,0,0,0,0,0,0,0.0,0.0,0.0,0.0,0,0,0,0,0,0.00,0.00,0.00,0.00,50,-173,3252,545,718
evan_ferguson,Brighton,FW,5.0,4,Coventry City,False,0,0,139,38,2026-09-13T13:00:00Z,0,5,False,0,0,0,0,0,0,0,0,0,0,0,0,0.0,0.0,0.0,0.0,0,0,0,0,0,0.00,0.00,0.00,0.00,50,-178,3222,346,524
pascal_struijk,Brighton,DF,5.0,1,Aston Villa,True,0,0,328,7,2026-08-23T13:00:00Z,4,0,False,0,0,0,0,0,0,0,0,0,0,0,0,0.0,0.0,0.0,0.0,0,0,0,0,0,0.00,0.00,0.00,0.00,50,0,19933,0,0
pascal_struijk,Brighton,DF,5.0,2,Chelsea,False,0,0,328,16,2026-08-30T13:00:00Z,4,3,False,0,0,0,0,0,0,0,0,0,0,0,0,0.0,0.0,0.0,0.0,0,0,0,0,0,0.00,0.00,0.00,0.00,50,-1138,22519,1416,2554
pascal_struijk,Brighton,DF,5.0,3,Leeds,True,1,1,328,23,2026-09-05T14:00:00Z,1,1,False,0,0,0,0,0,0,0,0,0,0,0,3,0.2,0.1,0.0,0.0,0,0,0,0,0,0.00,0.00,0.00,0.00,50,-2128,21218,1548,3676
pascal_struijk,Brighton,DF,5.0,4,Coventry City,False,12,1,328,38,2026-09-13T13:00:00Z,0,5,False,0,0,0,0,0,0,0,0,0,0,0,4,11.2,0.8,0.0,1.2,4,0,0,4,0,0.00,0.01,0.01,0.22,50,-1007,20832,1494,2501
luka_vušković,Brighton,DF,5.0,1,Aston Villa,True,90,6,504,7,2026-08-23T13:00:00Z,4,0,False,0,0,1,0,0,0,0,0,0,0,0,19,12.4,4.5,12.0,2.9,4,2,0,4,1,0.13,0.03,0.16,0.29,50,0,221596,0,0
luka_vušković,Brighton,DF,5.0,2,Chelsea,False,90,0,504,16,2026-08-30T13:00:00Z,4,3,False,0,0,0,4,0,0,0,0,0,0,0,-2,22.8,8.3,5.0,3.6,7,3,1,8,1,0.03,0.02,0.05,2.93,50,8839,250629,21186,12347
luka_vušković,Brighton,DF,5.0,3,Leeds,True,90,12,504,23,2026-09-05T14:00:00Z,1,1,False,1,0,0,1,0,0,0,0,0,0,2,27,56.2,1.8,40.0,9.8,8,4,2,10,1,0.19,0.01,0.20,2.49,50,-9735,244648,22843,32578
luka_vušković,Brighton,DF,5.0,4,Coventry City,False,77,6,504,38,2026-09-13T13:00:00Z,0,5,False,0,0,1,0,0,0,0,0,0,0,0,27,16.2,1.8,13.0,3.1,8,4,1,9,1,0.11,0.01,0.12,1.11,50,86436,369539,131383,44947
promise_david,Brighton,FW,6.0,1,Aston Villa,True,0,0,594,7,2026-08-23T13:00:00Z,4,0,False,0,0,0,0,0,0,0,0,0,0,0,0,0.0,0.0,0.0,0.0,0,0,0,0,0,0.00,0.00,0.00,0.00,60,0,20944,0,0
promise_david,Brighton,FW,6.0,2,Chelsea,False,10,1,594,16,2026-08-30T13:00:00Z,4,3,False,0,0,0,0,0,0,0,0,0,0,0,3,0.0,3.7,0.0,0.4,0,0,0,0,0,0.00,0.00,0.00,0.04,60,-1622,25435,2519,4141
promise_david,Brighton,FW,6.0,3,Leeds,True,13,0,594,23,2026-09-05T14:00:00Z,1,1,False,0,0,0,0,0,0,0,1,0,0,0,-7,0.0,0.0,4.0,0.0,0,0,0,0,0,0.42,0.00,0.42,0.10,60,-1278,25799,4444,5722
promise_david,Brighton,FW,6.0,4,Coventry City,False,0,0,594,38,2026-09-13T13:00:00Z,0,5,False,0,0,0,0,0,0,0,0,0,0,0,0,0.0,0.0,0.0,0.0,0,0,0,0,0,0.00,0.00,0.00,0.00,60,-2415,24399,2799,5214
ibrahim_osman,Brighton,MD,5.0,1,Aston Villa,True,12,1,600,7,2026-08-23T13:00:00Z,4,0,False,0,0,0,0,0,0,0,0,0,0,0,7,4.2,15.4,4.0,2.4,0,2,0,2,0,0.00,0.05,0.05,0.00,50,0,633,0,0
ibrahim_osman,Brighton,MD,5.0,2,Chelsea,False,16,1,600,16,2026-08-30T13:00:00Z,4,3,False,0,0,0,1,0,0,0,0,0,0,0,6,3.0,1.3,2.0,0.6,0,0,1,1,0,0.00,0.01,0.01,0.10,50,75,1521,218,143
ibrahim_osman,Brighton,MD,5.0,3,Leeds,True,0,0,600,23,2026-09-05T14:00:00Z,1,1,False,0,0,0,0,0,0,0,0,0,0,0,0,0.0,0.0,0.0,0.0,0,0,0,0,0,0.00,0.00,0.00,0.00,50,30,1841,312,282
ibrahim_osman,Brighton,MD,5.0,4,Coventry City,False,12,1,600,38,2026-09-13T13:00:00Z,0,5,False,0,0,0,0,0,0,0,0,0,0,0,2,0.0,1.1,13.0,1.2,0,1,0,1,0,0.05,0.01,0.06,0.22,50,-148,1793,153,301
malick_yalcouyé,Brighton,MD,4.5,1,Aston Villa,True,4,1,605,7,2026-08-23T13:00:00Z,4,0,False,0,0,0,0,0,0,0,0,0,0,0,3,0.6,2.7,0.0,0.3,0,0,0,0,0,0.00,0.01,0.01,0.00,45,0,0,0,0
malick_yalcouyé,Brighton,MD,4.5,2,Chelsea,False,73,8,605,16,2026-08-30T13:00:00Z,4,3,False,1,0,0,3,0,0,0,0,0,0,1,39,50.8,20.1,42.0,11.3,2,2,3,7,1,0.70,0.16,0.86,2.83,45,3387,9806,4339,952
malick_yalcouyé,Brighton,MD,4.5,3,Leeds,True,90,2,605,23,2026-09-05T14:00:00Z,1,1,False,0,0,0,1,0,0,0,0,0,0,0,16,8.2,24.4,20.0,5.3,2,3,0,5,1,0.05,0.09,0.14,2.49,45,174780,252653,208413,33633
malick_yalcouyé,Brighton,MD,4.5,4,Coventry City,False,64,8,605,38,2026-09-13T13:00:00Z,0,5,False,1,0,1,0,0,0,0,0,0,0,0,29,47.4,12.8,43.0,10.3,2,2,2,6,1,0.67,0.01,0.68,1.11,45,125140,374976,185444,60304
jaouen_hadjam,Brighton,DF,4.5,2,Chelsea,False,0,0,614,16,2026-08-30T13:00:00Z,4,3,False,0,0,0,0,0,0,0,0,0,0,0,0,0.0,0.0,0.0,0.0,0,0,0,0,0,0.00,0.00,0.00,0.00,45,952,1839,1006,54
jaouen_hadjam,Brighton,DF,4.5,3,Leeds,True,0,0,614,23,2026-09-05T14:00:00Z,1,1,False,0,0,0,0,0,0,0,0,0,0,0,0,0.0,0.0,0.0,0.0,0,0,0,0,0,0.00,0.00,0.00,0.00,45,1310,4150,1795,485
jaouen_hadjam,Brighton,DF,4.5,4,Coventry City,False,0,0,614,38,2026-09-13T13:00:00Z,0,5,False,0,0,0,0,0,0,0,0,0,0,0,0,0.0,0.0,0.0,0.0,0,0,0,0,0,0.00,0.00,0.00,0.00,45,-135,4155,425,560
amario_cozier-duberry,Brighton,MD,5.0,2,Chelsea,False,0,0,624,16,2026-08-30T13:00:00Z,4,3,False,0,0,0,0,0,0,0,0,0,0,0,0,0.0,0.0,0.0,0.0,0,0,0,0,0,0.00,0.00,0.00,0.00,50,0,0,0,0
amario_cozier-duberry,Brighton,MD,5.0,3,Leeds,True,0,0,624,23,2026-09-05T14:00:00Z,1,1,False,0,0,0,0,0,0,0,0,0,0,0,0,0.0,0.0,0.0,0.0,0,0,0,0,0,0.00,0.00,0.00,0.00,50,61,111,117,56
amario_cozier-duberry,Brighton,MD,5.0,4,Coventry City,False,0,0,624,38,2026-09-13T13:00:00Z,0,5,False,0,0,0,0,0,0,0,0,0,0,0,0,0.0,0.0,0.0,0.0,0,0,0,0,0,0.00,0.00,0.00,0.00,50,-40,61,0,40
josé maría_andrés baixauli,Brighton,MD,5.5,3,Leeds,True,0,0,639,23,2026-09-05T14:00:00Z,1,1,False,0,0,0,0,0,0,0,0,0,0,0,0,0.0,0.0,0.0,0.0,0,0,0,0,0,0.00,0.00,0.00,0.00,55,219,345,261,42
josé maría_andrés baixauli,Brighton,MD,5.5,4,Coventry City,False,25,4,639,38,2026-09-13T13:00:00Z,0,5,False,0,1,0,0,0,0,0,0,0,0,0,10,18.8,13.1,2.0,3.4,2,1,1,4,0,0.24,0.01,0.25,0.22,55,318,812,513,195
femi_azeez,Brighton,MD,5.5,3,Leeds,True,0,0,652,23,2026-09-05T14:00:00Z,1,1,False,0,0,0,0,0,0,0,0,0,0,0,0,0.0,0.0,0.0,0.0,0,0,0,0,0,0.00,0.00,0.00,0.00,55,214,256,248,34
femi_azeez,Brighton,MD,5.5,4,Coventry City,False,0,0,652,38,2026-09-13T13:00:00Z,0,5,False,0,0,0,0,0,0,0,0,0,0,0,0,0.0,0.0,0.0,0.0,0,0,0,0,0,0.00,0.00,0.00,0.00,55,62,315,121,59
younes_ibrahim,Brighton,MD,4.5,4,Coventry City,False,0,0,658,38,2026-09-13T13:00:00Z,0,5,False,0,0,0,0,0,0,0,0,0,0,0,0,0.0,0.0,0.0,0.0,0,0,0,0,0,0.00,0.00,0.00,0.00,45,0,0,0,0
emiliano_martínez romero,Chelsea,GK,5.0,1,Brighton,False,0,0,28,7,2026-08-23T13:00:00Z,4,0,False,0,0,0,0,0,0,0,0,0,0,0,0,0.0,0.0,0.0,0.0,0,0,0,0,0,0.00,0.00,0.00,0.00,50,0,388040,0,0
emiliano_martínez romero,Chelsea,GK,5.0,2,Brighton,True,90,2,28,16,2026-08-30T13:00:00Z,4,3,False,0,0,0,3,0,0,0,0,0,4,0,18,36.2,20.0,0.0,5.6,1,13,0,0,1,0.00,0.01,0.01,1.41,50,-42289,419555,14876,8115
emiliano_martínez romero,Chelsea,GK,5.0,3,Arsenal,False,90,3,28,29,2026-09-06T15:30:00Z,2,1,False,0,0,0,2,0,0,0,0,0,8,0,26,63.2,0.0,0.0,6.3,0,8,0,0,1,0.00,0.00,0.00,2.05,50,13115,459337,68378,55263
emiliano_martínez romero,Chelsea,GK,5.0,4,Hull City,True,90,2,28,33,2026-09-12T14:00:00Z,2,2,False,0,0,0,2,0,0,0,0,0,3,0,10,19.6,0.0,0.0,2.0,0,10,0,0,1,0.00,0.00,0.00,1.38,50,68402,564431,119022,50620
morgan_rogers,Chelsea,MD,7.5,1,Fulham,False,81,8,40,10,2026-08-24T19:00:00Z,2,3,False,1,0,0,2,0,0,0,0,0,0,1,37,48.8,53.5,29.0,13.1,0,5,2,7,1,0.96,0.10,1.06,1.24,75,0,2178086,0,0
morgan_rogers,Chelsea,MD,7.5,2,Brighton,True,90,5,40,16,2026-08-30T13:00:00Z,4,3,False,0,1,0,3,0,0,0,0,0,0,0,28,26.8,46.5,23.0,9.6,1,3,1,5,1,0.14,1.01,1.15,1.41,75,180102,2607781,251851,71749
morgan_rogers,Chelsea,MD,7.5,3,Arsenal,False,86,6,40,29,2026-09-06T15:30:00Z,2,1,False,1,0,0,2,0,0,0,1,0,0,0,22,30.2,13.6,16.0,6.0,0,5,0,5,1,0.08,0.03,0.11,2.05,75,-110434,2472597,211550,321984
morgan_rogers,Chelsea,MD,7.6,4,Hull City,True,90,8,40,33,2026-09-12T14:00:00Z,2,2,False,1,0,0,2,0,0,0,0,0,0,1,31,43.2,5.9,42.0,9.1,0,4,2,6,1,0.21,0.02,0.23,1.38,76,1039938,3834585,1168508,128570
jordan_henderson,Chelsea,MD,5.0,1,Fulham,False,0,0,101,10,2026-08-24T19:00:00Z,2,3,False,0,0,0,0,0,0,0,0,0,0,0,0,0.0,0.0,0.0,0.0,0,0,0,0,0,0.00,0.00,0.00,0.00,50,0,3629,0,0
jordan_henderson,Chelsea,MD,5.0,2,Brighton,True,0,0,101,16,2026-08-30T13:00:00Z,4,3,False,0,0,0,0,0,0,0,0,0,0,0,0,0.0,0.0,0.0,0.0,0,0,0,0,0,0.00,0.00,0.00,0.00,50,-477,3715,214,691
jordan_henderson,Chelsea,MD,5.0,3,Arsenal,False,0,0,101,29,2026-09-06T15:30:00Z,2,1,False,0,0,0,0,0,0,0,0,0,0,0,0,0.0,0.0,0.0,0.0,0,0,0,0,0,0.00,0.00,0.00,0.00,50,-557,3322,209,766
jordan_henderson,Chelsea,MD,4.9,4,Hull City,True,0,0,101,33,2026-09-12T14:00:00Z,2,2,False,0,0,0,0,0,0,0,0,0,0,0,0,0.0,0.0,0.0,0.0,0,0,0,0,0,0.00,0.00,0.00,0.00,49,-444,3001,145,589
danny_welbeck,Chelsea,FW,6.0,1,Fulham,False,0,0,136,10,2026-08-24T19:00:00Z,2,3,False,0,0,0,0,0,0,0,0,0,0,0,0,0.0,0.0,0.0,0.0,0,0,0,0,0,0.00,0.00,0.00,0.00,60,0,112037,0,0
danny_welbeck,Chelsea,FW,6.0,2,Brighton,True,0,0,136,16,2026-08-30T13:00:00Z,4,3,False,0,0,0,0,0,0,0,0,0,0,0,0,0.0,0.0,0.0,0.0,0,0,0,0,0,0.00,0.00,0.00,0.00,60,-19289,96753,3136,22425
danny_welbeck,Chelsea,FW,5.9,3,Arsenal,False,3,1,136,29,2026-09-06T15:30:00Z,2,1,False,0,0,0,0,0,0,0,0,0,0,0,3,0.0,0.3,2.0,0.2,0,0,0,0,0,0.00,0.00,0.00,0.00,59,-16503,84671,7873,24376
danny_welbeck,Chelsea,FW,5.9,4,Hull City,True,12,1,136,33,2026-09-12T14:00:00Z,2,2,False,0,0,0,0,0,0,0,0,0,0,0,4,7.2,10.6,4.0,2.2,1,0,0,1,0,0.00,0.06,0.06,0.54,59,-5112,82997,8018,13130
robert_lynch sánchez,Chelsea,GK,5.0,1,Fulham,False,90,2,140,10,2026-08-24T19:00:00Z,2,3,False,0,0,0,2,0,0,0,0,0,4,0,6,21.4,0.0,0.0,2.1,1,5,0,0,1,0.00,0.01,0.01,1.33,50,0,207899,0,0
robert_lynch sánchez,Chelsea,GK,5.0,2,Brighton,True,0,0,140,16,2026-08-30T13:00:00Z,4,3,False,0,0,0,0,0,0,0,0,0,0,0,0,0.0,0.0,0.0,0.0,0,0,0,0,0,0.00,0.00,0.00,0.00,50,-18267,217448,8924,27191
robert_lynch sánchez,Chelsea,GK,4.9,3,Arsenal,False,0,0,140,29,2026-09-06T15:30:00Z,2,1,False,0,0,0,0,0,0,0,0,0,0,0,0,0.0,0.0,0.0,0.0,0,0,0,0,0,0.00,0.00,0.00,0.00,49,-82439,130954,1923,84362
robert_lynch sánchez,Chelsea,GK,4.9,4,Hull City,True,0,0,140,33,2026-09-12T14:00:00Z,2,2,False,0,0,0,0,0,0,0,0,0,0,0,0,0.0,0.0,0.0,0.0,0,0,0,0,0,0.00,0.00,0.00,0.00,49,-44507,93763,0,44507
filip_jörgensen,Chelsea,GK,5.0,1,Fulham,False,0,0,141,10,2026-08-24T19:00:00Z,2,3,False,0,0,0,0,0,0,0,0,0,0,0,0,0.0,0.0,0.0,0.0,0,0,0,0,0,0.00,0.00,0.00,0.00,50,0,1796,0,0
filip_jörgensen,Chelsea,GK,5.0,2,Brighton,True,0,0,141,16,2026-08-30T13:00:00Z,4,3,False,0,0,0,0,0,0,0,0,0,0,0,0,0.0,0.0,0.0,0.0,0,0,0,0,0,0.00,0.00,0.00,0.00,50,-501,1280,0,501
filip_jörgensen,Chelsea,GK,5.0,3,Arsenal,False,0,0,141,29,2026-09-06T15:30:00Z,2,1,False,0,0,0,0,0,0,0,0,0,0,0,0,0.0,0.0,0.0,0.0,0,0,0,0,0,0.00,0.00,0.00,0.00,50,-270,1022,0,270
filip_jörgensen,Chelsea,GK,5.0,4,Hull City,True,0,0,141,33,2026-09-12T14:00:00Z,2,2,False,0,0,0,0,0,0,0,0,0,0,0,0,0.0,0.0,0.0,0.0,0,0,0,0,0,0.00,0.00,0.00,0.00,50,-95,933,0,95
reece_james,Chelsea,DF,5.5,1,Fulham,False,90,0,142,10,2026-08-24T19:00:00Z,2,3,False,0,0,0,2,0,0,0,1,0,0,0,5,23.4,16.8,19.0,5.9,6,4,0,6,1,0.10,0.07,0.17,1.33,55,0,879361,0,0
reece_james,Chelsea,DF,5.5,2,Brighton,True,22,1,142,16,2026-08-30T13:00:00Z,4,3,False,0,0,0,1,0,0,0,0,0,0,0,-1,0.4,0.4,2.0,0.3,0,1,0,0,0,0.00,0.00,0.00,0.14,55,-18793,987947,62525,81318
reece_james,Chelsea,DF,5.5,3,Arsenal,False,90,1,142,29,2026-09-06T15:30:00Z,2,1,False,0,0,0,2,0,0,0,0,0,0,0,9,12.6,15.0,13.0,4.1,3,6,0,3,1,0.07,0.05,0.12,2.05,55,-184123,810910,27039,211162
reece_james,Chelsea,DF,5.4,4,Hull City,True,90,1,142,33,2026-09-12T14:00:00Z,2,2,False,0,0,0,2,0,0,0,0,0,0,0,11,19.8,10.4,15.0,4.5,2,4,2,4,1,0.16,0.14,0.30,1.38,54,-30934,828525,60443,91377
trevoh_chalobah,Chelsea,DF,5.5,1,Fulham,False,0,0,143,10,2026-08-24T19:00:00Z,2,3,False,0,0,0,0,0,0,0,0,0,0,0,0,0.0,0.0,0.0,0.0,0,0,0,0,0,0.00,0.00,0.00,0.00,55,0,21121,0,0
trevoh_chalobah,Chelsea,DF,5.5,2,Brighton,True,0,0,143,16,2026-08-30T13:00:00Z,4,3,False,0,0,0,0,0,0,0,0,0,0,0,0,0.0,0.0,0.0,0.0,0,0,0,0,0,0.00,0.00,0.00,0.00,55,-8058,12877,0,8058
trevoh_chalobah,Chelsea,DF,5.5,3,Arsenal,False,0,0,143,29,2026-09-06T15:30:00Z,2,1,False,0,0,0,0,0,0,0,0,0,0,0,0,0.0,0.0,0.0,0.0,0,0,0,0,0,0.00,0.00,0.00,0.00,55,-3529,9527,0,3529
trevoh_chalobah,Chelsea,DF,5.5,4,Hull City,True,0,0,143,33,2026-09-12T14:00:00Z,2,2,False,0,0,0,0,0,0,0,0,0,0,0,0,0.0,0.0,0.0,0.0,0,0,0,0,0,0.00,0.00,0.00,0.00,55,-1338,8308,0,1338
malo_gusto,Chelsea,DF,5.0,1,Fulham,False,75,1,144,10,2026-08-24T19:00:00Z,2,3,False,0,0,0,2,0,0,0,0,0,0,0,2,7.2,9.8,6.0,2.3,2,4,1,3,1,0.00,0.03,0.03,1.11,50,0,98423,0,0
malo_gusto,Chelsea,DF,5.0,2,Brighton,True,90,1,144,16,2026-08-30T13:00:00Z,4,3,False,0,0,0,3,0,0,0,0,0,0,0,-1,7.8,0.7,0.0,0.9,4,3,1,5,1,0.00,0.01,0.01,1.41,50,2378,122291,13325,10947
malo_gusto,Chelsea,DF,5.0,3,Arsenal,False,30,1,144,29,2026-09-06T15:30:00Z,2,1,False,0,0,0,0,0,0,0,0,0,0,0,4,3.0,3.4,1.0,0.7,0,2,2,2,0,0.04,0.01,0.05,0.14,50,-11595,116347,9926,21521
malo_gusto,Chelsea,DF,5.0,4,Hull City,True,77,1,144,33,2026-09-12T14:00:00Z,2,2,False,0,0,0,2,0,0,0,0,0,0,0,7,14.0,23.3,6.0,4.3,5,4,0,5,1,0.04,0.07,0.11,0.84,50,-6655,114930,7469,14124
wesley_fofana,Chelsea,DF,5.0,1,Fulham,False,0,0,145,10,2026-08-24T19:00:00Z,2,3,False,0,0,0,0,0,0,0,0,0,0,0,0,0.0,0.0,0.0,0.0,0,0,0,0,0,0.00,0.00,0.00,0.00,50,0,1057,0,0
wesley_fofana,Chelsea,DF,5.0,2,Brighton,True,67,0,145,16,2026-08-30T13:00:00Z,4,3,False,0,0,0,2,0,0,0,1,0,0,0,-2,19.4,0.9,0.0,2.0,9,0,0,9,1,0.00,0.01,0.01,1.26,50,552,3489,813,261
wesley_fofana,Chelsea,DF,5.0,3,Arsenal,False,90,3,145,29,2026-09-06T15:30:00Z,2,1,False,0,0,0,2,0,0,0,0,0,0,0,16,39.8,22.8,0.0,6.3,14,3,3,17,1,0.00,0.04,0.04,2.05,50,1351,7346,2579,1228
wesley_fofana,Chelsea,DF,5.0,4,Hull City,True,85,1,145,33,2026-09-12T14:00:00Z,2,2,False,0,0,0,2,0,0,0,0,0,0,0,10,18.4,4.7,4.0,2.7,4,4,2,6,1,0.00,0.03,0.03,0.89,50,7374,18473,9377,2003
benoît_badiashile mukinayi,Chelsea,DF,4.5,1,Fulham,False,0,0,146,10,2026-08-24T19:00:00Z,2,3,False,0,0,0,0,0,0,0,0,0,0,0,0,0.0,0.0,0.0,0.0,0,0,0,0,0,0.00,0.00,0.00,0.00,45,0,2313,0,0
benoît_badiashile mukinayi,Chelsea,DF,4.5,2,Brighton,True,0,0,146,16,2026-08-30T13:00:00Z,4,3,False,0,0,0,0,0,0,0,0,0,0,0,0,0.0,0.0,0.0,0.0,0,0,0,0,0,0.00,0.00,0.00,0.00,45,-568,2126,232,800
benoît_badiashile mukinayi,Chelsea,DF,4.5,3,Arsenal,False,0,0,146,29,2026-09-06T15:30:00Z,2,1,False,0,0,0,0,0,0,0,0,0,0,0,0,0.0,0.0,0.0,0.0,0,0,0,0,0,0.00,0.00,0.00,0.00,45,-719,1405,0,719
benoît_badiashile mukinayi,Chelsea,DF,4.5,4,Hull City,True,0,0,146,33,2026-09-12T14:00:00Z,2,2,False,0,0,0,0,0,0,0,0,0,0,0,0,0.0,0.0,0.0,0.0,0,0,0,0,0,0.00,0.00,0.00,0.00,45,-250,1183,0,250
jorrel_hato,Chelsea,DF,4.5,1,Fulham,False,64,1,148,10,2026-08-24T19:00:00Z,2,3,False,0,0,0,2,0,0,0,0,0,0,0,5,8.4,12.3,11.0,3.2,1,2,2,3,1,0.01,0.03,0.04,1.05,45,0,40724,0,0
jorrel_hato,Chelsea,DF,4.5,2,Brighton,True,90,4,148,16,2026-08-30T13:00:00Z,4,3,False,0,1,0,3,0,0,0,0,0,0,0,12,30.0,20.7,0.0,5.1,4,3,2,6,1,0.00,0.06,0.06,1.41,45,-126,47286,4358,4484
jorrel_hato,Chelsea,DF,4.5,3,Arsenal,False,59,3,148,29,2026-09-06T15:30:00Z,2,1,False,0,1,0,2,0,0,0,0,0,0,0,5,34.8,11.2,2.0,4.8,4,2,2,6,1,0.00,0.02,0.02,1.91,45,12089,65104,22516,10427
jorrel_hato,Chelsea,DF,4.5,4,Hull City,True,45,0,148,33,2026-09-12T14:00:00Z,2,2,False,0,0,0,2,0,0,0,0,0,0,0,-8,3.8,2.9,2.0,0.9,2,2,1,3,1,0.00,0.10,0.10,0.44,45,42963,115190,58654,15691
levi_samuels colwill,Chelsea,DF,5.0,1,Fulham,False,90,0,149,10,2026-08-24T19:00:00Z,2,3,False,0,0,0,2,0,0,0,1,0,0,0,6,6.0,1.6,7.0,1.5,2,3,2,4,1,0.01,0.03,0.04,1.33,50,0,142918,0,0
levi_samuels colwill,Chelsea,DF,5.0,2,Brighton,True,71,1,149,16,2026-08-30T13:00:00Z,4,3,False,0,0,0,2,0,0,0,0,0,0,0,2,13.2,0.4,0.0,1.4,8,2,1,9,1,0.00,0.00,0.00,1.31,50,-7208,150119,10571,17779
levi_samuels colwill,Chelsea,DF,5.0,3,Arsenal,False,0,0,149,29,2026-09-06T15:30:00Z,2,1,False,0,0,0,0,0,0,0,0,0,0,0,0,0.0,0.0,0.0,0.0,0,0,0,0,0,0.00,0.00,0.00,0.00,50,-25878,124492,7720,33598
levi_samuels colwill,Chelsea,DF,4.9,4,Hull City,True,90,1,149,33,2026-09-12T14:00:00Z,2,2,False,0,0,0,2,0,0,0,0,0,0,0,8,26.8,12.2,4.0,4.3,6,6,0,6,1,0.00,0.01,0.01,1.38,49,-17331,112667,5362,22693
mamadou_sarr,Chelsea,DF,4.5,1,Fulham,False,0,0,150,10,2026-08-24T19:00:00Z,2,3,False,0,0,0,0,0,0,0,0,0,0,0,0,0.0,0.0,0.0,0.0,0,0,0,0,0,0.00,0.00,0.00,0.00,45,0,6689,0,0
mamadou_sarr,Chelsea,DF,4.5,2,Brighton,True,0,0,150,16,2026-08-30T13:00:00Z,4,3,False,0,0,0,0,0,0,0,0,0,0,0,0,0.0,0.0,0.0,0.0,0,0,0,0,0,0.00,0.00,0.00,0.00,45,-544,7741,405,949
mamadou_sarr,Chelsea,DF,4.5,3,Arsenal,False,0,0,150,29,2026-09-06T15:30:00Z,2,1,False,0,0,0,0,0,0,0,0,0,0,0,0,0.0,0.0,0.0,0.0,0,0,0,0,0,0.00,0.00,0.00,0.00,45,-3325,4381,24,3349
mamadou_sarr,Chelsea,DF,4.5,4,Hull City,True,0,0,150,33,2026-09-12T14:00:00Z,2,2,False,0,0,0,0,0,0,0,0,0,0,0,0,0.0,0.0,0.0,0.0,0,0,0,0,0,0.00,0.00,0.00,0.00,45,-1063,3449,0,1063
josh_acheampong,Chelsea,DF,4.5,1,Fulham,False,90,3,151,10,2026-08-24T19:00:00Z,2,3,False,0,0,0,2,0,0,0,0,0,0,0,13,33.2,2.2,2.0,3.7,10,6,5,15,1,0.00,0.01,0.01,1.33,45,0,24066,0,0
josh_acheampong,Chelsea,DF,4.5,2,Brighton,True,22,1,151,16,2026-08-30T13:00:00Z,4,3,False,0,0,0,1,0,0,0,0,0,0,0,-1,6.2,0.1,0.0,0.6,2,0,1,3,0,0.00,0.00,0.00,0.14,45,4931,37116,8065,3134
josh_acheampong,Chelsea,DF,4.5,3,Arsenal,False,90,1,151,29,2026-09-06T15:30:00Z,2,1,False,0,0,0,2,0,0,0,0,0,0,0,-3,2.2,1.8,4.0,0.8,1,1,0,1,1,0.00,0.01,0.01,2.05,45,-1989,38207,4792,6781
josh_acheampong,Chelsea,DF,4.5,4,Hull City,True,0,0,151,33,2026-09-12T14:00:00Z,2,2,False,0,0,0,0,0,0,0,0,0,0,0,0,0.0,0.0,0.0,0.0,0,0,0,0,0,0.00,0.00,0.00,0.00,45,1716,42181,6326,4610
marco_palestra,Chelsea,DF,5.5,1,Fulham,False,0,0,152,10,2026-08-24T19:00:00Z,2,3,False,0,0,0,0,0,0,0,0,0,0,0,0,0.0,0.0,0.0,0.0,0,0,0,0,0,0.00,0.00,0.00,0.00,55,0,263643,0,0
marco_palestra,Chelsea,DF,5.5,2,Brighton,True,0,0,152,16,2026-08-30T13:00:00Z,4,3,False,0,0,0,0,0,0,0,0,0,0,0,0,0.0,0.0,0.0,0.0,0,0,0,0,0,0.00,0.00,0.00,0.00,55,-64977,209865,4960,69937
marco_palestra,Chelsea,DF,5.4,3,Arsenal,False,0,0,152,29,2026-09-06T15:30:00Z,2,1,False,0,0,0,0,0,0,0,0,0,0,0,0,0.0,0.0,0.0,0.0,0,0,0,0,0,0.00,0.00,0.00,0.00,54,-79182,121873,821,80003
marco_palestra,Chelsea,DF,5.4,4,Hull City,True,0,0,152,33,2026-09-12T14:00:00Z,2,2,False,0,0,0,0,0,0,0,0,0,0,0,0,0.0,0.0,0.0,0.0,0,0,0,0,0,0.00,0.00,0.00,0.00,54,-45257,87915,419,45676
cole_palmer,Chelsea,MD,9.5,1,Fulham,False,82,13,154,10,2026-08-24T19:00:00Z,2,3,False,1,1,0,2,0,0,0,0,0,0,3,60,65.2,41.3,54.0,16.1,0,7,2,9,1,0.28,0.19,0.47,1.24,95,0,919516,0,0
cole_palmer,Chelsea,MD,9.5,2,Brighton,True,90,7,154,16,2026-08-30T13:00:00Z,4,3,False,1,0,0,3,0,0,0,0,0,0,0,28,40.8,25.3,26.0,9.2,2,4,2,8,1,0.66,0.13,0.79,1.41,95,344912,1644351,376872,31960
cole_palmer,Chelsea,MD,9.6,3,Arsenal,False,90,1,154,29,2026-09-06T15:30:00Z,2,1,False,0,0,0,2,0,0,0,1,0,0,0,11,7.0,15.8,32.0,5.5,0,3,0,3,1,0.11,0.04,0.15,2.05,96,195102,1912956,387902,192800
cole_palmer,Chelsea,MD,9.7,4,Hull City,True,90,5,154,33,2026-09-12T14:00:00Z,2,2,False,0,1,0,2,0,0,0,0,0,0,0,28,18.6,37.6,12.0,6.8,0,3,0,3,1,0.13,0.25,0.38,1.38,97,842103,3081598,946062,103959
pedro_lomba neto,Chelsea,MD,6.5,1,Fulham,False,14,1,156,10,2026-08-24T19:00:00Z,2,3,False,0,0,0,0,0,0,0,0,0,0,0,9,5.2,4.1,4.0,1.3,0,3,1,4,0,0.03,0.07,0.10,0.22,65,0,116795,0,0
pedro_lomba neto,Chelsea,MD,6.5,2,Brighton,True,67,7,156,16,2026-08-30T13:00:00Z,4,3,False,1,0,0,2,0,0,0,0,0,0,0,32,45.2,25.6,38.0,10.9,3,1,0,4,1,0.41,0.33,0.74,1.26,65,-17727,117566,5635,23362
pedro_lomba neto,Chelsea,MD,6.5,3,Arsenal,False,80,2,156,29,2026-09-06T15:30:00Z,2,1,False,0,0,0,2,0,0,0,0,0,0,0,10,6.2,23.8,14.0,4.4,2,4,1,7,1,0.03,0.03,0.06,2.05,65,2299,130367,21878,19579
pedro_lomba neto,Chelsea,MD,6.5,4,Hull City,True,85,2,156,33,2026-09-12T14:00:00Z,2,2,False,0,0,0,2,0,0,0,0,0,0,0,17,15.8,31.3,27.0,7.4,3,3,1,7,1,0.05,0.10,0.15,0.89,65,17123,156595,33627,16504
estêvão_almeida de oliveira gonçalves,Chelsea,MD,6.5,1,Fulham,False,7,1,157,10,2026-08-24T19:00:00Z,2,3,False,0,0,0,0,0,0,0,0,0,0,0,3,0.2,0.4,0.0,0.1,0,1,0,1,0,0.00,0.00,0.00,0.09,65,0,109575,0,0
estêvão_almeida de oliveira gonçalves,Chelsea,MD,6.5,2,Brighton,True,0,0,157,16,2026-08-30T13:00:00Z,4,3,False,0,0,0,0,0,0,0,0,0,0,0,0,0.0,0.0,0.0,0.0,0,0,0,0,0,0.00,0.00,0.00,0.00,65,-18220,111448,5564,23784
estêvão_almeida de oliveira gonçalves,Chelsea,MD,6.4,3,Arsenal,False,9,1,157,29,2026-09-06T15:30:00Z,2,1,False,0,0,0,0,0,0,0,0,0,0,0,5,3.2,0.4,17.0,2.1,0,0,0,0,0,0.04,0.00,0.04,0.00,64,-31266,84845,3486,34752
estêvão_almeida de oliveira gonçalves,Chelsea,MD,6.4,4,Hull City,True,4,1,157,33,2026-09-12T14:00:00Z,2,2,False,0,0,0,0,0,0,0,0,0,0,0,6,5.0,0.5,21.0,2.7,0,0,1,1,0,0.03,0.07,0.10,0.49,64,-10183,79584,3867,14050
jamie_bynoe-gittens,Chelsea,MD,6.0,1,Fulham,False,0,0,158,10,2026-08-24T19:00:00Z,2,3,False,0,0,0,0,0,0,0,0,0,0,0,0,0.0,0.0,0.0,0.0,0,0,0,0,0,0.00,0.00,0.00,0.00,60,0,3231,0,0
jamie_bynoe-gittens,Chelsea,MD,6.0,2,Brighton,True,0,0,158,16,2026-08-30T13:00:00Z,4,3,False,0,0,0,0,0,0,0,0,0,0,0,0,0.0,0.0,0.0,0.0,0,0,0,0,0,0.00,0.00,0.00,0.00,60,-502,3391,271,773
jamie_bynoe-gittens,Chelsea,MD,5.9,3,Arsenal,False,0,0,158,29,2026-09-06T15:30:00Z,2,1,False,0,0,0,0,0,0,0,0,0,0,0,0,0.0,0.0,0.0,0.0,0,0,0,0,0,0.00,0.00,0.00,0.00,59,-715,2954,260,975
jamie_bynoe-gittens,Chelsea,MD,5.9,4,Hull City,True,0,0,158,33,2026-09-12T14:00:00Z,2,2,False,0,0,0,0,0,0,0,0,0,0,0,0,0.0,0.0,0.0,0.0,0,0,0,0,0,0.00,0.00,0.00,0.00,59,-225,2962,250,475
moisés_caicedo corozo,Chelsea,MD,5.5,1,Fulham,False,0,0,159,10,2026-08-24T19:00:00Z,2,3,False,0,0,0,0,0,0,0,0,0,0,0,0,0.0,0.0,0.0,0.0,0,0,0,0,0,0.00,0.00,0.00,0.00,55,0,347122,0,0
moisés_caicedo corozo,Chelsea,MD,5.5,2,Brighton,True,13,1,159,16,2026-08-30T13:00:00Z,4,3,False,0,0,0,0,0,0,0,0,0,0,0,3,0.0,0.1,0.0,0.0,0,0,0,0,0,0.00,0.00,0.00,0.07,55,-88842,282404,9481,98323
moisés_caicedo corozo,Chelsea,MD,5.4,3,Arsenal,False,0,0,159,29,2026-09-06T15:30:00Z,2,1,False,0,0,0,0,0,0,0,0,0,0,0,0,0.0,0.0,0.0,0.0,0,0,0,0,0,0.00,0.00,0.00,0.00,54,-88920,192746,3231,92151
moisés_caicedo corozo,Chelsea,MD,5.4,4,Hull City,True,0,0,159,33,2026-09-12T14:00:00Z,2,2,False,0,0,0,0,0,0,0,0,0,0,0,0,0.0,0.0,0.0,0.0,0,0,0,0,0,0.00,0.00,0.00,0.00,54,-48857,149377,1342,50199
roméo_lavia,Chelsea,MD,5.0,1,Fulham,False,64,1,161,10,2026-08-24T19:00:00Z,2,3,False,0,0,0,2,0,0,0,1,0,0,0,8,13.6,21.9,33.0,6.9,2,4,3,9,1,0.21,0.03,0.24,1.05,50,0,4654,0,0
roméo_lavia,Chelsea,MD,5.0,2,Brighton,True,67,7,161,16,2026-08-30T13:00:00Z,4,3,False,1,0,0,2,0,0,0,0,0,0,0,32,39.0,0.8,33.0,7.3,3,3,1,7,1,0.54,0.00,0.54,1.26,50,254,6337,1173,919
roméo_lavia,Chelsea,MD,5.0,3,Arsenal,False,59,1,161,29,2026-09-06T15:30:00Z,2,1,False,0,0,0,2,0,0,0,0,0,0,0,7,5.8,1.5,0.0,0.7,2,3,1,6,1,0.00,0.01,0.01,1.91,50,9966,20847,13724,3758
roméo_lavia,Chelsea,MD,5.0,4,Hull City,True,68,2,161,33,2026-09-12T14:00:00Z,2,2,False,0,0,0,2,0,0,0,0,0,0,0,14,7.4,4.9,0.0,1.2,3,5,1,9,1,0.00,0.07,0.07,0.84,50,3527,25157,7547,4020
dário_luís essugo,Chelsea,MD,4.5,1,Fulham,False,0,0,163,10,2026-08-24T19:00:00Z,2,3,False,0,0,0,0,0,0,0,0,0,0,0,0,0.0,0.0,0.0,0.0,0,0,0,0,0,0.00,0.00,0.00,0.00,45,0,18298,0,0
dário_luís essugo,Chelsea,MD,4.5,2,Brighton,True,0,0,163,16,2026-08-30T13:00:00Z,4,3,False,0,0,0,0,0,0,0,0,0,0,0,0,0.0,0.0,0.0,0.0,0,0,0,0,0,0.00,0.00,0.00,0.00,45,-1635,18847,1252,2887
dário_luís essugo,Chelsea,MD,4.5,3,Arsenal,False,0,0,163,29,2026-09-06T15:30:00Z,2,1,False,0,0,0,0,0,0,0,0,0,0,0,0,0.0,0.0,0.0,0.0,0,0,0,0,0,0.00,0.00,0.00,0.00,45,-3147,16417,1446,4593
dário_luís essugo,Chelsea,MD,4.5,4,Hull City,True,0,0,163,33,2026-09-12T14:00:00Z,2,2,False,0,0,0,0,0,0,0,0,0,0,0,0,0.0,0.0,0.0,0.0,0,0,0,0,0,0.00,0.00,0.00,0.00,45,-4174,12126,0,4174
geovany_quenda,Chelsea,MD,5.5,1,Fulham,False,8,1,164,10,2026-08-24T19:00:00Z,2,3,False,0,0,0,0,0,0,0,0,0,0,0,2,1.2,0.3,2.0,0.4,1,0,0,1,0,0.00,0.00,0.00,0.09,55,0,3758,0,0
geovany_quenda,Chelsea,MD,5.5,2,Brighton,True,0,0,164,16,2026-08-30T13:00:00Z,4,3,False,0,0,0,0,0,0,0,0,0,0,0,0,0.0,0.0,0.0,0.0,0,0,0,0,0,0.00,0.00,0.00,0.00,55,-589,4061,231,820
geovany_quenda,Chelsea,MD,5.4,3,Arsenal,False,0,0,164,29,2026-09-06T15:30:00Z,2,1,False,0,0,0,0,0,0,0,0,0,0,0,0,0.0,0.0,0.0,0.0,0,0,0,0,0,0.00,0.00,0.00,0.00,54,-904,3704,292,1196
geovany_quenda,Chelsea,MD,5.4,4,Hull City,True,0,0,164,33,2026-09-12T14:00:00Z,2,2,False,0,0,0,0,0,0,0,0,0,0,0,0,0.0,0.0,0.0,0.0,0,0,0,0,0,0.00,0.00,0.00,0.00,54,-517,3551,154,671
joão pedro_junqueira de jesus,Chelsea,FW,7.5,1,Fulham,False,90,11,165,10,2026-08-24T19:00:00Z,2,3,False,1,1,0,2,0,0,0,0,0,0,2,45,51.2,23.0,37.0,11.1,1,2,0,3,1,0.63,0.06,0.69,1.33,75,0,5764207,0,0
joão pedro_junqueira de jesus,Chelsea,FW,7.6,2,Brighton,True,90,9,165,16,2026-08-30T13:00:00Z,4,3,False,1,1,0,3,1,0,0,0,0,0,2,44,52.8,22.5,46.0,12.1,0,2,1,3,1,1.23,0.04,1.27,1.41,76,377023,6802308,405188,28165
joão pedro_junqueira de jesus,Chelsea,FW,7.7,3,Arsenal,False,90,1,165,29,2026-09-06T15:30:00Z,2,1,False,0,0,0,2,0,0,0,1,0,0,0,8,0.0,28.8,9.0,3.7,0,1,0,1,1,0.02,0.05,0.07,2.05,77,255757,7177659,446528,190771
joão pedro_junqueira de jesus,Chelsea,FW,7.7,4,Hull City,True,90,12,165,33,2026-09-12T14:00:00Z,2,2,False,1,1,0,2,0,0,0,0,0,0,3,44,54.4,15.7,31.0,10.1,2,0,0,2,1,0.29,0.04,0.33,1.38,77,296877,7935710,401634,104757
marc_guiu paz,Chelsea,FW,5.0,1,Fulham,False,0,0,168,10,2026-08-24T19:00:00Z,2,3,False,0,0,0,0,0,0,0,0,0,0,0,0,0.0,0.0,0.0,0.0,0,0,0,0,0,0.00,0.00,0.00,0.00,50,0,42801,0,0
marc_guiu paz,Chelsea,FW,5.0,2,Brighton,True,0,0,168,16,2026-08-30T13:00:00Z,4,3,False,0,0,0,0,0,0,0,0,0,0,0,0,0.0,0.0,0.0,0.0,0,0,0,0,0,0.00,0.00,0.00,0.00,50,-3968,43955,2178,6146
marc_guiu paz,Chelsea,FW,5.0,3,Arsenal,False,0,0,168,29,2026-09-06T15:30:00Z,2,1,False,0,0,0,0,0,0,0,0,0,0,0,0,0.0,0.0,0.0,0.0,0,0,0,0,0,0.00,0.00,0.00,0.00,50,-10863,33721,1924,12787
marc_guiu paz,Chelsea,FW,5.0,4,Hull City,True,0,0,168,33,2026-09-12T14:00:00Z,2,2,False,0,0,0,0,0,0,0,0,0,0,0,0,0.0,0.0,0.0,0.0,0,0,0,0,0,0.00,0.00,0.00,0.00,50,-8710,25300,0,8710
shumaira_mheuka,Chelsea,FW,4.5,1,Fulham,False,0,0,169,10,2026-08-24T19:00:00Z,2,3,False,0,0,0,0,0,0,0,0,0,0,0,0,0.0,0.0,0.0,0.0,0,0,0,0,0,0.00,0.00,0.00,0.00,45,0,30422,0,0
shumaira_mheuka,Chelsea,FW,4.5,2,Brighton,True,0,0,169,16,2026-08-30T13:00:00Z,4,3,False,0,0,0,0,0,0,0,0,0,0,0,0,0.0,0.0,0.0,0.0,0,0,0,0,0,0.00,0.00,0.00,0.00,45,-1480,34265,2929,4409
shumaira_mheuka,Chelsea,FW,4.5,3,Arsenal,False,0,0,169,29,2026-09-06T15:30:00Z,2,1,False,0,0,0,0,0,0,0,0,0,0,0,0,0.0,0.0,0.0,0.0,0,0,0,0,0,0.00,0.00,0.00,0.00,45,2681,43546,8439,5758
shumaira_mheuka,Chelsea,FW,4.5,4,Hull City,True,0,0,169,33,2026-09-12T14:00:00Z,2,2,False,0,0,0,0,0,0,0,0,0,0,0,0,0.0,0.0,0.0,0.0,0,0,0,0,0,0.00,0.00,0.00,0.00,45,1152,44291,6884,5732
emmanuel_emegha,Chelsea,FW,5.0,1,Fulham,False,0,0,170,10,2026-08-24T19:00:00Z,2,3,False,0,0,0,0,0,0,0,0,0,0,0,0,0.0,0.0,0.0,0.0,0,0,0,0,0,0.00,0.00,0.00,0.00,50,0,11724,0,0
emmanuel_emegha,Chelsea,FW,5.0,2,Brighton,True,0,0,170,16,2026-08-30T13:00:00Z,4,3,False,0,0,0,0,0,0,0,0,0,0,0,0,0.0,0.0,0.0,0.0,0,0,0,0,0,0.00,0.00,0.00,0.00,50,-884,14647,1450,2334
emmanuel_emegha,Chelsea,FW,5.0,3,Arsenal,False,0,0,170,29,2026-09-06T15:30:00Z,2,1,False,0,0,0,0,0,0,0,0,0,0,0,0,0.0,0.0,0.0,0.0,0,0,0,0,0,0.00,0.00,0.00,0.00,50,-539,15735,2709,3248
emmanuel_emegha,Chelsea,FW,5.0,4,Hull City,True,0,0,170,33,2026-09-12T14:00:00Z,2,2,False,0,0,0,0,0,0,0,0,0,0,0,0,0.0,0.0,0.0,0.0,0,0,0,0,0,0.00,0.00,0.00,0.00,50,-1425,14885,1719,3144
maxence_lacroix,Chelsea,DF,6.0,1,Fulham,False,90,6,200,10,2026-08-24T19:00:00Z,2,3,False,0,1,0,2,0,0,0,0,0,0,0,25,44.2,11.2,2.0,5.7,7,2,5,12,1,0.00,0.20,0.20,1.33,60,0,792478,0,0
maxence_lacroix,Chelsea,DF,6.0,2,Brighton,True,90,1,200,16,2026-08-30T13:00:00Z,4,3,False,0,0,0,3,0,0,0,0,0,0,0,-3,13.0,0.1,6.0,1.9,8,1,1,9,1,0.02,0.00,0.02,1.41,60,18715,946023,63522,44807
maxence_lacroix,Chelsea,DF,6.0,3,Arsenal,False,90,2,200,29,2026-09-06T15:30:00Z,2,1,False,0,0,0,2,0,0,0,1,0,0,0,3,26.0,1.3,2.0,2.9,9,2,2,11,1,0.00,0.01,0.01,2.05,60,-117331,839049,32879,150210
maxence_lacroix,Chelsea,DF,6.0,4,Hull City,True,4,1,200,33,2026-09-12T14:00:00Z,2,2,False,0,0,0,0,0,0,0,0,0,0,0,4,3.6,0.0,0.0,0.4,2,0,1,3,0,0.00,0.00,0.00,0.49,60,-19123,865615,60756,79879
mike_penders,Chelsea,GK,4.5,1,Fulham,False,0,0,560,10,2026-08-24T19:00:00Z,2,3,False,0,0,0,0,0,0,0,0,0,0,0,0,0.0,0.0,0.0,0.0,0,0,0,0,0,0.00,0.00,0.00,0.00,45,0,6087,0,0
mike_penders,Chelsea,GK,4.5,2,Brighton,True,0,0,560,16,2026-08-30T13:00:00Z,4,3,False,0,0,0,0,0,0,0,0,0,0,0,0,0.0,0.0,0.0,0.0,0,0,0,0,0,0.00,0.00,0.00,0.00,45,-370,7073,395,765
mike_penders,Chelsea,GK,4.5,3,Arsenal,False,0,0,560,29,2026-09-06T15:30:00Z,2,1,False,0,0,0,0,0,0,0,0,0,0,0,0,0.0,0.0,0.0,0.0,0,0,0,0,0,0.00,0.00,0.00,0.00,45,-769,6809,363,1132
mike_penders,Chelsea,GK,4.4,4,Hull City,True,0,0,560,33,2026-09-12T14:00:00Z,2,2,False,0,0,0,0,0,0,0,0,0,0,0,0,0.0,0.0,0.0,0.0,0,0,0,0,0,0.00,0.00,0.00,0.00,44,-482,6637,321,803
aaron_anselmino,Chelsea,DF,4.5,1,Fulham,False,0,0,561,10,2026-08-24T19:00:00Z,2,3,False,0,0,0,0,0,0,0,0,0,0,0,0,0.0,0.0,0.0,0.0,0,0,0,0,0,0.00,0.00,0.00,0.00,45,0,1770,0,0
aaron_anselmino,Chelsea,DF,4.5,2,Brighton,True,0,0,561,16,2026-08-30T13:00:00Z,4,3,False,0,0,0,0,0,0,0,0,0,0,0,0,0.0,0.0,0.0,0.0,0,0,0,0,0,0.00,0.00,0.00,0.00,45,-324,1737,122,446
aaron_anselmino,Chelsea,DF,4.5,3,Arsenal,False,0,0,561,29,2026-09-06T15:30:00Z,2,1,False,0,0,0,0,0,0,0,0,0,0,0,0,0.0,0.0,0.0,0.0,0,0,0,0,0,0.00,0.00,0.00,0.00,45,-49,1971,225,274
aaron_anselmino,Chelsea,DF,4.5,4,Hull City,True,0,0,561,33,2026-09-12T14:00:00Z,2,2,False,0,0,0,0,0,0,0,0,0,0,0,0,0.0,0.0,0.0,0.0,0,0,0,0,0,0.00,0.00,0.00,0.00,45,10,2091,222,212
valentín_barco,Chelsea,MD,5.5,1,Fulham,False,0,0,568,10,2026-08-24T19:00:00Z,2,3,False,0,0,0,0,0,0,0,0,0,0,0,0,0.0,0.0,0.0,0.0,0,0,0,0,0,0.00,0.00,0.00,0.00,55,0,12041,0,0
valentín_barco,Chelsea,MD,5.5,2,Brighton,True,8,1,568,16,2026-08-30T13:00:00Z,4,3,False,0,0,0,1,0,0,0,0,0,0,0,1,0.0,0.0,4.0,0.2,1,0,0,1,0,0.04,0.00,0.04,0.07,55,-1133,13561,528,1661
valentín_barco,Chelsea,MD,5.5,3,Arsenal,False,0,0,568,29,2026-09-06T15:30:00Z,2,1,False,0,0,0,0,0,0,0,0,0,0,0,0,0.0,0.0,0.0,0.0,0,0,0,0,0,0.00,0.00,0.00,0.00,55,-1018,13655,1055,2073
valentín_barco,Chelsea,MD,5.5,4,Hull City,True,21,0,568,33,2026-09-12T14:00:00Z,2,2,False,0,0,0,0,0,0,0,1,0,0,0,7,1.6,2.9,2.0,0.7,1,1,0,2,0,0.00,0.09,0.09,0.54,55,-591,13757,863,1454
pep_chavarría,Chelsea,DF,5.0,1,Fulham,False,25,1,583,10,2026-08-24T19:00:00Z,2,3,False,0,0,0,0,0,0,0,0,0,0,0,3,2.4,0.2,2.0,0.5,1,1,0,1,0,0.00,0.00,0.00,0.28,50,0,17073,0,0
pep_chavarría,Chelsea,DF,5.0,2,Brighton,True,18,1,583,16,2026-08-30T13:00:00Z,4,3,False,0,0,0,1,0,0,0,0,0,0,0,1,6.4,0.3,0.0,0.7,2,1,1,3,0,0.00,0.02,0.02,0.09,50,-1477,19574,1081,2558
pep_chavarría,Chelsea,DF,5.0,3,Arsenal,False,30,1,583,29,2026-09-06T15:30:00Z,2,1,False,0,0,0,0,0,0,0,0,0,0,0,2,2.4,2.0,4.0,0.8,1,1,1,2,0,0.00,0.00,0.00,0.14,50,-3413,17402,664,4077
pep_chavarría,Chelsea,DF,4.9,4,Hull City,True,45,1,583,33,2026-09-12T14:00:00Z,2,2,False,0,0,0,0,0,0,0,0,0,0,0,4,2.0,1.7,2.0,0.6,1,1,0,1,0,0.00,0.01,0.01,0.94,49,-1611,16748,686,2297
ethan_pinnock,Coventry City,DF,4.5,1,Spurs,True,0,0,91,2,2026-08-22T16:30:00Z,3,0,False,0,0,0,0,0,0,0,0,0,0,0,0,0.0,0.0,0.0,0.0,0,0,0,0,0,0.00,0.00,0.00,0.00,45,0,7000,0,0
ethan_pinnock,Coventry City,DF,4.5,2,Hull City,True,12,1,91,13,2026-08-29T14:00:00Z,0,1,False,0,0,0,1,0,0,0,0,0,0,0,-1,3.8,0.7,0.0,0.5,2,0,0,2,0,0.00,0.00,0.00,0.54,45,-397,7757,574,971
ethan_pinnock,Coventry City,DF,4.5,3,Man City,False,90,3,91,26,2026-09-05T14:00:00Z,1,0,False,0,0,0,1,0,0,0,1,0,0,0,3,18.2,0.0,6.0,2.4,12,2,1,13,1,0.11,0.00,0.11,2.12,45,-811,7182,505,1316
ethan_pinnock,Coventry City,DF,4.5,4,Brighton,True,90,2,91,38,2026-09-13T13:00:00Z,0,5,False,0,0,0,5,0,0,0,0,0,0,0,-11,18.0,0.7,4.0,2.3,8,1,2,10,1,0.01,0.00,0.01,2.81,45,-82,7467,688,770
frank_onyeka,Coventry City,MD,5.0,1,Arsenal,False,90,2,104,1,2026-08-21T19:00:00Z,3,0,False,0,0,0,3,0,0,0,0,0,0,0,8,3.6,1.6,0.0,0.5,3,5,1,9,1,0.00,0.01,0.01,1.88,50,0,13188,0,0
frank_onyeka,Coventry City,MD,5.0,2,Hull City,True,0,0,104,13,2026-08-29T14:00:00Z,0,1,False,0,0,0,0,0,0,0,0,0,0,0,0,0.0,0.0,0.0,0.0,0,0,0,0,0,0.00,0.00,0.00,0.00,50,856,16442,2456,1600
frank_onyeka,Coventry City,MD,5.0,3,Man City,False,62,2,104,26,2026-09-05T14:00:00Z,1,0,False,0,0,0,1,0,0,0,0,0,0,0,5,0.4,0.4,0.0,0.1,0,2,1,3,1,0.00,0.00,0.00,1.17,50,-3826,12452,379,4205
frank_onyeka,Coventry City,MD,4.9,4,Brighton,True,72,2,104,38,2026-09-13T13:00:00Z,0,5,False,0,0,0,3,0,0,0,0,0,0,0,11,6.2,0.9,21.0,2.8,2,4,1,7,1,0.03,0.01,0.04,2.16,49,-1084,11832,629,1713
carl_rushworth,Coventry City,GK,4.5,1,Arsenal,False,90,1,110,1,2026-08-21T19:00:00Z,3,0,False,0,0,0,3,0,0,0,0,0,2,0,0,14.2,0.0,0.0,1.4,1,7,0,0,1,0.00,0.01,0.01,1.88,45,0,100521,0,0
carl_rushworth,Coventry City,GK,4.5,2,Hull City,True,90,2,110,13,2026-08-29T14:00:00Z,0,1,False,0,0,0,1,0,0,0,0,0,1,0,10,10.6,0.0,0.0,1.1,1,13,0,0,1,0.00,0.00,0.00,0.72,45,7259,122624,11931,4672
carl_rushworth,Coventry City,GK,4.5,3,Man City,False,90,2,110,26,2026-09-05T14:00:00Z,1,0,False,0,0,0,1,0,0,0,0,0,2,0,13,18.8,0.0,0.0,1.9,1,9,0,0,1,0.00,0.00,0.00,2.12,45,-16015,95482,2938,18953
carl_rushworth,Coventry City,GK,4.5,4,Brighton,True,90,0,110,38,2026-09-13T13:00:00Z,0,5,False,0,0,0,5,0,0,0,0,0,2,0,-5,18.0,0.0,0.0,1.8,1,11,0,0,1,0.00,0.01,0.01,2.81,45,-11337,95177,5350,16687
oliver_dovin,Coventry City,GK,4.0,1,Arsenal,False,0,0,171,1,2026-08-21T19:00:00Z,3,0,False,0,0,0,0,0,0,0,0,0,0,0,0,0.0,0.0,0.0,0.0,0,0,0,0,0,0.00,0.00,0.00,0.00,40,0,142267,0,0
oliver_dovin,Coventry City,GK,4.0,2,Hull City,True,0,0,171,13,2026-08-29T14:00:00Z,0,1,False,0,0,0,0,0,0,0,0,0,0,0,0,0.0,0.0,0.0,0.0,0,0,0,0,0,0.00,0.00,0.00,0.00,40,-3777,152756,2634,6411
oliver_dovin,Coventry City,GK,4.0,3,Man City,False,0,0,171,26,2026-09-05T14:00:00Z,1,0,False,0,0,0,0,0,0,0,0,0,0,0,0,0.0,0.0,0.0,0.0,0,0,0,0,0,0.00,0.00,0.00,0.00,40,-12005,141466,6290,18295
oliver_dovin,Coventry City,GK,4.0,4,Brighton,True,0,0,171,38,2026-09-13T13:00:00Z,0,5,False,0,0,0,0,0,0,0,0,0,0,0,0,0.0,0.0,0.0,0.0,0,0,0,0,0,0.00,0.00,0.00,0.00,40,-18083,122705,0,18083
ben_wilson,Coventry City,GK,4.5,1,Arsenal,False,0,0,172,1,2026-08-21T19:00:00Z,3,0,False,0,0,0,0,0,0,0,0,0,0,0,0,0.0,0.0,0.0,0.0,0,0,0,0,0,0.00,0.00,0.00,0.00,45,0,42690,0,0
ben_wilson,Coventry City,GK,4.5,2,Hull City,True,0,0,172,13,2026-08-29T14:00:00Z,0,1,False,0,0,0,0,0,0,0,0,0,0,0,0,0.0,0.0,0.0,0.0,0,0,0,0,0,0.00,0.00,0.00,0.00,45,-3213,45549,227,3440
ben_wilson,Coventry City,GK,4.5,3,Man City,False,0,0,172,26,2026-09-05T14:00:00Z,1,0,False,0,0,0,0,0,0,0,0,0,0,0,0,0.0,0.0,0.0,0.0,0,0,0,0,0,0.00,0.00,0.00,0.00,45,-3942,41782,265,4207
ben_wilson,Coventry City,GK,4.5,4,Brighton,True,0,0,172,38,2026-09-13T13:00:00Z,0,5,False,0,0,0,0,0,0,0,0,0,0,0,0,0.0,0.0,0.0,0.0,0,0,0,0,0,0.00,0.00,0.00,0.00,45,-2072,40175,242,2314
bobby_thomas,Coventry City,DF,4.0,1,Arsenal,False,90,3,173,1,2026-08-21T19:00:00Z,3,0,False,0,0,0,3,0,0,0,0,0,0,0,11,23.2,11.2,1.0,3.5,9,2,1,10,1,0.02,0.01,0.03,1.88,40,0,721945,0,0
bobby_thomas,Coventry City,DF,4.0,2,Hull City,True,77,8,173,13,2026-08-29T14:00:00Z,0,1,False,0,0,1,0,0,0,0,0,0,0,2,28,17.0,0.7,0.0,1.8,9,6,0,9,1,0.00,0.01,0.01,0.18,40,14221,791028,38111,23890
bobby_thomas,Coventry City,DF,4.0,3,Man City,False,90,4,173,26,2026-09-05T14:00:00Z,1,0,False,0,0,0,1,0,0,0,0,0,0,0,19,20.6,20.8,24.0,6.5,11,3,1,12,1,0.22,0.17,0.39,2.12,40,44441,883716,114108,69667
bobby_thomas,Coventry City,DF,4.0,4,Brighton,True,90,0,173,38,2026-09-13T13:00:00Z,0,5,False,0,0,0,5,0,0,0,0,0,0,0,-17,6.8,0.4,23.0,3.0,8,2,0,8,1,0.19,0.07,0.26,2.81,40,70975,1003377,154241,83266
liam_kitching,Coventry City,DF,4.0,1,Arsenal,False,0,0,174,1,2026-08-21T19:00:00Z,3,0,False,0,0,0,0,0,0,0,0,0,0,0,0,0.0,0.0,0.0,0.0,0,0,0,0,0,0.00,0.00,0.00,0.00,40,0,60272,0,0
liam_kitching,Coventry City,DF,4.0,2,Hull City,True,0,0,174,13,2026-08-29T14:00:00Z,0,1,False,0,0,0,0,0,0,0,0,0,0,0,0,0.0,0.0,0.0,0.0,0,0,0,0,0,0.00,0.00,0.00,0.00,40,-4266,64130,520,4786
liam_kitching,Coventry City,DF,4.0,3,Man City,False,0,0,174,26,2026-09-05T14:00:00Z,1,0,False,0,0,0,0,0,0,0,0,0,0,0,0,0.0,0.0,0.0,0.0,0,0,0,0,0,0.00,0.00,0.00,0.00,40,-9976,53997,461,10437
liam_kitching,Coventry City,DF,4.0,4,Brighton,True,0,0,174,38,2026-09-13T13:00:00Z,0,5,False,0,0,0,0,0,0,0,0,0,0,0,0,0.0,0.0,0.0,0.0,0,0,0,0,0,0.00,0.00,0.00,0.00,40,-10533,43580,0,10533
milan_van ewijk,Coventry City,DF,4.0,1,Arsenal,False,90,1,175,1,2026-08-21T19:00:00Z,3,0,False,0,0,0,3,0,0,0,0,0,0,0,-8,10.6,2.0,2.0,1.5,6,3,1,7,1,0.00,0.01,0.01,1.88,40,0,1257228,0,0
milan_van ewijk,Coventry City,DF,4.0,2,Hull City,True,90,2,175,13,2026-08-29T14:00:00Z,0,1,False,0,0,0,1,0,0,0,0,0,0,0,15,15.4,33.9,6.0,5.5,1,3,1,2,1,0.00,0.19,0.19,0.72,40,-15407,1295672,34451,49858
milan_van ewijk,Coventry City,DF,4.0,3,Man City,False,90,3,175,26,2026-09-05T14:00:00Z,1,0,False,0,0,0,1,0,0,0,1,0,0,0,5,16.8,5.2,2.0,2.4,8,4,3,11,1,0.00,0.06,0.06,2.12,40,-80255,1209039,41712,121967
milan_van ewijk,Coventry City,DF,4.0,4,Brighton,True,90,0,175,38,2026-09-13T13:00:00Z,0,5,False,0,0,0,5,0,0,0,0,0,0,0,-5,18.8,11.6,4.0,3.4,6,3,1,7,1,0.00,0.04,0.04,2.81,40,-106326,1124770,32583,138909
jay_dasilva,Coventry City,DF,4.0,1,Arsenal,False,90,1,176,1,2026-08-21T19:00:00Z,3,0,False,0,0,0,3,0,0,0,0,0,0,0,-4,13.8,3.8,0.0,1.8,6,1,0,6,1,0.00,0.02,0.02,1.88,40,0,73424,0,0
jay_dasilva,Coventry City,DF,4.0,2,Hull City,True,90,2,176,13,2026-08-29T14:00:00Z,0,1,False,0,0,0,1,0,0,0,0,0,0,0,15,15.2,7.3,17.0,4.0,1,3,2,3,1,0.18,0.05,0.23,0.72,40,-830,82832,3224,4054
jay_dasilva,Coventry City,DF,4.0,3,Man City,False,84,2,176,26,2026-09-05T14:00:00Z,1,0,False,0,0,0,1,0,0,0,0,0,0,0,10,21.8,14.9,0.0,3.7,5,3,2,7,1,0.00,0.08,0.08,2.12,40,-4522,79293,2664,7186
jay_dasilva,Coventry City,DF,4.0,4,Brighton,True,90,0,176,38,2026-09-13T13:00:00Z,0,5,False,0,0,0,5,0,0,0,0,0,0,0,-7,12.8,26.0,0.0,3.9,3,3,0,3,1,0.00,0.33,0.33,2.81,40,-2321,77723,2492,4813
kaine_kesler-hayden,Coventry City,DF,4.0,1,Arsenal,False,0,0,177,1,2026-08-21T19:00:00Z,3,0,False,0,0,0,0,0,0,0,0,0,0,0,0,0.0,0.0,0.0,0.0,0,0,0,0,0,0.00,0.00,0.00,0.00,40,0,6032,0,0
kaine_kesler-hayden,Coventry City,DF,4.0,2,Hull City,True,0,0,177,13,2026-08-29T14:00:00Z,0,1,False,0,0,0,0,0,0,0,0,0,0,0,0,0.0,0.0,0.0,0.0,0,0,0,0,0,0.00,0.00,0.00,0.00,40,-582,5764,168,750
kaine_kesler-hayden,Coventry City,DF,4.0,3,Man City,False,0,0,177,26,2026-09-05T14:00:00Z,1,0,False,0,0,0,0,0,0,0,0,0,0,0,0,0.0,0.0,0.0,0.0,0,0,0,0,0,0.00,0.00,0.00,0.00,40,-1131,4676,131,1262
kaine_kesler-hayden,Coventry City,DF,4.0,4,Brighton,True,0,0,177,38,2026-09-13T13:00:00Z,0,5,False,0,0,0,0,0,0,0,0,0,0,0,0,0.0,0.0,0.0,0.0,0,0,0,0,0,0.00,0.00,0.00,0.00,40,-596,4121,114,710
jake_bidwell,Coventry City,DF,4.0,1,Arsenal,False,0,0,178,1,2026-08-21T19:00:00Z,3,0,False,0,0,0,0,0,0,0,0,0,0,0,0,0.0,0.0,0.0,0.0,0,0,0,0,0,0.00,0.00,0.00,0.00,40,0,7091,0,0
jake_bidwell,Coventry City,DF,4.0,2,Hull City,True,0,0,178,13,2026-08-29T14:00:00Z,0,1,False,0,0,0,0,0,0,0,0,0,0,0,0,0.0,0.0,0.0,0.0,0,0,0,0,0,0.00,0.00,0.00,0.00,40,-238,8500,506,744
jake_bidwell,Coventry City,DF,4.0,3,Man City,False,0,0,178,26,2026-09-05T14:00:00Z,1,0,False,0,0,0,0,0,0,0,0,0,0,0,0,0.0,0.0,0.0,0.0,0,0,0,0,0,0.00,0.00,0.00,0.00,40,-315,8763,663,978
jake_bidwell,Coventry City,DF,4.0,4,Brighton,True,0,0,178,38,2026-09-13T13:00:00Z,0,5,False,0,0,0,0,0,0,0,0,0,0,0,0,0.0,0.0,0.0,0.0,0,0,0,0,0,0.00,0.00,0.00,0.00,40,-160,8754,645,805
joel_latibeaudiere,Coventry City,DF,4.0,1,Arsenal,False,0,0,179,1,2026-08-21T19:00:00Z,3,0,False,0,0,0,0,0,0,0,0,0,0,0,0,0.0,0.0,0.0,0.0,0,0,0,0,0,0.00,0.00,0.00,0.00,40,0,3977,0,0
joel_latibeaudiere,Coventry City,DF,4.0,2,Hull City,True,0,0,179,13,2026-08-29T14:00:00Z,0,1,False,0,0,0,0,0,0,0,0,0,0,0,0,0.0,0.0,0.0,0.0,0,0,0,0,0,0.00,0.00,0.00,0.00,40,-260,3984,160,420
joel_latibeaudiere,Coventry City,DF,4.0,3,Man City,False,0,0,179,26,2026-09-05T14:00:00Z,1,0,False,0,0,0,0,0,0,0,0,0,0,0,0,0.0,0.0,0.0,0.0,0,0,0,0,0,0.00,0.00,0.00,0.00,40,-161,4150,319,480
joel_latibeaudiere,Coventry City,DF,4.0,4,Brighton,True,0,0,179,38,2026-09-13T13:00:00Z,0,5,False,0,0,0,0,0,0,0,0,0,0,0,0,0.0,0.0,0.0,0.0,0,0,0,0,0,0.00,0.00,0.00,0.00,40,-101,4073,277,378
luke_woolfenden,Coventry City,DF,4.0,1,Arsenal,False,0,0,180,1,2026-08-21T19:00:00Z,3,0,False,0,0,0,0,0,0,0,0,0,0,0,0,0.0,0.0,0.0,0.0,0,0,0,0,0,0.00,0.00,0.00,0.00,40,0,16501,0,0
luke_woolfenden,Coventry City,DF,4.0,2,Hull City,True,0,0,180,13,2026-08-29T14:00:00Z,0,1,False,0,0,0,0,0,0,0,0,0,0,0,0,0.0,0.0,0.0,0.0,0,0,0,0,0,0.00,0.00,0.00,0.00,40,-1282,16943,946,2228
luke_woolfenden,Coventry City,DF,4.0,3,Man City,False,0,0,180,26,2026-09-05T14:00:00Z,1,0,False,0,0,0,0,0,0,0,0,0,0,0,0,0.0,0.0,0.0,0.0,0,0,0,0,0,0.00,0.00,0.00,0.00,40,-2522,15091,659,3181
luke_woolfenden,Coventry City,DF,4.0,4,Brighton,True,0,0,180,38,2026-09-13T13:00:00Z,0,5,False,0,0,0,0,0,0,0,0,0,0,0,0,0.0,0.0,0.0,0.0,0,0,0,0,0,0.00,0.00,0.00,0.00,40,-1447,13479,375,1822
miguel_brau,Coventry City,DF,4.0,1,Arsenal,False,0,0,181,1,2026-08-21T19:00:00Z,3,0,False,0,0,0,0,0,0,0,0,0,0,0,0,0.0,0.0,0.0,0.0,0,0,0,0,0,0.00,0.00,0.00,0.00,40,0,3736,0,0
miguel_brau,Coventry City,DF,4.0,2,Hull City,True,0,0,181,13,2026-08-29T14:00:00Z,0,1,False,0,0,0,0,0,0,0,0,0,0,0,0,0.0,0.0,0.0,0.0,0,0,0,0,0,0.00,0.00,0.00,0.00,40,-82,4079,256,338
miguel_brau,Coventry City,DF,4.0,3,Man City,False,0,0,181,26,2026-09-05T14:00:00Z,1,0,False,0,0,0,0,0,0,0,0,0,0,0,0,0.0,0.0,0.0,0.0,0,0,0,0,0,0.00,0.00,0.00,0.00,40,-956,3074,19,975
miguel_brau,Coventry City,DF,4.0,4,Brighton,True,0,0,181,38,2026-09-13T13:00:00Z,0,5,False,0,0,0,0,0,0,0,0,0,0,0,0,0.0,0.0,0.0,0.0,0,0,0,0,0,0.00,0.00,0.00,0.00,40,-477,2631,0,477
aurèle_amenda,Coventry City,DF,4.0,1,Arsenal,False,90,1,182,1,2026-08-21T19:00:00Z,3,0,False,0,0,0,3,0,0,0,0,0,0,0,1,28.8,0.8,0.0,3.0,9,4,0,9,1,0.00,0.01,0.01,1.88,40,0,75420,0,0
aurèle_amenda,Coventry City,DF,4.0,2,Hull City,True,90,1,182,13,2026-08-29T14:00:00Z,0,1,False,0,0,0,1,0,0,0,1,0,0,0,4,11.4,2.1,5.0,1.9,4,1,0,4,1,0.02,0.04,0.06,0.72,40,-1183,84795,3328,4511
aurèle_amenda,Coventry City,DF,4.0,3,Man City,False,90,2,182,26,2026-09-05T14:00:00Z,1,0,False,0,0,0,1,0,0,0,0,0,0,0,4,4.4,1.3,6.0,1.2,2,6,1,3,1,0.00,0.34,0.34,2.12,40,-4953,81029,3124,8077
aurèle_amenda,Coventry City,DF,4.0,4,Brighton,True,90,0,182,38,2026-09-13T13:00:00Z,0,5,False,0,0,0,5,0,0,0,0,0,0,0,-12,18.2,10.3,4.0,3.3,8,0,0,8,1,0.00,0.00,0.00,2.81,40,-2035,81299,3596,5631
jack_rudoni,Coventry City,MD,5.0,1,Arsenal,False,20,1,183,1,2026-08-21T19:00:00Z,3,0,False,0,0,0,0,0,0,0,0,0,0,0,3,5.6,3.8,17.0,2.6,0,4,1,5,0,0.15,0.00,0.15,0.29,50,0,13002,0,0
jack_rudoni,Coventry City,MD,5.0,2,Hull City,True,70,3,183,13,2026-08-29T14:00:00Z,0,1,False,0,0,1,0,0,0,0,0,0,0,0,12,6.8,27.7,4.0,3.9,1,4,1,6,1,0.06,0.09,0.15,0.02,50,-49,14191,1250,1299
jack_rudoni,Coventry City,MD,5.0,3,Man City,False,62,2,183,26,2026-09-05T14:00:00Z,1,0,False,0,0,0,1,0,0,0,0,0,0,0,9,14.4,28.5,33.0,7.6,2,2,1,5,1,0.29,0.09,0.38,1.17,50,-1863,12234,706,2569
jack_rudoni,Coventry City,MD,5.0,4,Brighton,True,72,2,183,38,2026-09-13T13:00:00Z,0,5,False,0,0,0,3,0,0,0,0,0,0,0,11,10.8,55.5,25.0,9.1,2,3,0,5,1,0.33,0.73,1.06,2.16,50,-812,11698,965,1777
matt_grimes,Coventry City,MD,5.0,1,Arsenal,False,90,2,184,1,2026-08-21T19:00:00Z,3,0,False,0,0,0,3,0,0,0,0,0,0,0,14,13.4,3.7,0.0,1.7,4,3,0,7,1,0.00,0.01,0.01,1.88,50,0,17412,0,0
matt_grimes,Coventry City,MD,5.0,2,Hull City,True,90,2,184,13,2026-08-29T14:00:00Z,0,1,False,0,0,0,1,0,0,0,0,0,0,0,14,14.2,20.9,2.0,3.7,1,9,0,10,1,0.01,0.04,0.05,0.72,50,674,20154,2290,1616
matt_grimes,Coventry City,MD,5.0,3,Man City,False,90,2,184,26,2026-09-05T14:00:00Z,1,0,False,0,0,0,1,0,0,0,0,0,0,0,8,18.6,2.3,1.0,2.2,3,0,5,8,1,0.04,0.00,0.04,2.12,50,-3443,16127,481,3924
matt_grimes,Coventry City,MD,5.0,4,Brighton,True,83,2,184,38,2026-09-13T13:00:00Z,0,5,False,0,0,0,4,0,0,0,0,0,0,0,9,5.6,5.8,2.0,1.3,1,1,1,3,1,0.05,0.02,0.07,2.60,50,-2101,14585,532,2633
tatsuhiro_sakamoto,Coventry City,MD,5.0,1,Arsenal,False,0,0,185,1,2026-08-21T19:00:00Z,3,0,False,0,0,0,0,0,0,0,0,0,0,0,0,0.0,0.0,0.0,0.0,0,0,0,0,0,0.00,0.00,0.00,0.00,50,0,10294,0,0
tatsuhiro_sakamoto,Coventry City,MD,5.0,2,Hull City,True,31,1,185,13,2026-08-29T14:00:00Z,0,1,False,0,0,0,1,0,0,0,0,0,0,0,8,6.2,5.9,7.0,1.9,0,2,2,4,0,0.02,0.02,0.04,0.69,50,-1318,9710,137,1455
tatsuhiro_sakamoto,Coventry City,MD,4.9,3,Man City,False,0,0,185,26,2026-09-05T14:00:00Z,1,0,False,0,0,0,0,0,0,0,0,0,0,0,0,0.0,0.0,0.0,0.0,0,0,0,0,0,0.00,0.00,0.00,0.00,49,-1339,8559,404,1743
tatsuhiro_sakamoto,Coventry City,MD,4.9,4,Brighton,True,0,0,185,38,2026-09-13T13:00:00Z,0,5,False,0,0,0,0,0,0,0,0,0,0,0,0,0.0,0.0,0.0,0.0,0,0,0,0,0,0.00,0.00,0.00,0.00,49,-975,7657,207,1182
ephron_mason-clark,Coventry City,MD,5.5,1,Arsenal,False,0,0,186,1,2026-08-21T19:00:00Z,3,0,False,0,0,0,0,0,0,0,0,0,0,0,0,0.0,0.0,0.0,0.0,0,0,0,0,0,0.00,0.00,0.00,0.00,55,0,11314,0,0
ephron_mason-clark,Coventry City,MD,5.5,2,Hull City,True,57,1,186,13,2026-08-29T14:00:00Z,0,1,False,0,0,0,0,0,0,0,0,0,0,0,4,4.2,16.0,0.0,2.0,2,2,0,4,1,0.00,0.06,0.06,0.02,55,-1089,12149,489,1578
ephron_mason-clark,Coventry City,MD,5.4,3,Man City,False,70,2,186,26,2026-09-05T14:00:00Z,1,0,False,0,0,0,1,0,0,0,0,0,0,0,4,0.0,0.8,2.0,0.1,2,3,0,5,1,0.00,0.00,0.00,1.17,54,-1860,10318,228,2088
ephron_mason-clark,Coventry City,MD,5.4,4,Brighton,True,59,1,186,38,2026-09-13T13:00:00Z,0,5,False,0,0,0,2,0,0,0,0,0,0,0,5,6.0,1.0,44.0,5.1,2,2,0,4,1,0.49,0.01,0.50,1.37,54,-780,9746,222,1002
josh_eccles,Coventry City,MD,5.0,1,Arsenal,False,0,0,187,1,2026-08-21T19:00:00Z,3,0,False,0,0,0,0,0,0,0,0,0,0,0,0,0.0,0.0,0.0,0.0,0,0,0,0,0,0.00,0.00,0.00,0.00,50,0,1503,0,0
josh_eccles,Coventry City,MD,5.0,2,Hull City,True,0,0,187,13,2026-08-29T14:00:00Z,0,1,False,0,0,0,0,0,0,0,0,0,0,0,0,0.0,0.0,0.0,0.0,0,0,0,0,0,0.00,0.00,0.00,0.00,50,-230,1391,69,299
josh_eccles,Coventry City,MD,4.9,3,Man City,False,0,0,187,26,2026-09-05T14:00:00Z,1,0,False,0,0,0,0,0,0,0,0,0,0,0,0,0.0,0.0,0.0,0.0,0,0,0,0,0,0.00,0.00,0.00,0.00,49,30,1547,434,404
josh_eccles,Coventry City,MD,4.9,4,Brighton,True,0,0,187,38,2026-09-13T13:00:00Z,0,5,False,0,0,0,0,0,0,0,0,0,0,0,0,0.0,0.0,0.0,0.0,0,0,0,0,0,0.00,0.00,0.00,0.00,49,-249,1294,93,342
victor_torp,Coventry City,MD,5.5,1,Arsenal,False,28,1,188,1,2026-08-21T19:00:00Z,3,0,False,0,0,0,0,0,0,0,0,0,0,0,8,6.8,16.4,0.0,2.3,1,0,0,1,0,0.00,0.11,0.11,0.32,55,0,15509,0,0
victor_torp,Coventry City,MD,5.5,2,Hull City,True,19,1,188,13,2026-08-29T14:00:00Z,0,1,False,0,0,0,1,0,0,0,0,0,0,0,2,0.0,3.6,0.0,0.3,0,2,0,2,0,0.00,0.01,0.01,0.69,55,-1275,16221,549,1824
victor_torp,Coventry City,MD,5.4,3,Man City,False,0,0,188,26,2026-09-05T14:00:00Z,1,0,False,0,0,0,0,0,0,0,0,0,0,0,0,0.0,0.0,0.0,0.0,0,0,0,0,0,0.00,0.00,0.00,0.00,54,-2872,13303,100,2972
victor_torp,Coventry City,MD,5.4,4,Brighton,True,6,1,188,38,2026-09-13T13:00:00Z,0,5,False,0,0,0,1,0,0,0,0,0,0,0,3,0.4,0.4,0.0,0.1,0,0,0,0,0,0.00,0.00,0.00,0.21,54,-1542,11943,52,1594
george_shepherd,Coventry City,MD,4.5,1,Arsenal,False,0,0,189,1,2026-08-21T19:00:00Z,3,0,False,0,0,0,0,0,0,0,0,0,0,0,0,0.0,0.0,0.0,0.0,0,0,0,0,0,0.00,0.00,0.00,0.00,45,0,28435,0,0
george_shepherd,Coventry City,MD,4.5,2,Hull City,True,0,0,189,13,2026-08-29T14:00:00Z,0,1,False,0,0,0,0,0,0,0,0,0,0,0,0,0.0,0.0,0.0,0.0,0,0,0,0,0,0.00,0.00,0.00,0.00,45,-2158,28459,1013,3171
george_shepherd,Coventry City,MD,4.5,3,Man City,False,0,0,189,26,2026-09-05T14:00:00Z,1,0,False,0,0,0,0,0,0,0,0,0,0,0,0,0.0,0.0,0.0,0.0,0,0,0,0,0,0.00,0.00,0.00,0.00,45,-2042,27151,1697,3739
george_shepherd,Coventry City,MD,4.5,4,Brighton,True,0,0,189,38,2026-09-13T13:00:00Z,0,5,False,0,0,0,0,0,0,0,0,0,0,0,0,0.0,0.0,0.0,0.0,0,0,0,0,0,0.00,0.00,0.00,0.00,45,-1700,25735,1302,3002
loum_tchaouna,Coventry City,MD,5.5,1,Arsenal,False,81,2,190,1,2026-08-21T19:00:00Z,3,0,False,0,0,0,3,0,0,0,0,0,0,0,11,1.8,6.0,3.0,1.1,3,5,0,8,1,0.04,0.02,0.06,1.76,55,0,12321,0,0
loum_tchaouna,Coventry City,MD,5.5,2,Hull City,True,58,1,190,13,2026-08-29T14:00:00Z,0,1,False,0,0,0,0,0,0,0,0,0,0,0,7,7.0,18.5,5.0,3.1,2,3,1,6,1,0.05,0.13,0.18,0.02,55,1311,16325,2762,1451
loum_tchaouna,Coventry City,MD,5.5,3,Man City,False,27,1,190,26,2026-09-05T14:00:00Z,1,0,False,0,0,0,0,0,0,0,0,0,0,0,9,8.2,24.8,21.0,5.4,0,1,0,1,0,0.10,0.03,0.13,0.95,55,-3624,12425,128,3752
loum_tchaouna,Coventry City,MD,5.4,4,Brighton,True,0,0,190,38,2026-09-13T13:00:00Z,0,5,False,0,0,0,0,0,0,0,0,0,0,0,0,0.0,0.0,0.0,0.0,0,0,0,0,0,0.00,0.00,0.00,0.00,54,-1390,11417,187,1577
raphael_borges rodrigues,Coventry City,MD,4.5,1,Arsenal,False,0,0,191,1,2026-08-21T19:00:00Z,3,0,False,0,0,0,0,0,0,0,0,0,0,0,0,0.0,0.0,0.0,0.0,0,0,0,0,0,0.00,0.00,0.00,0.00,45,0,16813,0,0
raphael_borges rodrigues,Coventry City,MD,4.5,2,Hull City,True,0,0,191,13,2026-08-29T14:00:00Z,0,1,False,0,0,0,0,0,0,0,0,0,0,0,0,0.0,0.0,0.0,0.0,0,0,0,0,0,0.00,0.00,0.00,0.00,45,-1193,16655,680,1873
raphael_borges rodrigues,Coventry City,MD,4.5,3,Man City,False,0,0,191,26,2026-09-05T14:00:00Z,1,0,False,0,0,0,0,0,0,0,0,0,0,0,0,0.0,0.0,0.0,0.0,0,0,0,0,0,0.00,0.00,0.00,0.00,45,-2425,14534,1263,3688
raphael_borges rodrigues,Coventry City,MD,4.5,4,Brighton,True,0,0,191,38,2026-09-13T13:00:00Z,0,5,False,0,0,0,0,0,0,0,0,0,0,0,0,0.0,0.0,0.0,0.0,0,0,0,0,0,0.00,0.00,0.00,0.00,45,-3328,11101,0,3328
kai_andrews,Coventry City,MD,4.5,1,Arsenal,False,0,0,192,1,2026-08-21T19:00:00Z,3,0,False,0,0,0,0,0,0,0,0,0,0,0,0,0.0,0.0,0.0,0.0,0,0,0,0,0,0.00,0.00,0.00,0.00,45,0,62690,0,0
kai_andrews,Coventry City,MD,4.5,2,Hull City,True,0,0,192,13,2026-08-29T14:00:00Z,0,1,False,0,0,0,0,0,0,0,0,0,0,0,0,0.0,0.0,0.0,0.0,0,0,0,0,0,0.00,0.00,0.00,0.00,45,-4618,62913,2576,7194
kai_andrews,Coventry City,MD,4.5,3,Man City,False,0,0,192,26,2026-09-05T14:00:00Z,1,0,False,0,0,0,0,0,0,0,0,0,0,0,0,0.0,0.0,0.0,0.0,0,0,0,0,0,0.00,0.00,0.00,0.00,45,-17623,44026,142,17765
kai_andrews,Coventry City,MD,4.5,4,Brighton,True,0,0,192,38,2026-09-13T13:00:00Z,0,5,False,0,0,0,0,0,0,0,0,0,0,0,0,0.0,0.0,0.0,0.0,0,0,0,0,0,0.00,0.00,0.00,0.00,45,-8343,36602,0,8343
haji_wright,Coventry City,FW,5.5,1,Arsenal,False,0,0,193,1,2026-08-21T19:00:00Z,3,0,False,0,0,0,0,0,0,0,0,0,0,0,0,0.0,0.0,0.0,0.0,0,0,0,0,0,0.00,0.00,0.00,0.00,55,0,18871,0,0
haji_wright,Coventry City,FW,5.5,2,Hull City,True,0,0,193,13,2026-08-29T14:00:00Z,0,1,False,0,0,0,0,0,0,0,0,0,0,0,0,0.0,0.0,0.0,0.0,0,0,0,0,0,0.00,0.00,0.00,0.00,55,-5318,13634,107,5425
haji_wright,Coventry City,FW,5.4,3,Man City,False,0,0,193,26,2026-09-05T14:00:00Z,1,0,False,0,0,0,0,0,0,0,0,0,0,0,0,0.0,0.0,0.0,0.0,0,0,0,0,0,0.00,0.00,0.00,0.00,54,-3102,10607,246,3348
haji_wright,Coventry City,FW,5.4,4,Brighton,True,0,0,193,38,2026-09-13T13:00:00Z,0,5,False,0,0,0,0,0,0,0,0,0,0,0,0,0.0,0.0,0.0,0.0,0,0,0,0,0,0.00,0.00,0.00,0.00,54,-1789,8935,117,1906
brandon_thomas-asante,Coventry City,FW,5.0,1,Arsenal,False,69,2,194,1,2026-08-21T19:00:00Z,3,0,False,0,0,0,3,0,0,0,0,0,0,0,9,4.6,1.1,0.0,0.6,5,1,0,6,1,0.00,0.02,0.02,1.60,50,0,66198,0,0
brandon_thomas-asante,Coventry City,FW,5.0,2,Hull City,True,32,1,194,13,2026-08-29T14:00:00Z,0,1,False,0,0,0,1,0,0,0,0,0,0,0,5,1.2,2.0,2.0,0.5,0,2,0,2,0,0.00,0.00,0.00,0.69,50,6706,83366,14594,7888
brandon_thomas-asante,Coventry City,FW,5.0,3,Man City,False,19,1,194,26,2026-09-05T14:00:00Z,1,0,False,0,0,0,0,0,0,0,0,0,0,0,6,2.2,0.3,2.0,0.5,1,2,0,3,0,0.00,0.00,0.00,0.95,50,-1110,84492,16389,17499
brandon_thomas-asante,Coventry City,FW,5.0,4,Brighton,True,17,1,194,38,2026-09-13T13:00:00Z,0,5,False,0,0,0,2,0,0,0,0,0,0,0,7,6.0,0.5,26.0,3.3,0,0,0,0,0,0.21,0.03,0.24,0.64,50,-1520,84195,11154,12674
ellis_simms,Coventry City,FW,5.0,1,Arsenal,False,69,2,195,1,2026-08-21T19:00:00Z,3,0,False,0,0,0,3,0,0,0,0,0,0,0,7,2.6,12.3,2.0,1.7,1,2,0,3,1,0.00,0.01,0.01,1.60,50,0,78607,0,0
ellis_simms,Coventry City,FW,5.0,2,Hull City,True,0,0,195,13,2026-08-29T14:00:00Z,0,1,False,0,0,0,0,0,0,0,0,0,0,0,0,0.0,0.0,0.0,0.0,0,0,0,0,0,0.00,0.00,0.00,0.00,50,10333,100916,19936,9603
ellis_simms,Coventry City,FW,5.0,3,Man City,False,19,1,195,26,2026-09-05T14:00:00Z,1,0,False,0,0,0,0,0,0,0,0,0,0,0,3,5.0,10.0,35.0,5.0,0,0,0,0,0,0.30,0.00,0.30,0.95,50,-11944,88094,10057,22001
ellis_simms,Coventry City,FW,5.0,4,Brighton,True,0,0,195,38,2026-09-13T13:00:00Z,0,5,False,0,0,0,0,0,0,0,0,0,0,0,0,0.0,0.0,0.0,0.0,0,0,0,0,0,0.00,0.00,0.00,0.00,50,-8583,81354,5606,14189
jahnoah_markelo,Coventry City,FW,5.0,1,Arsenal,False,0,0,196,1,2026-08-21T19:00:00Z,3,0,False,0,0,0,0,0,0,0,0,0,0,0,0,0.0,0.0,0.0,0.0,0,0,0,0,0,0.00,0.00,0.00,0.00,50,0,1827,0,0
jahnoah_markelo,Coventry City,FW,5.0,2,Hull City,True,0,0,196,13,2026-08-29T14:00:00Z,0,1,False,0,0,0,0,0,0,0,0,0,0,0,0,0.0,0.0,0.0,0.0,0,0,0,0,0,0.00,0.00,0.00,0.00,50,-590,1206,0,590
jahnoah_markelo,Coventry City,FW,5.0,3,Man City,False,0,0,196,26,2026-09-05T14:00:00Z,1,0,False,0,0,0,0,0,0,0,0,0,0,0,0,0.0,0.0,0.0,0.0,0,0,0,0,0,0.00,0.00,0.00,0.00,50,-296,929,0,296
jahnoah_markelo,Coventry City,FW,5.0,4,Brighton,True,0,0,196,38,2026-09-13T13:00:00Z,0,5,False,0,0,0,0,0,0,0,0,0,0,0,0,0.0,0.0,0.0,0.0,0,0,0,0,0,0.00,0.00,0.00,0.00,50,-136,803,0,136
norman_bassette,Coventry City,FW,4.5,1,Arsenal,False,0,0,197,1,2026-08-21T19:00:00Z,3,0,False,0,0,0,0,0,0,0,0,0,0,0,0,0.0,0.0,0.0,0.0,0,0,0,0,0,0.00,0.00,0.00,0.00,45,0,4620,0,0
norman_bassette,Coventry City,FW,4.5,2,Hull City,True,0,0,197,13,2026-08-29T14:00:00Z,0,1,False,0,0,0,0,0,0,0,0,0,0,0,0,0.0,0.0,0.0,0.0,0,0,0,0,0,0.00,0.00,0.00,0.00,45,-788,3783,0,788
norman_bassette,Coventry City,FW,4.5,3,Man City,False,0,0,197,26,2026-09-05T14:00:00Z,1,0,False,0,0,0,0,0,0,0,0,0,0,0,0,0.0,0.0,0.0,0.0,0,0,0,0,0,0.00,0.00,0.00,0.00,45,-548,3200,0,548
norman_bassette,Coventry City,FW,4.5,4,Brighton,True,0,0,197,38,2026-09-13T13:00:00Z,0,5,False,0,0,0,0,0,0,0,0,0,0,0,0,0.0,0.0,0.0,0.0,0,0,0,0,0,0.00,0.00,0.00,0.00,45,-350,2877,0,350
taiwo_awoniyi,Coventry City,FW,5.5,1,Arsenal,False,20,1,492,1,2026-08-21T19:00:00Z,3,0,False,0,0,0,0,0,0,0,0,0,0,0,4,0.0,1.4,0.0,0.1,0,1,0,1,0,0.00,0.00,0.00,0.29,55,0,76129,0,0
taiwo_awoniyi,Coventry City,FW,5.5,2,Hull City,True,90,2,492,13,2026-08-29T14:00:00Z,0,1,False,0,0,0,1,0,0,0,0,0,0,0,6,10.0,23.6,65.0,9.9,1,2,0,3,1,0.93,0.03,0.96,0.72,55,-639,83094,8654,9293
taiwo_awoniyi,Coventry City,FW,5.5,3,Man City,False,70,2,492,26,2026-09-05T14:00:00Z,1,0,False,0,0,0,1,0,0,0,0,0,0,0,6,3.6,10.3,3.0,1.7,2,3,0,5,1,0.31,0.00,0.31,1.17,55,-13314,69494,4842,18156
taiwo_awoniyi,Coventry City,FW,5.5,4,Brighton,True,52,-2,492,38,2026-09-13T13:00:00Z,0,5,False,0,0,0,5,0,0,0,0,1,0,0,-5,0.0,10.9,10.0,1.9,0,1,1,2,1,0.06,0.01,0.07,1.37,55,-3108,69089,7191,10299
caleb_yirenkyi,Coventry City,MD,5.0,1,Arsenal,False,61,1,575,1,2026-08-21T19:00:00Z,3,0,False,0,0,0,3,0,0,0,1,0,0,0,2,0.0,3.1,0.0,0.0,0,3,0,3,1,0.00,0.00,0.00,1.56,50,0,23536,0,0
caleb_yirenkyi,Coventry City,MD,5.0,2,Hull City,True,70,3,575,13,2026-08-29T14:00:00Z,0,1,False,0,0,1,0,0,0,0,0,0,0,0,17,9.4,16.0,7.0,3.2,3,4,0,7,1,0.03,0.13,0.16,0.02,50,-1578,23711,997,2575
caleb_yirenkyi,Coventry City,MD,5.0,3,Man City,False,27,1,575,26,2026-09-05T14:00:00Z,1,0,False,0,0,0,0,0,0,0,0,0,0,0,4,1.0,0.3,0.0,0.1,2,4,0,6,0,0.00,0.00,0.00,0.95,50,-3438,20321,778,4216
caleb_yirenkyi,Coventry City,MD,4.9,4,Brighton,True,17,1,575,38,2026-09-13T13:00:00Z,0,5,False,0,0,0,2,0,0,0,0,0,0,0,3,0.0,10.5,0.0,1.0,0,0,0,0,0,0.00,0.01,0.01,0.64,49,-2489,18325,641,3130
gustavo_hamer,Coventry City,MD,5.5,1,Arsenal,False,8,1,584,1,2026-08-21T19:00:00Z,3,0,False,0,0,0,0,0,0,0,0,0,0,0,3,0.4,0.3,0.0,0.1,0,1,0,1,0,0.00,0.00,0.00,0.13,55,0,12932,0,0
gustavo_hamer,Coventry City,MD,5.5,2,Hull City,True,19,1,584,13,2026-08-29T14:00:00Z,0,1,False,0,0,0,1,0,0,0,0,0,0,0,2,0.2,1.5,0.0,0.2,0,0,0,0,0,0.00,0.02,0.02,0.69,55,-1042,13996,386,1428
gustavo_hamer,Coventry City,MD,5.5,3,Man City,False,5,1,584,26,2026-09-05T14:00:00Z,1,0,False,0,0,0,0,0,0,0,0,0,0,0,1,0.0,0.0,0.0,0.0,0,1,1,2,0,0.00,0.00,0.00,0.00,55,-2126,11896,153,2279
gustavo_hamer,Coventry City,MD,5.4,4,Brighton,True,0,0,584,38,2026-09-13T13:00:00Z,0,5,False,0,0,0,0,0,0,0,0,0,0,0,0,0.0,0.0,0.0,0.0,0,0,0,0,0,0.00,0.00,0.00,0.00,54,-1142,10937,147,1289
sidiki_cherif,Coventry City,FW,5.0,1,Arsenal,False,0,0,599,1,2026-08-21T19:00:00Z,3,0,False,0,0,0,0,0,0,0,0,0,0,0,0,0.0,0.0,0.0,0.0,0,0,0,0,0,0.00,0.00,0.00,0.00,50,0,7348,0,0
sidiki_cherif,Coventry City,FW,5.0,2,Hull City,True,0,0,599,13,2026-08-29T14:00:00Z,0,1,False,0,0,0,0,0,0,0,0,0,0,0,0,0.0,0.0,0.0,0.0,0,0,0,0,0,0.00,0.00,0.00,0.00,50,330,9736,1724,1394
sidiki_cherif,Coventry City,FW,5.0,3,Man City,False,0,0,599,26,2026-09-05T14:00:00Z,1,0,False,0,0,0,0,0,0,0,0,0,0,0,0,0.0,0.0,0.0,0.0,0,0,0,0,0,0.00,0.00,0.00,0.00,50,-134,10406,2227,2361
sidiki_cherif,Coventry City,FW,5.0,4,Brighton,True,30,1,599,38,2026-09-13T13:00:00Z,0,5,False,0,0,0,3,0,0,0,0,0,0,0,3,1.0,0.2,0.0,0.1,1,0,0,1,0,0.00,0.00,0.00,1.43,50,-281,10369,1323,1604
dan_bentley,Coventry City,GK,4.0,2,Hull City,True,0,0,623,13,2026-08-29T14:00:00Z,0,1,False,0,0,0,0,0,0,0,0,0,0,0,0,0.0,0.0,0.0,0.0,0,0,0,0,0,0.00,0.00,0.00,0.00,40,0,0,0,0
dan_bentley,Coventry City,GK,4.0,3,Man City,False,0,0,623,26,2026-09-05T14:00:00Z,1,0,False,0,0,0,0,0,0,0,0,0,0,0,0,0.0,0.0,0.0,0.0,0,0,0,0,0,0.00,0.00,0.00,0.00,40,17253,29804,20080,2827
dan_bentley,Coventry City,GK,4.0,4,Brighton,True,0,0,623,38,2026-09-13T13:00:00Z,0,5,False,0,0,0,0,0,0,0,0,0,0,0,0,0.0,0.0,0.0,0.0,0,0,0,0,0,0.00,0.00,0.00,0.00,40,25889,56982,36983,11094
yann_gboho,Coventry City,MD,5.5,4,Brighton,True,0,0,655,38,2026-09-13T13:00:00Z,0,5,False,0,0,0,0,0,0,0,0,0,0,0,0,0.0,0.0,0.0,0.0,0,0,0,0,0,0.00,0.00,0.00,0.00,55,58,72,65,7
stephen_mfuni,Coventry City,DF,4.0,4,Brighton,True,0,0,656,38,2026-09-13T13:00:00Z,0,5,False,0,0,0,0,0,0,0,0,0,0,0,0,0.0,0.0,0.0,0.0,0,0,0,0,0,0.00,0.00,0.00,0.00,40,2544,7468,2811,267
evann_guessand,Crystal Palace,MD,5.5,1,Everton,False,27,1,42,3,2026-08-22T14:00:00Z,2,0,False,0,0,0,0,0,0,0,0,0,0,0,3,3.2,1.8,7.0,1.2,0,0,1,1,0,0.03,0.02,0.05,0.14,55,0,3238,0,0
evann_guessand,Crystal Palace,MD,5.5,2,Man City,True,27,1,42,11,2026-08-28T19:00:00Z,1,4,False,0,0,0,1,0,0,0,0,0,0,0,3,2.2,0.3,0.0,0.3,1,0,0,1,0,0.00,0.01,0.01,0.20,55,-140,4594,483,623
evann_guessand,Crystal Palace,MD,5.5,3,Fulham,False,0,0,42,24,2026-09-05T14:00:00Z,2,3,False,0,0,0,0,0,0,0,0,0,0,0,0,0.0,0.0,0.0,0.0,0,0,0,0,0,0.00,0.00,0.00,0.00,55,-422,4367,556,978
evann_guessand,Crystal Palace,MD,5.5,4,Ipswich Town,True,0,0,42,34,2026-09-12T14:00:00Z,2,3,False,0,0,0,0,0,0,0,0,0,0,0,0,0.0,0.0,0.0,0.0,0,0,0,0,0,0.00,0.00,0.00,0.00,55,-33,4659,935,968
axel_disasi,Crystal Palace,DF,4.5,1,Fulham,False,0,0,153,10,2026-08-24T19:00:00Z,2,3,False,0,0,0,0,0,0,0,0,0,0,0,0,0.0,0.0,0.0,0.0,0,0,0,0,0,0.00,0.00,0.00,0.00,45,0,5243,0,0
axel_disasi,Crystal Palace,DF,4.5,2,Man City,True,16,1,153,11,2026-08-28T19:00:00Z,1,4,False,0,0,0,1,0,0,0,0,0,0,0,-2,1.2,0.0,0.0,0.1,0,1,1,1,0,0.00,0.00,0.00,0.20,45,-323,6037,525,848
axel_disasi,Crystal Palace,DF,4.5,3,Fulham,False,90,3,153,24,2026-09-05T14:00:00Z,2,3,False,0,0,0,2,0,0,0,0,0,0,0,14,31.4,13.3,2.0,4.7,9,8,4,13,1,0.00,0.04,0.04,3.14,45,503,7480,1511,1008
axel_disasi,Crystal Palace,DF,4.5,4,Ipswich Town,True,33,-3,153,34,2026-09-12T14:00:00Z,2,3,False,0,0,0,3,0,0,0,0,1,0,0,-18,2.2,0.1,0.0,0.2,6,2,0,6,1,0.00,0.00,0.00,0.38,45,4721,14882,7208,2487
dean_henderson,Crystal Palace,GK,5.0,1,Everton,False,90,2,198,3,2026-08-22T14:00:00Z,2,0,False,0,0,0,2,0,0,0,0,0,3,0,14,28.2,0.0,0.0,2.8,3,13,0,0,1,0.00,0.00,0.00,1.12,50,0,171144,0,0
dean_henderson,Crystal Palace,GK,5.0,2,Man City,True,90,1,198,11,2026-08-28T19:00:00Z,1,4,False,0,0,0,4,0,0,0,0,0,4,0,4,30.2,0.0,0.0,3.0,2,11,0,0,1,0.00,0.00,0.00,2.21,50,-7870,182716,5904,13774
dean_henderson,Crystal Palace,GK,5.0,3,Fulham,False,90,2,198,24,2026-09-05T14:00:00Z,2,3,False,0,0,0,2,0,0,0,0,0,5,0,19,38.4,0.0,0.0,3.8,1,7,0,0,1,0.00,0.00,0.00,3.14,50,-3328,188350,15007,18335
dean_henderson,Crystal Palace,GK,5.0,4,Ipswich Town,True,0,0,198,34,2026-09-12T14:00:00Z,2,3,False,0,0,0,0,0,0,0,0,0,0,0,0,0.0,0.0,0.0,0.0,0,0,0,0,0,0.00,0.00,0.00,0.00,50,17128,234983,34005,16877
walter_benítez,Crystal Palace,GK,4.5,1,Everton,False,0,0,199,3,2026-08-22T14:00:00Z,2,0,False,0,0,0,0,0,0,0,0,0,0,0,0,0.0,0.0,0.0,0.0,0,0,0,0,0,0.00,0.00,0.00,0.00,45,0,10987,0,0
walter_benítez,Crystal Palace,GK,4.5,2,Man City,True,0,0,199,11,2026-08-28T19:00:00Z,1,4,False,0,0,0,0,0,0,0,0,0,0,0,0,0.0,0.0,0.0,0.0,0,0,0,0,0,0.00,0.00,0.00,0.00,45,-908,11403,468,1376
walter_benítez,Crystal Palace,GK,4.5,3,Fulham,False,0,0,199,24,2026-09-05T14:00:00Z,2,3,False,0,0,0,0,0,0,0,0,0,0,0,0,0.0,0.0,0.0,0.0,0,0,0,0,0,0.00,0.00,0.00,0.00,45,-646,11282,648,1294
walter_benítez,Crystal Palace,GK,4.5,4,Ipswich Town,True,90,2,199,34,2026-09-12T14:00:00Z,2,3,False,0,0,0,3,0,0,0,0,0,3,0,3,18.8,0.0,0.0,1.9,1,7,0,0,1,0.00,0.00,0.00,1.68,45,-389,11338,563,952
chris_richards,Crystal Palace,DF,5.0,1,Everton,False,90,3,202,3,2026-08-22T14:00:00Z,2,0,False,0,0,0,2,0,0,0,0,0,0,0,13,42.6,0.7,0.0,4.3,14,1,2,16,1,0.00,0.00,0.00,1.12,50,0,66477,0,0
chris_richards,Crystal Palace,DF,5.0,2,Man City,True,90,0,202,11,2026-08-28T19:00:00Z,1,4,False,0,0,0,4,0,0,0,0,0,0,0,-4,15.0,0.1,17.0,3.2,4,2,2,6,1,0.04,0.00,0.04,2.21,50,-2246,71981,4208,6454
chris_richards,Crystal Palace,DF,5.0,3,Fulham,False,90,1,202,24,2026-09-05T14:00:00Z,2,3,False,0,0,0,2,0,0,0,0,0,0,0,8,28.8,0.5,7.0,3.6,8,4,1,9,1,0.04,0.00,0.04,3.14,50,-5426,68124,5745,11171
chris_richards,Crystal Palace,DF,5.0,4,Ipswich Town,True,90,2,202,34,2026-09-12T14:00:00Z,2,3,False,0,0,0,3,0,0,0,1,0,0,0,2,22.4,5.9,0.0,2.8,12,6,1,13,1,0.00,0.06,0.06,1.68,50,497,74063,9105,8608
jaydee_canvot,Crystal Palace,DF,5.0,1,Everton,False,90,1,203,3,2026-08-22T14:00:00Z,2,0,False,0,0,0,2,0,0,0,0,0,0,0,9,27.4,5.7,5.0,3.8,4,3,4,8,1,0.05,0.01,0.06,1.12,50,0,30748,0,0
jaydee_canvot,Crystal Palace,DF,5.0,2,Man City,True,90,0,203,11,2026-08-28T19:00:00Z,1,4,False,0,0,0,4,0,0,0,0,0,0,0,-1,22.8,0.5,0.0,2.3,6,1,1,7,1,0.00,0.00,0.00,2.21,50,-3200,29914,821,4021
jaydee_canvot,Crystal Palace,DF,4.9,3,Fulham,False,90,1,203,24,2026-09-05T14:00:00Z,2,3,False,0,0,0,2,0,0,0,0,0,0,0,4,13.0,1.9,0.0,1.5,7,2,2,9,1,0.00,0.00,0.00,3.14,49,-4057,25628,1708,5765
jaydee_canvot,Crystal Palace,DF,4.9,4,Ipswich Town,True,0,0,203,34,2026-09-12T14:00:00Z,2,3,False,0,0,0,0,0,0,0,0,0,0,0,0,0.0,0.0,0.0,0.0,0,0,0,0,0,0.00,0.00,0.00,0.00,49,-1594,25690,2554,4148
tyrick_mitchell,Crystal Palace,DF,4.5,1,Everton,False,90,1,204,3,2026-08-22T14:00:00Z,2,0,False,0,0,0,2,0,0,0,0,0,0,0,9,11.6,13.8,2.0,2.7,3,4,2,5,1,0.00,0.01,0.01,1.12,45,0,580791,0,0
tyrick_mitchell,Crystal Palace,DF,4.5,2,Man City,True,90,0,204,11,2026-08-28T19:00:00Z,1,4,False,0,0,0,4,0,0,0,0,0,0,0,-8,11.6,21.6,7.0,4.0,3,1,2,5,1,0.11,0.16,0.27,2.21,45,-44374,548942,5965,50339
tyrick_mitchell,Crystal Palace,DF,4.5,3,Fulham,False,73,15,204,24,2026-09-05T14:00:00Z,2,3,False,2,0,0,2,0,0,0,0,0,0,2,31,78.0,10.7,47.0,13.6,4,2,2,6,1,0.66,0.01,0.67,2.57,45,-68532,476563,9051,77583
tyrick_mitchell,Crystal Palace,DF,4.5,4,Ipswich Town,True,76,1,204,34,2026-09-12T14:00:00Z,2,3,False,0,0,0,2,0,0,0,0,0,0,0,6,7.8,18.1,0.0,2.6,1,8,0,1,1,0.00,0.06,0.06,1.13,45,212978,768978,259738,46760
borna_sosa,Crystal Palace,DF,4.5,1,Everton,False,0,0,205,3,2026-08-22T14:00:00Z,2,0,False,0,0,0,0,0,0,0,0,0,0,0,0,0.0,0.0,0.0,0.0,0,0,0,0,0,0.00,0.00,0.00,0.00,45,0,2785,0,0
borna_sosa,Crystal Palace,DF,4.5,2,Man City,True,0,0,205,11,2026-08-28T19:00:00Z,1,4,False,0,0,0,0,0,0,0,0,0,0,0,0,0.0,0.0,0.0,0.0,0,0,0,0,0,0.00,0.00,0.00,0.00,45,-226,3040,126,352
borna_sosa,Crystal Palace,DF,4.5,3,Fulham,False,0,0,205,24,2026-09-05T14:00:00Z,2,3,False,0,0,0,0,0,0,0,0,0,0,0,0,0.0,0.0,0.0,0.0,0,0,0,0,0,0.00,0.00,0.00,0.00,45,-594,2568,110,704
borna_sosa,Crystal Palace,DF,4.5,4,Ipswich Town,True,0,0,205,34,2026-09-12T14:00:00Z,2,3,False,0,0,0,0,0,0,0,0,0,0,0,0,0.0,0.0,0.0,0.0,0,0,0,0,0,0.00,0.00,0.00,0.00,45,-639,1928,0,639
chadi_riad dnanou,Crystal Palace,DF,4.5,1,Everton,False,72,1,206,3,2026-08-22T14:00:00Z,2,0,False,0,0,0,2,0,0,0,0,0,0,0,7,12.6,1.3,0.0,1.4,6,3,1,7,1,0.00,0.01,0.01,0.98,45,0,6521,0,0
chadi_riad dnanou,Crystal Palace,DF,4.5,2,Man City,True,0,0,206,11,2026-08-28T19:00:00Z,1,4,False,0,0,0,0,0,0,0,0,0,0,0,0,0.0,0.0,0.0,0.0,0,0,0,0,0,0.00,0.00,0.00,0.00,45,-2523,4410,320,2843
chadi_riad dnanou,Crystal Palace,DF,4.4,3,Fulham,False,0,0,206,24,2026-09-05T14:00:00Z,2,3,False,0,0,0,0,0,0,0,0,0,0,0,0,0.0,0.0,0.0,0.0,0,0,0,0,0,0.00,0.00,0.00,0.00,44,-1423,3064,193,1616
chadi_riad dnanou,Crystal Palace,DF,4.4,4,Ipswich Town,True,0,0,206,34,2026-09-12T14:00:00Z,2,3,False,0,0,0,0,0,0,0,0,0,0,0,0,0.0,0.0,0.0,0.0,0,0,0,0,0,0.00,0.00,0.00,0.00,44,-651,2510,58,709
oscar_mingueza,Crystal Palace,DF,4.5,1,Everton,False,0,0,207,3,2026-08-22T14:00:00Z,2,0,False,0,0,0,0,0,0,0,0,0,0,0,0,0.0,0.0,0.0,0.0,0,0,0,0,0,0.00,0.00,0.00,0.00,45,0,7928,0,0
oscar_mingueza,Crystal Palace,DF,4.5,2,Man City,True,15,1,207,11,2026-08-28T19:00:00Z,1,4,False,0,0,0,1,0,0,0,0,0,0,0,1,2.2,0.1,0.0,0.2,0,0,1,1,0,0.00,0.00,0.00,0.20,45,-1081,7384,199,1280
oscar_mingueza,Crystal Palace,DF,4.4,3,Fulham,False,1,1,207,24,2026-09-05T14:00:00Z,2,3,False,0,0,0,0,0,0,0,0,0,0,0,4,1.0,0.3,0.0,0.1,0,1,1,1,0,0.00,0.00,0.00,0.13,44,-541,7148,770,1311
oscar_mingueza,Crystal Palace,DF,4.4,4,Ipswich Town,True,0,0,207,34,2026-09-12T14:00:00Z,2,3,False,0,0,0,0,0,0,0,0,0,0,0,0,0.0,0.0,0.0,0.0,0,0,0,0,0,0.00,0.00,0.00,0.00,44,-316,7027,691,1007
ismaïla_sarr,Crystal Palace,MD,6.5,1,Everton,False,0,0,208,3,2026-08-22T14:00:00Z,2,0,False,0,0,0,0,0,0,0,0,0,0,0,0,0.0,0.0,0.0,0.0,0,0,0,0,0,0.00,0.00,0.00,0.00,65,0,424225,0,0
ismaïla_sarr,Crystal Palace,MD,6.4,2,Man City,True,0,0,208,11,2026-08-28T19:00:00Z,1,4,False,0,0,0,0,0,0,0,0,0,0,0,0,0.0,0.0,0.0,0.0,0,0,0,0,0,0.00,0.00,0.00,0.00,64,-204476,227391,2102,206578
ismaïla_sarr,Crystal Palace,MD,6.3,3,Fulham,False,0,0,208,24,2026-09-05T14:00:00Z,2,3,False,0,0,0,0,0,0,0,0,0,0,0,0,0.0,0.0,0.0,0.0,0,0,0,0,0,0.00,0.00,0.00,0.00,63,-118099,109790,330,118429
ismaïla_sarr,Crystal Palace,MD,6.3,4,Ipswich Town,True,0,0,208,34,2026-09-12T14:00:00Z,2,3,False,0,0,0,0,0,0,0,0,0,0,0,0,0.0,0.0,0.0,0.0,0,0,0,0,0,0.00,0.00,0.00,0.00,63,-36877,77747,179,37056
adam_wharton,Crystal Palace,MD,5.5,1,Everton,False,90,4,210,3,2026-08-22T14:00:00Z,2,0,False,0,0,0,2,0,0,0,0,0,0,0,20,16.8,30.9,0.0,4.8,4,8,2,14,1,0.00,0.24,0.24,1.12,55,0,75177,0,0
adam_wharton,Crystal Palace,MD,5.5,2,Man City,True,90,2,210,11,2026-08-28T19:00:00Z,1,4,False,0,0,0,4,0,0,0,0,0,0,0,21,16.2,24.7,0.0,4.1,0,3,4,7,1,0.00,0.07,0.07,2.21,55,-1090,88998,6710,7800
adam_wharton,Crystal Palace,MD,5.5,3,Fulham,False,90,2,210,24,2026-09-05T14:00:00Z,2,3,False,0,0,0,2,0,0,0,0,0,0,0,10,14.8,2.8,2.0,2.0,7,0,1,8,1,0.00,0.01,0.01,3.14,55,-3644,89835,10076,13720
adam_wharton,Crystal Palace,MD,5.5,4,Ipswich Town,True,76,2,210,34,2026-09-12T14:00:00Z,2,3,False,0,0,0,2,0,0,0,0,0,0,0,13,5.2,11.8,3.0,2.0,1,3,1,5,1,0.08,0.04,0.12,1.13,55,-1801,91297,8794,10595
yéremy_pino santos,Crystal Palace,MD,5.5,1,Everton,False,35,1,211,3,2026-08-22T14:00:00Z,2,0,False,0,0,0,0,0,0,0,0,0,0,0,4,2.0,6.3,6.0,1.4,0,3,2,5,0,0.06,0.02,0.08,0.27,55,0,18106,0,0
yéremy_pino santos,Crystal Palace,MD,5.5,2,Man City,True,67,5,211,11,2026-08-28T19:00:00Z,1,4,False,0,1,0,3,0,0,0,0,0,0,0,27,10.8,34.2,9.0,5.4,2,6,2,10,1,0.05,0.07,0.12,2.01,55,-2144,18326,314,2458
yéremy_pino santos,Crystal Palace,MD,5.5,3,Fulham,False,88,5,211,24,2026-09-05T14:00:00Z,2,3,False,0,1,0,2,0,0,0,0,0,0,0,25,8.0,42.6,6.0,5.7,1,3,1,5,1,0.25,0.30,0.55,3.01,55,2869,22762,5451,2582
yéremy_pino santos,Crystal Palace,MD,5.5,4,Ipswich Town,True,36,1,211,34,2026-09-12T14:00:00Z,2,3,False,0,0,0,1,0,0,0,0,0,0,0,4,0.0,2.7,2.0,0.5,0,1,0,1,1,0.00,0.01,0.01,0.38,55,27655,63756,36851,9196
will_hughes,Crystal Palace,MD,4.5,1,Everton,False,0,0,212,3,2026-08-22T14:00:00Z,2,0,False,0,0,0,0,0,0,0,0,0,0,0,0,0.0,0.0,0.0,0.0,0,0,0,0,0,0.00,0.00,0.00,0.00,45,0,1093674,0,0
will_hughes,Crystal Palace,MD,4.5,2,Man City,True,0,0,212,11,2026-08-28T19:00:00Z,1,4,False,0,0,0,0,0,0,0,0,0,0,0,0,0.0,0.0,0.0,0.0,0,0,0,0,0,0.00,0.00,0.00,0.00,45,-69998,1064673,20182,90180
will_hughes,Crystal Palace,MD,4.5,3,Fulham,False,16,1,212,24,2026-09-05T14:00:00Z,2,3,False,0,0,0,0,0,0,0,0,0,0,0,3,2.4,0.3,0.0,0.3,2,1,0,3,0,0.00,0.00,0.00,0.57,45,-96023,969611,37588,133611
will_hughes,Crystal Palace,MD,4.5,4,Ipswich Town,True,13,1,212,34,2026-09-12T14:00:00Z,2,3,False,0,0,0,1,0,0,0,0,0,0,0,6,5.6,15.0,0.0,2.1,1,2,1,4,0,0.00,0.04,0.04,0.55,45,-87271,888879,26618,113889
jefferson_lerma solís,Crystal Palace,MD,5.0,1,Everton,False,0,0,213,3,2026-08-22T14:00:00Z,2,0,False,0,0,0,0,0,0,0,0,0,0,0,0,0.0,0.0,0.0,0.0,0,0,0,0,0,0.00,0.00,0.00,0.00,50,0,10665,0,0
jefferson_lerma solís,Crystal Palace,MD,5.0,2,Man City,True,0,0,213,11,2026-08-28T19:00:00Z,1,4,False,0,0,0,0,0,0,0,0,0,0,0,0,0.0,0.0,0.0,0.0,0,0,0,0,0,0.00,0.00,0.00,0.00,50,-1246,10302,204,1450
jefferson_lerma solís,Crystal Palace,MD,4.9,3,Fulham,False,0,0,213,24,2026-09-05T14:00:00Z,2,3,False,0,0,0,0,0,0,0,0,0,0,0,0,0.0,0.0,0.0,0.0,0,0,0,0,0,0.00,0.00,0.00,0.00,49,-1246,9259,496,1742
jefferson_lerma solís,Crystal Palace,MD,4.9,4,Ipswich Town,True,6,1,213,34,2026-09-12T14:00:00Z,2,3,False,0,0,0,1,0,0,0,0,0,0,0,3,2.2,0.3,0.0,0.3,1,0,0,1,0,0.00,0.00,0.00,0.48,49,-806,8598,327,1133
daichi_kamada,Crystal Palace,MD,5.0,1,Everton,False,90,3,214,3,2026-08-22T14:00:00Z,2,0,False,0,0,0,2,0,0,0,1,0,0,0,25,20.4,29.3,0.0,5.0,3,8,3,14,1,0.00,0.27,0.27,1.12,50,0,24728,0,0
daichi_kamada,Crystal Palace,MD,5.0,2,Man City,True,90,2,214,11,2026-08-28T19:00:00Z,1,4,False,0,0,0,4,0,0,0,0,0,0,0,21,17.6,2.8,7.0,2.7,1,2,6,9,1,0.05,0.02,0.07,2.21,50,-1150,27191,1944,3094
daichi_kamada,Crystal Palace,MD,5.0,3,Fulham,False,88,5,214,24,2026-09-05T14:00:00Z,2,3,False,0,1,0,2,0,0,0,0,0,0,0,21,19.6,23.2,6.0,4.9,0,4,0,4,1,0.00,0.01,0.01,3.01,50,-259,28293,4293,4552
daichi_kamada,Crystal Palace,MD,5.0,4,Ipswich Town,True,83,8,214,34,2026-09-12T14:00:00Z,2,3,False,0,2,0,2,0,0,0,0,0,0,0,30,36.2,21.9,2.0,6.0,0,0,1,1,1,0.00,0.05,0.05,1.20,50,11985,44888,18109,6124
justin_devenny,Crystal Palace,MD,5.0,1,Everton,False,0,0,215,3,2026-08-22T14:00:00Z,2,0,False,0,0,0,0,0,0,0,0,0,0,0,0,0.0,0.0,0.0,0.0,0,0,0,0,0,0.00,0.00,0.00,0.00,50,0,1134,0,0
justin_devenny,Crystal Palace,MD,5.0,2,Man City,True,0,0,215,11,2026-08-28T19:00:00Z,1,4,False,0,0,0,0,0,0,0,0,0,0,0,0,0.0,0.0,0.0,0.0,0,0,0,0,0,0.00,0.00,0.00,0.00,50,-107,1141,69,176
justin_devenny,Crystal Palace,MD,5.0,3,Fulham,False,0,0,215,24,2026-09-05T14:00:00Z,2,3,False,0,0,0,0,0,0,0,0,0,0,0,0,0.0,0.0,0.0,0.0,0,0,0,0,0,0.00,0.00,0.00,0.00,50,-275,914,63,338
justin_devenny,Crystal Palace,MD,5.0,4,Ipswich Town,True,0,0,215,34,2026-09-12T14:00:00Z,2,3,False,0,0,0,0,0,0,0,0,0,0,0,0,0.0,0.0,0.0,0.0,0,0,0,0,0,0.00,0.00,0.00,0.00,50,-276,646,0,276
romain_esse,Crystal Palace,MD,5.0,1,Everton,False,0,0,216,3,2026-08-22T14:00:00Z,2,0,False,0,0,0,0,0,0,0,0,0,0,0,0,0.0,0.0,0.0,0.0,0,0,0,0,0,0.00,0.00,0.00,0.00,50,0,3728,0,0
romain_esse,Crystal Palace,MD,5.0,2,Man City,True,0,0,216,11,2026-08-28T19:00:00Z,1,4,False,0,0,0,0,0,0,0,0,0,0,0,0,0.0,0.0,0.0,0.0,0,0,0,0,0,0.00,0.00,0.00,0.00,50,-379,3956,211,590
romain_esse,Crystal Palace,MD,5.0,3,Fulham,False,0,0,216,24,2026-09-05T14:00:00Z,2,3,False,0,0,0,0,0,0,0,0,0,0,0,0,0.0,0.0,0.0,0.0,0,0,0,0,0,0.00,0.00,0.00,0.00,50,-965,3105,188,1153
romain_esse,Crystal Palace,MD,5.0,4,Ipswich Town,True,0,0,216,34,2026-09-12T14:00:00Z,2,3,False,0,0,0,0,0,0,0,0,0,0,0,0,0.0,0.0,0.0,0.0,0,0,0,0,0,0.00,0.00,0.00,0.00,50,-963,2168,0,963
matheus_frança de oliveira,Crystal Palace,MD,5.0,1,Everton,False,0,0,217,3,2026-08-22T14:00:00Z,2,0,False,0,0,0,0,0,0,0,0,0,0,0,0,0.0,0.0,0.0,0.0,0,0,0,0,0,0.00,0.00,0.00,0.00,50,0,3157,0,0
matheus_frança de oliveira,Crystal Palace,MD,5.0,2,Man City,True,0,0,217,11,2026-08-28T19:00:00Z,1,4,False,0,0,0,0,0,0,0,0,0,0,0,0,0.0,0.0,0.0,0.0,0,0,0,0,0,0.00,0.00,0.00,0.00,50,-697,2546,17,714
matheus_frança de oliveira,Crystal Palace,MD,4.9,3,Fulham,False,0,0,217,24,2026-09-05T14:00:00Z,2,3,False,0,0,0,0,0,0,0,0,0,0,0,0,0.0,0.0,0.0,0.0,0,0,0,0,0,0.00,0.00,0.00,0.00,49,-173,2633,933,1106
matheus_frança de oliveira,Crystal Palace,MD,4.9,4,Ipswich Town,True,0,0,217,34,2026-09-12T14:00:00Z,2,3,False,0,0,0,0,0,0,0,0,0,0,0,0,0.0,0.0,0.0,0.0,0,0,0,0,0,0.00,0.00,0.00,0.00,49,-730,1885,57,787
cheick_doucouré,Crystal Palace,MD,5.0,1,Everton,False,0,0,218,3,2026-08-22T14:00:00Z,2,0,False,0,0,0,0,0,0,0,0,0,0,0,0,0.0,0.0,0.0,0.0,0,0,0,0,0,0.00,0.00,0.00,0.00,50,0,6199,0,0
cheick_doucouré,Crystal Palace,MD,5.0,2,Man City,True,0,0,218,11,2026-08-28T19:00:00Z,1,4,False,0,0,0,0,0,0,0,0,0,0,0,0,0.0,0.0,0.0,0.0,0,0,0,0,0,0.00,0.00,0.00,0.00,50,-811,6115,248,1059
cheick_doucouré,Crystal Palace,MD,4.9,3,Fulham,False,0,0,218,24,2026-09-05T14:00:00Z,2,3,False,0,0,0,0,0,0,0,0,0,0,0,0,0.0,0.0,0.0,0.0,0,0,0,0,0,0.00,0.00,0.00,0.00,49,-336,6155,984,1320
cheick_doucouré,Crystal Palace,MD,4.9,4,Ipswich Town,True,0,0,218,34,2026-09-12T14:00:00Z,2,3,False,0,0,0,0,0,0,0,0,0,0,0,0,0.0,0.0,0.0,0.0,0,0,0,0,0,0.00,0.00,0.00,0.00,49,-468,5759,470,938
jesurun_rak-sakyi,Crystal Palace,MD,5.0,1,Everton,False,0,0,219,3,2026-08-22T14:00:00Z,2,0,False,0,0,0,0,0,0,0,0,0,0,0,0,0.0,0.0,0.0,0.0,0,0,0,0,0,0.00,0.00,0.00,0.00,50,0,550,0,0
jesurun_rak-sakyi,Crystal Palace,MD,5.0,2,Man City,True,0,0,219,11,2026-08-28T19:00:00Z,1,4,False,0,0,0,0,0,0,0,0,0,0,0,0,0.0,0.0,0.0,0.0,0,0,0,0,0,0.00,0.00,0.00,0.00,50,-51,578,39,90
jesurun_rak-sakyi,Crystal Palace,MD,5.0,3,Fulham,False,0,0,219,24,2026-09-05T14:00:00Z,2,3,False,0,0,0,0,0,0,0,0,0,0,0,0,0.0,0.0,0.0,0.0,0,0,0,0,0,0.00,0.00,0.00,0.00,50,-60,553,51,111
jesurun_rak-sakyi,Crystal Palace,MD,4.9,4,Ipswich Town,True,0,0,219,34,2026-09-12T14:00:00Z,2,3,False,0,0,0,0,0,0,0,0,0,0,0,0,0.0,0.0,0.0,0.0,0,0,0,0,0,0.00,0.00,0.00,0.00,49,-85,492,55,140
rio_cardines,Crystal Palace,DF,4.5,1,Everton,False,0,0,220,3,2026-08-22T14:00:00Z,2,0,False,0,0,0,0,0,0,0,0,0,0,0,0,0.0,0.0,0.0,0.0,0,0,0,0,0,0.00,0.00,0.00,0.00,45,0,255,0,0
rio_cardines,Crystal Palace,DF,4.5,2,Man City,True,0,0,220,11,2026-08-28T19:00:00Z,1,4,False,0,0,0,0,0,0,0,0,0,0,0,0,0.0,0.0,0.0,0.0,0,0,0,0,0,0.00,0.00,0.00,0.00,45,-65,187,0,65
rio_cardines,Crystal Palace,DF,4.5,3,Fulham,False,0,0,220,24,2026-09-05T14:00:00Z,2,3,False,0,0,0,0,0,0,0,0,0,0,0,0,0.0,0.0,0.0,0.0,0,0,0,0,0,0.00,0.00,0.00,0.00,45,-39,151,0,39
rio_cardines,Crystal Palace,DF,4.5,4,Ipswich Town,True,0,0,220,34,2026-09-12T14:00:00Z,2,3,False,0,0,0,0,0,0,0,0,0,0,0,0,0.0,0.0,0.0,0.0,0,0,0,0,0,0.00,0.00,0.00,0.00,45,-13,138,0,13
joél_drakes-thomas,Crystal Palace,MD,4.5,1,Everton,False,0,0,221,3,2026-08-22T14:00:00Z,2,0,False,0,0,0,0,0,0,0,0,0,0,0,0,0.0,0.0,0.0,0.0,0,0,0,0,0,0.00,0.00,0.00,0.00,45,0,8076,0,0
joél_drakes-thomas,Crystal Palace,MD,4.5,2,Man City,True,0,0,221,11,2026-08-28T19:00:00Z,1,4,False,0,0,0,0,0,0,0,0,0,0,0,0,0.0,0.0,0.0,0.0,0,0,0,0,0,0.00,0.00,0.00,0.00,45,-589,8204,399,988
joél_drakes-thomas,Crystal Palace,MD,4.5,3,Fulham,False,0,0,221,24,2026-09-05T14:00:00Z,2,3,False,0,0,0,0,0,0,0,0,0,0,0,0,0.0,0.0,0.0,0.0,0,0,0,0,0,0.00,0.00,0.00,0.00,45,-252,8457,939,1191
joél_drakes-thomas,Crystal Palace,MD,4.5,4,Ipswich Town,True,0,0,221,34,2026-09-12T14:00:00Z,2,3,False,0,0,0,0,0,0,0,0,0,0,0,0,0.0,0.0,0.0,0.0,0,0,0,0,0,0.00,0.00,0.00,0.00,45,-226,8428,850,1076
jørgen_strand larsen,Crystal Palace,FW,6.0,1,Everton,False,27,1,222,3,2026-08-22T14:00:00Z,2,0,False,0,0,0,0,0,0,0,0,0,0,0,3,1.0,3.5,17.0,2.2,0,0,0,0,0,0.25,0.01,0.26,0.14,60,0,50940,0,0
jørgen_strand larsen,Crystal Palace,FW,6.0,2,Man City,True,62,2,222,11,2026-08-28T19:00:00Z,1,4,False,0,0,0,3,0,0,0,0,0,0,0,13,5.2,0.3,4.0,1.0,2,1,1,4,1,0.05,0.00,0.05,2.01,60,-6261,50504,1510,7771
jørgen_strand larsen,Crystal Palace,FW,6.0,3,Fulham,False,45,1,222,24,2026-09-05T14:00:00Z,2,3,False,0,0,0,0,0,0,0,0,0,0,0,4,2.4,0.8,0.0,0.3,1,3,0,4,0,0.00,0.00,0.00,1.54,60,-981,51335,7524,8505
jørgen_strand larsen,Crystal Palace,FW,6.0,4,Ipswich Town,True,83,8,222,34,2026-09-12T14:00:00Z,2,3,False,1,0,0,2,0,0,0,0,0,0,2,39,40.8,12.8,31.0,8.5,0,1,1,2,1,0.09,0.02,0.11,1.20,60,11360,71789,21000,9640
jean-philippe_mateta,Crystal Palace,FW,6.5,1,Everton,False,62,2,223,3,2026-08-22T14:00:00Z,2,0,False,0,0,0,2,0,0,0,0,0,0,0,-3,1.4,12.3,11.0,2.5,1,2,2,5,1,0.70,0.02,0.72,0.98,65,0,504100,0,0
jean-philippe_mateta,Crystal Palace,FW,6.5,2,Man City,True,0,0,223,11,2026-08-28T19:00:00Z,1,4,False,0,0,0,0,0,0,0,0,0,0,0,0,0.0,0.0,0.0,0.0,0,0,0,0,0,0.00,0.00,0.00,0.00,65,-48482,510630,23951,72433
jean-philippe_mateta,Crystal Palace,FW,6.4,3,Fulham,False,0,0,223,24,2026-09-05T14:00:00Z,2,3,False,0,0,0,0,0,0,0,0,0,0,0,0,0.0,0.0,0.0,0.0,0,0,0,0,0,0.00,0.00,0.00,0.00,64,-269301,236661,1227,270528
jean-philippe_mateta,Crystal Palace,FW,6.4,4,Ipswich Town,True,0,0,223,34,2026-09-12T14:00:00Z,2,3,False,0,0,0,0,0,0,0,0,0,0,0,0,0.0,0.0,0.0,0.0,0,0,0,0,0,0.00,0.00,0.00,0.00,64,-72649,175573,343,72992
eddie_nketiah,Crystal Palace,FW,5.5,1,Everton,False,55,1,224,3,2026-08-22T14:00:00Z,2,0,False,0,0,0,2,0,0,0,0,0,0,0,12,10.4,24.5,23.0,5.8,1,1,1,3,1,0.60,0.58,1.18,0.84,55,0,43148,0,0
eddie_nketiah,Crystal Palace,FW,5.5,2,Man City,True,67,2,224,11,2026-08-28T19:00:00Z,1,4,False,0,0,0,3,0,0,0,0,0,0,0,8,2.6,10.6,8.0,2.1,1,3,2,6,1,0.36,0.00,0.36,2.01,55,-2517,47953,3263,5780
eddie_nketiah,Crystal Palace,FW,5.5,3,Fulham,False,45,4,224,24,2026-09-05T14:00:00Z,2,3,False,0,1,0,2,0,0,0,0,0,0,0,16,21.2,10.7,19.0,5.1,0,1,1,2,1,0.14,0.00,0.14,1.60,55,3590,55843,11874,8284
eddie_nketiah,Crystal Palace,FW,5.5,4,Ipswich Town,True,0,0,224,34,2026-09-12T14:00:00Z,2,3,False,0,0,0,0,0,0,0,0,0,0,0,0,0.0,0.0,0.0,0.0,0,0,0,0,0,0.00,0.00,0.00,0.00,55,20214,81943,29818,9604
christantus_uche,Crystal Palace,FW,5.0,1,Everton,False,0,0,225,3,2026-08-22T14:00:00Z,2,0,False,0,0,0,0,0,0,0,0,0,0,0,0,0.0,0.0,0.0,0.0,0,0,0,0,0,0.00,0.00,0.00,0.00,50,0,0,0,0
christantus_uche,Crystal Palace,FW,5.0,2,Man City,True,0,0,225,11,2026-08-28T19:00:00Z,1,4,False,0,0,0,0,0,0,0,0,0,0,0,0,0.0,0.0,0.0,0.0,0,0,0,0,0,0.00,0.00,0.00,0.00,50,0,0,0,0
christantus_uche,Crystal Palace,FW,5.0,3,Fulham,False,0,0,225,24,2026-09-05T14:00:00Z,2,3,False,0,0,0,0,0,0,0,0,0,0,0,0,0.0,0.0,0.0,0.0,0,0,0,0,0,0.00,0.00,0.00,0.00,50,0,0,0,0
christantus_uche,Crystal Palace,FW,5.0,4,Ipswich Town,True,0,0,225,34,2026-09-12T14:00:00Z,2,3,False,0,0,0,0,0,0,0,0,0,0,0,0,0.0,0.0,0.0,0.0,0,0,0,0,0,0.00,0.00,0.00,0.00,50,0,0,0,0
dwight_mcneil,Crystal Palace,MD,5.5,1,Everton,False,62,2,241,3,2026-08-22T14:00:00Z,2,0,False,0,0,0,2,0,0,0,0,0,0,0,11,9.6,4.7,2.0,1.6,3,2,0,5,1,0.05,0.02,0.07,0.98,55,0,15735,0,0
dwight_mcneil,Crystal Palace,MD,5.5,2,Man City,True,22,1,241,11,2026-08-28T19:00:00Z,1,4,False,0,0,0,1,0,0,0,0,0,0,0,2,0.4,0.3,0.0,0.1,1,1,0,2,0,0.00,0.00,0.00,0.20,55,-1356,16698,472,1828
dwight_mcneil,Crystal Palace,MD,5.5,3,Fulham,False,0,0,241,24,2026-09-05T14:00:00Z,2,3,False,0,0,0,0,0,0,0,0,0,0,0,0,0.0,0.0,0.0,0.0,0,0,0,0,0,0.00,0.00,0.00,0.00,55,-1942,14863,540,2482
dwight_mcneil,Crystal Palace,MD,5.4,4,Ipswich Town,True,0,0,241,34,2026-09-12T14:00:00Z,2,3,False,0,0,0,0,0,0,0,0,0,0,0,0,0.0,0.0,0.0,0.0,0,0,0,0,0,0.00,0.00,0.00,0.00,54,-1350,13782,510,1860
remi_matthews,Crystal Palace,GK,4.0,1,Everton,False,0,0,555,3,2026-08-22T14:00:00Z,2,0,False,0,0,0,0,0,0,0,0,0,0,0,0,0.0,0.0,0.0,0.0,0,0,0,0,0,0.00,0.00,0.00,0.00,40,0,156141,0,0
remi_matthews,Crystal Palace,GK,4.0,2,Man City,True,0,0,555,11,2026-08-28T19:00:00Z,1,4,False,0,0,0,0,0,0,0,0,0,0,0,0,0.0,0.0,0.0,0.0,0,0,0,0,0,0.00,0.00,0.00,0.00,40,-290,183203,5945,6235
remi_matthews,Crystal Palace,GK,4.0,3,Fulham,False,0,0,555,24,2026-09-05T14:00:00Z,2,3,False,0,0,0,0,0,0,0,0,0,0,0,0,0.0,0.0,0.0,0.0,0,0,0,0,0,0.00,0.00,0.00,0.00,40,-1097,188559,7566,8663
remi_matthews,Crystal Palace,GK,4.0,4,Ipswich Town,True,0,0,555,34,2026-09-12T14:00:00Z,2,3,False,0,0,0,0,0,0,0,0,0,0,0,0,0.0,0.0,0.0,0.0,0,0,0,0,0,0.00,0.00,0.00,0.00,40,-2537,187175,5212,7749
takehiro_tomiyasu,Crystal Palace,DF,4.5,1,Everton,False,18,1,577,3,2026-08-22T14:00:00Z,2,0,False,0,0,0,0,0,0,0,0,0,0,0,3,2.4,2.4,0.0,0.5,1,1,0,1,0,0.00,0.01,0.01,0.14,45,0,31543,0,0
takehiro_tomiyasu,Crystal Palace,DF,4.5,2,Man City,True,73,1,577,11,2026-08-28T19:00:00Z,1,4,False,0,0,0,3,0,0,0,0,0,0,0,-3,12.6,1.3,2.0,1.6,7,3,1,8,1,0.00,0.00,0.00,2.01,45,-1838,34647,829,2667
takehiro_tomiyasu,Crystal Palace,DF,4.5,3,Fulham,False,0,0,577,24,2026-09-05T14:00:00Z,2,3,False,0,0,0,0,0,0,0,0,0,0,0,0,0.0,0.0,0.0,0.0,0,0,0,0,0,0.00,0.00,0.00,0.00,45,-2052,33461,1378,3430
takehiro_tomiyasu,Crystal Palace,DF,4.5,4,Ipswich Town,True,53,0,577,34,2026-09-12T14:00:00Z,2,3,False,0,0,0,2,0,0,0,0,0,0,0,6,10.2,1.3,4.0,1.6,4,3,1,5,0,0.00,0.01,0.01,1.29,45,-2574,31339,625,3199
anan_khalaili,Crystal Palace,DF,5.0,1,Everton,False,35,1,588,3,2026-08-22T14:00:00Z,2,0,False,0,0,0,0,0,0,0,0,0,0,0,12,24.0,26.5,4.0,5.5,5,3,4,9,0,0.00,0.16,0.16,0.27,50,0,8418,0,0
anan_khalaili,Crystal Palace,DF,5.0,2,Man City,True,74,2,588,11,2026-08-28T19:00:00Z,1,4,False,0,0,0,3,0,0,0,1,0,0,0,9,26.4,1.5,3.0,3.1,4,5,10,14,1,0.02,0.00,0.02,2.01,50,-365,10199,462,827
anan_khalaili,Crystal Palace,DF,5.0,3,Fulham,False,90,3,588,24,2026-09-05T14:00:00Z,2,3,False,0,0,0,2,0,0,0,0,0,0,0,6,21.6,2.3,8.0,3.2,7,3,3,10,1,0.72,0.01,0.73,3.14,50,2499,13924,4048,1549
anan_khalaili,Crystal Palace,DF,5.0,4,Ipswich Town,True,90,7,588,34,2026-09-12T14:00:00Z,2,3,False,1,0,0,3,0,0,0,0,0,0,0,4,40.4,16.0,31.0,8.7,3,4,2,5,1,0.22,0.14,0.36,1.68,50,17022,41054,22369,5347
zavier_gozo,Crystal Palace,MD,5.0,1,Everton,False,0,0,595,3,2026-08-22T14:00:00Z,2,0,False,0,0,0,0,0,0,0,0,0,0,0,0,0.0,0.0,0.0,0.0,0,0,0,0,0,0.00,0.00,0.00,0.00,50,0,1214,0,0
zavier_gozo,Crystal Palace,MD,5.0,2,Man City,True,22,1,595,11,2026-08-28T19:00:00Z,1,4,False,0,0,0,1,0,0,0,0,0,0,0,3,1.4,1.3,0.0,0.3,0,0,1,1,0,0.00,0.00,0.00,0.20,50,-72,1414,101,173
zavier_gozo,Crystal Palace,MD,5.0,3,Fulham,False,0,0,595,24,2026-09-05T14:00:00Z,2,3,False,0,0,0,0,0,0,0,0,0,0,0,0,0.0,0.0,0.0,0.0,0,0,0,0,0,0.00,0.00,0.00,0.00,50,-66,1444,158,224
zavier_gozo,Crystal Palace,MD,5.0,4,Ipswich Town,True,6,1,595,34,2026-09-12T14:00:00Z,2,3,False,0,0,0,1,0,0,0,0,0,0,0,3,0.0,0.3,0.0,0.0,0,0,0,0,0,0.00,0.00,0.00,0.48,50,-88,1406,110,198
honest_ahanor,Crystal Palace,DF,4.5,3,Fulham,False,0,0,633,24,2026-09-05T14:00:00Z,2,3,False,0,0,0,0,0,0,0,0,0,0,0,0,0.0,0.0,0.0,0.0,0,0,0,0,0,0.00,0.00,0.00,0.00,45,185,296,217,32
honest_ahanor,Crystal Palace,DF,4.5,4,Ipswich Town,True,90,3,633,34,2026-09-12T14:00:00Z,2,3,False,0,0,0,3,0,0,0,0,0,0,0,10,24.6,11.9,4.0,4.1,9,4,2,11,1,0.00,0.01,0.01,1.68,45,668,1153,848,180
ben_chilwell,Crystal Palace,DF,4.5,3,Fulham,False,16,7,643,24,2026-09-05T14:00:00Z,2,3,False,1,0,0,0,0,0,0,0,0,0,0,20,33.2,0.7,17.0,5.1,0,0,0,0,0,0.15,0.00,0.15,0.57,45,679,984,763,84
ben_chilwell,Crystal Palace,DF,4.5,4,Ipswich Town,True,13,1,643,34,2026-09-12T14:00:00Z,2,3,False,0,0,0,1,0,0,0,0,0,0,0,1,0.2,3.5,4.0,0.8,1,0,0,1,0,0.12,0.01,0.13,0.55,45,32853,62478,38522,5669
quinten_timber,Crystal Palace,MD,5.0,3,Fulham,False,73,2,644,24,2026-09-05T14:00:00Z,2,3,False,0,0,0,2,0,0,0,0,0,0,0,8,4.2,0.2,1.0,0.5,2,3,1,6,1,0.02,0.00,0.02,2.57,50,556,782,656,100
quinten_timber,Crystal Palace,MD,5.0,4,Ipswich Town,True,90,4,644,34,2026-09-12T14:00:00Z,2,3,False,0,0,0,3,0,0,0,0,0,0,0,24,25.2,4.9,27.0,5.7,2,6,8,16,1,0.10,0.03,0.13,1.68,50,1293,2570,1757,464
darío_osorio,Crystal Palace,MD,5.5,3,Fulham,False,1,1,647,24,2026-09-05T14:00:00Z,2,3,False,0,0,0,0,0,0,0,0,0,0,0,2,2.0,0.3,0.0,0.2,0,0,1,1,0,0.00,0.00,0.00,0.13,55,411,535,461,50
darío_osorio,Crystal Palace,MD,5.5,4,Ipswich Town,True,0,0,647,34,2026-09-12T14:00:00Z,2,3,False,0,0,0,0,0,0,0,0,0,0,0,0,0.0,0.0,0.0,0.0,0,0,0,0,0,0.00,0.00,0.00,0.00,55,263,903,378,115
christian_nørgaard,Everton,MD,5.0,1,Crystal Palace,True,0,0,21,3,2026-08-22T14:00:00Z,2,0,False,0,0,0,0,0,0,0,0,0,0,0,0,0.0,0.0,0.0,0.0,0,0,0,0,0,0.00,0.00,0.00,0.00,50,0,10920,0,0
christian_nørgaard,Everton,MD,5.0,2,Bournemouth,False,0,0,21,12,2026-08-29T14:00:00Z,1,1,False,0,0,0,0,0,0,0,0,0,0,0,0,0.0,0.0,0.0,0.0,0,0,0,0,0,0.00,0.00,0.00,0.00,50,-2764,8315,102,2866
christian_nørgaard,Everton,MD,4.9,3,Man Utd,True,0,0,21,30,2026-09-06T13:00:00Z,2,2,False,0,0,0,0,0,0,0,0,0,0,0,0,0.0,0.0,0.0,0.0,0,0,0,0,0,0.00,0.00,0.00,0.00,49,-1962,6444,209,2171
christian_nørgaard,Everton,MD,4.9,4,Spurs,False,0,0,21,37,2026-09-12T16:30:00Z,0,0,False,0,0,0,0,0,0,0,0,0,0,0,0,0.0,0.0,0.0,0.0,0,0,0,0,0,0.00,0.00,0.00,0.00,49,-1199,5295,83,1282
brennan_johnson,Everton,MD,6.0,1,Crystal Palace,True,6,1,209,3,2026-08-22T14:00:00Z,2,0,False,0,0,0,0,0,0,0,0,0,0,0,3,4.0,0.3,0.0,0.4,2,0,0,2,0,0.00,0.00,0.00,0.29,60,0,15299,0,0
brennan_johnson,Everton,MD,6.0,2,Bournemouth,False,28,1,209,12,2026-08-29T14:00:00Z,1,1,False,0,0,0,0,0,0,0,0,0,0,0,1,1.2,0.0,0.0,0.1,0,1,1,2,0,0.00,0.00,0.00,1.58,60,-1848,15402,732,2580
brennan_johnson,Everton,MD,5.9,3,Man Utd,True,65,1,209,30,2026-09-06T13:00:00Z,2,2,False,0,0,0,1,0,0,0,1,0,0,0,3,6.6,22.9,9.0,3.9,3,4,1,8,1,0.05,0.04,0.09,0.37,59,-2691,13119,786,3477
brennan_johnson,Everton,MD,5.9,4,Spurs,False,74,3,209,37,2026-09-12T16:30:00Z,0,0,False,0,0,1,0,0,0,0,0,0,0,0,13,11.2,29.0,6.0,4.6,2,2,2,6,1,0.16,0.18,0.34,0.43,59,-1128,12460,1069,2197
jordan_pickford,Everton,GK,5.5,1,Crystal Palace,True,90,7,226,3,2026-08-22T14:00:00Z,2,0,False,0,0,1,0,0,0,0,0,0,4,0,34,31.8,0.0,0.0,3.2,0,12,0,0,1,0.00,0.02,0.02,1.96,55,0,698199,0,0
jordan_pickford,Everton,GK,5.5,2,Bournemouth,False,90,3,226,12,2026-08-29T14:00:00Z,1,1,False,0,0,0,1,0,0,0,0,0,4,0,22,31.6,0.0,0.0,3.2,4,11,0,0,1,0.00,0.00,0.00,2.16,55,35349,878157,63539,28190
jordan_pickford,Everton,GK,5.5,3,Man Utd,True,90,1,226,30,2026-09-06T13:00:00Z,2,2,False,0,0,0,2,0,0,0,0,0,1,0,6,9.2,0.0,0.0,0.9,0,12,0,0,1,0.00,0.00,0.00,0.69,55,-25446,890933,56478,81924
jordan_pickford,Everton,GK,5.5,4,Spurs,False,90,6,226,37,2026-09-12T16:30:00Z,0,0,False,0,0,1,0,0,0,0,0,0,2,0,25,11.6,0.0,0.0,1.2,2,11,0,0,1,0.00,0.00,0.00,0.69,55,792,922558,69771,68979
mark_travers,Everton,GK,5.0,1,Crystal Palace,True,0,0,227,3,2026-08-22T14:00:00Z,2,0,False,0,0,0,0,0,0,0,0,0,0,0,0,0.0,0.0,0.0,0.0,0,0,0,0,0,0.00,0.00,0.00,0.00,50,0,3019,0,0
mark_travers,Everton,GK,5.0,2,Bournemouth,False,0,0,227,12,2026-08-29T14:00:00Z,1,1,False,0,0,0,0,0,0,0,0,0,0,0,0,0.0,0.0,0.0,0.0,0,0,0,0,0,0.00,0.00,0.00,0.00,50,-113,3593,290,403
mark_travers,Everton,GK,5.0,3,Man Utd,True,0,0,227,30,2026-09-06T13:00:00Z,2,2,False,0,0,0,0,0,0,0,0,0,0,0,0,0.0,0.0,0.0,0.0,0,0,0,0,0,0.00,0.00,0.00,0.00,50,-276,3563,282,558
mark_travers,Everton,GK,5.0,4,Spurs,False,0,0,227,37,2026-09-12T16:30:00Z,0,0,False,0,0,0,0,0,0,0,0,0,0,0,0,0.0,0.0,0.0,0.0,0,0,0,0,0,0.00,0.00,0.00,0.00,50,-29,3798,410,439
tom_king,Everton,GK,4.5,1,Crystal Palace,True,0,0,228,3,2026-08-22T14:00:00Z,2,0,False,0,0,0,0,0,0,0,0,0,0,0,0,0.0,0.0,0.0,0.0,0,0,0,0,0,0.00,0.00,0.00,0.00,45,0,3498,0,0
tom_king,Everton,GK,4.5,2,Bournemouth,False,0,0,228,12,2026-08-29T14:00:00Z,1,1,False,0,0,0,0,0,0,0,0,0,0,0,0,0.0,0.0,0.0,0.0,0,0,0,0,0,0.00,0.00,0.00,0.00,45,-136,4235,243,379
tom_king,Everton,GK,4.5,3,Man Utd,True,0,0,228,30,2026-09-06T13:00:00Z,2,2,False,0,0,0,0,0,0,0,0,0,0,0,0,0.0,0.0,0.0,0.0,0,0,0,0,0,0.00,0.00,0.00,0.00,45,-211,4408,303,514
tom_king,Everton,GK,4.5,4,Spurs,False,0,0,228,37,2026-09-12T16:30:00Z,0,0,False,0,0,0,0,0,0,0,0,0,0,0,0,0.0,0.0,0.0,0.0,0,0,0,0,0,0.00,0.00,0.00,0.00,45,-100,4562,278,378
james_tarkowski,Everton,DF,6.0,1,Crystal Palace,True,90,6,229,3,2026-08-22T14:00:00Z,2,0,False,0,0,1,0,0,0,0,0,0,0,0,25,15.2,0.8,4.0,2.0,8,4,1,9,1,0.05,0.00,0.05,1.96,60,0,765229,0,0
james_tarkowski,Everton,DF,6.0,2,Bournemouth,False,90,12,229,12,2026-08-29T14:00:00Z,1,1,False,1,0,0,1,0,0,0,0,0,0,2,27,54.8,11.3,19.0,8.5,9,3,1,10,1,0.10,0.01,0.11,2.16,60,5670,861719,42736,37066
james_tarkowski,Everton,DF,6.0,3,Man Utd,True,90,3,229,30,2026-09-06T13:00:00Z,2,2,False,0,0,0,2,0,0,0,0,0,0,0,11,24.4,1.0,6.0,3.1,9,3,3,12,1,0.02,0.01,0.03,0.69,60,126081,1115834,211638,85557
james_tarkowski,Everton,DF,6.0,4,Spurs,False,90,8,229,37,2026-09-12T16:30:00Z,0,0,False,0,0,1,0,0,0,0,0,0,0,2,32,19.2,1.8,0.0,2.1,3,3,5,8,1,0.00,0.01,0.01,0.69,60,71807,1237976,163569,91762
jarrad_branthwaite,Everton,DF,5.5,1,Crystal Palace,True,90,6,230,3,2026-08-22T14:00:00Z,2,0,False,0,0,1,0,0,0,0,0,0,0,0,27,18.6,0.8,6.0,2.5,6,2,2,8,1,0.00,0.01,0.01,1.96,55,0,141420,0,0
jarrad_branthwaite,Everton,DF,5.5,2,Bournemouth,False,90,4,230,12,2026-08-29T14:00:00Z,1,1,False,0,0,0,1,0,0,0,0,0,0,0,6,22.6,1.5,33.0,5.7,11,3,1,12,1,0.09,0.01,0.10,2.16,55,10185,183710,19103,8918
jarrad_branthwaite,Everton,DF,5.5,3,Man Utd,True,90,3,230,30,2026-09-06T13:00:00Z,2,2,False,0,0,0,2,0,0,0,0,0,0,0,10,41.6,0.6,34.0,7.6,10,4,1,11,1,0.08,0.00,0.08,0.69,55,-5884,182675,15501,21385
jarrad_branthwaite,Everton,DF,5.5,4,Spurs,False,90,6,230,37,2026-09-12T16:30:00Z,0,0,False,0,0,1,0,0,0,0,0,0,0,0,27,30.0,3.4,0.0,3.3,8,2,1,9,1,0.00,0.00,0.00,0.69,55,14503,206240,35472,20969
michael_keane,Everton,DF,5.0,1,Crystal Palace,True,0,0,231,3,2026-08-22T14:00:00Z,2,0,False,0,0,0,0,0,0,0,0,0,0,0,0,0.0,0.0,0.0,0.0,0,0,0,0,0,0.00,0.00,0.00,0.00,50,0,151116,0,0
michael_keane,Everton,DF,5.0,2,Bournemouth,False,0,0,231,12,2026-08-29T14:00:00Z,1,1,False,0,0,0,0,0,0,0,0,0,0,0,0,0.0,0.0,0.0,0.0,0,0,0,0,0,0.00,0.00,0.00,0.00,50,-21625,136213,3260,24885
michael_keane,Everton,DF,4.9,3,Man Utd,True,0,0,231,30,2026-09-06T13:00:00Z,2,2,False,0,0,0,0,0,0,0,0,0,0,0,0,0.0,0.0,0.0,0.0,0,0,0,0,0,0.00,0.00,0.00,0.00,49,-30710,105416,2294,33004
michael_keane,Everton,DF,4.9,4,Spurs,False,0,0,231,37,2026-09-12T16:30:00Z,0,0,False,0,0,0,0,0,0,0,0,0,0,0,0,0.0,0.0,0.0,0.0,0,0,0,0,0,0.00,0.00,0.00,0.00,49,-15433,92288,1268,16701
jake_o'brien,Everton,DF,5.0,1,Crystal Palace,True,0,0,232,3,2026-08-22T14:00:00Z,2,0,False,0,0,0,0,0,0,0,0,0,0,0,0,0.0,0.0,0.0,0.0,0,0,0,0,0,0.00,0.00,0.00,0.00,50,0,44689,0,0
jake_o'brien,Everton,DF,5.0,2,Bournemouth,False,0,0,232,12,2026-08-29T14:00:00Z,1,1,False,0,0,0,0,0,0,0,0,0,0,0,0,0.0,0.0,0.0,0.0,0,0,0,0,0,0.00,0.00,0.00,0.00,50,-6326,42208,1403,7729
jake_o'brien,Everton,DF,4.9,3,Man Utd,True,0,0,232,30,2026-09-06T13:00:00Z,2,2,False,0,0,0,0,0,0,0,0,0,0,0,0,0.0,0.0,0.0,0.0,0,0,0,0,0,0.00,0.00,0.00,0.00,49,-7511,35192,929,8440
jake_o'brien,Everton,DF,4.9,4,Spurs,False,15,1,232,37,2026-09-12T16:30:00Z,0,0,False,0,0,0,0,0,0,0,0,0,0,0,2,1.0,0.0,0.0,0.1,1,1,0,1,0,0.00,0.00,0.00,0.26,49,-3863,31964,666,4529
vitalii_mykolenko,Everton,DF,4.5,1,Crystal Palace,True,90,6,233,3,2026-08-22T14:00:00Z,2,0,False,0,0,1,0,0,0,0,0,0,0,0,27,12.8,13.8,2.0,2.9,4,4,0,4,1,0.00,0.05,0.05,1.96,45,0,134687,0,0
vitalii_mykolenko,Everton,DF,4.5,2,Bournemouth,False,90,4,233,12,2026-08-29T14:00:00Z,1,1,False,0,0,0,1,0,0,0,0,0,0,0,7,36.8,1.0,0.0,3.8,11,7,1,12,1,0.00,0.01,0.01,2.16,45,12714,164056,21784,9070
vitalii_mykolenko,Everton,DF,4.5,3,Man Utd,True,90,1,233,30,2026-09-06T13:00:00Z,2,2,False,0,0,0,2,0,0,0,0,0,0,0,8,12.8,2.5,0.0,1.5,3,4,3,6,1,0.00,0.01,0.01,0.69,45,13864,178705,40120,26256
vitalii_mykolenko,Everton,DF,4.5,4,Spurs,False,90,11,233,37,2026-09-12T16:30:00Z,0,0,False,0,0,1,0,0,0,0,0,0,0,3,38,24.4,11.3,4.0,4.0,4,4,7,11,1,0.00,0.07,0.07,0.69,45,33677,216365,70682,37005
nathan_patterson,Everton,DF,4.5,1,Crystal Palace,True,0,0,234,3,2026-08-22T14:00:00Z,2,0,False,0,0,0,0,0,0,0,0,0,0,0,0,0.0,0.0,0.0,0.0,0,0,0,0,0,0.00,0.00,0.00,0.00,45,0,2948,0,0
nathan_patterson,Everton,DF,4.5,2,Bournemouth,False,0,0,234,12,2026-08-29T14:00:00Z,1,1,False,0,0,0,0,0,0,0,0,0,0,0,0,0.0,0.0,0.0,0.0,0,0,0,0,0,0.00,0.00,0.00,0.00,45,-162,3302,207,369
nathan_patterson,Everton,DF,4.5,3,Man Utd,True,0,0,234,30,2026-09-06T13:00:00Z,2,2,False,0,0,0,0,0,0,0,0,0,0,0,0,0.0,0.0,0.0,0.0,0,0,0,0,0,0.00,0.00,0.00,0.00,45,-715,2692,164,879
nathan_patterson,Everton,DF,4.5,4,Spurs,False,0,0,234,37,2026-09-12T16:30:00Z,0,0,False,0,0,0,0,0,0,0,0,0,0,0,0,0.0,0.0,0.0,0.0,0,0,0,0,0,0.00,0.00,0.00,0.00,45,-744,1949,0,744
adam_aznou,Everton,DF,4.0,1,Crystal Palace,True,0,0,235,3,2026-08-22T14:00:00Z,2,0,False,0,0,0,0,0,0,0,0,0,0,0,0,0.0,0.0,0.0,0.0,0,0,0,0,0,0.00,0.00,0.00,0.00,40,0,16732,0,0
adam_aznou,Everton,DF,4.0,2,Bournemouth,False,0,0,235,12,2026-08-29T14:00:00Z,1,1,False,0,0,0,0,0,0,0,0,0,0,0,0,0.0,0.0,0.0,0.0,0,0,0,0,0,0.00,0.00,0.00,0.00,40,-679,18113,1009,1688
adam_aznou,Everton,DF,4.0,3,Man Utd,True,0,0,235,30,2026-09-06T13:00:00Z,2,2,False,0,0,0,0,0,0,0,0,0,0,0,0,0.0,0.0,0.0,0.0,0,0,0,0,0,0.00,0.00,0.00,0.00,40,-3462,14764,719,4181
adam_aznou,Everton,DF,4.0,4,Spurs,False,0,0,235,37,2026-09-12T16:30:00Z,0,0,False,0,0,0,0,0,0,0,0,0,0,0,0,0.0,0.0,0.0,0.0,0,0,0,0,0,0.00,0.00,0.00,0.00,40,-3078,11804,0,3078
kiernan_dewsbury-hall,Everton,MD,6.5,1,Crystal Palace,True,90,11,236,3,2026-08-22T14:00:00Z,2,0,False,1,0,1,0,0,0,0,0,0,0,3,40,42.8,28.3,27.0,9.8,1,5,2,8,1,0.12,0.17,0.29,1.92,65,0,288693,0,0
kiernan_dewsbury-hall,Everton,MD,6.5,2,Bournemouth,False,90,2,236,12,2026-08-29T14:00:00Z,1,1,False,0,0,0,1,0,0,0,0,0,0,0,24,19.4,52.3,9.0,8.1,0,7,3,10,1,0.06,0.16,0.22,2.16,65,105696,473030,132647,26951
kiernan_dewsbury-hall,Everton,MD,6.5,3,Man Utd,True,90,2,236,30,2026-09-06T13:00:00Z,2,2,False,0,0,0,2,0,0,0,0,0,0,0,20,24.0,30.0,33.0,8.7,2,5,4,11,1,0.27,0.07,0.34,0.69,65,-32072,440536,60861,92933
kiernan_dewsbury-hall,Everton,MD,6.5,4,Spurs,False,90,2,236,37,2026-09-12T16:30:00Z,0,0,False,0,0,1,0,0,0,0,1,0,0,0,16,15.0,19.0,28.0,6.2,2,4,0,6,1,0.17,0.09,0.26,0.69,65,41220,497656,141140,99920
jack_grealish,Everton,MD,6.5,1,Bournemouth,True,8,1,238,8,2026-08-23T13:00:00Z,2,1,False,0,0,0,0,0,0,0,0,0,0,0,2,1.0,0.6,0.0,0.2,0,0,1,1,0,0.00,0.00,0.00,0.00,65,0,16005,0,0
jack_grealish,Everton,MD,6.5,2,Crystal Palace,False,0,0,238,11,2026-08-28T19:00:00Z,1,4,False,0,0,0,0,0,0,0,0,0,0,0,0,0.0,0.0,0.0,0.0,0,0,0,0,0,0.00,0.00,0.00,0.00,65,-1201,21085,1202,2403
jack_grealish,Everton,MD,6.5,3,Man Utd,True,24,1,238,30,2026-09-06T13:00:00Z,2,2,False,0,0,0,1,0,0,0,0,0,0,0,8,6.0,12.3,10.0,2.8,0,0,1,1,0,0.02,0.13,0.15,0.31,65,3989,28839,9521,5532
jack_grealish,Everton,MD,6.5,4,Spurs,False,25,1,238,37,2026-09-12T16:30:00Z,0,0,False,0,0,0,0,0,0,0,0,0,0,0,4,3.4,1.2,2.0,0.7,2,1,1,4,0,0.00,0.01,0.01,0.30,65,9697,42527,16008,6311
james_garner,Everton,MD,6.0,1,Crystal Palace,True,11,1,239,3,2026-08-22T14:00:00Z,2,0,False,0,0,0,0,0,0,0,0,0,0,0,6,4.8,11.8,2.0,1.9,0,0,1,1,0,0.00,0.03,0.03,0.34,60,0,11659,0,0
james_garner,Everton,MD,6.0,2,Bournemouth,False,61,1,239,12,2026-08-29T14:00:00Z,1,1,False,0,0,0,1,0,0,0,1,0,0,0,9,3.4,1.1,0.0,0.5,0,7,3,10,1,0.00,0.00,0.00,0.58,60,-116,13621,1533,1649
james_garner,Everton,MD,6.0,3,Man Utd,True,76,2,239,30,2026-09-06T13:00:00Z,2,2,False,0,0,0,1,0,0,0,0,0,0,0,19,9.6,31.1,0.0,4.1,2,5,1,8,1,0.00,0.08,0.08,0.40,60,-336,14095,2988,3324
james_garner,Everton,MD,6.0,4,Spurs,False,90,4,239,37,2026-09-12T16:30:00Z,0,0,False,0,0,1,0,0,0,0,1,0,0,0,23,23.6,5.1,7.0,3.6,3,8,6,17,1,0.04,0.02,0.06,0.69,60,-1024,13037,2679,3703
tyrique_george,Everton,MD,5.5,1,Crystal Palace,True,83,3,242,3,2026-08-22T14:00:00Z,2,0,False,0,0,1,0,0,0,0,0,0,0,0,13,7.0,23.4,25.0,5.5,3,4,0,7,1,0.18,0.08,0.26,1.67,55,0,24527,0,0
tyrique_george,Everton,MD,5.5,2,Bournemouth,False,61,2,242,12,2026-08-29T14:00:00Z,1,1,False,0,0,0,1,0,0,0,0,0,0,0,12,6.0,12.2,16.0,3.4,0,1,1,2,1,0.05,0.01,0.06,0.58,55,-209,28043,2273,2482
tyrique_george,Everton,MD,5.5,3,Man Utd,True,90,10,242,30,2026-09-06T13:00:00Z,2,2,False,1,0,0,2,0,0,0,0,0,0,3,35,44.2,34.4,25.0,10.4,1,3,0,4,1,0.04,0.07,0.11,0.69,55,-3040,25310,1760,4800
tyrique_george,Everton,MD,5.5,4,Spurs,False,64,3,242,37,2026-09-12T16:30:00Z,0,0,False,0,0,1,0,0,0,0,0,0,0,0,13,6.4,15.4,5.0,2.7,1,2,0,3,1,0.05,0.15,0.20,0.39,55,36647,67366,50072,13425
carlos_alcaraz durán,Everton,MD,5.0,1,Crystal Palace,True,1,1,243,3,2026-08-22T14:00:00Z,2,0,False,0,0,0,0,0,0,0,0,0,0,0,7,5.0,0.3,17.0,2.2,0,2,1,3,0,0.02,0.00,0.02,0.04,50,0,8329,0,0
carlos_alcaraz durán,Everton,MD,5.0,2,Bournemouth,False,4,0,243,12,2026-08-29T14:00:00Z,1,1,False,0,0,0,0,0,0,0,1,0,0,0,-2,0.0,0.5,8.0,0.5,0,0,0,0,0,0.03,0.02,0.05,0.00,50,-385,9333,753,1138
carlos_alcaraz durán,Everton,MD,5.0,3,Man Utd,True,0,0,243,30,2026-09-06T13:00:00Z,2,2,False,0,0,0,0,0,0,0,0,0,0,0,0,0.0,0.0,0.0,0.0,0,0,0,0,0,0.00,0.00,0.00,0.00,50,-1124,8638,815,1939
carlos_alcaraz durán,Everton,MD,4.9,4,Spurs,False,0,0,243,37,2026-09-12T16:30:00Z,0,0,False,0,0,0,0,0,0,0,0,0,0,0,0,0.0,0.0,0.0,0.0,0,0,0,0,0,0.00,0.00,0.00,0.00,49,-731,8215,594,1325
harrison_armstrong,Everton,MD,5.0,1,Crystal Palace,True,90,8,244,3,2026-08-22T14:00:00Z,2,0,False,0,1,1,0,0,0,0,0,0,0,0,25,28.8,14.7,4.0,4.8,3,11,2,16,1,0.00,0.04,0.04,1.96,50,0,6793,0,0
harrison_armstrong,Everton,MD,5.0,2,Bournemouth,False,86,2,244,12,2026-08-29T14:00:00Z,1,1,False,0,0,0,1,0,0,0,0,0,0,0,12,11.2,12.3,0.0,2.4,3,3,3,9,1,0.00,0.03,0.03,2.16,50,10319,24656,12786,2467
harrison_armstrong,Everton,MD,5.0,3,Man Utd,True,90,1,244,30,2026-09-06T13:00:00Z,2,2,False,0,0,0,2,0,0,0,1,0,0,0,5,5.2,6.7,9.0,2.1,3,1,1,5,1,0.09,0.03,0.12,0.69,50,12190,41659,21368,9178
harrison_armstrong,Everton,MD,5.0,4,Spurs,False,90,3,244,37,2026-09-12T16:30:00Z,0,0,False,0,0,1,0,0,0,0,0,0,0,0,6,12.4,4.5,2.0,1.9,3,2,0,5,1,0.00,0.02,0.02,0.69,50,4105,46365,12956,8851
tyler_dibling,Everton,MD,5.5,1,Crystal Palace,True,0,0,245,3,2026-08-22T14:00:00Z,2,0,False,0,0,0,0,0,0,0,0,0,0,0,0,0.0,0.0,0.0,0.0,0,0,0,0,0,0.00,0.00,0.00,0.00,55,0,3592,0,0
tyler_dibling,Everton,MD,5.5,2,Bournemouth,False,0,0,245,12,2026-08-29T14:00:00Z,1,1,False,0,0,0,0,0,0,0,0,0,0,0,0,0.0,0.0,0.0,0.0,0,0,0,0,0,0.00,0.00,0.00,0.00,55,-550,3529,201,751
tyler_dibling,Everton,MD,5.4,3,Man Utd,True,0,0,245,30,2026-09-06T13:00:00Z,2,2,False,0,0,0,0,0,0,0,0,0,0,0,0,0.0,0.0,0.0,0.0,0,0,0,0,0,0.00,0.00,0.00,0.00,54,-512,3219,356,868
tyler_dibling,Everton,MD,5.4,4,Spurs,False,0,0,245,37,2026-09-12T16:30:00Z,0,0,False,0,0,0,0,0,0,0,0,0,0,0,0,0.0,0.0,0.0,0.0,0,0,0,0,0,0.00,0.00,0.00,0.00,54,-295,3002,210,505
merlin_röhl,Everton,MD,5.0,1,Crystal Palace,True,90,3,246,3,2026-08-22T14:00:00Z,2,0,False,0,0,1,0,0,0,0,0,0,0,0,12,13.8,13.0,2.0,2.9,2,5,2,9,1,0.00,0.06,0.06,1.96,50,0,5179,0,0
merlin_röhl,Everton,MD,5.0,2,Bournemouth,False,85,2,246,12,2026-08-29T14:00:00Z,1,1,False,0,0,0,1,0,0,0,0,0,0,0,13,8.4,2.3,0.0,1.1,2,4,3,9,1,0.00,0.01,0.01,2.16,50,-118,5759,518,636
merlin_röhl,Everton,MD,5.0,3,Man Utd,True,74,1,246,30,2026-09-06T13:00:00Z,2,2,False,0,0,0,1,0,0,0,1,0,0,0,10,4.4,16.8,0.0,2.1,2,4,0,6,1,0.00,0.13,0.13,0.40,50,-587,5345,580,1167
merlin_röhl,Everton,MD,5.0,4,Spurs,False,0,0,246,37,2026-09-12T16:30:00Z,0,0,False,0,0,0,0,0,0,0,0,0,0,0,0,0.0,0.0,0.0,0.0,0,0,0,0,0,0.00,0.00,0.00,0.00,50,-469,5016,572,1041
hayden_hackney,Everton,MD,5.5,1,Crystal Palace,True,78,3,247,3,2026-08-22T14:00:00Z,2,0,False,0,0,1,0,0,0,0,0,0,0,0,16,8.6,12.2,5.0,2.6,1,4,2,7,1,0.01,0.01,0.02,1.62,55,0,24410,0,0
hayden_hackney,Everton,MD,5.5,2,Bournemouth,False,28,1,247,12,2026-08-29T14:00:00Z,1,1,False,0,0,0,0,0,0,0,0,0,0,0,3,7.8,1.4,2.0,1.1,2,1,0,3,0,0.00,0.01,0.01,1.58,55,-2358,24628,844,3202
hayden_hackney,Everton,MD,5.5,3,Man Utd,True,15,4,247,30,2026-09-06T13:00:00Z,2,2,False,0,1,0,1,0,0,0,0,0,0,0,14,20.6,25.5,10.0,5.6,0,0,1,1,0,0.04,0.09,0.13,0.29,55,-3215,21598,499,3714
hayden_hackney,Everton,MD,5.5,4,Spurs,False,15,1,247,37,2026-09-12T16:30:00Z,0,0,False,0,0,0,0,0,0,0,0,0,0,0,3,3.2,10.8,4.0,1.8,1,0,0,1,0,0.00,0.02,0.02,0.26,55,-480,21723,1482,1962
norberto bercique_gomes betuncal,Everton,FW,5.5,1,Crystal Palace,True,11,1,248,3,2026-08-22T14:00:00Z,2,0,False,0,0,0,0,0,0,0,0,0,0,0,3,0.0,0.0,2.0,0.2,0,0,0,0,0,0.05,0.00,0.05,0.34,55,0,249740,0,0
norberto bercique_gomes betuncal,Everton,FW,5.5,2,Bournemouth,False,20,1,248,12,2026-08-29T14:00:00Z,1,1,False,0,0,0,0,0,0,0,0,0,0,0,2,3.0,0.3,3.0,0.6,1,0,0,1,0,0.04,0.00,0.04,1.58,55,-35102,227543,7709,42811
norberto bercique_gomes betuncal,Everton,FW,5.4,3,Man Utd,True,0,0,248,30,2026-09-06T13:00:00Z,2,2,False,0,0,0,0,0,0,0,0,0,0,0,0,0.0,0.0,0.0,0.0,0,0,0,0,0,0.00,0.00,0.00,0.00,54,-73618,153951,8513,82131
norberto bercique_gomes betuncal,Everton,FW,5.4,4,Spurs,False,0,0,248,37,2026-09-12T16:30:00Z,0,0,False,0,0,0,0,0,0,0,0,0,0,0,0,0.0,0.0,0.0,0.0,0,0,0,0,0,0.00,0.00,0.00,0.00,54,-62064,94922,0,62064
thierno_barry,Everton,FW,5.5,1,Crystal Palace,True,78,8,249,3,2026-08-22T14:00:00Z,2,0,False,1,0,1,0,0,0,0,0,0,0,2,37,38.0,19.0,41.0,9.8,0,2,1,3,1,0.45,0.09,0.54,1.62,55,0,117327,0,0
thierno_barry,Everton,FW,5.5,2,Bournemouth,False,69,2,249,12,2026-08-29T14:00:00Z,1,1,False,0,0,0,1,0,0,0,0,0,0,0,6,10.0,11.7,58.0,8.0,2,1,0,3,1,1.48,0.00,1.48,0.58,55,127837,352239,150265,22428
thierno_barry,Everton,FW,5.5,3,Man Utd,True,90,2,249,30,2026-09-06T13:00:00Z,2,2,False,0,0,0,2,0,0,0,0,0,0,0,7,0.2,15.0,24.0,3.9,0,4,0,4,1,0.38,0.02,0.40,0.69,55,104566,501671,195909,91343
thierno_barry,Everton,FW,5.6,4,Spurs,False,90,2,249,37,2026-09-12T16:30:00Z,0,0,False,0,0,1,0,0,0,0,0,0,0,0,5,3.2,14.0,57.0,7.4,1,1,0,2,1,0.67,0.03,0.70,0.69,56,153695,666569,273770,120075
ainsley_maitland-niles,Everton,DF,4.5,3,Man Utd,True,13,7,649,30,2026-09-06T13:00:00Z,2,2,False,1,0,0,1,0,0,0,0,0,0,0,13,33.4,0.8,7.0,4.1,0,0,0,0,0,0.03,0.00,0.03,0.29,45,431,569,559,128
ainsley_maitland-niles,Everton,DF,4.5,4,Spurs,False,74,6,649,37,2026-09-12T16:30:00Z,0,0,False,0,0,1,0,0,0,0,0,0,0,0,23,10.0,12.0,1.0,2.3,3,4,2,5,1,0.03,0.14,0.17,0.43,45,14703,30581,18405,3702
braiden_graham,Everton,MD,4.5,3,Man Utd,True,0,0,654,30,2026-09-06T13:00:00Z,2,2,False,0,0,0,0,0,0,0,0,0,0,0,0,0.0,0.0,0.0,0.0,0,0,0,0,0,0.00,0.00,0.00,0.00,45,0,0,0,0
braiden_graham,Everton,MD,4.5,4,Spurs,False,0,0,654,37,2026-09-12T16:30:00Z,0,0,False,0,0,0,0,0,0,0,0,0,0,0,0,0.0,0.0,0.0,0.0,0,0,0,0,0,0.00,0.00,0.00,0.00,45,7400,17369,9461,2061
bernd_leno,Fulham,GK,4.5,1,Chelsea,True,90,2,250,10,2026-08-24T19:00:00Z,2,3,False,0,0,0,3,0,0,0,0,0,3,0,11,29.6,0.0,0.0,3.0,1,9,0,0,1,0.00,0.00,0.00,2.24,45,0,272035,0,0
bernd_leno,Fulham,GK,4.5,2,Sunderland,False,90,3,250,19,2026-08-30T13:00:00Z,1,0,False,0,0,0,1,0,0,0,0,0,3,0,11,19.2,0.0,0.0,1.9,2,8,0,0,1,0.00,0.00,0.00,2.02,45,645,300981,12174,11529
bernd_leno,Fulham,GK,4.5,3,Crystal Palace,True,90,1,250,24,2026-09-05T14:00:00Z,2,3,False,0,0,0,3,0,0,0,0,0,2,0,8,18.8,0.0,0.0,1.9,0,8,0,0,1,0.00,0.00,0.00,1.97,45,14483,339301,41560,27077
bernd_leno,Fulham,GK,4.5,4,Liverpool,False,90,9,250,35,2026-09-12T14:00:00Z,0,0,False,0,0,1,0,0,0,0,0,0,3,2,29,25.4,0.0,0.0,2.5,1,8,0,0,1,0.00,0.00,0.00,1.28,45,-15234,308412,19790,35024
benjamin_lecomte,Fulham,GK,4.0,1,Chelsea,True,0,0,251,10,2026-08-24T19:00:00Z,2,3,False,0,0,0,0,0,0,0,0,0,0,0,0,0.0,0.0,0.0,0.0,0,0,0,0,0,0.00,0.00,0.00,0.00,40,0,107540,0,0
benjamin_lecomte,Fulham,GK,4.0,2,Sunderland,False,0,0,251,19,2026-08-30T13:00:00Z,1,0,False,0,0,0,0,0,0,0,0,0,0,0,0,0.0,0.0,0.0,0.0,0,0,0,0,0,0.00,0.00,0.00,0.00,40,-2636,117798,1492,4128
benjamin_lecomte,Fulham,GK,4.0,3,Crystal Palace,True,0,0,251,24,2026-09-05T14:00:00Z,2,3,False,0,0,0,0,0,0,0,0,0,0,0,0,0.0,0.0,0.0,0.0,0,0,0,0,0,0.00,0.00,0.00,0.00,40,1599,123475,9450,7851
benjamin_lecomte,Fulham,GK,4.0,4,Liverpool,False,0,0,251,35,2026-09-12T14:00:00Z,0,0,False,0,0,0,0,0,0,0,0,0,0,0,0,0.0,0.0,0.0,0.0,0,0,0,0,0,0.00,0.00,0.00,0.00,40,981,123844,8151,7170
alfie_mcnally,Fulham,GK,4.0,1,Chelsea,True,0,0,252,10,2026-08-24T19:00:00Z,2,3,False,0,0,0,0,0,0,0,0,0,0,0,0,0.0,0.0,0.0,0.0,0,0,0,0,0,0.00,0.00,0.00,0.00,40,0,13569,0,0
alfie_mcnally,Fulham,GK,4.0,2,Sunderland,False,0,0,252,19,2026-08-30T13:00:00Z,1,0,False,0,0,0,0,0,0,0,0,0,0,0,0,0.0,0.0,0.0,0.0,0,0,0,0,0,0.00,0.00,0.00,0.00,40,185,15794,805,620
alfie_mcnally,Fulham,GK,4.0,3,Crystal Palace,True,0,0,252,24,2026-09-05T14:00:00Z,2,3,False,0,0,0,0,0,0,0,0,0,0,0,0,0.0,0.0,0.0,0.0,0,0,0,0,0,0.00,0.00,0.00,0.00,40,-805,15288,1784,2589
alfie_mcnally,Fulham,GK,4.0,4,Liverpool,False,0,0,252,35,2026-09-12T14:00:00Z,0,0,False,0,0,0,0,0,0,0,0,0,0,0,0,0.0,0.0,0.0,0.0,0,0,0,0,0,0.00,0.00,0.00,0.00,40,-1879,13370,0,1879
joachim_andersen,Fulham,DF,5.0,1,Chelsea,True,0,0,253,10,2026-08-24T19:00:00Z,2,3,False,0,0,0,0,0,0,0,0,0,0,0,0,0.0,0.0,0.0,0.0,0,0,0,0,0,0.00,0.00,0.00,0.00,50,0,3342,0,0
joachim_andersen,Fulham,DF,5.0,2,Sunderland,False,90,1,253,19,2026-08-30T13:00:00Z,1,0,False,0,0,0,1,0,0,0,1,0,0,0,4,17.8,12.9,2.0,3.3,8,2,0,8,1,0.00,0.04,0.04,2.02,50,1684,7735,2314,630
joachim_andersen,Fulham,DF,5.0,3,Crystal Palace,True,90,1,253,24,2026-09-05T14:00:00Z,2,3,False,0,0,0,3,0,0,0,0,0,0,0,8,24.4,22.9,6.0,5.3,5,7,2,7,1,0.00,0.06,0.06,1.97,50,3704,15474,5842,2138
joachim_andersen,Fulham,DF,5.0,4,Liverpool,False,0,0,253,35,2026-09-12T14:00:00Z,0,0,False,0,0,0,0,0,0,0,0,0,0,0,0,0.0,0.0,0.0,0.0,0,0,0,0,0,0.00,0.00,0.00,0.00,50,-1378,13284,1887,3265
antonee_robinson,Fulham,DF,4.5,1,Chelsea,True,81,1,254,10,2026-08-24T19:00:00Z,2,3,False,0,0,0,3,0,0,0,0,0,0,0,4,21.6,25.2,3.0,5.0,4,5,3,7,1,0.13,0.04,0.17,2.21,45,0,148513,0,0
antonee_robinson,Fulham,DF,4.5,2,Sunderland,False,90,2,254,19,2026-08-30T13:00:00Z,1,0,False,0,0,0,1,0,0,0,0,0,0,0,10,9.8,4.6,0.0,1.4,0,2,3,3,1,0.00,0.02,0.02,2.02,45,1752,165662,11181,9429
antonee_robinson,Fulham,DF,4.5,3,Crystal Palace,True,78,1,254,24,2026-09-05T14:00:00Z,2,3,False,0,0,0,3,0,0,0,0,0,0,0,7,14.6,24.8,9.0,4.8,3,5,2,5,1,0.08,0.10,0.18,1.97,45,-2176,173615,15006,17182
antonee_robinson,Fulham,DF,4.5,4,Liverpool,False,90,6,254,35,2026-09-12T14:00:00Z,0,0,False,0,0,1,0,0,0,0,0,0,0,0,25,17.6,22.1,6.0,4.6,7,4,2,9,1,0.05,0.05,0.10,1.28,45,-21356,143996,4729,26085
jorge_cuenca barreno,Fulham,DF,4.5,1,Chelsea,True,90,3,255,10,2026-08-24T19:00:00Z,2,3,False,0,0,0,3,0,0,0,0,0,0,0,7,32.8,21.3,0.0,5.4,9,3,1,10,1,0.00,0.03,0.03,2.24,45,0,1787,0,0
jorge_cuenca barreno,Fulham,DF,4.5,2,Sunderland,False,0,0,255,19,2026-08-30T13:00:00Z,1,0,False,0,0,0,0,0,0,0,0,0,0,0,0,0.0,0.0,0.0,0.0,0,0,0,0,0,0.00,0.00,0.00,0.00,45,522,3423,781,259
jorge_cuenca barreno,Fulham,DF,4.5,3,Crystal Palace,True,0,0,255,24,2026-09-05T14:00:00Z,2,3,False,0,0,0,0,0,0,0,0,0,0,0,0,0.0,0.0,0.0,0.0,0,0,0,0,0,0.00,0.00,0.00,0.00,45,-183,3459,506,689
jorge_cuenca barreno,Fulham,DF,4.5,4,Liverpool,False,0,0,255,35,2026-09-12T14:00:00Z,0,0,False,0,0,0,0,0,0,0,0,0,0,0,0,0.0,0.0,0.0,0.0,0,0,0,0,0,0.00,0.00,0.00,0.00,45,-509,3009,104,613
kenny_tete,Fulham,DF,4.5,1,Chelsea,True,0,0,256,10,2026-08-24T19:00:00Z,2,3,False,0,0,0,0,0,0,0,0,0,0,0,0,0.0,0.0,0.0,0.0,0,0,0,0,0,0.00,0.00,0.00,0.00,45,0,24681,0,0
kenny_tete,Fulham,DF,4.5,2,Sunderland,False,0,0,256,19,2026-08-30T13:00:00Z,1,0,False,0,0,0,0,0,0,0,0,0,0,0,0,0.0,0.0,0.0,0.0,0,0,0,0,0,0.00,0.00,0.00,0.00,45,-1723,25956,338,2061
kenny_tete,Fulham,DF,4.5,3,Crystal Palace,True,0,0,256,24,2026-09-05T14:00:00Z,2,3,False,0,0,0,0,0,0,0,0,0,0,0,0,0.0,0.0,0.0,0.0,0,0,0,0,0,0.00,0.00,0.00,0.00,45,-2586,23617,430,3016
kenny_tete,Fulham,DF,4.4,4,Liverpool,False,27,0,256,35,2026-09-12T14:00:00Z,0,0,False,0,0,0,0,0,0,0,1,0,0,0,-1,1.6,0.3,2.0,0.4,3,0,0,3,0,0.00,0.00,0.00,0.65,44,-2058,21818,237,2295
calvin_bassey,Fulham,DF,4.5,1,Chelsea,True,90,0,257,10,2026-08-24T19:00:00Z,2,3,False,0,0,0,3,0,0,0,1,0,0,0,1,13.8,3.8,2.0,2.0,3,4,1,4,1,0.02,0.02,0.04,2.24,45,0,64737,0,0
calvin_bassey,Fulham,DF,4.5,2,Sunderland,False,90,2,257,19,2026-08-30T13:00:00Z,1,0,False,0,0,0,1,0,0,0,0,0,0,0,13,19.4,2.6,0.0,2.2,6,6,1,7,1,0.00,0.01,0.01,2.02,45,821,75885,6863,6042
calvin_bassey,Fulham,DF,4.5,3,Crystal Palace,True,90,1,257,24,2026-09-05T14:00:00Z,2,3,False,0,0,0,3,0,0,0,0,0,0,0,2,13.8,6.4,0.0,2.0,1,2,1,2,1,0.00,0.04,0.04,1.97,45,224,79648,8199,7975
calvin_bassey,Fulham,DF,4.5,4,Liverpool,False,90,6,257,35,2026-09-12T14:00:00Z,0,0,False,0,0,1,0,0,0,0,0,0,0,0,27,23.4,0.7,21.0,4.5,7,3,1,8,1,0.05,0.00,0.05,1.28,45,-7922,71722,2294,10216
timothy_castagne,Fulham,DF,4.5,1,Chelsea,True,90,6,258,10,2026-08-24T19:00:00Z,2,3,False,0,2,0,3,0,0,0,1,0,0,0,21,38.0,27.8,23.0,8.9,5,4,1,6,1,0.09,0.18,0.27,2.24,45,0,26346,0,0
timothy_castagne,Fulham,DF,4.5,2,Sunderland,False,67,6,258,19,2026-08-30T13:00:00Z,1,0,False,0,0,1,0,0,0,0,0,0,0,0,18,0.0,0.7,0.0,0.0,1,2,1,2,1,0.00,0.00,0.00,0.26,45,9481,45933,12096,2615
timothy_castagne,Fulham,DF,4.5,3,Crystal Palace,True,90,1,258,24,2026-09-05T14:00:00Z,2,3,False,0,0,0,3,0,0,0,0,0,0,0,-1,20.6,24.1,30.0,7.5,5,5,2,7,1,0.58,0.19,0.77,1.97,45,33375,105919,44214,10839
timothy_castagne,Fulham,DF,4.5,4,Liverpool,False,71,6,258,35,2026-09-12T14:00:00Z,0,0,False,0,0,1,0,0,0,0,0,0,0,0,23,11.2,0.8,2.0,1.4,3,3,2,5,1,0.00,0.01,0.01,0.74,45,-11458,83333,6203,17661
alex_iwobi,Fulham,MD,5.5,1,Chelsea,True,90,2,261,10,2026-08-24T19:00:00Z,2,3,False,0,0,0,3,0,0,0,0,0,0,0,17,12.4,11.3,0.0,2.4,3,6,1,10,1,0.00,0.04,0.04,2.24,55,0,88413,0,0
alex_iwobi,Fulham,MD,5.5,2,Sunderland,False,90,2,261,19,2026-08-30T13:00:00Z,1,0,False,0,0,0,1,0,0,0,0,0,0,0,20,12.0,35.5,2.0,5.0,1,2,1,4,1,0.01,0.40,0.41,2.02,55,-3301,95898,6095,9396
alex_iwobi,Fulham,MD,5.5,3,Crystal Palace,True,82,2,261,24,2026-09-05T14:00:00Z,2,3,False,0,0,0,3,0,0,0,0,0,0,0,15,7.6,23.7,11.0,4.2,0,3,1,4,1,0.04,0.26,0.30,1.97,55,-9517,88922,7354,16871
alex_iwobi,Fulham,MD,5.4,4,Liverpool,False,76,3,261,35,2026-09-12T14:00:00Z,0,0,False,0,0,1,0,0,0,0,0,0,0,0,15,7.6,33.7,10.0,5.1,0,3,1,4,1,0.15,0.11,0.26,0.81,54,-14119,75540,2396,16515
emile_smith rowe,Fulham,MD,5.5,1,Chelsea,True,0,0,262,10,2026-08-24T19:00:00Z,2,3,False,0,0,0,0,0,0,0,0,0,0,0,0,0.0,0.0,0.0,0.0,0,0,0,0,0,0.00,0.00,0.00,0.00,55,0,35036,0,0
emile_smith rowe,Fulham,MD,5.5,2,Sunderland,False,14,1,262,19,2026-08-30T13:00:00Z,1,0,False,0,0,0,0,0,0,0,0,0,0,0,5,5.2,22.8,7.0,3.5,0,1,0,1,0,0.06,0.02,0.08,0.41,55,-3334,36765,1414,4748
emile_smith rowe,Fulham,MD,5.5,3,Crystal Palace,True,11,1,262,24,2026-09-05T14:00:00Z,2,3,False,0,0,0,0,0,0,0,0,0,0,0,3,0.2,0.5,2.0,0.3,0,0,0,0,0,0.00,0.00,0.00,0.00,55,-5101,32334,1425,6526
emile_smith rowe,Fulham,MD,5.4,4,Liverpool,False,13,1,262,35,2026-09-12T14:00:00Z,0,0,False,0,0,0,0,0,0,0,0,0,0,0,3,1.2,0.5,0.0,0.2,1,1,0,2,0,0.00,0.00,0.00,0.46,54,-4117,28676,777,4894
kevin_santos lopes de macedo,Fulham,MD,5.5,1,Chelsea,True,17,1,263,10,2026-08-24T19:00:00Z,2,3,False,0,0,0,0,0,0,0,0,0,0,0,2,5.2,1.9,0.0,0.7,0,1,2,3,0,0.00,0.01,0.01,0.03,55,0,5144,0,0
kevin_santos lopes de macedo,Fulham,MD,5.5,2,Sunderland,False,7,1,263,19,2026-08-30T13:00:00Z,1,0,False,0,0,0,0,0,0,0,0,0,0,0,2,0.0,1.5,0.0,0.1,0,0,0,0,0,0.00,0.04,0.04,0.17,55,-443,5495,419,862
kevin_santos lopes de macedo,Fulham,MD,5.4,3,Crystal Palace,True,0,0,263,24,2026-09-05T14:00:00Z,2,3,False,0,0,0,0,0,0,0,0,0,0,0,0,0.0,0.0,0.0,0.0,0,0,0,0,0,0.00,0.00,0.00,0.00,54,-789,4945,553,1342
kevin_santos lopes de macedo,Fulham,MD,5.4,4,Liverpool,False,18,1,263,35,2026-09-12T14:00:00Z,0,0,False,0,0,0,0,0,0,0,0,0,0,0,4,0.2,3.3,1.0,0.5,0,2,1,3,0,0.03,0.07,0.10,0.54,54,-826,4241,236,1062
oscar_bobb,Fulham,MD,5.5,1,Chelsea,True,66,2,264,10,2026-08-24T19:00:00Z,2,3,False,0,0,0,3,0,0,0,0,0,0,0,10,9.8,13.8,6.0,3.0,1,2,3,6,1,0.00,0.26,0.26,2.21,55,0,26829,0,0
oscar_bobb,Fulham,MD,5.5,2,Sunderland,False,67,3,264,19,2026-08-30T13:00:00Z,1,0,False,0,0,1,0,0,0,0,0,0,0,0,8,7.0,12.4,6.0,2.5,1,2,2,5,1,0.00,0.01,0.01,0.26,55,1523,33606,4520,2997
oscar_bobb,Fulham,MD,5.5,3,Crystal Palace,True,78,2,264,24,2026-09-05T14:00:00Z,2,3,False,0,0,0,3,0,0,0,0,0,0,0,17,11.2,58.8,53.0,12.3,0,4,0,4,1,0.32,0.65,0.97,1.97,55,-1360,34364,4635,5995
oscar_bobb,Fulham,MD,5.5,4,Liverpool,False,62,3,264,35,2026-09-12T14:00:00Z,0,0,False,0,0,1,0,0,0,0,0,0,0,0,12,10.0,30.0,4.0,4.4,2,4,1,7,1,0.00,0.13,0.13,0.63,55,-4132,30794,2106,6238
sander_berge,Fulham,MD,5.0,1,Chelsea,True,72,2,265,10,2026-08-24T19:00:00Z,2,3,False,0,0,0,3,0,0,0,0,0,0,0,14,13.6,23.1,7.0,4.4,1,2,1,4,1,0.03,0.03,0.06,2.21,50,0,38470,0,0
sander_berge,Fulham,MD,5.0,2,Sunderland,False,82,2,265,19,2026-08-30T13:00:00Z,1,0,False,0,0,0,1,0,0,0,0,0,0,0,14,6.0,27.9,2.0,3.6,0,2,0,2,1,0.00,0.20,0.20,1.85,50,-1868,38868,1465,3333
sander_berge,Fulham,MD,5.0,3,Crystal Palace,True,29,1,265,24,2026-09-05T14:00:00Z,2,3,False,0,0,0,1,0,0,0,0,0,0,0,9,3.2,2.9,0.0,0.6,0,2,0,2,0,0.00,0.10,0.10,0.84,50,-3309,36133,1875,5184
sander_berge,Fulham,MD,4.9,4,Liverpool,False,90,3,265,35,2026-09-12T14:00:00Z,0,0,False,0,0,1,0,0,0,0,0,0,0,0,14,18.6,11.7,6.0,3.6,4,2,3,9,1,0.00,0.01,0.01,1.28,49,-4295,32007,748,5043
tom_cairney,Fulham,MD,5.0,1,Chelsea,True,0,0,266,10,2026-08-24T19:00:00Z,2,3,False,0,0,0,0,0,0,0,0,0,0,0,0,0.0,0.0,0.0,0.0,0,0,0,0,0,0.00,0.00,0.00,0.00,50,0,464,0,0
tom_cairney,Fulham,MD,5.0,2,Sunderland,False,0,0,266,19,2026-08-30T13:00:00Z,1,0,False,0,0,0,0,0,0,0,0,0,0,0,0,0.0,0.0,0.0,0.0,0,0,0,0,0,0.00,0.00,0.00,0.00,50,-103,379,12,115
tom_cairney,Fulham,MD,5.0,3,Crystal Palace,True,0,0,266,24,2026-09-05T14:00:00Z,2,3,False,0,0,0,0,0,0,0,0,0,0,0,0,0.0,0.0,0.0,0.0,0,0,0,0,0,0.00,0.00,0.00,0.00,50,-58,335,24,82
tom_cairney,Fulham,MD,5.0,4,Liverpool,False,0,0,266,35,2026-09-12T14:00:00Z,0,0,False,0,0,0,0,0,0,0,0,0,0,0,0,0.0,0.0,0.0,0.0,0,0,0,0,0,0.00,0.00,0.00,0.00,50,-3,348,50,53
josh_king,Fulham,MD,5.5,1,Chelsea,True,90,7,268,10,2026-08-24T19:00:00Z,2,3,False,1,0,0,3,0,0,0,0,0,0,0,34,41.6,15.6,41.0,9.8,2,4,2,8,1,0.17,0.04,0.21,2.24,55,0,14215,0,0
josh_king,Fulham,MD,5.5,2,Sunderland,False,90,2,268,19,2026-08-30T13:00:00Z,1,0,False,0,0,0,1,0,0,0,0,0,0,0,8,10.6,4.5,21.0,3.6,1,1,2,4,1,0.47,0.03,0.50,2.02,55,30519,59498,34683,4164
josh_king,Fulham,MD,5.5,3,Crystal Palace,True,90,10,268,24,2026-09-05T14:00:00Z,2,3,False,1,0,0,3,0,0,0,0,0,0,3,38,44.6,26.0,34.0,10.5,1,5,1,7,1,0.31,0.27,0.58,1.97,55,9662,76528,23134,13472
josh_king,Fulham,MD,5.5,4,Liverpool,False,76,3,268,35,2026-09-12T14:00:00Z,0,0,False,0,0,1,0,0,0,0,0,0,0,0,19,11.4,14.3,37.0,6.3,0,2,2,4,1,0.21,0.09,0.30,0.81,55,47115,130602,81597,34482
ryan_sessegnon,Fulham,DF,4.5,1,Chelsea,True,17,1,269,10,2026-08-24T19:00:00Z,2,3,False,0,0,0,0,0,0,0,0,0,0,0,7,6.6,0.5,19.0,2.6,1,1,0,1,0,0.03,0.00,0.03,0.03,45,0,39784,0,0
ryan_sessegnon,Fulham,DF,4.5,2,Sunderland,False,22,1,269,19,2026-08-30T13:00:00Z,1,0,False,0,0,0,1,0,0,0,0,0,0,0,3,8.6,11.0,8.0,2.8,0,1,1,1,0,0.02,0.12,0.14,1.77,45,-2055,41879,959,3014
ryan_sessegnon,Fulham,DF,4.5,3,Crystal Palace,True,11,1,269,24,2026-09-05T14:00:00Z,2,3,False,0,0,0,0,0,0,0,0,0,0,0,3,2.0,14.8,4.0,2.1,1,1,0,1,0,0.08,0.32,0.40,0.00,45,-3956,37980,887,4843
ryan_sessegnon,Fulham,DF,4.4,4,Liverpool,False,0,0,269,35,2026-09-12T14:00:00Z,0,0,False,0,0,0,0,0,0,0,0,0,0,0,0,0.0,0.0,0.0,0.0,0,0,0,0,0,0.00,0.00,0.00,0.00,44,-4182,34199,369,4551
harrison_reed,Fulham,MD,4.5,1,Chelsea,True,0,0,270,10,2026-08-24T19:00:00Z,2,3,False,0,0,0,0,0,0,0,0,0,0,0,0,0.0,0.0,0.0,0.0,0,0,0,0,0,0.00,0.00,0.00,0.00,45,0,139875,0,0
harrison_reed,Fulham,MD,4.5,2,Sunderland,False,0,0,270,19,2026-08-30T13:00:00Z,1,0,False,0,0,0,0,0,0,0,0,0,0,0,0,0.0,0.0,0.0,0.0,0,0,0,0,0,0.00,0.00,0.00,0.00,45,-8921,141446,5582,14503
harrison_reed,Fulham,MD,4.5,3,Crystal Palace,True,0,0,270,24,2026-09-05T14:00:00Z,2,3,False,0,0,0,0,0,0,0,0,0,0,0,0,0.0,0.0,0.0,0.0,0,0,0,0,0,0.00,0.00,0.00,0.00,45,-11001,132811,8075,19076
harrison_reed,Fulham,MD,4.5,4,Liverpool,False,0,0,270,35,2026-09-12T14:00:00Z,0,0,False,0,0,0,0,0,0,0,0,0,0,0,0,0.0,0.0,0.0,0.0,0,0,0,0,0,0.00,0.00,0.00,0.00,45,-12381,121271,3620,16001
rodrigo_muniz carvalho,Fulham,FW,5.5,1,Chelsea,True,8,1,271,10,2026-08-24T19:00:00Z,2,3,False,0,0,0,0,0,0,0,0,0,0,0,6,6.0,11.5,7.0,2.5,1,0,0,1,0,0.02,0.00,0.02,0.03,55,0,52452,0,0
rodrigo_muniz carvalho,Fulham,FW,5.5,2,Sunderland,False,0,0,271,19,2026-08-30T13:00:00Z,1,0,False,0,0,0,0,0,0,0,0,0,0,0,0,0.0,0.0,0.0,0.0,0,0,0,0,0,0.00,0.00,0.00,0.00,55,-4078,54718,2812,6890
rodrigo_muniz carvalho,Fulham,FW,5.5,3,Crystal Palace,True,7,1,271,24,2026-09-05T14:00:00Z,2,3,False,0,0,0,0,0,0,0,0,0,0,0,5,3.2,10.1,27.0,4.0,0,0,0,0,0,0.38,0.00,0.38,0.00,55,-6919,49384,4409,11328
rodrigo_muniz carvalho,Fulham,FW,5.4,4,Liverpool,False,13,1,271,35,2026-09-12T14:00:00Z,0,0,False,0,0,0,0,0,0,0,0,0,0,0,4,2.0,0.3,2.0,0.4,1,0,0,1,0,0.00,0.00,0.00,0.46,54,-4272,46371,3624,7896
jonah_kusi-asare,Fulham,FW,4.5,1,Chelsea,True,0,0,272,10,2026-08-24T19:00:00Z,2,3,False,0,0,0,0,0,0,0,0,0,0,0,0,0.0,0.0,0.0,0.0,0,0,0,0,0,0.00,0.00,0.00,0.00,45,0,669004,0,0
jonah_kusi-asare,Fulham,FW,4.5,2,Sunderland,False,0,0,272,19,2026-08-30T13:00:00Z,1,0,False,0,0,0,0,0,0,0,0,0,0,0,0,0.0,0.0,0.0,0.0,0,0,0,0,0,0.00,0.00,0.00,0.00,45,-20589,685336,23688,44277
jonah_kusi-asare,Fulham,FW,4.5,3,Crystal Palace,True,0,0,272,24,2026-09-05T14:00:00Z,2,3,False,0,0,0,0,0,0,0,0,0,0,0,0,0.0,0.0,0.0,0.0,0,0,0,0,0,0.00,0.00,0.00,0.00,45,-11359,689011,60586,71945
jonah_kusi-asare,Fulham,FW,4.5,4,Liverpool,False,0,0,272,35,2026-09-12T14:00:00Z,0,0,False,0,0,0,0,0,0,0,0,0,0,0,0,0.0,0.0,0.0,0.0,0,0,0,0,0,0.00,0.00,0.00,0.00,45,-45728,635399,35011,80739
gonzalo_garcía,Fulham,FW,6.0,1,Chelsea,True,90,6,569,10,2026-08-24T19:00:00Z,2,3,False,1,0,0,3,0,0,0,0,0,0,0,33,37.2,4.3,40.0,8.2,0,1,1,2,1,0.73,0.01,0.74,2.24,60,0,180799,0,0
gonzalo_garcía,Fulham,FW,6.0,2,Sunderland,False,90,2,569,19,2026-08-30T13:00:00Z,1,0,False,0,0,0,1,0,0,0,0,0,0,0,2,5.6,2.8,24.0,3.2,2,2,0,4,1,0.27,0.01,0.28,2.02,60,135011,399587,152218,17207
gonzalo_garcía,Fulham,FW,6.0,3,Crystal Palace,True,90,2,569,24,2026-09-05T14:00:00Z,2,3,False,0,0,0,3,0,0,0,0,0,0,0,10,5.8,14.0,39.0,5.9,3,3,1,7,1,0.44,0.20,0.64,1.97,60,49426,490355,128611,79185
gonzalo_garcía,Fulham,FW,6.0,4,Liverpool,False,76,2,569,35,2026-09-12T14:00:00Z,0,0,False,0,0,1,0,0,0,0,0,0,0,0,5,4.4,10.9,10.0,2.5,1,2,0,3,1,0.20,0.03,0.23,0.81,60,-70216,405535,38609,108825
césar_palacios,Fulham,MD,5.5,1,Chelsea,True,72,2,570,10,2026-08-24T19:00:00Z,2,3,False,0,0,0,3,0,0,0,0,0,0,0,10,2.8,7.3,8.0,1.8,0,2,2,4,1,0.16,0.01,0.17,2.21,55,0,18267,0,0
césar_palacios,Fulham,MD,5.5,2,Sunderland,False,75,1,570,19,2026-08-30T13:00:00Z,1,0,False,0,0,0,1,0,0,0,1,0,0,0,6,3.0,1.3,3.0,0.7,3,6,0,9,1,0.02,0.00,0.02,1.62,55,-874,20418,910,1784
césar_palacios,Fulham,MD,5.5,3,Crystal Palace,True,60,8,570,24,2026-09-05T14:00:00Z,2,3,False,1,0,0,2,0,0,0,0,0,0,1,27,33.8,13.7,51.0,9.9,0,0,0,0,1,0.80,0.02,0.82,1.14,55,-2344,18435,1012,3356
césar_palacios,Fulham,MD,5.5,4,Liverpool,False,0,0,570,35,2026-09-12T14:00:00Z,0,0,False,0,0,0,0,0,0,0,0,0,0,0,0,0.0,0.0,0.0,0.0,0,0,0,0,0,0.00,0.00,0.00,0.00,55,-683,18348,1449,2132
shea_charles,Fulham,MD,5.0,1,Chelsea,True,23,1,580,10,2026-08-24T19:00:00Z,2,3,False,0,0,0,0,0,0,0,0,0,0,0,5,3.4,1.3,0.0,0.5,0,2,1,3,0,0.00,0.00,0.00,0.03,50,0,8110,0,0
shea_charles,Fulham,MD,5.0,2,Sunderland,False,22,1,580,19,2026-08-30T13:00:00Z,1,0,False,0,0,0,1,0,0,0,0,0,0,0,2,0.6,2.8,6.0,0.9,1,1,0,2,0,0.09,0.03,0.12,1.77,50,-449,8645,359,808
shea_charles,Fulham,MD,5.0,3,Crystal Palace,True,78,2,580,24,2026-09-05T14:00:00Z,2,3,False,0,0,0,3,0,0,0,0,0,0,0,18,12.4,35.2,8.0,5.6,3,8,0,11,1,0.00,0.09,0.09,1.97,50,-910,7900,334,1244
shea_charles,Fulham,MD,5.0,4,Liverpool,False,90,5,580,35,2026-09-12T14:00:00Z,0,0,False,0,0,1,0,0,0,0,0,0,0,0,19,29.0,3.4,0.0,3.2,8,8,1,17,1,0.00,0.02,0.02,1.28,50,-636,7397,295,931
luc_de fougerolles,Fulham,DF,4.0,1,Chelsea,True,0,0,610,10,2026-08-24T19:00:00Z,2,3,False,0,0,0,0,0,0,0,0,0,0,0,0,0.0,0.0,0.0,0.0,0,0,0,0,0,0.00,0.00,0.00,0.00,40,0,0,0,0
luc_de fougerolles,Fulham,DF,4.0,2,Sunderland,False,0,0,610,19,2026-08-30T13:00:00Z,1,0,False,0,0,0,0,0,0,0,0,0,0,0,0,0.0,0.0,0.0,0.0,0,0,0,0,0,0.00,0.00,0.00,0.00,40,2577,7950,3051,474
luc_de fougerolles,Fulham,DF,4.0,3,Crystal Palace,True,0,0,610,24,2026-09-05T14:00:00Z,2,3,False,0,0,0,0,0,0,0,0,0,0,0,0,0.0,0.0,0.0,0.0,0,0,0,0,0,0.00,0.00,0.00,0.00,40,382,11771,2221,1839
luc_de fougerolles,Fulham,DF,4.0,4,Liverpool,False,0,0,610,35,2026-09-12T14:00:00Z,0,0,False,0,0,0,0,0,0,0,0,0,0,0,0,0.0,0.0,0.0,0.0,0,0,0,0,0,0.00,0.00,0.00,0.00,40,-750,9207,515,1265
macaulay_zepa,Fulham,MD,4.5,2,Sunderland,False,0,0,626,19,2026-08-30T13:00:00Z,1,0,False,0,0,0,0,0,0,0,0,0,0,0,0,0.0,0.0,0.0,0.0,0,0,0,0,0,0.00,0.00,0.00,0.00,45,0,0,0,0
macaulay_zepa,Fulham,MD,4.5,3,Crystal Palace,True,0,0,626,24,2026-09-05T14:00:00Z,2,3,False,0,0,0,0,0,0,0,0,0,0,0,0,0.0,0.0,0.0,0.0,0,0,0,0,0,0.00,0.00,0.00,0.00,45,17179,40392,22010,4831
macaulay_zepa,Fulham,MD,4.5,4,Liverpool,False,0,0,626,35,2026-09-12T14:00:00Z,0,0,False,0,0,0,0,0,0,0,0,0,0,0,0,0.0,0.0,0.0,0.0,0,0,0,0,0,0.00,0.00,0.00,0.00,45,4635,39436,11161,6526
hugo_larsson,Fulham,MD,5.0,3,Crystal Palace,True,11,1,635,24,2026-09-05T14:00:00Z,2,3,False,0,0,0,0,0,0,0,0,0,0,0,3,3.6,1.3,9.0,1.4,0,0,1,1,0,0.13,0.22,0.35,0.00,50,261,322,288,27
hugo_larsson,Fulham,MD,5.0,4,Liverpool,False,13,1,635,35,2026-09-12T14:00:00Z,0,0,False,0,0,0,0,0,0,0,0,0,0,0,3,0.0,0.5,0.0,0.1,0,1,0,1,0,0.00,0.01,0.01,0.46,50,185,614,266,81
manuel ángel_morán ibáñez,Fulham,MD,5.0,3,Crystal Palace,True,0,0,636,24,2026-09-05T14:00:00Z,2,3,False,0,0,0,0,0,0,0,0,0,0,0,0,0.0,0.0,0.0,0.0,0,0,0,0,0,0.00,0.00,0.00,0.00,50,106,151,120,14
manuel ángel_morán ibáñez,Fulham,MD,5.0,4,Liverpool,False,0,0,636,35,2026-09-12T14:00:00Z,0,0,False,0,0,0,0,0,0,0,0,0,0,0,0,0.0,0.0,0.0,0.0,0,0,0,0,0,0.00,0.00,0.00,0.00,50,79,306,133,54
david_affengruber,Fulham,DF,4.5,3,Crystal Palace,True,0,0,650,24,2026-09-05T14:00:00Z,2,3,False,0,0,0,0,0,0,0,0,0,0,0,0,0.0,0.0,0.0,0.0,0,0,0,0,0,0.00,0.00,0.00,0.00,45,177,317,204,27
david_affengruber,Fulham,DF,4.5,4,Liverpool,False,90,8,650,35,2026-09-12T14:00:00Z,0,0,False,0,0,1,0,0,0,0,0,0,0,0,23,18.6,3.3,0.0,2.2,11,3,1,12,1,0.00,0.00,0.00,1.28,45,172,573,274,102
tim_iroegbunam,Hull City,MD,5.0,1,Crystal Palace,True,0,0,240,3,2026-08-22T14:00:00Z,2,0,False,0,0,0,0,0,0,0,0,0,0,0,0,0.0,0.0,0.0,0.0,0,0,0,0,0,0.00,0.00,0.00,0.00,50,0,1417,0,0
tim_iroegbunam,Hull City,MD,5.0,2,Bournemouth,False,4,1,240,12,2026-08-29T14:00:00Z,1,1,False,0,0,0,0,0,0,0,0,0,0,0,2,0.0,0.0,0.0,0.0,0,0,0,0,0,0.00,0.00,0.00,0.00,50,-327,1093,21,348
tim_iroegbunam,Hull City,MD,5.0,3,Aston Villa,True,0,0,240,25,2026-09-05T16:30:00Z,0,0,False,0,0,0,0,0,0,0,0,0,0,0,0,0.0,0.0,0.0,0.0,0,0,0,0,0,0.00,0.00,0.00,0.00,50,122,1385,309,187
tim_iroegbunam,Hull City,MD,5.0,4,Chelsea,False,21,0,240,33,2026-09-12T14:00:00Z,2,2,False,0,0,0,0,0,0,0,1,0,0,0,2,3.0,0.2,0.0,0.3,1,0,1,2,0,0.00,0.00,0.00,0.35,50,128,1598,334,206
dillon_phillips,Hull City,GK,4.0,1,Man Utd,True,0,0,273,4,2026-08-22T11:30:00Z,2,0,False,0,0,0,0,0,0,0,0,0,0,0,0,0.0,0.0,0.0,0.0,0,0,0,0,0,0.00,0.00,0.00,0.00,40,0,138196,0,0
dillon_phillips,Hull City,GK,4.0,2,Coventry City,False,0,0,273,13,2026-08-29T14:00:00Z,0,1,False,0,0,0,0,0,0,0,0,0,0,0,0,0.0,0.0,0.0,0.0,0,0,0,0,0,0.00,0.00,0.00,0.00,40,-3979,150763,3115,7094
dillon_phillips,Hull City,GK,4.0,3,Aston Villa,True,0,0,273,25,2026-09-05T16:30:00Z,0,0,False,0,0,0,0,0,0,0,0,0,0,0,0,0.0,0.0,0.0,0.0,0,0,0,0,0,0.00,0.00,0.00,0.00,40,-1922,154754,9318,11240
dillon_phillips,Hull City,GK,4.0,4,Chelsea,False,0,0,273,33,2026-09-12T14:00:00Z,2,2,False,0,0,0,0,0,0,0,0,0,0,0,0,0.0,0.0,0.0,0.0,0,0,0,0,0,0.00,0.00,0.00,0.00,40,-1217,154407,8596,9813
jack_butland,Hull City,GK,4.5,1,Man Utd,True,0,0,274,4,2026-08-22T11:30:00Z,2,0,False,0,0,0,0,0,0,0,0,0,0,0,0,0.0,0.0,0.0,0.0,0,0,0,0,0,0.00,0.00,0.00,0.00,45,0,11096,0,0
jack_butland,Hull City,GK,4.5,2,Coventry City,False,0,0,274,13,2026-08-29T14:00:00Z,0,1,False,0,0,0,0,0,0,0,0,0,0,0,0,0.0,0.0,0.0,0.0,0,0,0,0,0,0.00,0.00,0.00,0.00,45,-1614,9646,124,1738
jack_butland,Hull City,GK,4.5,3,Aston Villa,True,0,0,274,25,2026-09-05T16:30:00Z,0,0,False,0,0,0,0,0,0,0,0,0,0,0,0,0.0,0.0,0.0,0.0,0,0,0,0,0,0.00,0.00,0.00,0.00,45,-1301,8463,166,1467
jack_butland,Hull City,GK,4.5,4,Chelsea,False,0,0,274,33,2026-09-12T14:00:00Z,2,2,False,0,0,0,0,0,0,0,0,0,0,0,0,0.0,0.0,0.0,0.0,0,0,0,0,0,0.00,0.00,0.00,0.00,45,-669,7924,170,839
harvey_cartwright,Hull City,GK,4.0,1,Man Utd,True,0,0,275,4,2026-08-22T11:30:00Z,2,0,False,0,0,0,0,0,0,0,0,0,0,0,0,0.0,0.0,0.0,0.0,0,0,0,0,0,0.00,0.00,0.00,0.00,40,0,1022,0,0
harvey_cartwright,Hull City,GK,4.0,2,Coventry City,False,0,0,275,13,2026-08-29T14:00:00Z,0,1,False,0,0,0,0,0,0,0,0,0,0,0,0,0.0,0.0,0.0,0.0,0,0,0,0,0,0.00,0.00,0.00,0.00,40,-111,909,0,111
harvey_cartwright,Hull City,GK,4.0,3,Aston Villa,True,0,0,275,25,2026-09-05T16:30:00Z,0,0,False,0,0,0,0,0,0,0,0,0,0,0,0,0.0,0.0,0.0,0.0,0,0,0,0,0,0.00,0.00,0.00,0.00,40,-83,816,0,83
harvey_cartwright,Hull City,GK,4.0,4,Chelsea,False,0,0,275,33,2026-09-12T14:00:00Z,2,2,False,0,0,0,0,0,0,0,0,0,0,0,0,0.0,0.0,0.0,0.0,0,0,0,0,0,0.00,0.00,0.00,0.00,40,-67,751,0,67
thimothée_lo-tutala,Hull City,GK,4.0,1,Man Utd,True,0,0,276,4,2026-08-22T11:30:00Z,2,0,False,0,0,0,0,0,0,0,0,0,0,0,0,0.0,0.0,0.0,0.0,0,0,0,0,0,0.00,0.00,0.00,0.00,40,0,3519,0,0
thimothée_lo-tutala,Hull City,GK,4.0,2,Coventry City,False,0,0,276,13,2026-08-29T14:00:00Z,0,1,False,0,0,0,0,0,0,0,0,0,0,0,0,0.0,0.0,0.0,0.0,0,0,0,0,0,0.00,0.00,0.00,0.00,40,-383,3116,0,383
thimothée_lo-tutala,Hull City,GK,4.0,3,Aston Villa,True,0,0,276,25,2026-09-05T16:30:00Z,0,0,False,0,0,0,0,0,0,0,0,0,0,0,0,0.0,0.0,0.0,0.0,0,0,0,0,0,0.00,0.00,0.00,0.00,40,-272,2831,0,272
thimothée_lo-tutala,Hull City,GK,4.0,4,Chelsea,False,0,0,276,33,2026-09-12T14:00:00Z,2,2,False,0,0,0,0,0,0,0,0,0,0,0,0,0.0,0.0,0.0,0.0,0,0,0,0,0,0.00,0.00,0.00,0.00,40,-204,2640,0,204
john_egan,Hull City,DF,4.0,1,Man Utd,True,90,8,277,4,2026-08-22T11:30:00Z,2,0,False,0,0,1,0,0,0,0,0,0,0,0,27,43.4,0.1,2.0,4.6,20,3,1,21,1,0.00,0.00,0.00,1.83,40,0,134746,0,0
john_egan,Hull City,DF,4.0,2,Coventry City,False,90,9,277,13,2026-08-29T14:00:00Z,0,1,False,0,0,1,0,0,0,0,0,0,0,1,25,23.8,0.4,0.0,2.4,12,1,1,13,1,0.00,0.00,0.00,1.29,40,31730,197783,42937,11207
john_egan,Hull City,DF,4.0,3,Aston Villa,True,90,6,277,25,2026-09-05T16:30:00Z,0,0,False,0,0,1,0,0,0,0,0,0,0,0,18,15.4,0.1,0.0,1.6,4,1,3,7,1,0.00,0.00,0.00,1.93,40,278040,623541,335706,57666
john_egan,Hull City,DF,4.1,4,Chelsea,False,90,2,277,33,2026-09-12T14:00:00Z,2,2,False,0,0,0,2,0,0,0,1,0,0,0,-1,14.2,0.5,6.0,2.1,12,6,2,14,1,0.04,0.00,0.04,0.91,41,150184,688208,223735,73551
charlie_hughes,Hull City,DF,4.0,1,Man Utd,True,0,0,278,4,2026-08-22T11:30:00Z,2,0,False,0,0,0,0,0,0,0,0,0,0,0,0,0.0,0.0,0.0,0.0,0,0,0,0,0,0.00,0.00,0.00,0.00,40,0,12660,0,0
charlie_hughes,Hull City,DF,4.0,2,Coventry City,False,0,0,278,13,2026-08-29T14:00:00Z,0,1,False,0,0,0,0,0,0,0,0,0,0,0,0,0.0,0.0,0.0,0.0,0,0,0,0,0,0.00,0.00,0.00,0.00,40,-2221,10606,99,2320
charlie_hughes,Hull City,DF,4.0,3,Aston Villa,True,0,0,278,25,2026-09-05T16:30:00Z,0,0,False,0,0,0,0,0,0,0,0,0,0,0,0,0.0,0.0,0.0,0.0,0,0,0,0,0,0.00,0.00,0.00,0.00,40,-1682,9038,138,1820
charlie_hughes,Hull City,DF,4.0,4,Chelsea,False,0,0,278,33,2026-09-12T14:00:00Z,2,2,False,0,0,0,0,0,0,0,0,0,0,0,0,0.0,0.0,0.0,0.0,0,0,0,0,0,0.00,0.00,0.00,0.00,40,-1016,8103,174,1190
semi_ajayi,Hull City,DF,4.0,1,Man Utd,True,63,14,279,4,2026-08-22T11:30:00Z,2,0,False,1,0,1,0,0,0,0,0,0,0,2,39,44.2,0.2,35.0,7.9,7,3,0,7,1,0.52,0.00,0.52,0.86,40,0,83256,0,0
semi_ajayi,Hull City,DF,4.0,2,Coventry City,False,90,6,279,13,2026-08-29T14:00:00Z,0,1,False,0,0,1,0,0,0,0,0,0,0,0,24,15.6,0.8,0.0,1.6,5,5,2,7,1,0.00,0.00,0.00,1.29,40,63813,200860,79406,15593
semi_ajayi,Hull City,DF,4.1,3,Aston Villa,True,90,5,279,25,2026-09-05T16:30:00Z,0,0,False,0,0,1,0,0,0,0,1,0,0,0,17,11.0,0.7,0.0,1.2,5,1,1,6,1,0.00,0.00,0.00,1.93,41,562671,1055220,631920,69249
semi_ajayi,Hull City,DF,4.2,4,Chelsea,False,90,1,279,33,2026-09-12T14:00:00Z,2,2,False,0,0,0,2,0,0,0,0,0,0,0,-6,5.4,1.3,6.0,1.3,2,2,1,3,1,0.13,0.00,0.13,0.91,42,271450,1350778,349993,78543
lewie_coyle,Hull City,DF,4.0,1,Man Utd,True,69,6,280,4,2026-08-22T11:30:00Z,2,0,False,0,0,1,0,0,0,0,0,0,0,0,23,5.8,11.3,0.0,1.7,1,3,1,2,1,0.00,0.01,0.01,1.16,40,0,59278,0,0
lewie_coyle,Hull City,DF,4.0,2,Coventry City,False,45,0,280,13,2026-08-29T14:00:00Z,0,1,False,0,0,0,0,0,0,0,1,0,0,0,2,4.6,0.3,0.0,0.5,4,1,0,4,1,0.00,0.00,0.00,1.09,40,-2458,62770,2623,5081
lewie_coyle,Hull City,DF,4.0,3,Aston Villa,True,63,6,280,25,2026-09-05T16:30:00Z,0,0,False,0,0,1,0,0,0,0,0,0,0,0,19,1.4,4.6,0.0,0.6,0,0,0,0,1,0.00,0.01,0.01,1.81,40,-8654,54378,1532,10186
lewie_coyle,Hull City,DF,4.0,4,Chelsea,False,81,1,280,33,2026-09-12T14:00:00Z,2,2,False,0,0,0,2,0,0,0,0,0,0,0,2,5.6,10.9,5.0,2.2,2,4,1,3,1,0.13,0.01,0.14,0.72,40,5360,65983,9488,4128
cody_drameh,Hull City,DF,4.0,1,Man Utd,True,20,1,281,4,2026-08-22T11:30:00Z,2,0,False,0,0,0,0,0,0,0,0,0,0,0,4,2.2,0.0,1.0,0.3,2,2,1,3,0,0.05,0.00,0.05,0.67,40,0,1668,0,0
cody_drameh,Hull City,DF,4.0,2,Coventry City,False,45,1,281,13,2026-08-29T14:00:00Z,0,1,False,0,0,0,0,0,0,0,0,0,0,0,4,4.2,0.4,0.0,0.5,3,2,0,3,0,0.00,0.00,0.00,0.20,40,695,7175,1108,413
cody_drameh,Hull City,DF,4.0,3,Aston Villa,True,0,0,281,25,2026-09-05T16:30:00Z,0,0,False,0,0,0,0,0,0,0,0,0,0,0,0,0.0,0.0,0.0,0.0,0,0,0,0,0,0.00,0.00,0.00,0.00,40,-663,6824,1010,1673
cody_drameh,Hull City,DF,4.0,4,Chelsea,False,0,0,281,33,2026-09-12T14:00:00Z,2,2,False,0,0,0,0,0,0,0,0,0,0,0,0,0.0,0.0,0.0,0.0,0,0,0,0,0,0.00,0.00,0.00,0.00,40,-1503,5246,0,1503
ryan_giles,Hull City,DF,4.0,1,Man Utd,True,84,6,282,4,2026-08-22T11:30:00Z,2,0,False,0,0,1,0,0,0,0,0,0,0,0,24,13.8,18.8,4.0,3.7,5,1,1,6,1,0.02,0.07,0.09,1.76,40,0,67208,0,0
ryan_giles,Hull City,DF,4.0,2,Coventry City,False,90,6,282,13,2026-08-29T14:00:00Z,0,1,False,0,0,1,0,0,0,0,0,0,0,0,21,9.6,15.0,2.0,2.7,1,4,1,2,1,0.00,0.07,0.07,1.29,40,8701,90479,12892,4191
ryan_giles,Hull City,DF,4.0,3,Aston Villa,True,90,8,282,25,2026-09-05T16:30:00Z,0,0,False,0,0,1,0,0,0,0,0,0,0,2,30,14.8,26.4,0.0,4.1,3,5,1,4,1,0.00,0.04,0.04,1.93,40,18469,123114,26812,8343
ryan_giles,Hull City,DF,4.0,4,Chelsea,False,90,4,282,33,2026-09-12T14:00:00Z,2,2,False,0,1,0,2,0,0,0,0,0,0,0,20,32.4,33.5,0.0,6.6,6,2,1,7,1,0.00,0.17,0.17,0.91,40,58990,195043,75912,16922
matty_jacob,Hull City,DF,4.0,1,Man Utd,True,0,0,283,4,2026-08-22T11:30:00Z,2,0,False,0,0,0,0,0,0,0,0,0,0,0,0,0.0,0.0,0.0,0.0,0,0,0,0,0,0.00,0.00,0.00,0.00,40,0,1251,0,0
matty_jacob,Hull City,DF,4.0,2,Coventry City,False,0,0,283,13,2026-08-29T14:00:00Z,0,1,False,0,0,0,0,0,0,0,0,0,0,0,0,0.0,0.0,0.0,0.0,0,0,0,0,0,0.00,0.00,0.00,0.00,40,-171,1177,57,228
matty_jacob,Hull City,DF,4.0,3,Aston Villa,True,0,0,283,25,2026-09-05T16:30:00Z,0,0,False,0,0,0,0,0,0,0,0,0,0,0,0,0.0,0.0,0.0,0.0,0,0,0,0,0,0.00,0.00,0.00,0.00,40,-153,1068,57,210
matty_jacob,Hull City,DF,4.0,4,Chelsea,False,0,0,283,33,2026-09-12T14:00:00Z,2,2,False,0,0,0,0,0,0,0,0,0,0,0,0,0.0,0.0,0.0,0.0,0,0,0,0,0,0.00,0.00,0.00,0.00,40,-125,927,0,125
cathal_mccarthy,Hull City,DF,4.0,1,Man Utd,True,0,0,284,4,2026-08-22T11:30:00Z,2,0,False,0,0,0,0,0,0,0,0,0,0,0,0,0.0,0.0,0.0,0.0,0,0,0,0,0,0.00,0.00,0.00,0.00,40,0,7616,0,0
cathal_mccarthy,Hull City,DF,4.0,2,Coventry City,False,0,0,284,13,2026-08-29T14:00:00Z,0,1,False,0,0,0,0,0,0,0,0,0,0,0,0,0.0,0.0,0.0,0.0,0,0,0,0,0,0.00,0.00,0.00,0.00,40,-284,8232,675,959
cathal_mccarthy,Hull City,DF,4.0,3,Aston Villa,True,0,0,284,25,2026-09-05T16:30:00Z,0,0,False,0,0,0,0,0,0,0,0,0,0,0,0,0.0,0.0,0.0,0.0,0,0,0,0,0,0.00,0.00,0.00,0.00,40,295,9409,1507,1212
cathal_mccarthy,Hull City,DF,4.0,4,Chelsea,False,0,0,284,33,2026-09-12T14:00:00Z,2,2,False,0,0,0,0,0,0,0,0,0,0,0,0,0.0,0.0,0.0,0.0,0,0,0,0,0,0.00,0.00,0.00,0.00,40,-54,9522,986,1040
paddy_mcnair,Hull City,DF,4.0,1,Man Utd,True,26,1,285,4,2026-08-22T11:30:00Z,2,0,False,0,0,0,0,0,0,0,0,0,0,0,3,4.2,0.0,0.0,0.4,2,1,0,2,0,0.00,0.00,0.00,0.96,40,0,8697,0,0
paddy_mcnair,Hull City,DF,4.0,2,Coventry City,False,0,0,285,13,2026-08-29T14:00:00Z,0,1,False,0,0,0,0,0,0,0,0,0,0,0,0,0.0,0.0,0.0,0.0,0,0,0,0,0,0.00,0.00,0.00,0.00,40,-44,13083,646,690
paddy_mcnair,Hull City,DF,4.0,3,Aston Villa,True,0,0,285,25,2026-09-05T16:30:00Z,0,0,False,0,0,0,0,0,0,0,0,0,0,0,0,0.0,0.0,0.0,0.0,0,0,0,0,0,0.00,0.00,0.00,0.00,40,-491,13231,1008,1499
paddy_mcnair,Hull City,DF,4.0,4,Chelsea,False,0,0,285,33,2026-09-12T14:00:00Z,2,2,False,0,0,0,0,0,0,0,0,0,0,0,0,0.0,0.0,0.0,0.0,0,0,0,0,0,0.00,0.00,0.00,0.00,40,-629,12640,574,1203
mohamed_belloumi,Hull City,MD,5.0,1,Man Utd,True,90,3,286,4,2026-08-22T11:30:00Z,2,0,False,0,0,1,0,0,0,0,0,0,0,0,8,10.6,2.2,7.0,2.0,3,3,4,10,1,0.05,0.03,0.08,1.83,50,0,40446,0,0
mohamed_belloumi,Hull City,MD,5.0,2,Coventry City,False,82,6,286,13,2026-08-29T14:00:00Z,0,1,False,0,1,1,0,0,0,0,0,0,0,0,23,23.2,12.1,11.0,4.6,3,5,2,10,1,0.12,0.02,0.14,1.11,50,9859,63814,13890,4031
mohamed_belloumi,Hull City,MD,5.0,3,Aston Villa,True,81,5,286,25,2026-09-05T16:30:00Z,0,0,False,0,0,1,0,0,0,0,0,0,0,0,15,22.8,12.4,10.0,4.5,8,1,3,12,1,0.03,0.01,0.04,1.93,50,16123,88726,26562,10439
mohamed_belloumi,Hull City,MD,5.0,4,Chelsea,False,59,13,286,33,2026-09-12T14:00:00Z,2,2,False,2,0,0,1,0,0,0,0,0,0,2,43,68.2,11.7,31.0,11.1,0,0,1,1,1,0.17,0.06,0.23,0.26,50,14908,107667,26566,11658
liam_millar,Hull City,MD,5.0,1,Man Utd,True,19,0,287,4,2026-08-22T11:30:00Z,2,0,False,0,0,0,0,0,0,0,1,0,0,0,2,2.0,0.3,2.0,0.4,1,1,1,3,0,0.00,0.00,0.00,0.67,50,0,6086,0,0
liam_millar,Hull City,MD,5.0,2,Coventry City,False,31,6,287,13,2026-08-29T14:00:00Z,0,1,False,1,0,0,0,0,0,0,0,0,0,0,24,34.0,0.8,13.0,4.8,1,0,0,1,0,0.58,0.00,0.58,0.20,50,-682,6233,305,987
liam_millar,Hull City,MD,5.0,3,Aston Villa,True,0,0,287,25,2026-09-05T16:30:00Z,0,0,False,0,0,0,0,0,0,0,0,0,0,0,0,0.0,0.0,0.0,0.0,0,0,0,0,0,0.00,0.00,0.00,0.00,50,140,6931,2873,2733
liam_millar,Hull City,MD,5.0,4,Chelsea,False,0,0,287,33,2026-09-12T14:00:00Z,2,2,False,0,0,0,0,0,0,0,0,0,0,0,0,0.0,0.0,0.0,0.0,0,0,0,0,0,0.00,0.00,0.00,0.00,50,-2492,4292,0,2492
kieran_dowell,Hull City,MD,4.5,1,Man Utd,True,0,0,288,4,2026-08-22T11:30:00Z,2,0,False,0,0,0,0,0,0,0,0,0,0,0,0,0.0,0.0,0.0,0.0,0,0,0,0,0,0.00,0.00,0.00,0.00,45,0,35457,0,0
kieran_dowell,Hull City,MD,4.5,2,Coventry City,False,0,0,288,13,2026-08-29T14:00:00Z,0,1,False,0,0,0,0,0,0,0,0,0,0,0,0,0.0,0.0,0.0,0.0,0,0,0,0,0,0.00,0.00,0.00,0.00,45,-2542,35966,1716,4258
kieran_dowell,Hull City,MD,4.5,3,Aston Villa,True,0,0,288,25,2026-09-05T16:30:00Z,0,0,False,0,0,0,0,0,0,0,0,0,0,0,0,0.0,0.0,0.0,0.0,0,0,0,0,0,0.00,0.00,0.00,0.00,45,-165,37923,5767,5932
kieran_dowell,Hull City,MD,4.5,4,Chelsea,False,0,0,288,33,2026-09-12T14:00:00Z,2,2,False,0,0,0,0,0,0,0,0,0,0,0,0,0.0,0.0,0.0,0.0,0,0,0,0,0,0.00,0.00,0.00,0.00,45,-2198,35795,2721,4919
matt_crooks,Hull City,MD,4.5,1,Man Utd,True,90,2,289,4,2026-08-22T11:30:00Z,2,0,False,0,0,1,0,0,0,0,1,0,0,0,9,19.0,2.4,0.0,2.1,4,1,4,9,1,0.00,0.00,0.00,1.83,45,0,57929,0,0
matt_crooks,Hull City,MD,4.5,2,Coventry City,False,0,0,289,13,2026-08-29T14:00:00Z,0,1,False,0,0,0,0,0,0,0,0,0,0,0,0,0.0,0.0,0.0,0.0,0,0,0,0,0,0.00,0.00,0.00,0.00,45,4451,71261,10141,5690
matt_crooks,Hull City,MD,4.5,3,Aston Villa,True,0,0,289,25,2026-09-05T16:30:00Z,0,0,False,0,0,0,0,0,0,0,0,0,0,0,0,0.0,0.0,0.0,0.0,0,0,0,0,0,0.00,0.00,0.00,0.00,45,-12365,57596,2885,15250
matt_crooks,Hull City,MD,4.5,4,Chelsea,False,68,1,289,33,2026-09-12T14:00:00Z,2,2,False,0,0,0,2,0,0,0,1,0,0,0,2,11.0,0.4,0.0,1.1,5,3,2,10,1,0.00,0.00,0.00,0.55,45,-6726,52575,2257,8983
regan_slater,Hull City,MD,4.5,1,Man Utd,True,90,6,290,4,2026-08-22T11:30:00Z,2,0,False,0,1,1,0,0,0,0,0,0,0,0,20,18.4,19.3,0.0,3.8,0,2,1,3,1,0.00,0.44,0.44,1.83,45,0,272889,0,0
regan_slater,Hull City,MD,4.5,2,Coventry City,False,90,2,290,13,2026-08-29T14:00:00Z,0,1,False,0,0,1,0,0,0,0,1,0,0,0,6,9.8,2.8,2.0,1.5,2,4,4,10,1,0.00,0.01,0.01,1.29,45,69997,391444,92371,22374
regan_slater,Hull City,MD,4.5,3,Aston Villa,True,90,3,290,25,2026-09-05T16:30:00Z,0,0,False,0,0,1,0,0,0,0,0,0,0,0,10,10.6,12.3,8.0,3.1,3,2,1,6,1,0.04,0.01,0.05,1.93,45,91326,523606,157568,66242
regan_slater,Hull City,MD,4.5,4,Chelsea,False,90,2,290,33,2026-09-12T14:00:00Z,2,2,False,0,0,0,2,0,0,0,0,0,0,0,22,19.2,26.9,7.0,5.3,3,5,3,11,1,0.04,0.10,0.14,0.91,45,81497,601956,170308,88811
eliot_matazo,Hull City,MD,4.5,1,Man Utd,True,0,0,291,4,2026-08-22T11:30:00Z,2,0,False,0,0,0,0,0,0,0,0,0,0,0,0,0.0,0.0,0.0,0.0,0,0,0,0,0,0.00,0.00,0.00,0.00,45,0,600,0,0
eliot_matazo,Hull City,MD,4.5,2,Coventry City,False,0,0,291,13,2026-08-29T14:00:00Z,0,1,False,0,0,0,0,0,0,0,0,0,0,0,0,0.0,0.0,0.0,0.0,0,0,0,0,0,0.00,0.00,0.00,0.00,45,-32,625,64,96
eliot_matazo,Hull City,MD,4.5,3,Aston Villa,True,0,0,291,25,2026-09-05T16:30:00Z,0,0,False,0,0,0,0,0,0,0,0,0,0,0,0,0.0,0.0,0.0,0.0,0,0,0,0,0,0.00,0.00,0.00,0.00,45,-33,637,103,136
eliot_matazo,Hull City,MD,4.5,4,Chelsea,False,0,0,291,33,2026-09-12T14:00:00Z,2,2,False,0,0,0,0,0,0,0,0,0,0,0,0,0.0,0.0,0.0,0.0,0,0,0,0,0,0.00,0.00,0.00,0.00,45,1,664,117,116
abdülkadir_ömür,Hull City,MD,5.0,1,Man Utd,True,0,0,292,4,2026-08-22T11:30:00Z,2,0,False,0,0,0,0,0,0,0,0,0,0,0,0,0.0,0.0,0.0,0.0,0,0,0,0,0,0.00,0.00,0.00,0.00,50,0,1546,0,0
abdülkadir_ömür,Hull City,MD,5.0,2,Coventry City,False,0,0,292,13,2026-08-29T14:00:00Z,0,1,False,0,0,0,0,0,0,0,0,0,0,0,0,0.0,0.0,0.0,0.0,0,0,0,0,0,0.00,0.00,0.00,0.00,50,-178,1668,209,387
abdülkadir_ömür,Hull City,MD,4.9,3,Aston Villa,True,0,0,292,25,2026-09-05T16:30:00Z,0,0,False,0,0,0,0,0,0,0,0,0,0,0,0,0.0,0.0,0.0,0.0,0,0,0,0,0,0.00,0.00,0.00,0.00,49,-131,1697,323,454
abdülkadir_ömür,Hull City,MD,4.9,4,Chelsea,False,0,0,292,33,2026-09-12T14:00:00Z,2,2,False,0,0,0,0,0,0,0,0,0,0,0,0,0.0,0.0,0.0,0.0,0,0,0,0,0,0.00,0.00,0.00,0.00,49,-30,1763,298,328
abu_kamara,Hull City,MD,5.0,1,Man Utd,True,0,0,293,4,2026-08-22T11:30:00Z,2,0,False,0,0,0,0,0,0,0,0,0,0,0,0,0.0,0.0,0.0,0.0,0,0,0,0,0,0.00,0.00,0.00,0.00,50,0,555,0,0
abu_kamara,Hull City,MD,5.0,2,Coventry City,False,0,0,293,13,2026-08-29T14:00:00Z,0,1,False,0,0,0,0,0,0,0,0,0,0,0,0,0.0,0.0,0.0,0.0,0,0,0,0,0,0.00,0.00,0.00,0.00,50,-197,353,0,197
abu_kamara,Hull City,MD,5.0,3,Aston Villa,True,0,0,293,25,2026-09-05T16:30:00Z,0,0,False,0,0,0,0,0,0,0,0,0,0,0,0,0.0,0.0,0.0,0.0,0,0,0,0,0,0.00,0.00,0.00,0.00,50,-96,258,0,96
abu_kamara,Hull City,MD,5.0,4,Chelsea,False,0,0,293,33,2026-09-12T14:00:00Z,2,2,False,0,0,0,0,0,0,0,0,0,0,0,0,0.0,0.0,0.0,0.0,0,0,0,0,0,0.00,0.00,0.00,0.00,50,-47,215,0,47
óscar_zambrano,Hull City,MD,4.5,1,Man Utd,True,0,0,294,4,2026-08-22T11:30:00Z,2,0,False,0,0,0,0,0,0,0,0,0,0,0,0,0.0,0.0,0.0,0.0,0,0,0,0,0,0.00,0.00,0.00,0.00,45,0,10995,0,0
óscar_zambrano,Hull City,MD,4.5,2,Coventry City,False,0,0,294,13,2026-08-29T14:00:00Z,0,1,False,0,0,0,0,0,0,0,0,0,0,0,0,0.0,0.0,0.0,0.0,0,0,0,0,0,0.00,0.00,0.00,0.00,45,-1658,10090,491,2149
óscar_zambrano,Hull City,MD,4.5,3,Aston Villa,True,0,0,294,25,2026-09-05T16:30:00Z,0,0,False,0,0,0,0,0,0,0,0,0,0,0,0,0.0,0.0,0.0,0.0,0,0,0,0,0,0.00,0.00,0.00,0.00,45,-1263,9216,645,1908
óscar_zambrano,Hull City,MD,4.5,4,Chelsea,False,0,0,294,33,2026-09-12T14:00:00Z,2,2,False,0,0,0,0,0,0,0,0,0,0,0,0,0.0,0.0,0.0,0.0,0,0,0,0,0,0.00,0.00,0.00,0.00,45,258,10293,1379,1121
oli_mcburnie,Hull City,FW,5.5,1,Man Utd,True,90,5,295,4,2026-08-22T11:30:00Z,2,0,False,0,1,1,0,0,0,0,0,0,0,0,21,17.2,21.1,52.0,9.0,3,2,0,5,1,0.16,0.01,0.17,1.83,55,0,113765,0,0
oli_mcburnie,Hull City,FW,5.5,2,Coventry City,False,90,1,295,13,2026-08-29T14:00:00Z,0,1,False,0,0,1,0,0,0,0,1,0,0,0,7,0.8,13.3,8.0,2.2,0,4,0,4,1,0.00,0.01,0.01,1.29,55,66700,219548,82641,15941
oli_mcburnie,Hull City,FW,5.5,3,Aston Villa,True,90,2,295,25,2026-09-05T16:30:00Z,0,0,False,0,0,1,0,0,0,0,0,0,0,0,2,2.6,11.3,15.0,2.9,1,0,2,3,1,0.38,0.05,0.43,1.93,55,-9368,211366,40632,50000
oli_mcburnie,Hull City,FW,5.5,4,Chelsea,False,81,4,295,33,2026-09-12T14:00:00Z,2,2,False,0,1,0,2,0,0,0,1,0,0,0,17,23.6,10.8,19.0,5.3,2,0,1,3,1,0.33,0.04,0.37,0.72,55,-18516,198314,22215,40731
david_akintola,Hull City,MD,5.0,1,Man Utd,True,0,0,296,4,2026-08-22T11:30:00Z,2,0,False,0,0,0,0,0,0,0,0,0,0,0,0,0.0,0.0,0.0,0.0,0,0,0,0,0,0.00,0.00,0.00,0.00,50,0,3400,0,0
david_akintola,Hull City,MD,5.0,2,Coventry City,False,0,0,296,13,2026-08-29T14:00:00Z,0,1,False,0,0,0,0,0,0,0,0,0,0,0,0,0.0,0.0,0.0,0.0,0,0,0,0,0,0.00,0.00,0.00,0.00,50,-26,4113,914,940
david_akintola,Hull City,MD,5.0,3,Aston Villa,True,0,0,296,25,2026-09-05T16:30:00Z,0,0,False,0,0,0,0,0,0,0,0,0,0,0,0,0.0,0.0,0.0,0.0,0,0,0,0,0,0.00,0.00,0.00,0.00,50,-67,4439,1268,1335
david_akintola,Hull City,MD,5.0,4,Chelsea,False,0,0,296,33,2026-09-12T14:00:00Z,2,2,False,0,0,0,0,0,0,0,0,0,0,0,0,0.0,0.0,0.0,0.0,0,0,0,0,0,0.00,0.00,0.00,0.00,50,-603,3894,522,1125
darko_gyabi,Hull City,MD,4.5,1,Man Utd,True,0,0,297,4,2026-08-22T11:30:00Z,2,0,False,0,0,0,0,0,0,0,0,0,0,0,0,0.0,0.0,0.0,0.0,0,0,0,0,0,0.00,0.00,0.00,0.00,45,0,2774,0,0
darko_gyabi,Hull City,MD,4.5,2,Coventry City,False,0,0,297,13,2026-08-29T14:00:00Z,0,1,False,0,0,0,0,0,0,0,0,0,0,0,0,0.0,0.0,0.0,0.0,0,0,0,0,0,0.00,0.00,0.00,0.00,45,-462,2377,64,526
darko_gyabi,Hull City,MD,4.5,3,Aston Villa,True,0,0,297,25,2026-09-05T16:30:00Z,0,0,False,0,0,0,0,0,0,0,0,0,0,0,0,0.0,0.0,0.0,0.0,0,0,0,0,0,0.00,0.00,0.00,0.00,45,-302,2158,141,443
darko_gyabi,Hull City,MD,4.5,4,Chelsea,False,0,0,297,33,2026-09-12T14:00:00Z,2,2,False,0,0,0,0,0,0,0,0,0,0,0,0,0.0,0.0,0.0,0.0,0,0,0,0,0,0.00,0.00,0.00,0.00,45,-159,2036,123,282
enis_destan,Hull City,FW,4.5,1,Man Utd,True,0,0,298,4,2026-08-22T11:30:00Z,2,0,False,0,0,0,0,0,0,0,0,0,0,0,0,0.0,0.0,0.0,0.0,0,0,0,0,0,0.00,0.00,0.00,0.00,45,0,40958,0,0
enis_destan,Hull City,FW,4.5,2,Coventry City,False,0,0,298,13,2026-08-29T14:00:00Z,0,1,False,0,0,0,0,0,0,0,0,0,0,0,0,0.0,0.0,0.0,0.0,0,0,0,0,0,0.00,0.00,0.00,0.00,45,-8866,31698,0,8866
enis_destan,Hull City,FW,4.5,3,Aston Villa,True,0,0,298,25,2026-09-05T16:30:00Z,0,0,False,0,0,0,0,0,0,0,0,0,0,0,0,0.0,0.0,0.0,0.0,0,0,0,0,0,0.00,0.00,0.00,0.00,45,-5574,26020,0,5574
enis_destan,Hull City,FW,4.5,4,Chelsea,False,0,0,298,33,2026-09-12T14:00:00Z,2,2,False,0,0,0,0,0,0,0,0,0,0,0,0,0.0,0.0,0.0,0.0,0,0,0,0,0,0.00,0.00,0.00,0.00,45,-3752,22427,0,3752
mason_burstow,Hull City,FW,4.5,1,Man Utd,True,0,0,299,4,2026-08-22T11:30:00Z,2,0,False,0,0,0,0,0,0,0,0,0,0,0,0,0.0,0.0,0.0,0.0,0,0,0,0,0,0.00,0.00,0.00,0.00,45,0,6401,0,0
mason_burstow,Hull City,FW,4.5,2,Coventry City,False,0,0,299,13,2026-08-29T14:00:00Z,0,1,False,0,0,0,0,0,0,0,0,0,0,0,0,0.0,0.0,0.0,0.0,0,0,0,0,0,0.00,0.00,0.00,0.00,45,-1210,5122,0,1210
mason_burstow,Hull City,FW,4.5,3,Aston Villa,True,0,0,299,25,2026-09-05T16:30:00Z,0,0,False,0,0,0,0,0,0,0,0,0,0,0,0,0.0,0.0,0.0,0.0,0,0,0,0,0,0.00,0.00,0.00,0.00,45,-778,4321,0,778
mason_burstow,Hull City,FW,4.5,4,Chelsea,False,0,0,299,33,2026-09-12T14:00:00Z,2,2,False,0,0,0,0,0,0,0,0,0,0,0,0,0.0,0.0,0.0,0.0,0,0,0,0,0,0.00,0.00,0.00,0.00,45,-497,3872,0,497
joe_gelhardt,Hull City,MD,5.0,1,Man Utd,True,0,0,340,4,2026-08-22T11:30:00Z,2,0,False,0,0,0,0,0,0,0,0,0,0,0,0,0.0,0.0,0.0,0.0,0,0,0,0,0,0.00,0.00,0.00,0.00,50,0,1365,0,0
joe_gelhardt,Hull City,MD,5.0,2,Coventry City,False,0,0,340,13,2026-08-29T14:00:00Z,0,1,False,0,0,0,0,0,0,0,0,0,0,0,0,0.0,0.0,0.0,0.0,0,0,0,0,0,0.00,0.00,0.00,0.00,50,-243,1160,45,288
joe_gelhardt,Hull City,MD,5.0,3,Aston Villa,True,0,0,340,25,2026-09-05T16:30:00Z,0,0,False,0,0,0,0,0,0,0,0,0,0,0,0,0.0,0.0,0.0,0.0,0,0,0,0,0,0.00,0.00,0.00,0.00,50,-124,1068,99,223
joe_gelhardt,Hull City,MD,5.0,4,Chelsea,False,0,0,340,33,2026-09-12T14:00:00Z,2,2,False,0,0,0,0,0,0,0,0,0,0,0,0,0.0,0.0,0.0,0.0,0,0,0,0,0,0.00,0.00,0.00,0.00,50,22,1173,185,163
matt_targett,Hull City,DF,4.0,1,Man Utd,True,5,1,556,4,2026-08-22T11:30:00Z,2,0,False,0,0,0,0,0,0,0,0,0,0,0,3,0.4,0.0,0.0,0.0,0,1,0,0,0,0.00,0.00,0.00,0.07,40,0,218902,0,0
matt_targett,Hull City,DF,4.0,2,Coventry City,False,0,0,556,13,2026-08-29T14:00:00Z,0,1,False,0,0,0,0,0,0,0,0,0,0,0,0,0.0,0.0,0.0,0.0,0,0,0,0,0,0.00,0.00,0.00,0.00,40,-10048,224749,5393,15441
matt_targett,Hull City,DF,4.0,3,Aston Villa,True,0,0,556,25,2026-09-05T16:30:00Z,0,0,False,0,0,0,0,0,0,0,0,0,0,0,0,0.0,0.0,0.0,0.0,0,0,0,0,0,0.00,0.00,0.00,0.00,40,-12694,218007,10419,23113
matt_targett,Hull City,DF,4.0,4,Chelsea,False,0,0,556,33,2026-09-12T14:00:00Z,2,2,False,0,0,0,0,0,0,0,0,0,0,0,0,0.0,0.0,0.0,0.0,0,0,0,0,0,0.00,0.00,0.00,0.00,40,-14007,203969,5238,19245
hidemasa_morita,Hull City,MD,5.0,1,Man Utd,True,0,0,563,4,2026-08-22T11:30:00Z,2,0,False,0,0,0,0,0,0,0,0,0,0,0,0,0.0,0.0,0.0,0.0,0,0,0,0,0,0.00,0.00,0.00,0.00,50,0,2175,0,0
hidemasa_morita,Hull City,MD,5.0,2,Coventry City,False,45,1,563,13,2026-08-29T14:00:00Z,0,1,False,0,0,0,0,0,0,0,0,0,0,0,6,11.0,13.4,0.0,2.4,2,1,0,3,1,0.00,0.00,0.00,1.09,50,-210,2129,118,328
hidemasa_morita,Hull City,MD,5.0,3,Aston Villa,True,0,0,563,25,2026-09-05T16:30:00Z,0,0,False,0,0,0,0,0,0,0,0,0,0,0,0,0.0,0.0,0.0,0.0,0,0,0,0,0,0.00,0.00,0.00,0.00,50,104,2482,421,317
hidemasa_morita,Hull City,MD,5.0,4,Chelsea,False,0,0,563,33,2026-09-12T14:00:00Z,2,2,False,0,0,0,0,0,0,0,0,0,0,0,0,0.0,0.0,0.0,0.0,0,0,0,0,0,0.00,0.00,0.00,0.00,50,-369,2165,141,510
konstantinos_tzolakis,Hull City,GK,4.5,1,Man Utd,True,90,10,572,4,2026-08-22T11:30:00Z,2,0,False,0,0,1,0,0,0,0,0,0,5,3,41,34.6,0.0,0.0,3.5,0,22,0,0,1,0.00,0.00,0.00,1.83,45,0,48305,0,0
konstantinos_tzolakis,Hull City,GK,4.5,2,Coventry City,False,90,10,572,13,2026-08-29T14:00:00Z,0,1,False,0,0,1,0,0,0,0,0,0,3,3,32,26.2,0.0,0.0,2.6,0,11,0,0,1,0.00,0.00,0.00,1.29,45,89555,301344,101970,12415
konstantinos_tzolakis,Hull City,GK,4.6,3,Aston Villa,True,90,6,572,25,2026-09-05T16:30:00Z,0,0,False,0,0,1,0,0,0,0,0,0,1,0,25,11.6,0.0,0.0,1.2,0,10,0,0,1,0.00,0.00,0.00,1.93,46,306909,857252,367782,60873
konstantinos_tzolakis,Hull City,GK,4.6,4,Chelsea,False,90,2,572,33,2026-09-12T14:00:00Z,2,2,False,0,0,0,2,0,0,0,0,0,5,0,15,29.4,0.0,0.0,2.9,2,15,0,0,1,0.00,0.00,0.00,0.91,46,171110,1074132,238858,67748
jens_hjertø-dahl,Hull City,MD,5.0,1,Man Utd,True,0,0,574,4,2026-08-22T11:30:00Z,2,0,False,0,0,0,0,0,0,0,0,0,0,0,0,0.0,0.0,0.0,0.0,0,0,0,0,0,0.00,0.00,0.00,0.00,50,0,7500,0,0
jens_hjertø-dahl,Hull City,MD,5.0,2,Coventry City,False,0,0,574,13,2026-08-29T14:00:00Z,0,1,False,0,0,0,0,0,0,0,0,0,0,0,0,0.0,0.0,0.0,0.0,0,0,0,0,0,0.00,0.00,0.00,0.00,50,-662,7716,307,969
jens_hjertø-dahl,Hull City,MD,5.0,3,Aston Villa,True,8,1,574,25,2026-09-05T16:30:00Z,0,0,False,0,0,0,0,0,0,0,0,0,0,0,4,0.0,0.0,0.0,0.0,0,1,0,1,0,0.00,0.00,0.00,0.00,50,-1139,6691,321,1460
jens_hjertø-dahl,Hull City,MD,4.9,4,Chelsea,False,0,0,574,33,2026-09-12T14:00:00Z,2,2,False,0,0,0,0,0,0,0,0,0,0,0,0,0.0,0.0,0.0,0.0,0,0,0,0,0,0.00,0.00,0.00,0.00,49,-421,6454,444,865
elliot_stroud,Hull City,MD,5.0,1,Man Utd,True,70,3,576,4,2026-08-22T11:30:00Z,2,0,False,0,0,1,0,0,0,0,0,0,0,0,11,8.4,4.8,0.0,1.3,1,2,3,6,1,0.00,0.03,0.03,1.16,50,0,6733,0,0
elliot_stroud,Hull City,MD,5.0,2,Coventry City,False,58,0,576,13,2026-08-29T14:00:00Z,0,1,False,0,0,0,0,0,0,0,1,0,0,0,-2,0.0,4.3,7.0,0.9,2,5,0,7,1,0.01,0.01,0.02,1.09,50,833,9465,1430,597
elliot_stroud,Hull City,MD,5.0,3,Aston Villa,True,62,3,576,25,2026-09-05T16:30:00Z,0,0,False,0,0,1,0,0,0,0,0,0,0,0,5,0.0,11.8,4.0,1.4,0,2,0,2,1,0.04,0.01,0.05,1.81,50,-916,8900,770,1686
elliot_stroud,Hull City,MD,5.0,4,Chelsea,False,59,1,576,33,2026-09-12T14:00:00Z,2,2,False,0,0,0,1,0,0,0,0,0,0,0,3,0.0,1.8,1.0,0.2,0,3,2,5,1,0.01,0.00,0.01,0.26,50,-410,8779,621,1031
lucas_herrington,Hull City,DF,4.0,1,Man Utd,True,26,1,585,4,2026-08-22T11:30:00Z,2,0,False,0,0,0,0,0,0,0,0,0,0,0,4,8.0,0.0,0.0,0.8,4,0,0,4,0,0.00,0.00,0.00,0.96,40,0,53978,0,0
lucas_herrington,Hull City,DF,4.0,2,Coventry City,False,31,1,585,13,2026-08-29T14:00:00Z,0,1,False,0,0,0,0,0,0,0,0,0,0,0,3,3.0,0.2,0.0,0.3,1,0,0,1,0,0.00,0.00,0.00,0.20,40,-831,63919,2771,3602
lucas_herrington,Hull City,DF,4.0,3,Aston Villa,True,19,1,585,25,2026-09-05T16:30:00Z,0,0,False,0,0,0,0,0,0,0,0,0,0,0,2,6.6,0.1,0.0,0.7,1,1,1,2,0,0.00,0.00,0.00,0.12,40,-1665,64658,3434,5099
lucas_herrington,Hull City,DF,4.0,4,Chelsea,False,31,1,585,33,2026-09-12T14:00:00Z,2,2,False,0,0,0,1,0,0,0,0,0,0,0,-1,1.6,0.4,0.0,0.2,1,0,0,1,0,0.00,0.01,0.01,0.64,40,-2456,62794,2136,4592
nobel_mendy,Hull City,DF,4.0,1,Man Utd,True,63,15,586,4,2026-08-22T11:30:00Z,2,0,False,1,0,1,0,0,0,0,0,0,0,1,35,51.8,0.6,33.0,8.5,13,2,0,13,1,0.28,0.00,0.28,0.86,40,0,92688,0,0
nobel_mendy,Hull City,DF,4.0,2,Coventry City,False,58,1,586,13,2026-08-29T14:00:00Z,0,1,False,0,0,0,0,0,0,0,0,0,0,0,9,27.6,0.0,7.0,3.5,7,2,2,9,1,0.01,0.00,0.01,1.09,40,160120,418634,179580,19460
nobel_mendy,Hull City,DF,4.0,3,Aston Villa,True,70,8,586,25,2026-09-05T16:30:00Z,0,0,False,0,0,1,0,0,0,0,0,0,0,0,22,16.2,0.6,14.0,3.1,7,2,3,10,1,0.03,0.00,0.03,1.81,40,98035,619201,166798,68763
nobel_mendy,Hull City,DF,4.1,4,Chelsea,False,58,1,586,33,2026-09-12T14:00:00Z,2,2,False,0,0,0,1,0,0,0,0,0,0,0,3,12.6,0.2,0.0,1.3,5,0,2,7,1,0.00,0.00,0.00,0.26,41,246029,895270,316492,70463
lucas_gourna-douath,Hull City,MD,5.0,1,Man Utd,True,0,0,589,4,2026-08-22T11:30:00Z,2,0,False,0,0,0,0,0,0,0,0,0,0,0,0,0.0,0.0,0.0,0.0,0,0,0,0,0,0.00,0.00,0.00,0.00,50,0,2352,0,0
lucas_gourna-douath,Hull City,MD,5.0,2,Coventry City,False,45,1,589,13,2026-08-29T14:00:00Z,0,1,False,0,0,0,0,0,0,0,0,0,0,0,6,12.8,0.9,0.0,1.4,1,2,3,6,0,0.00,0.01,0.01,0.20,50,-178,2781,135,313
lucas_gourna-douath,Hull City,MD,5.0,3,Aston Villa,True,81,2,589,25,2026-09-05T16:30:00Z,0,0,False,0,0,1,0,0,0,0,1,0,0,0,7,13.4,21.6,0.0,3.5,4,5,1,10,1,0.00,0.01,0.01,1.93,50,-134,2738,213,347
lucas_gourna-douath,Hull City,MD,5.0,4,Chelsea,False,0,0,589,33,2026-09-12T14:00:00Z,2,2,False,0,0,0,0,0,0,0,0,0,0,0,0,0.0,0.0,0.0,0.0,0,0,0,0,0,0.00,0.00,0.00,0.00,50,-111,2686,172,283
mohamed-ali_cho,Hull City,MD,5.0,2,Coventry City,False,7,1,617,13,2026-08-29T14:00:00Z,0,1,False,0,0,0,0,0,0,0,0,0,0,0,3,0.4,0.3,0.0,0.1,0,0,0,0,0,0.00,0.00,0.00,0.18,50,23,49,25,2
mohamed-ali_cho,Hull City,MD,5.0,3,Aston Villa,True,8,1,617,25,2026-09-05T16:30:00Z,0,0,False,0,0,0,0,0,0,0,0,0,0,0,5,3.0,0.0,17.0,2.0,0,0,0,0,0,0.05,0.00,0.05,0.00,50,482,871,671,189
mohamed-ali_cho,Hull City,MD,5.0,4,Chelsea,False,30,1,617,33,2026-09-12T14:00:00Z,2,2,False,0,0,0,1,0,0,0,0,0,0,0,3,7.2,18.5,21.0,4.7,1,1,0,2,0,0.47,0.16,0.63,0.64,50,147,1116,339,192
ilyas_ansah,Hull City,FW,5.0,3,Aston Villa,True,0,0,632,25,2026-09-05T16:30:00Z,0,0,False,0,0,0,0,0,0,0,0,0,0,0,0,0.0,0.0,0.0,0.0,0,0,0,0,0,0.00,0.00,0.00,0.00,50,2012,2839,2222,210
ilyas_ansah,Hull City,FW,5.0,4,Chelsea,False,0,0,632,33,2026-09-12T14:00:00Z,2,2,False,0,0,0,0,0,0,0,0,0,0,0,0,0.0,0.0,0.0,0.0,0,0,0,0,0,0.00,0.00,0.00,0.00,50,1122,4222,2674,1552
robinio_vaz,Hull City,FW,5.0,3,Aston Villa,True,0,0,637,25,2026-09-05T16:30:00Z,0,0,False,0,0,0,0,0,0,0,0,0,0,0,0,0.0,0.0,0.0,0.0,0,0,0,0,0,0.00,0.00,0.00,0.00,50,1405,2077,1607,202
robinio_vaz,Hull City,FW,5.0,4,Chelsea,False,8,1,637,33,2026-09-12T14:00:00Z,2,2,False,0,0,0,0,0,0,0,0,0,0,0,3,0.0,0.5,0.0,0.0,0,1,0,1,0,0.00,0.00,0.00,0.18,50,2411,5168,3312,901
brooke_norton-cuffy,Hull City,DF,4.0,3,Aston Villa,True,26,1,638,25,2026-09-05T16:30:00Z,0,0,False,0,0,0,0,0,0,0,0,0,0,0,3,2.2,0.3,2.0,0.5,1,2,0,1,0,0.00,0.00,0.00,0.12,40,5681,17629,6454,773
brooke_norton-cuffy,Hull City,DF,4.0,4,Chelsea,False,8,0,638,33,2026-09-12T14:00:00Z,2,2,False,0,0,0,0,0,0,0,1,0,0,0,0,0.0,0.3,7.0,0.7,0,2,0,0,0,0.05,0.00,0.05,0.18,40,10672,34986,14148,3476
sorba_thomas,Hull City,MD,5.5,3,Aston Villa,True,27,1,642,25,2026-09-05T16:30:00Z,0,0,False,0,0,0,0,0,0,0,0,0,0,0,5,3.2,10.8,0.0,1.4,0,1,0,1,0,0.00,0.04,0.04,0.12,55,388,569,446,58
sorba_thomas,Hull City,MD,5.5,4,Chelsea,False,30,1,642,33,2026-09-12T14:00:00Z,2,2,False,0,0,0,1,0,0,0,0,0,0,0,6,5.6,14.8,4.0,2.4,0,4,0,4,0,0.02,0.03,0.05,0.64,55,606,1526,883,277
christos_mouzakitis,Hull City,MD,5.0,3,Aston Villa,True,0,0,645,25,2026-09-05T16:30:00Z,0,0,False,0,0,0,0,0,0,0,0,0,0,0,0,0.0,0.0,0.0,0.0,0,0,0,0,0,0.00,0.00,0.00,0.00,50,186,288,210,24
christos_mouzakitis,Hull City,MD,5.0,4,Chelsea,False,0,0,645,33,2026-09-12T14:00:00Z,2,2,False,0,0,0,0,0,0,0,0,0,0,0,0,0.0,0.0,0.0,0.0,0,0,0,0,0,0.00,0.00,0.00,0.00,50,180,598,270,90
issa_diop,Ipswich Town,DF,4.0,1,Sunderland,True,90,2,259,5,2026-08-22T14:00:00Z,2,1,False,0,0,0,1,0,0,0,0,0,0,0,7,7.2,0.8,2.0,1.0,4,6,1,5,1,0.00,0.01,0.01,0.66,40,0,1668644,0,0
issa_diop,Ipswich Town,DF,4.0,2,Man Utd,False,90,2,259,18,2026-08-30T15:30:00Z,5,2,False,0,0,0,5,0,0,0,0,0,0,0,7,40.8,0.3,0.0,4.1,12,4,0,12,1,0.00,0.00,0.00,4.77,40,-44411,1683238,26513,70924
issa_diop,Ipswich Town,DF,4.0,3,Liverpool,True,90,3,259,21,2026-09-04T19:00:00Z,0,2,False,0,0,0,2,0,0,0,0,0,0,0,10,27.2,10.8,0.0,3.8,9,2,2,11,1,0.00,0.01,0.01,0.69,40,-81636,1603991,43514,125150
issa_diop,Ipswich Town,DF,4.0,4,Crystal Palace,False,90,1,259,34,2026-09-12T14:00:00Z,2,3,False,0,0,0,2,0,0,0,0,0,0,0,8,15.0,1.8,2.0,1.9,6,5,1,7,1,0.00,0.13,0.13,0.62,40,-104266,1519556,39336,143602
saša_lukić,Ipswich Town,MD,5.0,1,Sunderland,True,90,5,267,5,2026-08-22T14:00:00Z,2,1,False,0,1,0,1,0,0,0,0,0,0,0,22,23.4,14.8,2.0,4.0,2,3,1,6,1,0.00,0.02,0.02,0.66,50,0,10816,0,0
saša_lukić,Ipswich Town,MD,5.0,2,Man Utd,False,72,1,267,18,2026-08-30T15:30:00Z,5,2,False,0,0,0,4,0,0,0,1,0,0,0,11,17.4,11.9,2.0,3.1,7,1,3,11,1,0.02,0.02,0.04,3.91,50,-167,12592,1178,1345
saša_lukić,Ipswich Town,MD,5.0,3,Liverpool,True,90,2,267,21,2026-09-04T19:00:00Z,0,2,False,0,0,0,2,0,0,0,0,0,0,0,13,10.4,14.2,0.0,2.5,1,2,1,4,1,0.00,0.02,0.02,0.69,50,-997,11933,809,1806
saša_lukić,Ipswich Town,MD,5.0,4,Crystal Palace,False,76,1,267,34,2026-09-12T14:00:00Z,2,3,False,0,0,0,2,0,0,0,1,0,0,0,8,10.2,23.5,2.0,3.6,5,4,1,10,1,0.00,0.10,0.10,0.35,50,-645,11520,772,1417
christian_walton,Ipswich Town,GK,4.5,1,Sunderland,True,0,0,300,5,2026-08-22T14:00:00Z,2,1,False,0,0,0,0,0,0,0,0,0,0,0,0,0.0,0.0,0.0,0.0,0,0,0,0,0,0.00,0.00,0.00,0.00,45,0,47085,0,0
christian_walton,Ipswich Town,GK,4.5,2,Man Utd,False,0,0,300,18,2026-08-30T15:30:00Z,5,2,False,0,0,0,0,0,0,0,0,0,0,0,0,0.0,0.0,0.0,0.0,0,0,0,0,0,0.00,0.00,0.00,0.00,45,-4363,48759,209,4572
christian_walton,Ipswich Town,GK,4.5,3,Liverpool,True,0,0,300,21,2026-09-04T19:00:00Z,0,2,False,0,0,0,0,0,0,0,0,0,0,0,0,0.0,0.0,0.0,0.0,0,0,0,0,0,0.00,0.00,0.00,0.00,45,-4114,44862,350,4464
christian_walton,Ipswich Town,GK,4.4,4,Crystal Palace,False,0,0,300,34,2026-09-12T14:00:00Z,2,3,False,0,0,0,0,0,0,0,0,0,0,0,0,0.0,0.0,0.0,0.0,0,0,0,0,0,0.00,0.00,0.00,0.00,44,-2408,42889,363,2771
alex_palmer,Ipswich Town,GK,4.0,1,Sunderland,True,0,0,301,5,2026-08-22T14:00:00Z,2,1,False,0,0,0,0,0,0,0,0,0,0,0,0,0.0,0.0,0.0,0.0,0,0,0,0,0,0.00,0.00,0.00,0.00,40,0,426453,0,0
alex_palmer,Ipswich Town,GK,4.0,2,Man Utd,False,0,0,301,18,2026-08-30T15:30:00Z,5,2,False,0,0,0,0,0,0,0,0,0,0,0,0,0.0,0.0,0.0,0.0,0,0,0,0,0,0.00,0.00,0.00,0.00,40,-9662,442454,7686,17348
alex_palmer,Ipswich Town,GK,4.0,3,Liverpool,True,0,0,301,21,2026-09-04T19:00:00Z,0,2,False,0,0,0,0,0,0,0,0,0,0,0,0,0.0,0.0,0.0,0.0,0,0,0,0,0,0.00,0.00,0.00,0.00,40,-1187,452044,29680,30867
alex_palmer,Ipswich Town,GK,4.0,4,Crystal Palace,False,0,0,301,34,2026-09-12T14:00:00Z,2,3,False,0,0,0,0,0,0,0,0,0,0,0,0,0.0,0.0,0.0,0.0,0,0,0,0,0,0.00,0.00,0.00,0.00,40,-8837,443746,24047,32884
david_button,Ipswich Town,GK,4.0,1,Sunderland,True,0,0,302,5,2026-08-22T14:00:00Z,2,1,False,0,0,0,0,0,0,0,0,0,0,0,0,0.0,0.0,0.0,0.0,0,0,0,0,0,0.00,0.00,0.00,0.00,40,0,40566,0,0
david_button,Ipswich Town,GK,4.0,2,Man Utd,False,0,0,302,18,2026-08-30T15:30:00Z,5,2,False,0,0,0,0,0,0,0,0,0,0,0,0,0.0,0.0,0.0,0.0,0,0,0,0,0,0.00,0.00,0.00,0.00,40,140,44640,1959,1819
david_button,Ipswich Town,GK,4.0,3,Liverpool,True,0,0,302,21,2026-09-04T19:00:00Z,0,2,False,0,0,0,0,0,0,0,0,0,0,0,0,0.0,0.0,0.0,0.0,0,0,0,0,0,0.00,0.00,0.00,0.00,40,3716,51311,7597,3881
david_button,Ipswich Town,GK,4.0,4,Crystal Palace,False,0,0,302,34,2026-09-12T14:00:00Z,2,3,False,0,0,0,0,0,0,0,0,0,0,0,0,0.0,0.0,0.0,0.0,0,0,0,0,0,0.00,0.00,0.00,0.00,40,11691,63364,17503,5812
cédric_kipré,Ipswich Town,DF,4.0,1,Sunderland,True,0,0,303,5,2026-08-22T14:00:00Z,2,1,False,0,0,0,0,0,0,0,0,0,0,0,0,0.0,0.0,0.0,0.0,0,0,0,0,0,0.00,0.00,0.00,0.00,40,0,57775,0,0
cédric_kipré,Ipswich Town,DF,4.0,2,Man Utd,False,0,0,303,18,2026-08-30T15:30:00Z,5,2,False,0,0,0,0,0,0,0,0,0,0,0,0,0.0,0.0,0.0,0.0,0,0,0,0,0,0.00,0.00,0.00,0.00,40,-4615,60443,332,4947
cédric_kipré,Ipswich Town,DF,4.0,3,Liverpool,True,0,0,303,21,2026-09-04T19:00:00Z,0,2,False,0,0,0,0,0,0,0,0,0,0,0,0,0.0,0.0,0.0,0.0,0,0,0,0,0,0.00,0.00,0.00,0.00,40,-4792,56159,632,5424
cédric_kipré,Ipswich Town,DF,4.0,4,Crystal Palace,False,0,0,303,34,2026-09-12T14:00:00Z,2,3,False,0,0,0,0,0,0,0,0,0,0,0,0,0.0,0.0,0.0,0.0,0,0,0,0,0,0.00,0.00,0.00,0.00,40,-3541,52847,589,4130
dara_o'shea,Ipswich Town,DF,4.0,1,Sunderland,True,90,4,304,5,2026-08-22T14:00:00Z,2,1,False,0,0,0,1,0,0,0,0,0,0,0,16,48.0,24.5,2.0,7.5,16,6,2,18,1,0.00,0.16,0.16,0.66,40,0,313565,0,0
dara_o'shea,Ipswich Town,DF,4.0,2,Man Utd,False,90,0,304,18,2026-08-30T15:30:00Z,5,2,False,0,0,0,5,0,0,0,0,0,0,0,-14,0.0,0.8,9.0,0.9,1,2,0,1,1,0.07,0.01,0.08,4.77,40,1655,338381,15639,13984
dara_o'shea,Ipswich Town,DF,4.0,3,Liverpool,True,90,3,304,21,2026-09-04T19:00:00Z,0,2,False,0,0,0,2,0,0,0,0,0,0,0,5,23.8,4.4,4.0,3.2,8,3,3,11,1,0.00,0.01,0.01,0.69,40,-15021,330000,22172,37193
dara_o'shea,Ipswich Town,DF,4.0,4,Crystal Palace,False,90,1,304,34,2026-09-12T14:00:00Z,2,3,False,0,0,0,2,0,0,0,0,0,0,0,5,29.6,30.8,4.0,6.4,7,2,2,9,1,0.00,0.08,0.08,0.62,40,-22365,317758,18186,40551
leif_davis,Ipswich Town,DF,4.0,1,Sunderland,True,90,2,305,5,2026-08-22T14:00:00Z,2,1,False,0,0,0,1,0,0,0,0,0,0,0,10,15.2,2.3,0.0,1.8,7,4,0,7,1,0.00,0.01,0.01,0.66,40,0,479363,0,0
leif_davis,Ipswich Town,DF,4.0,2,Man Utd,False,90,6,305,18,2026-08-30T15:30:00Z,5,2,False,1,0,0,5,0,0,0,0,0,0,0,1,47.0,14.7,50.0,11.2,4,1,0,4,1,0.54,0.12,0.66,4.77,40,-13968,482824,7322,21290
leif_davis,Ipswich Town,DF,4.0,3,Liverpool,True,90,1,305,21,2026-09-04T19:00:00Z,0,2,False,0,0,0,2,0,0,0,0,0,0,0,4,17.4,21.5,19.0,5.8,4,3,2,6,1,0.11,0.12,0.23,0.69,40,22917,540194,62873,39956
leif_davis,Ipswich Town,DF,4.0,4,Crystal Palace,False,90,14,305,34,2026-09-12T14:00:00Z,2,3,False,1,2,0,2,0,0,0,0,0,0,1,35,54.8,17.1,39.0,11.1,2,0,0,2,1,0.52,0.19,0.71,0.62,40,-14896,543743,45631,60527
jacob_greaves,Ipswich Town,DF,4.0,1,Sunderland,True,90,2,306,5,2026-08-22T14:00:00Z,2,1,False,0,0,0,1,0,0,0,0,0,0,0,12,16.4,1.3,0.0,1.8,4,1,3,7,1,0.00,0.00,0.00,0.66,40,0,134129,0,0
jacob_greaves,Ipswich Town,DF,4.0,2,Man Utd,False,90,-1,306,18,2026-08-30T15:30:00Z,5,2,False,0,0,0,5,1,0,0,1,0,0,0,-13,18.4,1.3,0.0,2.0,9,4,1,10,1,0.00,0.01,0.01,4.77,40,-4475,141835,1636,6111
jacob_greaves,Ipswich Town,DF,4.0,3,Liverpool,True,90,1,306,21,2026-09-04T19:00:00Z,0,2,False,0,0,0,2,0,0,0,0,0,0,0,6,15.0,12.3,4.0,3.1,6,3,1,7,1,0.00,0.04,0.04,0.69,40,-8595,134162,2678,11273
jacob_greaves,Ipswich Town,DF,4.0,4,Crystal Palace,False,87,1,306,34,2026-09-12T14:00:00Z,2,3,False,0,0,0,2,0,0,0,0,0,0,0,7,18.8,2.0,0.0,2.1,6,4,0,6,1,0.00,0.01,0.01,0.62,40,-7666,127747,1996,9662
ben_johnson,Ipswich Town,DF,4.0,1,Sunderland,True,0,0,307,5,2026-08-22T14:00:00Z,2,1,False,0,0,0,0,0,0,0,0,0,0,0,0,0.0,0.0,0.0,0.0,0,0,0,0,0,0.00,0.00,0.00,0.00,40,0,10016,0,0
ben_johnson,Ipswich Town,DF,4.0,2,Man Utd,False,0,0,307,18,2026-08-30T15:30:00Z,5,2,False,0,0,0,0,0,0,0,0,0,0,0,0,0.0,0.0,0.0,0.0,0,0,0,0,0,0.00,0.00,0.00,0.00,40,-595,10501,427,1022
ben_johnson,Ipswich Town,DF,4.0,3,Liverpool,True,0,0,307,21,2026-09-04T19:00:00Z,0,2,False,0,0,0,0,0,0,0,0,0,0,0,0,0.0,0.0,0.0,0.0,0,0,0,0,0,0.00,0.00,0.00,0.00,40,-658,10397,710,1368
ben_johnson,Ipswich Town,DF,4.0,4,Crystal Palace,False,0,0,307,34,2026-09-12T14:00:00Z,2,3,False,0,0,0,0,0,0,0,0,0,0,0,0,0.0,0.0,0.0,0.0,0,0,0,0,0,0.00,0.00,0.00,0.00,40,-2380,7782,0,2380
darnell_furlong,Ipswich Town,DF,4.0,1,Sunderland,True,0,0,308,5,2026-08-22T14:00:00Z,2,1,False,0,0,0,0,0,0,0,0,0,0,0,0,0.0,0.0,0.0,0.0,0,0,0,0,0,0.00,0.00,0.00,0.00,40,0,56130,0,0
darnell_furlong,Ipswich Town,DF,4.0,2,Man Utd,False,17,1,308,18,2026-08-30T15:30:00Z,5,2,False,0,0,0,1,0,0,0,0,0,0,0,-1,5.0,0.5,0.0,0.6,2,0,1,3,0,0.00,0.00,0.00,0.86,40,-4147,59266,269,4416
darnell_furlong,Ipswich Town,DF,4.0,3,Liverpool,True,0,0,308,21,2026-09-04T19:00:00Z,0,2,False,0,0,0,0,0,0,0,0,0,0,0,0,0.0,0.0,0.0,0.0,0,0,0,0,0,0.00,0.00,0.00,0.00,40,-3936,55806,612,4548
darnell_furlong,Ipswich Town,DF,4.0,4,Crystal Palace,False,0,0,308,34,2026-09-12T14:00:00Z,2,3,False,0,0,0,0,0,0,0,0,0,0,0,0,0.0,0.0,0.0,0.0,0,0,0,0,0,0.00,0.00,0.00,0.00,40,-3285,52748,431,3716
marcelino_núñez,Ipswich Town,MD,5.0,1,Sunderland,True,79,4,309,5,2026-08-22T14:00:00Z,2,1,False,0,0,0,1,0,0,0,0,0,0,0,26,13.0,7.3,4.0,2.4,4,6,2,12,1,0.03,0.03,0.06,0.63,50,0,11544,0,0
marcelino_núñez,Ipswich Town,MD,5.0,2,Man Utd,False,61,2,309,18,2026-08-30T15:30:00Z,5,2,False,0,0,0,3,0,0,0,0,0,0,0,6,11.6,12.1,2.0,2.6,4,4,1,9,1,0.00,0.02,0.02,2.85,50,-196,14039,1197,1393
marcelino_núñez,Ipswich Town,MD,5.0,3,Liverpool,True,0,0,309,21,2026-09-04T19:00:00Z,0,2,False,0,0,0,0,0,0,0,0,0,0,0,0,0.0,0.0,0.0,0.0,0,0,0,0,0,0.00,0.00,0.00,0.00,50,-879,13914,1106,1985
marcelino_núñez,Ipswich Town,MD,5.0,4,Crystal Palace,False,0,0,309,34,2026-09-12T14:00:00Z,2,3,False,0,0,0,0,0,0,0,0,0,0,0,0,0.0,0.0,0.0,0.0,0,0,0,0,0,0.00,0.00,0.00,0.00,50,-1485,12735,377,1862
azor_matusiwa,Ipswich Town,MD,5.0,1,Sunderland,True,0,0,310,5,2026-08-22T14:00:00Z,2,1,False,0,0,0,0,0,0,0,0,0,0,0,0,0.0,0.0,0.0,0.0,0,0,0,0,0,0.00,0.00,0.00,0.00,50,0,430,0,0
azor_matusiwa,Ipswich Town,MD,5.0,2,Man Utd,False,0,0,310,18,2026-08-30T15:30:00Z,5,2,False,0,0,0,0,0,0,0,0,0,0,0,0,0.0,0.0,0.0,0.0,0,0,0,0,0,0.00,0.00,0.00,0.00,50,-104,328,8,112
azor_matusiwa,Ipswich Town,MD,5.0,3,Liverpool,True,0,0,310,21,2026-09-04T19:00:00Z,0,2,False,0,0,0,0,0,0,0,0,0,0,0,0,0.0,0.0,0.0,0.0,0,0,0,0,0,0.00,0.00,0.00,0.00,50,-55,278,12,67
azor_matusiwa,Ipswich Town,MD,4.9,4,Crystal Palace,False,0,0,310,34,2026-09-12T14:00:00Z,2,3,False,0,0,0,0,0,0,0,0,0,0,0,0,0.0,0.0,0.0,0.0,0,0,0,0,0,0.00,0.00,0.00,0.00,49,-6,288,40,46
wes_burns,Ipswich Town,MD,5.0,1,Sunderland,True,0,0,311,5,2026-08-22T14:00:00Z,2,1,False,0,0,0,0,0,0,0,0,0,0,0,0,0.0,0.0,0.0,0.0,0,0,0,0,0,0.00,0.00,0.00,0.00,50,0,562,0,0
wes_burns,Ipswich Town,MD,5.0,2,Man Utd,False,0,0,311,18,2026-08-30T15:30:00Z,5,2,False,0,0,0,0,0,0,0,0,0,0,0,0,0.0,0.0,0.0,0.0,0,0,0,0,0,0.00,0.00,0.00,0.00,50,-191,366,0,191
wes_burns,Ipswich Town,MD,5.0,3,Liverpool,True,0,0,311,21,2026-09-04T19:00:00Z,0,2,False,0,0,0,0,0,0,0,0,0,0,0,0,0.0,0.0,0.0,0.0,0,0,0,0,0,0.00,0.00,0.00,0.00,50,-88,278,0,88
wes_burns,Ipswich Town,MD,5.0,4,Crystal Palace,False,0,0,311,34,2026-09-12T14:00:00Z,2,3,False,0,0,0,0,0,0,0,0,0,0,0,0,0.0,0.0,0.0,0.0,0,0,0,0,0,0.00,0.00,0.00,0.00,50,-39,242,0,39
jack_taylor,Ipswich Town,MD,4.5,1,Sunderland,True,0,0,312,5,2026-08-22T14:00:00Z,2,1,False,0,0,0,0,0,0,0,0,0,0,0,0,0.0,0.0,0.0,0.0,0,0,0,0,0,0.00,0.00,0.00,0.00,45,0,4505,0,0
jack_taylor,Ipswich Town,MD,4.5,2,Man Utd,False,0,0,312,18,2026-08-30T15:30:00Z,5,2,False,0,0,0,0,0,0,0,0,0,0,0,0,0.0,0.0,0.0,0.0,0,0,0,0,0,0.00,0.00,0.00,0.00,45,-772,3887,111,883
jack_taylor,Ipswich Town,MD,4.5,3,Liverpool,True,0,0,312,21,2026-09-04T19:00:00Z,0,2,False,0,0,0,0,0,0,0,0,0,0,0,0,0.0,0.0,0.0,0.0,0,0,0,0,0,0.00,0.00,0.00,0.00,45,-505,3500,190,695
jack_taylor,Ipswich Town,MD,4.5,4,Crystal Palace,False,0,0,312,34,2026-09-12T14:00:00Z,2,3,False,0,0,0,0,0,0,0,0,0,0,0,0,0.0,0.0,0.0,0.0,0,0,0,0,0,0.00,0.00,0.00,0.00,45,-278,3274,176,454
jack_clarke,Ipswich Town,MD,5.5,1,Sunderland,True,19,7,313,5,2026-08-22T14:00:00Z,2,1,False,1,0,0,0,0,0,0,0,0,0,1,27,33.6,0.6,18.0,5.2,0,1,1,2,0,0.10,0.00,0.10,0.03,55,0,24135,0,0
jack_clarke,Ipswich Town,MD,5.5,2,Man Utd,False,0,0,313,18,2026-08-30T15:30:00Z,5,2,False,0,0,0,0,0,0,0,0,0,0,0,0,0.0,0.0,0.0,0.0,0,0,0,0,0,0.00,0.00,0.00,0.00,55,759,29170,3202,2443
jack_clarke,Ipswich Town,MD,5.5,3,Liverpool,True,24,1,313,21,2026-09-04T19:00:00Z,0,2,False,0,0,0,0,0,0,0,0,0,0,0,3,3.4,11.7,4.0,1.9,1,1,0,2,0,0.05,0.02,0.07,0.06,55,-4559,24744,1167,5726
jack_clarke,Ipswich Town,MD,5.4,4,Crystal Palace,False,62,1,313,34,2026-09-12T14:00:00Z,2,3,False,0,0,0,1,0,0,0,1,0,0,0,8,5.0,13.0,21.0,3.9,0,1,1,2,1,0.15,0.02,0.17,0.20,54,-3254,22006,468,3722
chiedozie_ogbene,Ipswich Town,MD,5.0,1,Sunderland,True,0,0,314,5,2026-08-22T14:00:00Z,2,1,False,0,0,0,0,0,0,0,0,0,0,0,0,0.0,0.0,0.0,0.0,0,0,0,0,0,0.00,0.00,0.00,0.00,50,0,1539,0,0
chiedozie_ogbene,Ipswich Town,MD,5.0,2,Man Utd,False,0,0,314,18,2026-08-30T15:30:00Z,5,2,False,0,0,0,0,0,0,0,0,0,0,0,0,0.0,0.0,0.0,0.0,0,0,0,0,0,0.00,0.00,0.00,0.00,50,-206,1468,37,243
chiedozie_ogbene,Ipswich Town,MD,4.9,3,Liverpool,True,0,0,314,21,2026-09-04T19:00:00Z,0,2,False,0,0,0,0,0,0,0,0,0,0,0,0,0.0,0.0,0.0,0.0,0,0,0,0,0,0.00,0.00,0.00,0.00,49,-351,1159,67,418
chiedozie_ogbene,Ipswich Town,MD,4.9,4,Crystal Palace,False,0,0,314,34,2026-09-12T14:00:00Z,2,3,False,0,0,0,0,0,0,0,0,0,0,0,0,0.0,0.0,0.0,0.0,0,0,0,0,0,0.00,0.00,0.00,0.00,49,-326,837,0,326
abdul_fatawu,Ipswich Town,MD,5.5,1,Sunderland,True,65,2,315,5,2026-08-22T14:00:00Z,2,1,False,0,0,0,1,0,0,0,0,0,0,0,22,18.6,28.4,8.0,5.5,1,2,4,7,1,0.00,0.41,0.41,0.63,55,0,21235,0,0
abdul_fatawu,Ipswich Town,MD,5.5,2,Man Utd,False,82,4,315,18,2026-08-30T15:30:00Z,5,2,False,0,1,0,5,0,0,0,1,0,0,0,25,26.6,42.3,2.0,7.1,1,2,1,4,1,0.00,0.22,0.22,4.59,55,-2198,21573,570,2768
abdul_fatawu,Ipswich Town,MD,5.5,3,Liverpool,True,78,2,315,21,2026-09-04T19:00:00Z,0,2,False,0,0,0,2,0,0,0,0,0,0,0,14,10.2,32.9,4.0,4.7,2,2,2,6,1,0.03,0.15,0.18,0.69,55,-849,21660,2126,2975
abdul_fatawu,Ipswich Town,MD,5.5,4,Crystal Palace,False,61,1,315,34,2026-09-12T14:00:00Z,2,3,False,0,0,0,1,0,0,0,1,0,0,0,6,6.2,11.3,6.0,2.4,2,3,2,7,1,0.00,0.05,0.05,0.20,55,-464,21628,1970,2434
emersonn_correia da silva,Ipswich Town,FW,5.5,1,Sunderland,True,65,9,316,5,2026-08-22T14:00:00Z,2,1,False,1,0,0,1,0,0,0,0,0,0,3,41,45.6,26.3,40.0,11.2,1,1,1,3,1,0.82,0.06,0.88,0.63,55,0,33590,0,0
emersonn_correia da silva,Ipswich Town,FW,5.5,2,Man Utd,False,45,1,316,18,2026-08-30T15:30:00Z,5,2,False,0,0,0,1,0,0,0,0,0,0,0,7,1.0,11.1,2.0,1.4,1,0,0,1,1,0.00,0.00,0.00,0.77,55,59997,182058,76807,16810
emersonn_correia da silva,Ipswich Town,FW,5.5,3,Liverpool,True,65,2,316,21,2026-09-04T19:00:00Z,0,2,False,0,0,0,2,0,0,0,0,0,0,0,8,3.2,0.0,8.0,1.1,1,1,1,3,1,0.22,0.00,0.22,0.62,55,-30504,167319,20740,51244
emersonn_correia da silva,Ipswich Town,FW,5.5,4,Crystal Palace,False,62,12,316,34,2026-09-12T14:00:00Z,2,3,False,1,1,0,1,0,0,0,0,0,0,3,45,46.6,12.4,33.0,9.2,0,2,0,2,1,0.44,0.05,0.49,0.20,55,1738,178755,26091,24353
george_hirst,Ipswich Town,FW,5.0,1,Sunderland,True,0,0,317,5,2026-08-22T14:00:00Z,2,1,False,0,0,0,0,0,0,0,0,0,0,0,0,0.0,0.0,0.0,0.0,0,0,0,0,0,0.00,0.00,0.00,0.00,50,0,25160,0,0
george_hirst,Ipswich Town,FW,5.0,2,Man Utd,False,0,0,317,18,2026-08-30T15:30:00Z,5,2,False,0,0,0,0,0,0,0,0,0,0,0,0,0.0,0.0,0.0,0.0,0,0,0,0,0,0.00,0.00,0.00,0.00,50,-8695,16241,0,8695
george_hirst,Ipswich Town,FW,5.0,3,Liverpool,True,0,0,317,21,2026-09-04T19:00:00Z,0,2,False,0,0,0,0,0,0,0,0,0,0,0,0,0.0,0.0,0.0,0.0,0,0,0,0,0,0.00,0.00,0.00,0.00,50,-4365,11907,0,4365
george_hirst,Ipswich Town,FW,5.0,4,Crystal Palace,False,0,0,317,34,2026-09-12T14:00:00Z,2,3,False,0,0,0,0,0,0,0,0,0,0,0,0,0.0,0.0,0.0,0.0,0,0,0,0,0,0.00,0.00,0.00,0.00,50,-2172,9936,0,2172
jaden_philogene,Ipswich Town,MD,5.5,1,Sunderland,True,0,0,318,5,2026-08-22T14:00:00Z,2,1,False,0,0,0,0,0,0,0,0,0,0,0,0,0.0,0.0,0.0,0.0,0,0,0,0,0,0.00,0.00,0.00,0.00,55,0,14821,0,0
jaden_philogene,Ipswich Town,MD,5.5,2,Man Utd,False,0,0,318,18,2026-08-30T15:30:00Z,5,2,False,0,0,0,0,0,0,0,0,0,0,0,0,0.0,0.0,0.0,0.0,0,0,0,0,0,0.00,0.00,0.00,0.00,55,-3822,12592,106,3928
jaden_philogene,Ipswich Town,MD,5.4,3,Liverpool,True,0,0,318,21,2026-09-04T19:00:00Z,0,2,False,0,0,0,0,0,0,0,0,0,0,0,0,0.0,0.0,0.0,0.0,0,0,0,0,0,0.00,0.00,0.00,0.00,54,-3409,9209,41,3450
jaden_philogene,Ipswich Town,MD,5.4,4,Crystal Palace,False,28,1,318,34,2026-09-12T14:00:00Z,2,3,False,0,0,0,1,0,0,0,0,0,0,0,6,3.4,0.8,9.0,1.3,0,3,0,3,0,0.02,0.00,0.01,0.41,54,-1303,8038,38,1341
sam_szmodics,Ipswich Town,MD,5.0,1,Sunderland,True,0,0,319,5,2026-08-22T14:00:00Z,2,1,False,0,0,0,0,0,0,0,0,0,0,0,0,0.0,0.0,0.0,0.0,0,0,0,0,0,0.00,0.00,0.00,0.00,50,0,1030,0,0
sam_szmodics,Ipswich Town,MD,5.0,2,Man Utd,False,0,0,319,18,2026-08-30T15:30:00Z,5,2,False,0,0,0,0,0,0,0,0,0,0,0,0,0.0,0.0,0.0,0.0,0,0,0,0,0,0.00,0.00,0.00,0.00,50,-409,615,0,409
sam_szmodics,Ipswich Town,MD,5.0,3,Liverpool,True,0,0,319,21,2026-09-04T19:00:00Z,0,2,False,0,0,0,0,0,0,0,0,0,0,0,0,0.0,0.0,0.0,0.0,0,0,0,0,0,0.00,0.00,0.00,0.00,50,-191,427,0,191
sam_szmodics,Ipswich Town,MD,5.0,4,Crystal Palace,False,0,0,319,34,2026-09-12T14:00:00Z,2,3,False,0,0,0,0,0,0,0,0,0,0,0,0,0.0,0.0,0.0,0.0,0,0,0,0,0,0.00,0.00,0.00,0.00,50,-87,350,0,87
chuba_akpom,Ipswich Town,FW,5.0,1,Sunderland,True,24,1,320,5,2026-08-22T14:00:00Z,2,1,False,0,0,0,0,0,0,0,0,0,0,0,3,1.4,0.0,2.0,0.3,0,2,1,3,0,0.00,0.00,0.00,0.03,50,0,47871,0,0
chuba_akpom,Ipswich Town,FW,5.0,2,Man Utd,False,45,5,320,18,2026-08-30T15:30:00Z,5,2,False,1,0,0,4,0,0,0,0,0,0,0,30,33.2,1.7,17.0,5.2,0,0,0,0,0,0.97,0.00,0.97,4.01,50,-1625,52422,4625,6250
chuba_akpom,Ipswich Town,FW,5.0,3,Liverpool,True,0,0,320,21,2026-09-04T19:00:00Z,0,2,False,0,0,0,0,0,0,0,0,0,0,0,0,0.0,0.0,0.0,0.0,0,0,0,0,0,0.00,0.00,0.00,0.00,50,45434,114005,62654,17220
chuba_akpom,Ipswich Town,FW,5.0,4,Crystal Palace,False,0,0,320,34,2026-09-12T14:00:00Z,2,3,False,0,0,0,0,0,0,0,0,0,0,0,0,0.0,0.0,0.0,0.0,0,0,0,0,0,0.00,0.00,0.00,0.00,50,17117,129479,36471,19354
sindre_walle egeli,Ipswich Town,FW,4.5,1,Sunderland,True,10,1,321,5,2026-08-22T14:00:00Z,2,1,False,0,0,0,0,0,0,0,0,0,0,0,3,0.0,0.1,0.0,0.0,0,0,0,0,0,0.00,0.00,0.00,0.03,45,0,199675,0,0
sindre_walle egeli,Ipswich Town,FW,4.5,2,Man Utd,False,0,0,321,18,2026-08-30T15:30:00Z,5,2,False,0,0,0,0,0,0,0,0,0,0,0,0,0.0,0.0,0.0,0.0,0,0,0,0,0,0.00,0.00,0.00,0.00,45,17271,247770,40712,23441
sindre_walle egeli,Ipswich Town,FW,4.5,3,Liverpool,True,0,0,321,21,2026-09-04T19:00:00Z,0,2,False,0,0,0,0,0,0,0,0,0,0,0,0,0.0,0.0,0.0,0.0,0,0,0,0,0,0.00,0.00,0.00,0.00,45,73544,367243,127698,54154
sindre_walle egeli,Ipswich Town,FW,4.5,4,Crystal Palace,False,0,0,321,34,2026-09-12T14:00:00Z,2,3,False,0,0,0,0,0,0,0,0,0,0,0,0,0.0,0.0,0.0,0.0,0,0,0,0,0,0.00,0.00,0.00,0.00,45,24582,372683,82088,57506
ali_al-hamadi,Ipswich Town,FW,5.0,1,Sunderland,True,0,0,322,5,2026-08-22T14:00:00Z,2,1,False,0,0,0,0,0,0,0,0,0,0,0,0,0.0,0.0,0.0,0.0,0,0,0,0,0,0.00,0.00,0.00,0.00,50,0,13332,0,0
ali_al-hamadi,Ipswich Town,FW,5.0,2,Man Utd,False,0,0,322,18,2026-08-30T15:30:00Z,5,2,False,0,0,0,0,0,0,0,0,0,0,0,0,0.0,0.0,0.0,0.0,0,0,0,0,0,0.00,0.00,0.00,0.00,50,-2247,12213,755,3002
ali_al-hamadi,Ipswich Town,FW,5.0,3,Liverpool,True,0,0,322,21,2026-09-04T19:00:00Z,0,2,False,0,0,0,0,0,0,0,0,0,0,0,0,0.0,0.0,0.0,0.0,0,0,0,0,0,0.00,0.00,0.00,0.00,50,-3877,8170,0,3877
ali_al-hamadi,Ipswich Town,FW,5.0,4,Crystal Palace,False,0,0,322,34,2026-09-12T14:00:00Z,2,3,False,0,0,0,0,0,0,0,0,0,0,0,0,0.0,0.0,0.0,0.0,0,0,0,0,0,0.00,0.00,0.00,0.00,50,-1678,6747,0,1678
kasey_mcateer,Ipswich Town,MD,4.5,1,Sunderland,True,24,1,323,5,2026-08-22T14:00:00Z,2,1,False,0,0,0,0,0,0,0,0,0,0,0,4,1.2,1.3,0.0,0.3,0,2,1,3,0,0.00,0.00,0.00,0.03,45,0,130440,0,0
kasey_mcateer,Ipswich Town,MD,4.5,2,Man Utd,False,7,1,323,18,2026-08-30T15:30:00Z,5,2,False,0,0,0,0,0,0,0,0,0,0,0,3,0.2,0.0,0.0,0.0,0,1,0,1,0,0.00,0.00,0.00,0.18,45,-5950,133761,5615,11565
kasey_mcateer,Ipswich Town,MD,4.5,3,Liverpool,True,11,1,323,21,2026-09-04T19:00:00Z,0,2,False,0,0,0,0,0,0,0,0,0,0,0,5,3.2,0.5,7.0,1.1,0,1,0,1,0,0.05,0.00,0.05,0.00,45,-4340,133131,11626,15966
kasey_mcateer,Ipswich Town,MD,4.5,4,Crystal Palace,False,0,0,323,34,2026-09-12T14:00:00Z,2,3,False,0,0,0,0,0,0,0,0,0,0,0,0,0.0,0.0,0.0,0.0,0,0,0,0,0,0.00,0.00,0.00,0.00,45,-7171,126703,7120,14291
anis_mehmeti,Ipswich Town,MD,5.0,1,Sunderland,True,0,0,324,5,2026-08-22T14:00:00Z,2,1,False,0,0,0,0,0,0,0,0,0,0,0,0,0.0,0.0,0.0,0.0,0,0,0,0,0,0.00,0.00,0.00,0.00,50,0,4850,0,0
anis_mehmeti,Ipswich Town,MD,5.0,2,Man Utd,False,0,0,324,18,2026-08-30T15:30:00Z,5,2,False,0,0,0,0,0,0,0,0,0,0,0,0,0.0,0.0,0.0,0.0,0,0,0,0,0,0.00,0.00,0.00,0.00,50,-639,4692,47,686
anis_mehmeti,Ipswich Town,MD,4.9,3,Liverpool,True,0,0,324,21,2026-09-04T19:00:00Z,0,2,False,0,0,0,0,0,0,0,0,0,0,0,0,0.0,0.0,0.0,0.0,0,0,0,0,0,0.00,0.00,0.00,0.00,49,-648,4120,109,757
anis_mehmeti,Ipswich Town,MD,4.9,4,Crystal Palace,False,0,0,324,34,2026-09-12T14:00:00Z,2,3,False,0,0,0,0,0,0,0,0,0,0,0,0,0.0,0.0,0.0,0.0,0,0,0,0,0,0.00,0.00,0.00,0.00,49,-456,3735,90,546
kayne_van oevelen,Ipswich Town,GK,4.5,1,Sunderland,True,0,0,554,5,2026-08-22T14:00:00Z,2,1,False,0,0,0,0,0,0,0,0,0,0,0,0,0.0,0.0,0.0,0.0,0,0,0,0,0,0.00,0.00,0.00,0.00,45,0,3509,0,0
kayne_van oevelen,Ipswich Town,GK,4.5,2,Man Utd,False,0,0,554,18,2026-08-30T15:30:00Z,5,2,False,0,0,0,0,0,0,0,0,0,0,0,0,0.0,0.0,0.0,0.0,0,0,0,0,0,0.00,0.00,0.00,0.00,45,-583,3085,54,637
kayne_van oevelen,Ipswich Town,GK,4.5,3,Liverpool,True,0,0,554,21,2026-09-04T19:00:00Z,0,2,False,0,0,0,0,0,0,0,0,0,0,0,0,0.0,0.0,0.0,0.0,0,0,0,0,0,0.00,0.00,0.00,0.00,45,-698,2365,0,698
kayne_van oevelen,Ipswich Town,GK,4.5,4,Crystal Palace,False,0,0,554,34,2026-09-12T14:00:00Z,2,3,False,0,0,0,0,0,0,0,0,0,0,0,0,0.0,0.0,0.0,0.0,0,0,0,0,0,0.00,0.00,0.00,0.00,45,-302,2101,0,302
daizen_maeda,Ipswich Town,MD,5.5,1,Sunderland,True,79,2,562,5,2026-08-22T14:00:00Z,2,1,False,0,0,0,1,0,0,0,0,0,0,0,7,12.6,1.4,7.0,2.1,3,2,4,9,1,0.61,0.00,0.61,0.63,55,0,37656,0,0
daizen_maeda,Ipswich Town,MD,5.5,2,Man Utd,False,72,2,562,18,2026-08-30T15:30:00Z,5,2,False,0,0,0,4,0,0,0,0,0,0,0,10,8.0,1.4,19.0,2.8,3,1,1,5,1,0.06,0.01,0.07,3.91,55,-3302,37115,740,4042
daizen_maeda,Ipswich Town,MD,5.5,3,Liverpool,True,65,2,562,21,2026-09-04T19:00:00Z,0,2,False,0,0,0,2,0,0,0,0,0,0,0,9,8.2,0.1,17.0,2.5,2,1,2,5,1,0.04,0.00,0.04,0.62,55,-4936,32352,903,5839
daizen_maeda,Ipswich Town,MD,5.4,4,Crystal Palace,False,27,1,562,34,2026-09-12T14:00:00Z,2,3,False,0,0,0,1,0,0,0,0,0,0,0,1,0.0,2.3,0.0,0.0,0,0,0,0,0,0.00,0.00,0.00,0.41,54,-3657,29173,861,4518
kjell_scherpen,Ipswich Town,GK,4.5,1,Sunderland,True,90,2,564,5,2026-08-22T14:00:00Z,2,1,False,0,0,0,1,0,0,0,0,0,2,0,12,14.4,0.0,0.0,1.4,1,10,0,0,1,0.00,0.00,0.00,0.66,45,0,57252,0,0
kjell_scherpen,Ipswich Town,GK,4.5,2,Man Utd,False,90,2,564,18,2026-08-30T15:30:00Z,5,2,False,0,0,0,5,0,0,0,0,0,6,0,9,46.4,0.0,0.0,4.6,4,13,0,0,1,0.00,0.01,0.01,4.77,45,-2247,62701,1329,3576
kjell_scherpen,Ipswich Town,GK,4.5,3,Liverpool,True,90,2,564,21,2026-09-04T19:00:00Z,0,2,False,0,0,0,2,0,0,0,0,0,5,0,13,27.8,0.0,0.0,2.8,0,7,0,0,1,0.00,0.00,0.00,0.69,45,-2758,58738,4399,7157
kjell_scherpen,Ipswich Town,GK,4.5,4,Crystal Palace,False,90,1,564,34,2026-09-12T14:00:00Z,2,3,False,0,0,0,2,0,0,0,0,0,2,0,6,15.0,0.0,0.0,1.5,3,9,0,0,1,0.00,0.00,0.00,0.62,45,330,63943,5936,5606
florentino ibrain_morris luís,Ipswich Town,MD,5.0,1,Sunderland,True,0,0,571,5,2026-08-22T14:00:00Z,2,1,False,0,0,0,0,0,0,0,0,0,0,0,0,0.0,0.0,0.0,0.0,0,0,0,0,0,0.00,0.00,0.00,0.00,50,0,12850,0,0
florentino ibrain_morris luís,Ipswich Town,MD,5.0,2,Man Utd,False,0,0,571,18,2026-08-30T15:30:00Z,5,2,False,0,0,0,0,0,0,0,0,0,0,0,0,0.0,0.0,0.0,0.0,0,0,0,0,0,0.00,0.00,0.00,0.00,50,-1993,11870,214,2207
florentino ibrain_morris luís,Ipswich Town,MD,4.9,3,Liverpool,True,0,0,571,21,2026-09-04T19:00:00Z,0,2,False,0,0,0,0,0,0,0,0,0,0,0,0,0.0,0.0,0.0,0.0,0,0,0,0,0,0.00,0.00,0.00,0.00,49,-2128,9821,223,2351
florentino ibrain_morris luís,Ipswich Town,MD,4.9,4,Crystal Palace,False,13,1,571,34,2026-09-12T14:00:00Z,2,3,False,0,0,0,0,0,0,0,0,0,0,0,8,9.0,21.3,2.0,3.2,1,0,1,2,0,0.00,0.01,0.01,0.27,49,-906,9156,327,1233
julio_enciso,Ipswich Town,MD,5.5,1,Sunderland,True,70,5,591,5,2026-08-22T14:00:00Z,2,1,False,0,1,0,1,0,0,0,0,0,0,0,24,21.6,14.0,18.0,5.4,2,5,1,8,1,0.23,0.31,0.54,0.63,55,0,24595,0,0
julio_enciso,Ipswich Town,MD,5.5,2,Man Utd,False,90,5,591,18,2026-08-30T15:30:00Z,5,2,False,0,1,0,5,0,0,0,0,0,0,0,25,21.8,12.4,21.0,5.5,0,7,1,8,1,0.40,0.31,0.71,4.77,55,13215,48266,17669,4454
julio_enciso,Ipswich Town,MD,5.5,3,Liverpool,True,90,1,591,21,2026-09-04T19:00:00Z,0,2,False,0,0,0,2,0,0,0,1,0,0,0,16,10.2,22.5,23.0,5.6,2,3,0,5,1,0.24,0.02,0.26,0.69,55,25086,82553,35897,10811
julio_enciso,Ipswich Town,MD,5.5,4,Crystal Palace,False,90,2,591,34,2026-09-12T14:00:00Z,2,3,False,0,0,0,2,0,0,0,0,0,0,0,7,2.2,13.8,13.0,2.9,1,4,0,5,1,0.05,0.20,0.25,0.62,55,12977,96833,28533,15556
abdoul_ouattara,Ipswich Town,DF,4.0,1,Sunderland,True,10,1,592,5,2026-08-22T14:00:00Z,2,1,False,0,0,0,0,0,0,0,0,0,0,0,4,5.2,10.0,0.0,1.5,2,0,0,2,0,0.00,0.00,0.00,0.03,40,0,86218,0,0
abdoul_ouattara,Ipswich Town,DF,4.0,2,Man Utd,False,17,1,592,18,2026-08-30T15:30:00Z,5,2,False,0,0,0,1,0,0,0,0,0,0,0,-1,0.6,0.6,0.0,0.1,0,1,0,0,0,0.00,0.00,0.00,0.86,40,-3097,99458,2769,5866
abdoul_ouattara,Ipswich Town,DF,4.0,3,Liverpool,True,12,1,592,21,2026-09-04T19:00:00Z,0,2,False,0,0,0,0,0,0,0,0,0,0,0,4,3.6,14.0,0.0,1.8,0,2,0,0,0,0.00,0.02,0.02,0.00,40,-2760,100578,4401,7161
abdoul_ouattara,Ipswich Town,DF,4.0,4,Crystal Palace,False,2,1,592,34,2026-09-12T14:00:00Z,2,3,False,0,0,0,0,0,0,0,0,0,0,0,5,2.2,0.2,0.0,0.2,0,1,1,1,0,0.00,0.00,0.00,0.00,40,-2585,97893,3046,5631
cameron_humphreys,Ipswich Town,MD,4.5,1,Sunderland,True,0,0,602,5,2026-08-22T14:00:00Z,2,1,False,0,0,0,0,0,0,0,0,0,0,0,0,0.0,0.0,0.0,0.0,0,0,0,0,0,0.00,0.00,0.00,0.00,45,0,0,0,0
cameron_humphreys,Ipswich Town,MD,4.5,2,Man Utd,False,0,0,602,18,2026-08-30T15:30:00Z,5,2,False,0,0,0,0,0,0,0,0,0,0,0,0,0.0,0.0,0.0,0.0,0,0,0,0,0,0.00,0.00,0.00,0.00,45,942,3086,1275,333
cameron_humphreys,Ipswich Town,MD,4.5,3,Liverpool,True,0,0,602,21,2026-09-04T19:00:00Z,0,2,False,0,0,0,0,0,0,0,0,0,0,0,0,0.0,0.0,0.0,0.0,0,0,0,0,0,0.00,0.00,0.00,0.00,45,382,4148,1586,1204
cameron_humphreys,Ipswich Town,MD,4.5,4,Crystal Palace,False,0,0,602,34,2026-09-12T14:00:00Z,2,3,False,0,0,0,0,0,0,0,0,0,0,0,0,0.0,0.0,0.0,0.0,0,0,0,0,0,0.00,0.00,0.00,0.00,45,-968,2961,0,968
exequiel_palacios,Ipswich Town,MD,5.0,2,Man Utd,False,28,1,619,18,2026-08-30T15:30:00Z,5,2,False,0,0,0,2,0,0,0,0,0,0,0,11,7.2,12.0,2.0,2.1,2,3,1,6,0,0.00,0.01,0.01,1.92,50,84,127,89,5
exequiel_palacios,Ipswich Town,MD,5.0,3,Liverpool,True,77,4,619,21,2026-09-04T19:00:00Z,0,2,False,0,0,0,2,0,0,0,0,0,0,0,24,20.2,22.5,0.0,4.3,3,12,4,19,1,0.00,0.02,0.02,0.69,50,979,1551,1326,347
exequiel_palacios,Ipswich Town,MD,5.0,4,Crystal Palace,False,90,4,619,34,2026-09-12T14:00:00Z,2,3,False,0,0,0,2,0,0,0,0,0,0,0,14,18.0,5.9,2.0,2.6,5,5,3,13,1,0.00,0.04,0.04,0.62,50,1408,3376,2317,909
zian_flemming,Ipswich Town,FW,5.5,3,Liverpool,True,24,1,640,21,2026-09-04T19:00:00Z,0,2,False,0,0,0,0,0,0,0,0,0,0,0,4,3.2,0.5,7.0,1.1,0,0,0,0,0,0.02,0.01,0.03,0.06,55,1528,1904,1761,233
zian_flemming,Ipswich Town,FW,5.5,4,Crystal Palace,False,27,5,640,34,2026-09-12T14:00:00Z,2,3,False,1,0,0,1,0,0,0,0,0,0,0,32,35.0,1.3,44.0,8.0,1,1,0,2,0,0.52,0.00,0.52,0.41,55,1835,4207,2524,689
harry_wilson,Leeds,MD,6.5,1,Nott'm Forest,False,65,3,260,6,2026-08-22T14:00:00Z,0,1,False,0,0,1,0,0,0,0,0,0,0,0,8,6.2,15.3,4.0,2.6,0,0,2,2,1,0.00,0.02,0.02,0.53,65,0,577649,0,0
harry_wilson,Leeds,MD,6.5,2,Brentford,True,45,1,260,17,2026-08-30T13:00:00Z,1,1,False,0,0,0,0,0,0,0,0,0,0,0,7,8.4,12.1,6.0,2.7,2,3,1,6,0,0.01,0.04,0.05,1.13,65,-42839,557212,14929,57768
harry_wilson,Leeds,MD,6.4,3,Brighton,False,17,0,260,23,2026-09-05T14:00:00Z,1,1,False,0,0,0,0,0,0,0,1,0,0,0,0,1.4,20.3,2.0,2.4,0,1,0,1,0,0.00,0.00,0.00,1.32,64,-148278,401861,7327,155605
harry_wilson,Leeds,MD,6.3,4,Newcastle,True,18,1,260,40,2026-09-14T19:00:00Z,4,1,False,0,0,0,1,0,0,0,0,0,0,0,4,3.2,4.7,0.0,0.8,1,0,1,2,0,0.00,0.03,0.03,0.30,63,-121524,291023,3258,124782
lucas estella_perri,Leeds,GK,4.5,1,Nott'm Forest,False,0,0,326,6,2026-08-22T14:00:00Z,0,1,False,0,0,0,0,0,0,0,0,0,0,0,0,0.0,0.0,0.0,0.0,0,0,0,0,0,0.00,0.00,0.00,0.00,45,0,52897,0,0
lucas estella_perri,Leeds,GK,4.5,2,Brentford,True,0,0,326,17,2026-08-30T13:00:00Z,1,1,False,0,0,0,0,0,0,0,0,0,0,0,0,0.0,0.0,0.0,0.0,0,0,0,0,0,0.00,0.00,0.00,0.00,45,-5031,54468,328,5359
lucas estella_perri,Leeds,GK,4.5,3,Brighton,False,0,0,326,23,2026-09-05T14:00:00Z,1,1,False,0,0,0,0,0,0,0,0,0,0,0,0,0.0,0.0,0.0,0.0,0,0,0,0,0,0.00,0.00,0.00,0.00,45,-9253,45033,204,9457
lucas estella_perri,Leeds,GK,4.5,4,Newcastle,True,0,0,326,40,2026-09-14T19:00:00Z,4,1,False,0,0,0,0,0,0,0,0,0,0,0,0,0.0,0.0,0.0,0.0,0,0,0,0,0,0.00,0.00,0.00,0.00,45,-6925,38525,0,6925
jaka_bijol,Leeds,DF,5.0,1,Nott'm Forest,False,90,10,327,6,2026-08-22T14:00:00Z,0,1,False,0,0,1,0,0,0,0,0,0,0,2,28,23.6,0.4,15.0,3.9,11,5,1,12,1,0.11,0.00,0.11,0.66,50,0,27043,0,0
jaka_bijol,Leeds,DF,5.0,2,Brentford,True,45,1,327,17,2026-08-30T13:00:00Z,1,1,False,0,0,0,1,0,0,0,0,0,0,0,0,8.4,0.2,0.0,0.9,5,2,0,5,1,0.00,0.00,0.00,0.55,50,37035,96315,45219,8184
jaka_bijol,Leeds,DF,5.0,3,Brighton,False,29,1,327,23,2026-09-05T14:00:00Z,1,1,False,0,0,0,1,0,0,0,0,0,0,0,1,6.2,0.0,0.0,0.6,2,0,2,4,0,0.00,0.00,0.00,1.95,50,-2619,95603,14908,17527
jaka_bijol,Leeds,DF,5.0,4,Newcastle,True,0,0,327,40,2026-09-14T19:00:00Z,4,1,False,0,0,0,0,0,0,0,0,0,0,0,0,0.0,0.0,0.0,0.0,0,0,0,0,0,0.00,0.00,0.00,0.00,50,-10468,87595,4371,14839
joe_rodon,Leeds,DF,4.5,1,Nott'm Forest,False,90,6,329,6,2026-08-22T14:00:00Z,0,1,False,0,0,1,0,0,0,0,0,0,0,0,21,14.4,14.4,5.0,3.4,6,1,1,7,1,0.03,0.06,0.09,0.66,45,0,330772,0,0
joe_rodon,Leeds,DF,4.5,2,Brentford,True,33,1,329,17,2026-08-30T13:00:00Z,1,1,False,0,0,0,0,0,0,0,0,0,0,0,4,8.6,0.3,2.0,1.1,4,1,0,4,1,0.00,0.00,0.00,0.35,45,9026,358288,21600,12574
joe_rodon,Leeds,DF,4.5,3,Brighton,False,0,0,329,23,2026-09-05T14:00:00Z,1,1,False,0,0,0,0,0,0,0,0,0,0,0,0,0.0,0.0,0.0,0.0,0,0,0,0,0,0.00,0.00,0.00,0.00,45,-122557,220934,5070,127627
joe_rodon,Leeds,DF,4.4,4,Newcastle,True,0,0,329,40,2026-09-14T19:00:00Z,4,1,False,0,0,0,0,0,0,0,0,0,0,0,0,0.0,0.0,0.0,0.0,0,0,0,0,0,0.00,0.00,0.00,0.00,44,-112676,118013,168,112844
jayden_bogle,Leeds,DF,4.5,1,Nott'm Forest,False,90,6,330,6,2026-08-22T14:00:00Z,0,1,False,0,0,1,0,0,0,0,0,0,0,0,24,7.0,1.1,0.0,0.8,2,3,1,3,1,0.00,0.00,0.00,0.66,45,0,45674,0,0
jayden_bogle,Leeds,DF,4.5,2,Brentford,True,67,2,330,17,2026-08-30T13:00:00Z,1,1,False,0,0,0,1,0,0,0,0,0,0,0,9,18.6,11.3,4.0,3.4,5,5,2,7,1,0.00,0.01,0.01,0.74,45,2801,54809,5925,3124
jayden_bogle,Leeds,DF,4.5,3,Brighton,False,60,14,330,23,2026-09-05T14:00:00Z,1,1,False,1,0,1,0,0,0,0,1,0,0,3,30,35.4,1.7,33.0,7.0,2,0,0,2,1,0.90,0.02,0.92,0.24,45,-432,54984,5089,5521
jayden_bogle,Leeds,DF,4.5,4,Newcastle,True,82,15,330,40,2026-09-14T19:00:00Z,4,1,False,1,0,1,0,0,0,0,0,0,0,3,45,47.8,18.5,71.0,13.7,1,1,2,3,1,0.41,0.05,0.46,0.59,45,98023,232034,121956,23933
gabriel_gudmundsson,Leeds,DF,4.5,1,Nott'm Forest,False,0,0,331,6,2026-08-22T14:00:00Z,0,1,False,0,0,0,0,0,0,0,0,0,0,0,0,0.0,0.0,0.0,0.0,0,0,0,0,0,0.00,0.00,0.00,0.00,45,0,5099,0,0
gabriel_gudmundsson,Leeds,DF,4.5,2,Brentford,True,0,0,331,17,2026-08-30T13:00:00Z,1,1,False,0,0,0,0,0,0,0,0,0,0,0,0,0.0,0.0,0.0,0.0,0,0,0,0,0,0.00,0.00,0.00,0.00,45,-926,4329,66,992
gabriel_gudmundsson,Leeds,DF,4.5,3,Brighton,False,90,2,331,23,2026-09-05T14:00:00Z,1,1,False,0,0,0,1,0,0,0,0,0,0,0,9,12.6,1.2,2.0,1.6,2,9,3,5,1,0.00,0.00,0.00,2.19,45,253,4932,644,391
gabriel_gudmundsson,Leeds,DF,4.5,4,Newcastle,True,72,6,331,40,2026-09-14T19:00:00Z,4,1,False,0,0,1,0,0,0,0,0,0,0,0,26,10.0,8.6,4.0,2.3,1,2,3,4,1,0.00,0.18,0.18,0.58,45,621,5954,1148,527
james_justin,Leeds,DF,4.5,1,Nott'm Forest,False,90,10,332,6,2026-08-22T14:00:00Z,0,1,False,0,0,1,0,0,0,0,0,0,0,2,28,24.6,2.3,2.0,2.9,6,4,6,12,1,0.00,0.01,0.01,0.66,45,0,52732,0,0
james_justin,Leeds,DF,4.5,2,Brentford,True,90,2,332,17,2026-08-30T13:00:00Z,1,1,False,0,0,0,1,0,0,0,0,0,0,0,12,24.6,11.8,9.0,4.5,6,3,2,8,1,0.03,0.01,0.04,1.67,45,34143,121554,43534,9391
james_justin,Leeds,DF,4.5,3,Brighton,False,90,4,332,23,2026-09-05T14:00:00Z,1,1,False,0,0,0,1,0,0,0,0,0,0,0,9,16.8,1.5,21.0,3.9,7,4,3,10,1,0.14,0.00,0.14,2.19,45,14204,150950,35632,21428
james_justin,Leeds,DF,4.5,4,Newcastle,True,90,2,332,40,2026-09-14T19:00:00Z,4,1,False,0,0,0,1,0,0,0,0,0,0,0,11,18.4,25.6,4.0,4.8,3,1,2,5,1,0.00,0.28,0.28,0.88,45,5626,160487,27752,22126
sebastiaan_bornauw,Leeds,DF,4.5,1,Nott'm Forest,False,0,0,333,6,2026-08-22T14:00:00Z,0,1,False,0,0,0,0,0,0,0,0,0,0,0,0,0.0,0.0,0.0,0.0,0,0,0,0,0,0.00,0.00,0.00,0.00,45,0,512,0,0
sebastiaan_bornauw,Leeds,DF,4.5,2,Brentford,True,0,0,333,17,2026-08-30T13:00:00Z,1,1,False,0,0,0,0,0,0,0,0,0,0,0,0,0.0,0.0,0.0,0.0,0,0,0,0,0,0.00,0.00,0.00,0.00,45,-170,335,0,170
sebastiaan_bornauw,Leeds,DF,4.5,3,Brighton,False,0,0,333,23,2026-09-05T14:00:00Z,1,1,False,0,0,0,0,0,0,0,0,0,0,0,0,0.0,0.0,0.0,0.0,0,0,0,0,0,0.00,0.00,0.00,0.00,45,-63,276,0,63
sebastiaan_bornauw,Leeds,DF,4.5,4,Newcastle,True,0,0,333,40,2026-09-14T19:00:00Z,4,1,False,0,0,0,0,0,0,0,0,0,0,0,0,0.0,0.0,0.0,0.0,0,0,0,0,0,0.00,0.00,0.00,0.00,45,-39,239,0,39
tarik_muharemović,Leeds,DF,5.0,1,Nott'm Forest,False,90,6,334,6,2026-08-22T14:00:00Z,0,1,False,0,0,1,0,0,0,0,0,0,0,0,25,15.6,0.6,17.0,3.3,7,1,0,7,1,0.09,0.00,0.09,0.66,50,0,306283,0,0
tarik_muharemović,Leeds,DF,5.0,2,Brentford,True,90,4,334,17,2026-08-30T13:00:00Z,1,1,False,0,0,0,1,0,0,0,0,0,0,0,17,51.6,0.8,2.0,5.4,17,3,2,19,1,0.00,0.01,0.01,1.67,50,9697,336009,21539,11842
tarik_muharemović,Leeds,DF,5.0,3,Brighton,False,90,4,334,23,2026-09-05T14:00:00Z,1,1,False,0,0,0,1,0,0,0,0,0,0,0,10,29.2,0.8,2.0,3.2,12,2,1,13,1,0.00,0.01,0.01,2.19,50,-2089,326555,40504,42593
tarik_muharemović,Leeds,DF,5.0,4,Newcastle,True,90,7,334,40,2026-09-14T19:00:00Z,4,1,False,0,1,0,1,0,0,0,0,0,0,0,27,37.0,10.5,2.0,5.0,10,5,1,11,1,0.00,0.02,0.02,0.88,50,66646,410571,135153,68507
anton_stach,Leeds,MD,6.0,1,Nott'm Forest,False,90,13,335,6,2026-08-22T14:00:00Z,0,1,False,1,0,1,0,0,0,0,0,0,0,3,37,47.8,2.3,16.0,6.6,8,5,3,16,1,0.10,0.05,0.15,0.66,60,0,80326,0,0
anton_stach,Leeds,MD,6.0,2,Brentford,True,90,4,335,17,2026-08-30T13:00:00Z,1,1,False,0,0,0,1,0,0,0,0,0,0,0,13,24.6,17.0,4.0,4.6,8,4,4,16,1,0.07,0.01,0.08,1.67,60,67665,255319,81344,13679
anton_stach,Leeds,MD,6.0,3,Brighton,False,90,2,335,23,2026-09-05T14:00:00Z,1,1,False,0,0,0,1,0,0,0,0,0,0,0,7,15.4,16.5,19.0,5.1,2,2,2,6,1,0.32,0.10,0.42,2.19,60,12619,303711,62176,49557
anton_stach,Leeds,MD,6.0,4,Newcastle,True,87,3,335,40,2026-09-14T19:00:00Z,4,1,False,0,0,1,0,0,0,0,0,0,0,0,16,12.0,40.4,12.0,6.4,3,5,2,10,1,0.43,0.07,0.50,0.59,60,-19365,291170,29721,49086
noah_okafor,Leeds,MD,6.0,1,Nott'm Forest,False,24,1,336,6,2026-08-22T14:00:00Z,0,1,False,0,0,0,0,0,0,0,0,0,0,0,10,10.0,14.0,4.0,2.8,1,2,2,5,0,0.00,0.16,0.16,0.13,60,0,45369,0,0
noah_okafor,Leeds,MD,6.0,2,Brentford,True,68,2,336,17,2026-08-30T13:00:00Z,1,1,False,0,0,0,1,0,0,0,0,0,0,0,11,6.4,7.5,10.0,2.4,1,0,1,2,1,0.08,0.01,0.09,0.74,60,-7813,40559,1355,9168
noah_okafor,Leeds,MD,5.9,3,Brighton,False,61,3,336,23,2026-09-05T14:00:00Z,1,1,False,0,0,1,0,0,0,0,0,0,0,0,9,1.4,0.6,2.0,0.4,0,0,0,0,1,0.00,0.01,0.01,0.24,59,-8372,32691,2519,10891
noah_okafor,Leeds,MD,5.9,4,Newcastle,True,71,9,336,40,2026-09-14T19:00:00Z,4,1,False,1,0,1,0,0,0,0,0,0,0,1,35,41.4,17.8,21.0,8.0,1,3,2,6,1,0.07,0.08,0.15,0.58,59,-4605,29116,2061,6666
brenden_aaronson,Leeds,MD,5.5,1,Nott'm Forest,False,81,3,337,6,2026-08-22T14:00:00Z,0,1,False,0,0,1,0,0,0,0,0,0,0,0,16,8.0,1.1,7.0,1.6,0,6,1,7,1,0.01,0.01,0.02,0.58,55,0,87156,0,0
brenden_aaronson,Leeds,MD,5.5,2,Brentford,True,45,1,337,17,2026-08-30T13:00:00Z,1,1,False,0,0,0,1,0,0,0,0,0,0,0,6,2.2,0.6,0.0,0.3,1,1,1,3,1,0.00,0.01,0.01,0.55,55,-5840,85405,2593,8433
brenden_aaronson,Leeds,MD,5.5,3,Brighton,False,28,1,337,23,2026-09-05T14:00:00Z,1,1,False,0,0,0,1,0,0,0,0,0,0,0,5,0.0,1.0,0.0,0.1,0,0,0,0,0,0.00,0.00,0.00,1.95,55,-14068,70876,2026,16094
brenden_aaronson,Leeds,MD,5.4,4,Newcastle,True,18,1,337,40,2026-09-14T19:00:00Z,4,1,False,0,0,0,1,0,0,0,0,0,0,0,4,0.2,0.3,2.0,0.3,0,1,0,1,0,0.00,0.00,0.00,0.30,54,-10317,61613,1095,11412
ethan_ampadu,Leeds,MD,5.5,1,Nott'm Forest,False,90,5,338,6,2026-08-22T14:00:00Z,0,1,False,0,0,1,0,0,0,0,0,0,0,0,18,18.6,23.3,0.0,4.2,6,5,2,13,1,0.00,0.04,0.04,0.66,55,0,132659,0,0
ethan_ampadu,Leeds,MD,5.5,2,Brentford,True,90,2,338,17,2026-08-30T13:00:00Z,1,1,False,0,0,0,1,0,0,0,0,0,0,0,12,19.6,16.6,1.0,3.7,5,3,2,10,1,0.01,0.09,0.10,1.67,55,-4850,133624,4591,9441
ethan_ampadu,Leeds,MD,5.5,3,Brighton,False,90,2,338,23,2026-09-05T14:00:00Z,1,1,False,0,0,0,1,0,0,0,0,0,0,0,13,23.6,1.3,0.0,2.5,6,1,4,11,1,0.00,0.01,0.01,2.19,55,-15707,117203,3562,19269
ethan_ampadu,Leeds,MD,5.4,4,Newcastle,True,90,7,338,40,2026-09-14T19:00:00Z,4,1,False,0,1,0,1,0,0,0,0,0,0,0,25,8.0,1.7,4.0,1.4,2,9,1,12,1,0.07,0.02,0.09,0.88,54,-14489,103938,2529,17018
sean_longstaff,Leeds,MD,5.0,1,Nott'm Forest,False,8,1,339,6,2026-08-22T14:00:00Z,0,1,False,0,0,0,0,0,0,0,0,0,0,0,3,0.0,0.2,0.0,0.0,0,0,0,0,0,0.00,0.00,0.00,0.07,50,0,12582,0,0
sean_longstaff,Leeds,MD,5.0,2,Brentford,True,0,0,339,17,2026-08-30T13:00:00Z,1,1,False,0,0,0,0,0,0,0,0,0,0,0,0,0.0,0.0,0.0,0.0,0,0,0,0,0,0.00,0.00,0.00,0.00,50,-1056,12723,575,1631
sean_longstaff,Leeds,MD,5.0,3,Brighton,False,0,0,339,23,2026-09-05T14:00:00Z,1,1,False,0,0,0,0,0,0,0,0,0,0,0,0,0.0,0.0,0.0,0.0,0,0,0,0,0,0.00,0.00,0.00,0.00,50,-1965,10952,639,2604
sean_longstaff,Leeds,MD,4.9,4,Newcastle,True,2,1,339,40,2026-09-14T19:00:00Z,4,1,False,0,0,0,1,0,0,0,0,0,0,0,4,0.0,0.0,0.0,0.0,0,0,0,0,0,0.00,0.00,0.00,0.28,49,-1113,10180,693,1806
wilfried_gnonto,Leeds,MD,5.0,1,Nott'm Forest,False,0,0,341,6,2026-08-22T14:00:00Z,0,1,False,0,0,0,0,0,0,0,0,0,0,0,0,0.0,0.0,0.0,0.0,0,0,0,0,0,0.00,0.00,0.00,0.00,50,0,2172,0,0
wilfried_gnonto,Leeds,MD,5.0,2,Brentford,True,0,0,341,17,2026-08-30T13:00:00Z,1,1,False,0,0,0,0,0,0,0,0,0,0,0,0,0.0,0.0,0.0,0.0,0,0,0,0,0,0.00,0.00,0.00,0.00,50,-678,1522,18,696
wilfried_gnonto,Leeds,MD,5.0,3,Brighton,False,0,0,341,23,2026-09-05T14:00:00Z,1,1,False,0,0,0,0,0,0,0,0,0,0,0,0,0.0,0.0,0.0,0.0,0,0,0,0,0,0.00,0.00,0.00,0.00,50,-222,1395,226,448
wilfried_gnonto,Leeds,MD,5.0,4,Newcastle,True,0,0,341,40,2026-09-14T19:00:00Z,4,1,False,0,0,0,0,0,0,0,0,0,0,0,0,0.0,0.0,0.0,0.0,0,0,0,0,0,0.00,0.00,0.00,0.00,50,-435,947,0,435
jack_harrison,Leeds,MD,5.0,1,Nott'm Forest,False,0,0,342,6,2026-08-22T14:00:00Z,0,1,False,0,0,0,0,0,0,0,0,0,0,0,0,0.0,0.0,0.0,0.0,0,0,0,0,0,0.00,0.00,0.00,0.00,50,0,135,0,0
jack_harrison,Leeds,MD,5.0,2,Brentford,True,0,0,342,17,2026-08-30T13:00:00Z,1,1,False,0,0,0,0,0,0,0,0,0,0,0,0,0.0,0.0,0.0,0.0,0,0,0,0,0,0.00,0.00,0.00,0.00,50,-36,98,0,36
jack_harrison,Leeds,MD,5.0,3,Brighton,False,0,0,342,23,2026-09-05T14:00:00Z,1,1,False,0,0,0,0,0,0,0,0,0,0,0,0,0.0,0.0,0.0,0.0,0,0,0,0,0,0.00,0.00,0.00,0.00,50,-17,81,0,17
jack_harrison,Leeds,MD,5.0,4,Newcastle,True,0,0,342,40,2026-09-14T19:00:00Z,4,1,False,0,0,0,0,0,0,0,0,0,0,0,0,0.0,0.0,0.0,0.0,0,0,0,0,0,0.00,0.00,0.00,0.00,50,-11,71,0,11
daniel_james,Leeds,MD,5.0,1,Nott'm Forest,False,0,0,343,6,2026-08-22T14:00:00Z,0,1,False,0,0,0,0,0,0,0,0,0,0,0,0,0.0,0.0,0.0,0.0,0,0,0,0,0,0.00,0.00,0.00,0.00,50,0,11272,0,0
daniel_james,Leeds,MD,5.0,2,Brentford,True,22,1,343,17,2026-08-30T13:00:00Z,1,1,False,0,0,0,0,0,0,0,0,0,0,0,2,0.0,1.1,12.0,1.1,0,2,0,2,0,0.24,0.01,0.25,0.93,50,-873,11703,863,1736
daniel_james,Leeds,MD,5.0,3,Brighton,False,0,0,343,23,2026-09-05T14:00:00Z,1,1,False,0,0,0,0,0,0,0,0,0,0,0,0,0.0,0.0,0.0,0.0,0,0,0,0,0,0.00,0.00,0.00,0.00,50,-692,11657,1599,2291
daniel_james,Leeds,MD,5.0,4,Newcastle,True,7,1,343,40,2026-09-14T19:00:00Z,4,1,False,0,0,0,1,0,0,0,0,0,0,0,4,0.0,0.0,3.0,0.3,0,2,0,2,0,0.11,0.00,0.11,0.28,50,-1207,10690,786,1993
ilia_gruev,Leeds,MD,5.0,1,Nott'm Forest,False,0,0,344,6,2026-08-22T14:00:00Z,0,1,False,0,0,0,0,0,0,0,0,0,0,0,0,0.0,0.0,0.0,0.0,0,0,0,0,0,0.00,0.00,0.00,0.00,50,0,461,0,0
ilia_gruev,Leeds,MD,5.0,2,Brentford,True,0,0,344,17,2026-08-30T13:00:00Z,1,1,False,0,0,0,0,0,0,0,0,0,0,0,0,0.0,0.0,0.0,0.0,0,0,0,0,0,0.00,0.00,0.00,0.00,50,-120,362,9,129
ilia_gruev,Leeds,MD,5.0,3,Brighton,False,0,0,344,23,2026-09-05T14:00:00Z,1,1,False,0,0,0,0,0,0,0,0,0,0,0,0,0.0,0.0,0.0,0.0,0,0,0,0,0,0.00,0.00,0.00,0.00,50,-38,350,33,71
ilia_gruev,Leeds,MD,5.0,4,Newcastle,True,0,0,344,40,2026-09-14T19:00:00Z,4,1,False,0,0,0,0,0,0,0,0,0,0,0,0,0.0,0.0,0.0,0.0,0,0,0,0,0,0.00,0.00,0.00,0.00,50,-45,317,13,58
tanaka_ao,Leeds,MD,5.0,1,Nott'm Forest,False,0,0,345,6,2026-08-22T14:00:00Z,0,1,False,0,0,0,0,0,0,0,0,0,0,0,0,0.0,0.0,0.0,0.0,0,0,0,0,0,0.00,0.00,0.00,0.00,50,0,23052,0,0
tanaka_ao,Leeds,MD,5.0,2,Brentford,True,45,1,345,17,2026-08-30T13:00:00Z,1,1,False,0,0,0,0,0,0,0,0,0,0,0,6,20.0,1.8,0.0,2.2,5,3,3,11,0,0.00,0.01,0.01,1.13,50,-3334,21386,899,4233
tanaka_ao,Leeds,MD,4.9,3,Brighton,False,72,5,345,23,2026-09-05T14:00:00Z,1,1,False,0,1,0,1,0,0,0,0,0,0,0,18,20.8,12.2,13.0,4.6,3,3,2,8,1,0.53,0.01,0.54,0.87,49,-1035,21765,3466,4501
tanaka_ao,Leeds,MD,4.9,4,Newcastle,True,71,6,345,40,2026-09-14T19:00:00Z,4,1,False,0,1,1,0,0,0,0,0,0,0,0,24,9.2,3.1,2.0,1.4,1,2,2,5,1,0.06,0.03,0.09,0.58,49,2579,25771,5747,3168
dominic_calvert-lewin,Leeds,FW,6.0,1,Nott'm Forest,False,90,1,346,6,2026-08-22T14:00:00Z,0,1,False,0,0,1,0,0,0,0,1,0,0,0,-2,0.0,0.8,11.0,0.7,0,2,0,2,1,0.13,0.00,0.13,0.66,60,0,2823371,0,0
dominic_calvert-lewin,Leeds,FW,6.0,2,Brentford,True,90,8,346,17,2026-08-30T13:00:00Z,1,1,False,1,0,0,1,0,0,0,0,0,0,2,31,38.4,4.0,35.0,7.7,3,1,0,4,1,0.92,0.02,0.94,1.67,60,-104622,2823193,84314,188936
dominic_calvert-lewin,Leeds,FW,6.0,3,Brighton,False,72,1,346,23,2026-09-05T14:00:00Z,1,1,False,0,0,0,1,0,0,0,1,0,0,0,0,4.4,11.3,21.0,3.7,1,2,0,3,1,0.56,0.06,0.62,0.87,60,-144642,2612462,198586,343228
dominic_calvert-lewin,Leeds,FW,6.0,4,Newcastle,True,77,10,346,40,2026-09-14T19:00:00Z,4,1,False,1,1,1,0,0,0,0,1,0,0,2,37,51.0,12.2,67.0,13.0,1,4,0,5,1,0.87,0.00,0.87,0.59,60,-377508,2292933,100296,477804
lukas_nmecha,Leeds,FW,5.5,1,Nott'm Forest,False,0,0,347,6,2026-08-22T14:00:00Z,0,1,False,0,0,0,0,0,0,0,0,0,0,0,0,0.0,0.0,0.0,0.0,0,0,0,0,0,0.00,0.00,0.00,0.00,55,0,53564,0,0
lukas_nmecha,Leeds,FW,5.5,2,Brentford,True,21,4,347,17,2026-08-30T13:00:00Z,1,1,False,0,1,0,0,0,0,0,0,0,0,0,18,18.2,20.3,6.0,4.5,0,1,0,1,0,0.10,0.00,0.10,0.93,55,-7627,51231,1917,9544
lukas_nmecha,Leeds,FW,5.5,3,Brighton,False,17,1,347,23,2026-09-05T14:00:00Z,1,1,False,0,0,0,0,0,0,0,0,0,0,0,2,0.0,1.8,9.0,0.9,0,0,0,0,0,0.17,0.14,0.31,1.32,55,-3112,50649,5427,8539
lukas_nmecha,Leeds,FW,5.4,4,Newcastle,True,12,1,347,40,2026-09-14T19:00:00Z,4,1,False,0,0,0,1,0,0,0,0,0,0,0,4,0.2,0.3,0.0,0.1,0,1,0,1,0,0.00,0.01,0.01,0.28,54,-1054,51359,6623,7677
joël_piroe,Leeds,FW,5.0,1,Nott'm Forest,False,0,0,348,6,2026-08-22T14:00:00Z,0,1,False,0,0,0,0,0,0,0,0,0,0,0,0,0.0,0.0,0.0,0.0,0,0,0,0,0,0.00,0.00,0.00,0.00,50,0,17239,0,0
joël_piroe,Leeds,FW,5.0,2,Brentford,True,0,0,348,17,2026-08-30T13:00:00Z,1,1,False,0,0,0,0,0,0,0,0,0,0,0,0,0.0,0.0,0.0,0.0,0,0,0,0,0,0.00,0.00,0.00,0.00,50,-5351,11733,0,5351
joël_piroe,Leeds,FW,5.0,3,Brighton,False,0,0,348,23,2026-09-05T14:00:00Z,1,1,False,0,0,0,0,0,0,0,0,0,0,0,0,0.0,0.0,0.0,0.0,0,0,0,0,0,0.00,0.00,0.00,0.00,50,-2945,8831,0,2945
joël_piroe,Leeds,FW,5.0,4,Newcastle,True,0,0,348,40,2026-09-14T19:00:00Z,4,1,False,0,0,0,0,0,0,0,0,0,0,0,0,0.0,0.0,0.0,0.0,0,0,0,0,0,0.00,0.00,0.00,0.00,50,-1516,7440,0,1516
mateo_joseph fernández-regatillo,Leeds,FW,4.5,1,Nott'm Forest,False,0,0,349,6,2026-08-22T14:00:00Z,0,1,False,0,0,0,0,0,0,0,0,0,0,0,0,0.0,0.0,0.0,0.0,0,0,0,0,0,0.00,0.00,0.00,0.00,45,0,5936,0,0
mateo_joseph fernández-regatillo,Leeds,FW,4.5,2,Brentford,True,0,0,349,17,2026-08-30T13:00:00Z,1,1,False,0,0,0,0,0,0,0,0,0,0,0,0,0.0,0.0,0.0,0.0,0,0,0,0,0,0.00,0.00,0.00,0.00,45,-726,5489,325,1051
mateo_joseph fernández-regatillo,Leeds,FW,4.5,3,Brighton,False,0,0,349,23,2026-09-05T14:00:00Z,1,1,False,0,0,0,0,0,0,0,0,0,0,0,0,0.0,0.0,0.0,0.0,0,0,0,0,0,0.00,0.00,0.00,0.00,45,-135,5679,947,1082
mateo_joseph fernández-regatillo,Leeds,FW,4.5,4,Newcastle,True,0,0,349,40,2026-09-14T19:00:00Z,4,1,False,0,0,0,0,0,0,0,0,0,0,0,0,0.0,0.0,0.0,0.0,0,0,0,0,0,0.00,0.00,0.00,0.00,45,-257,5498,775,1032
james_trafford,Leeds,GK,5.0,1,Nott'm Forest,False,90,9,385,6,2026-08-22T14:00:00Z,0,1,False,0,0,1,0,0,0,0,0,0,3,2,28,19.4,0.0,0.0,1.9,0,9,0,0,1,0.00,0.00,0.00,0.66,50,0,265439,0,0
james_trafford,Leeds,GK,5.0,2,Brentford,True,90,3,385,17,2026-08-30T13:00:00Z,1,1,False,0,0,0,1,0,0,0,0,0,4,0,20,37.6,0.0,0.0,3.8,0,11,0,0,1,0.00,0.00,0.00,1.67,50,48690,437245,63794,15104
james_trafford,Leeds,GK,5.0,3,Brighton,False,90,3,385,23,2026-09-05T14:00:00Z,1,1,False,0,0,0,1,0,0,0,0,0,4,0,18,34.8,0.0,0.0,3.5,2,11,0,0,1,0.00,0.00,0.00,2.19,50,32677,532682,81497,48820
james_trafford,Leeds,GK,5.0,4,Newcastle,True,90,3,385,40,2026-09-14T19:00:00Z,4,1,False,0,0,0,1,0,0,0,0,0,4,0,17,29.0,0.0,0.0,2.9,4,8,0,0,1,0.00,0.00,0.00,0.88,50,15245,583002,64368,49123
nico_elvedi,Leeds,DF,4.5,1,Nott'm Forest,False,0,0,598,6,2026-08-22T14:00:00Z,0,1,False,0,0,0,0,0,0,0,0,0,0,0,0,0.0,0.0,0.0,0.0,0,0,0,0,0,0.00,0.00,0.00,0.00,45,0,1842,0,0
nico_elvedi,Leeds,DF,4.5,2,Brentford,True,56,1,598,17,2026-08-30T13:00:00Z,1,1,False,0,0,0,1,0,0,0,0,0,0,0,9,16.0,1.1,6.0,2.3,5,4,1,6,0,0.00,0.00,0.00,1.32,45,75,2511,354,279
nico_elvedi,Leeds,DF,4.5,3,Brighton,False,90,4,598,23,2026-09-05T14:00:00Z,1,1,False,0,0,0,1,0,0,0,0,0,0,0,12,27.6,21.1,6.0,5.5,10,0,0,10,1,0.00,0.57,0.57,2.19,45,201,2951,729,528
nico_elvedi,Leeds,DF,4.5,4,Newcastle,True,90,2,598,40,2026-09-14T19:00:00Z,4,1,False,0,0,0,1,0,0,0,0,0,0,0,8,18.6,0.9,10.0,3.0,8,3,1,9,1,0.05,0.00,0.05,0.88,45,1498,4919,2774,1276
jayden_lienou,Leeds,DF,4.0,1,Nott'm Forest,False,0,0,603,6,2026-08-22T14:00:00Z,0,1,False,0,0,0,0,0,0,0,0,0,0,0,0,0.0,0.0,0.0,0.0,0,0,0,0,0,0.00,0.00,0.00,0.00,40,0,0,0,0
jayden_lienou,Leeds,DF,4.0,2,Brentford,True,0,0,603,17,2026-08-30T13:00:00Z,1,1,False,0,0,0,0,0,0,0,0,0,0,0,0,0.0,0.0,0.0,0.0,0,0,0,0,0,0.00,0.00,0.00,0.00,40,1169,7187,1488,319
jayden_lienou,Leeds,DF,4.0,3,Brighton,False,0,0,603,23,2026-09-05T14:00:00Z,1,1,False,0,0,0,0,0,0,0,0,0,0,0,0,0.0,0.0,0.0,0.0,0,0,0,0,0,0.00,0.00,0.00,0.00,40,1400,11399,2536,1136
jayden_lienou,Leeds,DF,4.0,4,Newcastle,True,0,0,603,40,2026-09-14T19:00:00Z,4,1,False,0,0,0,0,0,0,0,0,0,0,0,0,0.0,0.0,0.0,0.0,0,0,0,0,0,0.00,0.00,0.00,0.00,40,388,11191,1426,1038
alfie_cresswell,Leeds,MD,4.5,1,Nott'm Forest,False,0,0,604,6,2026-08-22T14:00:00Z,0,1,False,0,0,0,0,0,0,0,0,0,0,0,0,0.0,0.0,0.0,0.0,0,0,0,0,0,0.00,0.00,0.00,0.00,45,0,0,0,0
alfie_cresswell,Leeds,MD,4.5,2,Brentford,True,0,0,604,17,2026-08-30T13:00:00Z,1,1,False,0,0,0,0,0,0,0,0,0,0,0,0,0.0,0.0,0.0,0.0,0,0,0,0,0,0.00,0.00,0.00,0.00,45,2319,7215,3029,710
alfie_cresswell,Leeds,MD,4.5,3,Brighton,False,0,0,604,23,2026-09-05T14:00:00Z,1,1,False,0,0,0,0,0,0,0,0,0,0,0,0,0.0,0.0,0.0,0.0,0,0,0,0,0,0.00,0.00,0.00,0.00,45,3728,14318,5922,2194
alfie_cresswell,Leeds,MD,4.5,4,Newcastle,True,0,0,604,40,2026-09-14T19:00:00Z,4,1,False,0,0,0,0,0,0,0,0,0,0,0,0,0.0,0.0,0.0,0.0,0,0,0,0,0,0.00,0.00,0.00,0.00,45,1252,15793,3443,2191
alex_cairns,Leeds,GK,4.0,2,Brentford,True,0,0,625,17,2026-08-30T13:00:00Z,1,1,False,0,0,0,0,0,0,0,0,0,0,0,0,0.0,0.0,0.0,0.0,0,0,0,0,0,0.00,0.00,0.00,0.00,40,0,0,0,0
alex_cairns,Leeds,GK,4.0,3,Brighton,False,0,0,625,23,2026-09-05T14:00:00Z,1,1,False,0,0,0,0,0,0,0,0,0,0,0,0,0.0,0.0,0.0,0.0,0,0,0,0,0,0.00,0.00,0.00,0.00,40,8041,19774,9425,1384
alex_cairns,Leeds,GK,4.0,4,Newcastle,True,0,0,625,40,2026-09-14T19:00:00Z,4,1,False,0,0,0,0,0,0,0,0,0,0,0,0,0.0,0.0,0.0,0.0,0,0,0,0,0,0.00,0.00,0.00,0.00,40,3754,20648,6067,2313
michael_zetterer,Leeds,GK,4.0,3,Brighton,False,0,0,629,23,2026-09-05T14:00:00Z,1,1,False,0,0,0,0,0,0,0,0,0,0,0,0,0.0,0.0,0.0,0.0,0,0,0,0,0,0.00,0.00,0.00,0.00,40,11967,37143,13274,1307
michael_zetterer,Leeds,GK,4.0,4,Newcastle,True,0,0,629,40,2026-09-14T19:00:00Z,4,1,False,0,0,0,0,0,0,0,0,0,0,0,0,0.0,0.0,0.0,0.0,0,0,0,0,0,0.00,0.00,0.00,0.00,40,18112,65838,23210,5098
melvin_bard,Leeds,DF,4.5,3,Brighton,False,0,0,641,23,2026-09-05T14:00:00Z,1,1,False,0,0,0,0,0,0,0,0,0,0,0,0,0.0,0.0,0.0,0.0,0,0,0,0,0,0.00,0.00,0.00,0.00,45,149,242,177,28
melvin_bard,Leeds,DF,4.5,4,Newcastle,True,18,1,641,40,2026-09-14T19:00:00Z,4,1,False,0,0,0,1,0,0,0,0,0,0,0,1,4.4,10.3,0.0,1.5,1,2,1,2,0,0.00,0.00,0.00,0.30,45,217,576,322,105
jean-mattéo_bahoya,Leeds,MD,5.0,3,Brighton,False,0,0,648,23,2026-09-05T14:00:00Z,1,1,False,0,0,0,0,0,0,0,0,0,0,0,0,0.0,0.0,0.0,0.0,0,0,0,0,0,0.00,0.00,0.00,0.00,50,819,1030,1015,196
jean-mattéo_bahoya,Leeds,MD,5.0,4,Newcastle,True,0,0,648,40,2026-09-14T19:00:00Z,4,1,False,0,0,0,0,0,0,0,0,0,0,0,0,0.0,0.0,0.0,0.0,0,0,0,0,0,0.00,0.00,0.00,0.00,50,392,1465,754,362
alisson_becker,Liverpool,GK,5.5,1,Newcastle,False,90,2,350,9,2026-08-23T15:30:00Z,2,2,False,0,0,0,2,0,0,0,0,0,3,0,7,17.8,0.0,0.0,1.8,2,6,0,0,1,0.00,0.00,0.00,1.58,55,0,302846,0,0
alisson_becker,Liverpool,GK,5.5,2,Nott'm Forest,True,90,0,350,14,2026-08-29T11:30:00Z,2,2,False,0,0,0,2,0,0,0,1,0,1,0,-5,7.6,0.0,0.0,0.8,2,4,0,0,1,0.00,0.00,0.00,2.30,55,4084,377543,25307,21223
alisson_becker,Liverpool,GK,5.5,3,Ipswich Town,False,90,8,350,21,2026-09-04T19:00:00Z,0,2,False,0,0,1,0,0,0,0,0,0,5,1,35,30.4,0.0,0.0,3.0,2,14,0,0,1,0.00,0.00,0.00,0.75,55,-15469,402518,42521,57990
alisson_becker,Liverpool,GK,5.5,4,Fulham,True,90,9,350,35,2026-09-12T14:00:00Z,0,0,False,0,0,1,0,0,0,0,0,0,3,2,29,21.0,0.0,0.0,2.1,0,14,0,0,1,0.00,0.00,0.00,0.70,55,15592,438381,45421,29829
giorgi_mamardashvili,Liverpool,GK,5.0,1,Newcastle,False,0,0,351,9,2026-08-23T15:30:00Z,2,2,False,0,0,0,0,0,0,0,0,0,0,0,0,0.0,0.0,0.0,0.0,0,0,0,0,0,0.00,0.00,0.00,0.00,50,0,13503,0,0
giorgi_mamardashvili,Liverpool,GK,5.0,2,Nott'm Forest,True,0,0,351,14,2026-08-29T11:30:00Z,2,2,False,0,0,0,0,0,0,0,0,0,0,0,0,0.0,0.0,0.0,0.0,0,0,0,0,0,0.00,0.00,0.00,0.00,50,-1380,15032,658,2038
giorgi_mamardashvili,Liverpool,GK,4.9,3,Ipswich Town,False,0,0,351,21,2026-09-04T19:00:00Z,0,2,False,0,0,0,0,0,0,0,0,0,0,0,0,0.0,0.0,0.0,0.0,0,0,0,0,0,0.00,0.00,0.00,0.00,49,-1838,14432,1002,2840
giorgi_mamardashvili,Liverpool,GK,4.9,4,Fulham,True,0,0,351,35,2026-09-12T14:00:00Z,0,0,False,0,0,0,0,0,0,0,0,0,0,0,0,0.0,0.0,0.0,0.0,0,0,0,0,0,0.00,0.00,0.00,0.00,49,-1342,13938,513,1855
freddie_woodman,Liverpool,GK,4.0,1,Newcastle,False,0,0,352,9,2026-08-23T15:30:00Z,2,2,False,0,0,0,0,0,0,0,0,0,0,0,0,0.0,0.0,0.0,0.0,0,0,0,0,0,0.00,0.00,0.00,0.00,40,0,97477,0,0
freddie_woodman,Liverpool,GK,4.0,2,Nott'm Forest,True,0,0,352,14,2026-08-29T11:30:00Z,2,2,False,0,0,0,0,0,0,0,0,0,0,0,0,0.0,0.0,0.0,0.0,0,0,0,0,0,0.00,0.00,0.00,0.00,40,-2260,107195,3263,5523
freddie_woodman,Liverpool,GK,4.0,3,Ipswich Town,False,0,0,352,21,2026-09-04T19:00:00Z,0,2,False,0,0,0,0,0,0,0,0,0,0,0,0,0.0,0.0,0.0,0.0,0,0,0,0,0,0.00,0.00,0.00,0.00,40,280,114962,8227,7947
freddie_woodman,Liverpool,GK,4.0,4,Fulham,True,0,0,352,35,2026-09-12T14:00:00Z,0,0,False,0,0,0,0,0,0,0,0,0,0,0,0,0.0,0.0,0.0,0.0,0,0,0,0,0,0.00,0.00,0.00,0.00,40,-3423,111999,3509,6932
armin_pecsi,Liverpool,GK,4.0,1,Newcastle,False,0,0,353,9,2026-08-23T15:30:00Z,2,2,False,0,0,0,0,0,0,0,0,0,0,0,0,0.0,0.0,0.0,0.0,0,0,0,0,0,0.00,0.00,0.00,0.00,40,0,2936,0,0
armin_pecsi,Liverpool,GK,4.0,2,Nott'm Forest,True,0,0,353,14,2026-08-29T11:30:00Z,2,2,False,0,0,0,0,0,0,0,0,0,0,0,0,0.0,0.0,0.0,0.0,0,0,0,0,0,0.00,0.00,0.00,0.00,40,-448,2467,0,448
armin_pecsi,Liverpool,GK,4.0,3,Ipswich Town,False,0,0,353,21,2026-09-04T19:00:00Z,0,2,False,0,0,0,0,0,0,0,0,0,0,0,0,0.0,0.0,0.0,0.0,0,0,0,0,0,0.00,0.00,0.00,0.00,40,-284,2180,0,284
armin_pecsi,Liverpool,GK,4.0,4,Fulham,True,0,0,353,35,2026-09-12T14:00:00Z,0,0,False,0,0,0,0,0,0,0,0,0,0,0,0,0.0,0.0,0.0,0.0,0,0,0,0,0,0.00,0.00,0.00,0.00,40,-186,2007,0,186
vitezslav_jaros,Liverpool,GK,4.0,1,Newcastle,False,0,0,354,9,2026-08-23T15:30:00Z,2,2,False,0,0,0,0,0,0,0,0,0,0,0,0,0.0,0.0,0.0,0.0,0,0,0,0,0,0.00,0.00,0.00,0.00,40,0,1351,0,0
vitezslav_jaros,Liverpool,GK,4.0,2,Nott'm Forest,True,0,0,354,14,2026-08-29T11:30:00Z,2,2,False,0,0,0,0,0,0,0,0,0,0,0,0,0.0,0.0,0.0,0.0,0,0,0,0,0,0.00,0.00,0.00,0.00,40,-16,1453,163,179
vitezslav_jaros,Liverpool,GK,4.0,3,Ipswich Town,False,0,0,354,21,2026-09-04T19:00:00Z,0,2,False,0,0,0,0,0,0,0,0,0,0,0,0,0.0,0.0,0.0,0.0,0,0,0,0,0,0.00,0.00,0.00,0.00,40,213,1744,549,336
vitezslav_jaros,Liverpool,GK,4.0,4,Fulham,True,0,0,354,35,2026-09-12T14:00:00Z,0,0,False,0,0,0,0,0,0,0,0,0,0,0,0,0.0,0.0,0.0,0.0,0,0,0,0,0,0.00,0.00,0.00,0.00,40,157,1961,567,410
harvey_davies,Liverpool,GK,4.0,1,Newcastle,False,0,0,355,9,2026-08-23T15:30:00Z,2,2,False,0,0,0,0,0,0,0,0,0,0,0,0,0.0,0.0,0.0,0.0,0,0,0,0,0,0.00,0.00,0.00,0.00,40,0,11845,0,0
harvey_davies,Liverpool,GK,4.0,2,Nott'm Forest,True,0,0,355,14,2026-08-29T11:30:00Z,2,2,False,0,0,0,0,0,0,0,0,0,0,0,0,0.0,0.0,0.0,0.0,0,0,0,0,0,0.00,0.00,0.00,0.00,40,-69,13945,644,713
harvey_davies,Liverpool,GK,4.0,3,Ipswich Town,False,0,0,355,21,2026-09-04T19:00:00Z,0,2,False,0,0,0,0,0,0,0,0,0,0,0,0,0.0,0.0,0.0,0.0,0,0,0,0,0,0.00,0.00,0.00,0.00,40,578,16191,1717,1139
harvey_davies,Liverpool,GK,4.0,4,Fulham,True,0,0,355,35,2026-09-12T14:00:00Z,0,0,False,0,0,0,0,0,0,0,0,0,0,0,0,0.0,0.0,0.0,0.0,0,0,0,0,0,0.00,0.00,0.00,0.00,40,67,16844,1195,1128
virgil_van dijk,Liverpool,DF,6.5,1,Newcastle,False,90,2,356,9,2026-08-23T15:30:00Z,2,2,False,0,0,0,2,0,0,0,1,0,0,0,8,25.6,1.6,24.0,5.1,9,6,2,11,1,0.25,0.01,0.26,1.58,65,0,1670280,0,0
virgil_van dijk,Liverpool,DF,6.5,2,Nott'm Forest,True,90,1,356,14,2026-08-29T11:30:00Z,2,2,False,0,0,0,2,0,0,0,0,0,0,0,5,24.6,4.3,2.0,3.1,7,5,0,7,1,0.00,0.03,0.03,2.30,65,-4506,1939518,74614,79120
virgil_van dijk,Liverpool,DF,6.5,3,Ipswich Town,False,90,6,356,21,2026-09-04T19:00:00Z,0,2,False,0,0,1,0,0,0,0,0,0,0,0,32,23.2,1.8,0.0,2.5,4,4,3,7,1,0.00,0.02,0.02,0.75,65,-205785,1837428,67650,273435
virgil_van dijk,Liverpool,DF,6.5,4,Fulham,True,90,8,356,35,2026-09-12T14:00:00Z,0,0,False,0,0,1,0,0,0,0,0,0,0,0,25,25.8,12.8,0.0,3.9,10,1,0,10,1,0.00,0.01,0.01,0.70,65,-48305,1832589,79775,128080
jeremie_frimpong,Liverpool,DF,5.5,1,Newcastle,False,90,0,357,9,2026-08-23T15:30:00Z,2,2,False,0,0,0,2,0,0,0,1,0,0,0,3,13.6,37.8,10.0,6.1,1,3,1,2,1,0.01,0.09,0.10,1.58,55,0,302241,0,0
jeremie_frimpong,Liverpool,DF,5.5,2,Nott'm Forest,True,70,1,357,14,2026-08-29T11:30:00Z,2,2,False,0,0,0,2,0,0,0,0,0,0,0,9,12.8,13.8,4.0,3.1,4,3,2,6,1,0.00,0.02,0.02,2.23,55,-9049,339802,24520,33569
jeremie_frimpong,Liverpool,DF,5.5,3,Ipswich Town,False,0,0,357,21,2026-09-04T19:00:00Z,0,2,False,0,0,0,0,0,0,0,0,0,0,0,0,0.0,0.0,0.0,0.0,0,0,0,0,0,0.00,0.00,0.00,0.00,55,-45306,309643,25094,70400
jeremie_frimpong,Liverpool,DF,5.4,4,Fulham,True,18,1,357,35,2026-09-12T14:00:00Z,0,0,False,0,0,0,0,0,0,0,0,0,0,0,12,13.0,24.9,2.0,4.0,3,1,1,4,0,0.00,0.12,0.12,0.10,54,-81882,231759,4729,86611
milos_kerkez,Liverpool,DF,5.5,1,Newcastle,False,90,0,358,9,2026-08-23T15:30:00Z,2,2,False,0,0,0,2,0,0,0,1,0,0,0,3,18.0,13.8,12.0,4.4,4,3,3,7,1,0.02,0.02,0.04,1.58,55,0,332539,0,0
milos_kerkez,Liverpool,DF,5.5,2,Nott'm Forest,True,70,1,358,14,2026-08-29T11:30:00Z,2,2,False,0,0,0,2,0,0,0,0,0,0,0,9,24.0,12.8,0.0,3.7,7,4,1,8,1,0.00,0.01,0.01,2.23,55,-18742,347978,15645,34387
milos_kerkez,Liverpool,DF,5.5,3,Ipswich Town,False,90,5,358,21,2026-09-04T19:00:00Z,0,2,False,0,0,1,0,0,0,0,1,0,0,0,23,13.8,11.3,0.0,2.5,3,1,2,5,1,0.00,0.03,0.03,0.75,55,-51052,302995,13999,65051
milos_kerkez,Liverpool,DF,5.4,4,Fulham,True,45,1,358,35,2026-09-12T14:00:00Z,0,0,False,0,0,0,0,0,0,0,0,0,0,0,6,9.8,7.1,0.0,1.7,2,0,1,3,0,0.00,0.01,0.01,0.30,54,-22124,288013,12338,34462
joe_gomez,Liverpool,DF,5.0,1,Newcastle,False,0,0,359,9,2026-08-23T15:30:00Z,2,2,False,0,0,0,0,0,0,0,0,0,0,0,0,0.0,0.0,0.0,0.0,0,0,0,0,0,0.00,0.00,0.00,0.00,50,0,1714,0,0
joe_gomez,Liverpool,DF,5.0,2,Nott'm Forest,True,0,0,359,14,2026-08-29T11:30:00Z,2,2,False,0,0,0,0,0,0,0,0,0,0,0,0,0.0,0.0,0.0,0.0,0,0,0,0,0,0.00,0.00,0.00,0.00,50,-330,1606,79,409
joe_gomez,Liverpool,DF,5.0,3,Ipswich Town,False,0,0,359,21,2026-09-04T19:00:00Z,0,2,False,0,0,0,0,0,0,0,0,0,0,0,0,0.0,0.0,0.0,0.0,0,0,0,0,0,0.00,0.00,0.00,0.00,50,-255,1465,70,325
joe_gomez,Liverpool,DF,5.0,4,Fulham,True,0,0,359,35,2026-09-12T14:00:00Z,0,0,False,0,0,0,0,0,0,0,0,0,0,0,0,0.0,0.0,0.0,0.0,0,0,0,0,0,0.00,0.00,0.00,0.00,50,-137,1392,74,211
conor_bradley,Liverpool,DF,5.0,1,Newcastle,False,0,0,360,9,2026-08-23T15:30:00Z,2,2,False,0,0,0,0,0,0,0,0,0,0,0,0,0.0,0.0,0.0,0.0,0,0,0,0,0,0.00,0.00,0.00,0.00,50,0,957,0,0
conor_bradley,Liverpool,DF,5.0,2,Nott'm Forest,True,0,0,360,14,2026-08-29T11:30:00Z,2,2,False,0,0,0,0,0,0,0,0,0,0,0,0,0.0,0.0,0.0,0.0,0,0,0,0,0,0.00,0.00,0.00,0.00,50,-140,1023,79,219
conor_bradley,Liverpool,DF,5.0,3,Ipswich Town,False,0,0,360,21,2026-09-04T19:00:00Z,0,2,False,0,0,0,0,0,0,0,0,0,0,0,0,0.0,0.0,0.0,0.0,0,0,0,0,0,0.00,0.00,0.00,0.00,50,-104,1036,114,218
conor_bradley,Liverpool,DF,5.0,4,Fulham,True,0,0,360,35,2026-09-12T14:00:00Z,0,0,False,0,0,0,0,0,0,0,0,0,0,0,0,0.0,0.0,0.0,0.0,0,0,0,0,0,0.00,0.00,0.00,0.00,50,-94,1010,67,161
wellity_lucky,Liverpool,DF,4.0,1,Newcastle,False,0,0,361,9,2026-08-23T15:30:00Z,2,2,False,0,0,0,0,0,0,0,0,0,0,0,0,0.0,0.0,0.0,0.0,0,0,0,0,0,0.00,0.00,0.00,0.00,40,0,10838,0,0
wellity_lucky,Liverpool,DF,4.0,2,Nott'm Forest,True,0,0,361,14,2026-08-29T11:30:00Z,2,2,False,0,0,0,0,0,0,0,0,0,0,0,0,0.0,0.0,0.0,0.0,0,0,0,0,0,0.00,0.00,0.00,0.00,40,-529,11947,608,1137
wellity_lucky,Liverpool,DF,4.0,3,Ipswich Town,False,0,0,361,21,2026-09-04T19:00:00Z,0,2,False,0,0,0,0,0,0,0,0,0,0,0,0,0.0,0.0,0.0,0.0,0,0,0,0,0,0.00,0.00,0.00,0.00,40,-8,13766,1420,1428
wellity_lucky,Liverpool,DF,4.0,4,Fulham,True,0,0,361,35,2026-09-12T14:00:00Z,0,0,False,0,0,0,0,0,0,0,0,0,0,0,0,0.0,0.0,0.0,0.0,0,0,0,0,0,0.00,0.00,0.00,0.00,40,-645,13224,832,1477
jeremy_jacquet,Liverpool,DF,5.0,1,Newcastle,False,69,1,362,9,2026-08-23T15:30:00Z,2,2,False,0,0,0,2,0,0,0,0,0,0,0,9,12.4,11.9,0.0,2.4,2,3,1,3,1,0.00,0.02,0.02,1.04,50,0,205604,0,0
jeremy_jacquet,Liverpool,DF,5.0,2,Nott'm Forest,True,76,3,362,14,2026-08-29T11:30:00Z,2,2,False,0,0,0,2,0,0,0,0,0,0,0,13,30.8,15.1,2.0,4.8,8,4,3,11,1,0.00,0.05,0.05,2.23,50,4556,235410,22712,18156
jeremy_jacquet,Liverpool,DF,5.0,3,Ipswich Town,False,90,5,362,21,2026-09-04T19:00:00Z,0,2,False,0,0,1,0,0,0,0,1,0,0,0,28,22.8,12.5,2.0,3.7,6,3,3,9,1,0.00,0.03,0.03,0.75,50,16306,277052,56823,40517
jeremy_jacquet,Liverpool,DF,5.0,4,Fulham,True,90,9,362,35,2026-09-12T14:00:00Z,0,0,False,0,0,1,0,0,0,0,0,0,0,3,36,20.2,3.3,0.0,2.4,4,5,1,5,1,0.00,0.02,0.02,0.70,50,16244,298463,48593,32349
giovanni_leoni,Liverpool,DF,4.0,1,Newcastle,False,0,0,363,9,2026-08-23T15:30:00Z,2,2,False,0,0,0,0,0,0,0,0,0,0,0,0,0.0,0.0,0.0,0.0,0,0,0,0,0,0.00,0.00,0.00,0.00,40,0,4082,0,0
giovanni_leoni,Liverpool,DF,4.0,2,Nott'm Forest,True,0,0,363,14,2026-08-29T11:30:00Z,2,2,False,0,0,0,0,0,0,0,0,0,0,0,0,0.0,0.0,0.0,0.0,0,0,0,0,0,0.00,0.00,0.00,0.00,40,-337,4039,182,519
giovanni_leoni,Liverpool,DF,4.0,3,Ipswich Town,False,0,0,363,21,2026-09-04T19:00:00Z,0,2,False,0,0,0,0,0,0,0,0,0,0,0,0,0.0,0.0,0.0,0.0,0,0,0,0,0,0.00,0.00,0.00,0.00,40,-285,3887,332,617
giovanni_leoni,Liverpool,DF,4.0,4,Fulham,True,0,0,363,35,2026-09-12T14:00:00Z,0,0,False,0,0,0,0,0,0,0,0,0,0,0,0,0.0,0.0,0.0,0.0,0,0,0,0,0,0.00,0.00,0.00,0.00,40,-297,3654,161,458
kostas_tsimikas,Liverpool,DF,5.0,1,Newcastle,False,0,0,364,9,2026-08-23T15:30:00Z,2,2,False,0,0,0,0,0,0,0,0,0,0,0,0,0.0,0.0,0.0,0.0,0,0,0,0,0,0.00,0.00,0.00,0.00,50,0,6683,0,0
kostas_tsimikas,Liverpool,DF,5.0,2,Nott'm Forest,True,19,1,364,14,2026-08-29T11:30:00Z,2,2,False,0,0,0,0,0,0,0,0,0,0,0,4,3.6,1.3,9.0,1.4,0,0,0,0,0,0.04,0.01,0.05,0.07,50,-643,7352,339,982
kostas_tsimikas,Liverpool,DF,5.0,3,Ipswich Town,False,0,0,364,21,2026-09-04T19:00:00Z,0,2,False,0,0,0,0,0,0,0,0,0,0,0,0,0.0,0.0,0.0,0.0,0,0,0,0,0,0.00,0.00,0.00,0.00,50,-600,7858,487,1087
kostas_tsimikas,Liverpool,DF,4.9,4,Fulham,True,45,1,364,35,2026-09-12T14:00:00Z,0,0,False,0,0,0,0,0,0,0,0,0,0,0,2,2.8,1.6,0.0,0.4,2,3,1,3,1,0.00,0.01,0.01,0.40,49,-934,7588,362,1296
calvin_ramsay,Liverpool,DF,4.0,1,Newcastle,False,0,0,365,9,2026-08-23T15:30:00Z,2,2,False,0,0,0,0,0,0,0,0,0,0,0,0,0.0,0.0,0.0,0.0,0,0,0,0,0,0.00,0.00,0.00,0.00,40,0,19328,0,0
calvin_ramsay,Liverpool,DF,4.0,2,Nott'm Forest,True,0,0,365,14,2026-08-29T11:30:00Z,2,2,False,0,0,0,0,0,0,0,0,0,0,0,0,0.0,0.0,0.0,0.0,0,0,0,0,0,0.00,0.00,0.00,0.00,40,-3114,18344,638,3752
calvin_ramsay,Liverpool,DF,4.0,3,Ipswich Town,False,0,0,365,21,2026-09-04T19:00:00Z,0,2,False,0,0,0,0,0,0,0,0,0,0,0,0,0.0,0.0,0.0,0.0,0,0,0,0,0,0.00,0.00,0.00,0.00,40,-5215,12989,0,5215
calvin_ramsay,Liverpool,DF,4.0,4,Fulham,True,0,0,365,35,2026-09-12T14:00:00Z,0,0,False,0,0,0,0,0,0,0,0,0,0,0,0,0.0,0.0,0.0,0.0,0,0,0,0,0,0.00,0.00,0.00,0.00,40,-2067,11136,0,2067
florian_wirtz,Liverpool,MD,7.5,1,Newcastle,False,62,2,366,9,2026-08-23T15:30:00Z,2,2,False,0,0,0,2,0,0,0,0,0,0,0,16,9.8,17.9,29.0,5.7,0,4,1,5,1,0.26,0.04,0.30,0.51,75,0,1122658,0,0
florian_wirtz,Liverpool,MD,7.5,2,Nott'm Forest,True,90,4,366,14,2026-08-29T11:30:00Z,2,2,False,0,1,0,2,0,0,0,1,0,0,0,23,27.8,24.3,22.0,7.4,0,7,3,10,1,0.23,0.20,0.43,2.30,75,-98339,1118328,24923,123262
florian_wirtz,Liverpool,MD,7.5,3,Ipswich Town,False,90,3,366,21,2026-09-04T19:00:00Z,0,2,False,0,0,1,0,0,0,0,0,0,0,0,14,6.6,34.0,22.0,6.3,0,4,0,4,1,0.18,0.05,0.23,0.65,75,-121349,1044657,69030,190379
florian_wirtz,Liverpool,MD,7.4,4,Fulham,True,90,3,366,35,2026-09-12T14:00:00Z,0,0,False,0,0,1,0,0,0,0,0,0,0,0,14,7.6,31.8,12.0,5.1,2,6,1,9,1,0.11,0.06,0.17,0.70,74,-199592,837754,30578,230170
cody_gakpo,Liverpool,MD,7.0,1,Newcastle,False,90,12,367,9,2026-08-23T15:30:00Z,2,2,False,1,0,0,2,0,0,0,0,0,0,3,33,44.0,34.0,37.0,11.5,4,5,3,12,1,0.30,0.15,0.45,1.58,70,0,310403,0,0
cody_gakpo,Liverpool,MD,7.0,2,Nott'm Forest,True,70,5,367,14,2026-08-29T11:30:00Z,2,2,False,0,1,0,2,0,0,0,0,0,0,0,21,23.2,27.8,6.0,5.7,1,2,0,3,1,0.00,0.65,0.65,2.23,70,177953,653797,205704,27751
cody_gakpo,Liverpool,MD,7.1,3,Ipswich Town,False,90,11,367,21,2026-09-04T19:00:00Z,0,2,False,0,2,1,0,0,0,0,0,0,0,2,43,49.6,42.7,13.0,10.5,2,5,3,10,1,0.06,0.40,0.46,0.75,71,103812,933667,234993,131181
cody_gakpo,Liverpool,MD,7.2,4,Fulham,True,30,1,367,35,2026-09-12T14:00:00Z,0,0,False,0,0,0,0,0,0,0,0,0,0,0,3,0.8,1.3,7.0,0.9,0,2,0,2,0,0.08,0.02,0.10,0.16,72,357507,1328735,670039,312532
dominik_szoboszlai,Liverpool,MD,7.0,1,Newcastle,False,90,8,368,9,2026-08-23T15:30:00Z,2,2,False,1,0,0,2,0,0,0,0,0,0,1,29,50.4,47.1,21.0,11.9,2,4,1,7,1,0.85,0.27,1.12,1.58,70,0,3733259,0,0
dominik_szoboszlai,Liverpool,MD,7.0,2,Nott'm Forest,True,90,4,368,14,2026-08-29T11:30:00Z,2,2,False,0,0,0,2,0,0,0,0,0,0,0,24,21.4,40.7,4.0,6.6,3,7,3,13,1,0.16,0.17,0.33,2.30,70,177598,4309636,245003,67405
dominik_szoboszlai,Liverpool,MD,7.0,3,Ipswich Town,False,90,3,368,21,2026-09-04T19:00:00Z,0,2,False,0,0,1,0,0,0,0,0,0,0,0,20,19.4,29.9,21.0,7.0,3,6,0,9,1,0.16,0.08,0.24,0.75,70,-105407,4313411,281021,386428
dominik_szoboszlai,Liverpool,MD,7.0,4,Fulham,True,90,3,368,35,2026-09-12T14:00:00Z,0,0,False,0,0,1,0,0,0,0,0,0,0,0,25,16.0,55.7,9.0,8.1,3,3,0,6,1,0.12,0.28,0.40,0.70,70,-242164,4135360,274640,516804
rio_ngumoha,Liverpool,MD,6.0,1,Newcastle,False,62,2,369,9,2026-08-23T15:30:00Z,2,2,False,0,0,0,2,0,0,0,0,0,0,0,9,2.4,6.0,5.0,1.3,0,2,1,3,1,0.04,0.02,0.06,0.51,60,0,104767,0,0
rio_ngumoha,Liverpool,MD,6.0,2,Nott'm Forest,True,19,1,369,14,2026-08-29T11:30:00Z,2,2,False,0,0,0,0,0,0,0,0,0,0,0,5,2.0,1.3,2.0,0.5,0,0,0,0,0,0.00,0.03,0.03,0.07,60,-9330,106917,5547,14877
rio_ngumoha,Liverpool,MD,5.9,3,Ipswich Town,False,0,0,369,21,2026-09-04T19:00:00Z,0,2,False,0,0,0,0,0,0,0,0,0,0,0,0,0.0,0.0,0.0,0.0,0,0,0,0,0,0.00,0.00,0.00,0.00,59,-31936,77015,3473,35409
rio_ngumoha,Liverpool,MD,5.8,4,Fulham,True,18,1,369,35,2026-09-12T14:00:00Z,0,0,False,0,0,0,0,0,0,0,0,0,0,0,-1,0.0,0.8,4.0,0.3,1,0,0,1,0,0.11,0.00,0.11,0.10,58,-20391,60213,3022,23413
federico_chiesa,Liverpool,MD,5.5,1,Newcastle,False,0,0,370,9,2026-08-23T15:30:00Z,2,2,False,0,0,0,0,0,0,0,0,0,0,0,0,0.0,0.0,0.0,0.0,0,0,0,0,0,0.00,0.00,0.00,0.00,55,0,11756,0,0
federico_chiesa,Liverpool,MD,5.5,2,Nott'm Forest,True,0,0,370,14,2026-08-29T11:30:00Z,2,2,False,0,0,0,0,0,0,0,0,0,0,0,0,0.0,0.0,0.0,0.0,0,0,0,0,0,0.00,0.00,0.00,0.00,55,-2965,10863,585,3550
federico_chiesa,Liverpool,MD,5.4,3,Ipswich Town,False,0,0,370,21,2026-09-04T19:00:00Z,0,2,False,0,0,0,0,0,0,0,0,0,0,0,0,0.0,0.0,0.0,0.0,0,0,0,0,0,0.00,0.00,0.00,0.00,54,-4196,6728,50,4246
federico_chiesa,Liverpool,MD,5.4,4,Fulham,True,0,0,370,35,2026-09-12T14:00:00Z,0,0,False,0,0,0,0,0,0,0,0,0,0,0,0,0.0,0.0,0.0,0.0,0,0,0,0,0,0.00,0.00,0.00,0.00,54,-1366,5591,14,1380
ryan_gravenberch,Liverpool,MD,6.0,1,Newcastle,False,77,5,371,9,2026-08-23T15:30:00Z,2,2,False,0,1,0,2,0,0,0,0,0,0,0,26,24.4,16.0,4.0,4.4,2,8,1,11,1,0.06,0.05,0.11,1.10,60,0,172067,0,0
ryan_gravenberch,Liverpool,MD,6.0,2,Nott'm Forest,True,19,1,371,14,2026-08-29T11:30:00Z,2,2,False,0,0,0,0,0,0,0,0,0,0,0,7,4.4,12.1,0.0,1.7,0,0,1,1,0,0.00,0.01,0.01,0.07,60,-178,196536,15005,15183
ryan_gravenberch,Liverpool,MD,6.0,3,Ipswich Town,False,26,1,371,21,2026-09-04T19:00:00Z,0,2,False,0,0,0,0,0,0,0,0,0,0,0,2,2.2,1.7,0.0,0.4,1,1,0,2,0,0.00,0.00,0.00,0.17,60,-34196,168420,10774,44970
ryan_gravenberch,Liverpool,MD,5.9,4,Fulham,True,59,1,371,35,2026-09-12T14:00:00Z,0,0,False,0,0,0,0,0,0,0,0,0,0,0,13,19.6,11.4,2.0,3.3,7,1,2,10,1,0.04,0.01,0.05,0.54,59,-33117,140580,5155,38272
alexis_mac allister,Liverpool,MD,5.5,1,Newcastle,False,27,1,372,9,2026-08-23T15:30:00Z,2,2,False,0,0,0,0,0,0,0,0,0,0,0,9,5.8,1.4,0.0,0.7,0,1,2,3,0,0.00,0.01,0.01,1.07,55,0,151941,0,0
alexis_mac allister,Liverpool,MD,5.5,2,Nott'm Forest,True,76,2,372,14,2026-08-29T11:30:00Z,2,2,False,0,0,0,2,0,0,0,0,0,0,0,10,12.6,7.7,0.0,2.0,2,5,3,10,1,0.00,0.39,0.39,2.23,55,-14941,156781,6567,21508
alexis_mac allister,Liverpool,MD,5.5,3,Ipswich Town,False,83,2,372,21,2026-09-04T19:00:00Z,0,2,False,0,0,1,0,0,0,0,1,0,0,0,14,16.6,12.8,18.0,4.7,3,5,3,11,1,0.08,0.02,0.10,0.60,55,-17436,147584,10622,28058
alexis_mac allister,Liverpool,MD,5.4,4,Fulham,True,30,1,372,35,2026-09-12T14:00:00Z,0,0,False,0,0,0,0,0,0,0,0,0,0,0,7,9.2,22.4,4.0,3.6,2,1,1,4,0,0.02,0.02,0.04,0.16,54,-7817,145908,12996,20813
curtis_jones,Liverpool,MD,5.5,1,Newcastle,False,0,0,373,9,2026-08-23T15:30:00Z,2,2,False,0,0,0,0,0,0,0,0,0,0,0,0,0.0,0.0,0.0,0.0,0,0,0,0,0,0.00,0.00,0.00,0.00,55,0,4822,0,0
curtis_jones,Liverpool,MD,5.5,2,Nott'm Forest,True,0,0,373,14,2026-08-29T11:30:00Z,2,2,False,0,0,0,0,0,0,0,0,0,0,0,0,0.0,0.0,0.0,0.0,0,0,0,0,0,0.00,0.00,0.00,0.00,55,-1095,3769,33,1128
curtis_jones,Liverpool,MD,5.5,3,Ipswich Town,False,0,0,373,21,2026-09-04T19:00:00Z,0,2,False,0,0,0,0,0,0,0,0,0,0,0,0,0.0,0.0,0.0,0.0,0,0,0,0,0,0.00,0.00,0.00,0.00,55,-929,2874,1,930
curtis_jones,Liverpool,MD,5.5,4,Fulham,True,0,0,373,35,2026-09-12T14:00:00Z,0,0,False,0,0,0,0,0,0,0,0,0,0,0,0,0.0,0.0,0.0,0.0,0,0,0,0,0,0.00,0.00,0.00,0.00,55,-372,2535,0,372
endo_wataru,Liverpool,MD,5.0,1,Newcastle,False,0,0,374,9,2026-08-23T15:30:00Z,2,2,False,0,0,0,0,0,0,0,0,0,0,0,0,0.0,0.0,0.0,0.0,0,0,0,0,0,0.00,0.00,0.00,0.00,50,0,5090,0,0
endo_wataru,Liverpool,MD,5.0,2,Nott'm Forest,True,0,0,374,14,2026-08-29T11:30:00Z,2,2,False,0,0,0,0,0,0,0,0,0,0,0,0,0.0,0.0,0.0,0.0,0,0,0,0,0,0.00,0.00,0.00,0.00,50,-500,6389,485,985
endo_wataru,Liverpool,MD,5.0,3,Ipswich Town,False,0,0,374,21,2026-09-04T19:00:00Z,0,2,False,0,0,0,0,0,0,0,0,0,0,0,0,0.0,0.0,0.0,0.0,0,0,0,0,0,0.00,0.00,0.00,0.00,50,-648,6810,798,1446
endo_wataru,Liverpool,MD,4.9,4,Fulham,True,0,0,374,35,2026-09-12T14:00:00Z,0,0,False,0,0,0,0,0,0,0,0,0,0,0,0,0.0,0.0,0.0,0.0,0,0,0,0,0,0.00,0.00,0.00,0.00,49,-568,6867,531,1099
trey_nyoni,Liverpool,MD,5.0,1,Newcastle,False,0,0,375,9,2026-08-23T15:30:00Z,2,2,False,0,0,0,0,0,0,0,0,0,0,0,0,0.0,0.0,0.0,0.0,0,0,0,0,0,0.00,0.00,0.00,0.00,50,0,3729,0,0
trey_nyoni,Liverpool,MD,5.0,2,Nott'm Forest,True,13,1,375,14,2026-08-29T11:30:00Z,2,2,False,0,0,0,0,0,0,0,0,0,0,0,3,6.4,2.2,0.0,0.9,1,2,2,5,0,0.00,0.00,0.00,0.07,50,-534,3607,139,673
trey_nyoni,Liverpool,MD,5.0,3,Ipswich Town,False,6,1,375,21,2026-09-04T19:00:00Z,0,2,False,0,0,0,0,0,0,0,0,0,0,0,3,0.2,0.1,0.0,0.0,0,0,0,0,0,0.00,0.00,0.00,0.15,50,-319,3899,503,822
trey_nyoni,Liverpool,MD,4.9,4,Fulham,True,0,0,375,35,2026-09-12T14:00:00Z,0,0,False,0,0,0,0,0,0,0,0,0,0,0,0,0.0,0.0,0.0,0.0,0,0,0,0,0,0.00,0.00,0.00,0.00,49,-285,4195,427,712
stefan_bajčetić maquieira,Liverpool,MD,5.0,1,Newcastle,False,0,0,376,9,2026-08-23T15:30:00Z,2,2,False,0,0,0,0,0,0,0,0,0,0,0,0,0.0,0.0,0.0,0.0,0,0,0,0,0,0.00,0.00,0.00,0.00,50,0,157,0,0
stefan_bajčetić maquieira,Liverpool,MD,5.0,2,Nott'm Forest,True,0,0,376,14,2026-08-29T11:30:00Z,2,2,False,0,0,0,0,0,0,0,0,0,0,0,0,0.0,0.0,0.0,0.0,0,0,0,0,0,0.00,0.00,0.00,0.00,50,-21,173,8,29
stefan_bajčetić maquieira,Liverpool,MD,5.0,3,Ipswich Town,False,0,0,376,21,2026-09-04T19:00:00Z,0,2,False,0,0,0,0,0,0,0,0,0,0,0,0,0.0,0.0,0.0,0.0,0,0,0,0,0,0.00,0.00,0.00,0.00,50,-32,148,11,43
stefan_bajčetić maquieira,Liverpool,MD,5.0,4,Fulham,True,0,0,376,35,2026-09-12T14:00:00Z,0,0,False,0,0,0,0,0,0,0,0,0,0,0,0,0.0,0.0,0.0,0.0,0,0,0,0,0,0.00,0.00,0.00,0.00,50,-23,128,0,23
victor_munoz,Liverpool,MD,6.5,1,Newcastle,False,27,4,377,9,2026-08-23T15:30:00Z,2,2,False,0,1,0,0,0,0,0,0,0,0,0,15,4.0,8.9,14.0,2.7,0,0,0,0,0,0.10,0.04,0.14,1.07,65,0,48042,0,0
victor_munoz,Liverpool,MD,6.5,2,Nott'm Forest,True,90,6,377,14,2026-08-29T11:30:00Z,2,2,False,1,0,0,2,0,0,0,1,0,0,0,24,42.2,16.8,29.0,8.8,4,1,2,7,1,0.32,0.19,0.51,2.30,65,573,60184,6486,5913
victor_munoz,Liverpool,MD,6.5,3,Ipswich Town,False,63,3,377,21,2026-09-04T19:00:00Z,0,2,False,0,0,1,0,0,0,0,0,0,0,0,9,0.8,4.3,6.0,1.1,0,4,0,4,1,0.00,0.02,0.02,0.58,65,60010,147326,83211,23201
victor_munoz,Liverpool,MD,6.5,4,Fulham,True,59,1,377,35,2026-09-12T14:00:00Z,0,0,False,0,0,0,0,0,0,0,0,0,0,0,5,3.4,1.4,37.0,4.2,0,2,0,2,1,0.10,0.00,0.10,0.54,65,-9953,130437,20664,30617
james_mcconnell,Liverpool,MD,4.5,1,Newcastle,False,0,0,378,9,2026-08-23T15:30:00Z,2,2,False,0,0,0,0,0,0,0,0,0,0,0,0,0.0,0.0,0.0,0.0,0,0,0,0,0,0.00,0.00,0.00,0.00,45,0,24189,0,0
james_mcconnell,Liverpool,MD,4.5,2,Nott'm Forest,True,0,0,378,14,2026-08-29T11:30:00Z,2,2,False,0,0,0,0,0,0,0,0,0,0,0,0,0.0,0.0,0.0,0.0,0,0,0,0,0,0.00,0.00,0.00,0.00,45,-2017,25168,883,2900
james_mcconnell,Liverpool,MD,4.5,3,Ipswich Town,False,0,0,378,21,2026-09-04T19:00:00Z,0,2,False,0,0,0,0,0,0,0,0,0,0,0,0,0.0,0.0,0.0,0.0,0,0,0,0,0,0.00,0.00,0.00,0.00,45,-1919,24779,1404,3323
james_mcconnell,Liverpool,MD,4.5,4,Fulham,True,0,0,378,35,2026-09-12T14:00:00Z,0,0,False,0,0,0,0,0,0,0,0,0,0,0,0,0.0,0.0,0.0,0.0,0,0,0,0,0,0.00,0.00,0.00,0.00,45,-1744,23763,870,2614
alexander_isak,Liverpool,FW,9.0,1,Newcastle,False,90,2,379,9,2026-08-23T15:30:00Z,2,2,False,0,0,0,2,0,0,0,0,0,0,0,6,11.4,14.6,66.0,9.2,1,0,0,1,1,1.09,0.01,1.10,1.58,90,0,1493302,0,0
alexander_isak,Liverpool,FW,9.0,2,Nott'm Forest,True,90,8,379,14,2026-08-29T11:30:00Z,2,2,False,1,0,0,2,0,0,0,0,0,0,2,30,34.0,10.3,48.0,9.2,0,0,1,1,1,0.99,0.00,0.99,2.30,90,-28097,1629014,73036,101133
alexander_isak,Liverpool,FW,9.0,3,Ipswich Town,False,63,13,379,21,2026-09-04T19:00:00Z,0,2,False,2,0,1,0,0,0,0,0,0,0,3,61,67.0,6.4,34.0,10.7,1,2,0,3,1,0.21,0.05,0.26,0.58,90,-25262,1811350,181587,206849
alexander_isak,Liverpool,FW,9.1,4,Fulham,True,90,2,379,35,2026-09-12T14:00:00Z,0,0,False,0,0,1,0,0,0,0,0,0,0,0,5,1.2,2.8,28.0,3.2,0,1,0,1,1,0.50,0.00,0.50,0.70,91,623585,2626358,732640,109055
hugo_ekitiké,Liverpool,FW,7.5,1,Newcastle,False,0,0,380,9,2026-08-23T15:30:00Z,2,2,False,0,0,0,0,0,0,0,0,0,0,0,0,0.0,0.0,0.0,0.0,0,0,0,0,0,0.00,0.00,0.00,0.00,75,0,14410,0,0
hugo_ekitiké,Liverpool,FW,7.5,2,Nott'm Forest,True,0,0,380,14,2026-08-29T11:30:00Z,2,2,False,0,0,0,0,0,0,0,0,0,0,0,0,0.0,0.0,0.0,0.0,0,0,0,0,0,0.00,0.00,0.00,0.00,75,-3098,14299,709,3807
hugo_ekitiké,Liverpool,FW,7.5,3,Ipswich Town,False,0,0,380,21,2026-09-04T19:00:00Z,0,2,False,0,0,0,0,0,0,0,0,0,0,0,0,0.0,0.0,0.0,0.0,0,0,0,0,0,0.00,0.00,0.00,0.00,75,-2736,12739,696,3432
hugo_ekitiké,Liverpool,FW,7.4,4,Fulham,True,0,0,380,35,2026-09-12T14:00:00Z,0,0,False,0,0,0,0,0,0,0,0,0,0,0,0,0.0,0.0,0.0,0.0,0,0,0,0,0,0.00,0.00,0.00,0.00,74,-1567,11892,474,2041
lewis_koumas,Liverpool,MD,5.0,1,Newcastle,False,12,1,381,9,2026-08-23T15:30:00Z,2,2,False,0,0,0,0,0,0,0,0,0,0,0,4,1.2,0.5,7.0,0.9,0,1,0,1,0,0.03,0.00,0.03,0.48,50,0,1626,0,0
lewis_koumas,Liverpool,MD,5.0,2,Nott'm Forest,True,0,0,381,14,2026-08-29T11:30:00Z,2,2,False,0,0,0,0,0,0,0,0,0,0,0,0,0.0,0.0,0.0,0.0,0,0,0,0,0,0.00,0.00,0.00,0.00,50,-54,2137,156,210
lewis_koumas,Liverpool,MD,5.0,3,Ipswich Town,False,1,1,381,21,2026-09-04T19:00:00Z,0,2,False,0,0,0,0,0,0,0,0,0,0,0,3,0.0,0.0,0.0,0.0,0,0,0,0,0,0.00,0.00,0.00,0.10,50,-217,2473,161,378
lewis_koumas,Liverpool,MD,5.0,4,Fulham,True,0,0,381,35,2026-09-12T14:00:00Z,0,0,False,0,0,0,0,0,0,0,0,0,0,0,0,0.0,0.0,0.0,0.0,0,0,0,0,0,0.00,0.00,0.00,0.00,50,-163,2699,155,318
jayden_danns,Liverpool,FW,4.5,1,Newcastle,False,0,0,382,9,2026-08-23T15:30:00Z,2,2,False,0,0,0,0,0,0,0,0,0,0,0,0,0.0,0.0,0.0,0.0,0,0,0,0,0,0.00,0.00,0.00,0.00,45,0,3221,0,0
jayden_danns,Liverpool,FW,4.5,2,Nott'm Forest,True,0,0,382,14,2026-08-29T11:30:00Z,2,2,False,0,0,0,0,0,0,0,0,0,0,0,0,0.0,0.0,0.0,0.0,0,0,0,0,0,0.00,0.00,0.00,0.00,45,-253,3423,309,562
jayden_danns,Liverpool,FW,4.5,3,Ipswich Town,False,0,0,382,21,2026-09-04T19:00:00Z,0,2,False,0,0,0,0,0,0,0,0,0,0,0,0,0.0,0.0,0.0,0.0,0,0,0,0,0,0.00,0.00,0.00,0.00,45,1969,7591,2915,946
jayden_danns,Liverpool,FW,4.5,4,Fulham,True,0,0,382,35,2026-09-12T14:00:00Z,0,0,False,0,0,0,0,0,0,0,0,0,0,0,0,0.0,0.0,0.0,0.0,0,0,0,0,0,0.00,0.00,0.00,0.00,45,4586,14211,7016,2430
harvey_elliott,Liverpool,MD,5.5,1,Newcastle,False,0,0,383,9,2026-08-23T15:30:00Z,2,2,False,0,0,0,0,0,0,0,0,0,0,0,0,0.0,0.0,0.0,0.0,0,0,0,0,0,0.00,0.00,0.00,0.00,55,0,6399,0,0
harvey_elliott,Liverpool,MD,5.5,2,Nott'm Forest,True,0,0,383,14,2026-08-29T11:30:00Z,2,2,False,0,0,0,0,0,0,0,0,0,0,0,0,0.0,0.0,0.0,0.0,0,0,0,0,0,0.00,0.00,0.00,0.00,55,-836,7117,380,1216
harvey_elliott,Liverpool,MD,5.4,3,Ipswich Town,False,0,0,383,21,2026-09-04T19:00:00Z,0,2,False,0,0,0,0,0,0,0,0,0,0,0,0,0.0,0.0,0.0,0.0,0,0,0,0,0,0.00,0.00,0.00,0.00,54,-1929,5742,527,2456
harvey_elliott,Liverpool,MD,5.4,4,Fulham,True,0,0,383,35,2026-09-12T14:00:00Z,0,0,False,0,0,0,0,0,0,0,0,0,0,0,0,0.0,0.0,0.0,0.0,0,0,0,0,0,0.00,0.00,0.00,0.00,54,-1672,4155,0,1672
ronald_araujo,Liverpool,DF,5.5,1,Newcastle,False,20,1,579,9,2026-08-23T15:30:00Z,2,2,False,0,0,0,0,0,0,0,0,0,0,0,3,13.2,1.2,0.0,1.4,3,1,1,4,0,0.00,0.03,0.03,0.54,55,0,211388,0,0
ronald_araujo,Liverpool,DF,5.5,2,Nott'm Forest,True,13,0,579,14,2026-08-29T11:30:00Z,2,2,False,0,0,0,0,0,0,0,1,0,0,0,-1,5.8,2.3,0.0,0.8,1,2,0,1,0,0.00,0.01,0.01,0.07,55,-9867,267054,23907,33774
ronald_araujo,Liverpool,DF,5.4,3,Ipswich Town,False,90,8,579,21,2026-09-04T19:00:00Z,0,2,False,0,0,1,0,0,0,0,0,0,0,0,27,20.0,2.4,2.0,2.4,9,1,1,10,1,0.00,0.01,0.01,0.75,54,-69165,212525,11375,80540
ronald_araujo,Liverpool,DF,5.4,4,Fulham,True,71,6,579,35,2026-09-12T14:00:00Z,0,0,False,0,0,1,0,0,0,0,0,0,0,0,24,9.8,1.8,2.0,1.4,3,5,1,4,1,0.00,0.00,0.00,0.60,54,41974,292366,59861,17887
bradley_barcola,Liverpool,MD,8.0,3,Ipswich Town,False,26,1,627,21,2026-09-04T19:00:00Z,0,2,False,0,0,0,0,0,0,0,0,0,0,0,5,3.0,10.5,2.0,1.6,0,0,0,0,0,0.00,0.07,0.07,0.17,80,116172,145340,135788,19616
bradley_barcola,Liverpool,MD,8.0,4,Fulham,True,71,3,627,35,2026-09-12T14:00:00Z,0,0,False,0,0,1,0,0,0,0,0,0,0,0,9,5.6,13.6,8.0,2.7,0,2,3,5,1,0.21,0.03,0.24,0.60,80,70941,238639,116804,45863
enzo_fernández,Man City,MD,7.0,1,Fulham,False,25,1,155,10,2026-08-24T19:00:00Z,2,3,False,0,0,0,0,0,0,0,0,0,0,0,6,3.4,12.0,0.0,1.5,0,3,0,3,0,0.00,0.02,0.02,0.28,70,0,442051,0,0
enzo_fernández,Man City,MD,7.0,2,Brighton,True,0,0,155,16,2026-08-30T13:00:00Z,4,3,False,0,0,0,0,0,0,0,0,0,0,0,0,0.0,0.0,0.0,0.0,0,0,0,0,0,0.00,0.00,0.00,0.00,70,-74211,430662,14954,89165
enzo_fernández,Man City,MD,6.9,3,Coventry City,True,75,3,155,26,2026-09-05T14:00:00Z,1,0,False,0,0,1,0,0,0,0,0,0,0,0,17,10.2,18.9,18.0,4.7,1,1,1,3,1,0.13,0.12,0.25,1.00,69,-101968,341334,30968,132936
enzo_fernández,Man City,MD,6.9,4,Man Utd,False,81,2,155,39,2026-09-13T15:30:00Z,0,1,False,0,0,1,0,0,0,0,1,0,0,0,17,10.4,20.7,15.0,4.6,4,4,2,10,1,0.18,0.13,0.31,0.50,69,-12688,344271,39194,51882
iliman_ndiaye,Man City,MD,6.0,1,Crystal Palace,True,90,9,237,3,2026-08-22T14:00:00Z,2,0,False,0,1,1,0,0,0,0,0,0,0,1,36,40.8,39.8,48.0,12.9,0,8,4,12,1,0.24,0.32,0.56,1.96,60,0,1434152,0,0
iliman_ndiaye,Man City,MD,6.0,2,Bournemouth,False,90,4,237,12,2026-08-29T14:00:00Z,1,1,False,0,0,0,1,0,0,0,0,0,0,0,16,12.6,14.5,10.0,3.7,5,7,1,13,1,0.02,0.07,0.09,2.16,60,62668,1595715,122688,60020
iliman_ndiaye,Man City,MD,6.0,3,Coventry City,True,86,3,237,26,2026-09-05T14:00:00Z,1,0,False,0,0,1,0,0,0,0,0,0,0,0,12,7.0,17.9,10.0,3.5,1,2,2,5,1,0.02,0.04,0.06,1.35,60,-391471,1152171,81681,473152
iliman_ndiaye,Man City,MD,5.9,4,Man Utd,False,45,1,237,39,2026-09-13T15:30:00Z,0,1,False,0,0,0,0,0,0,0,0,0,0,0,15,9.8,1.8,2.0,1.4,3,6,1,10,0,0.00,0.01,0.01,0.80,59,-300679,900785,43012,343691
gianluigi_donnarumma,Man City,GK,5.5,1,Bournemouth,True,90,3,384,8,2026-08-23T13:00:00Z,2,1,False,0,0,0,1,0,0,0,0,0,3,0,12,26.8,0.0,0.0,2.7,1,4,0,0,1,0.00,0.00,0.00,0.65,55,0,722204,0,0
gianluigi_donnarumma,Man City,GK,5.5,2,Crystal Palace,False,90,0,384,11,2026-08-28T19:00:00Z,1,4,False,0,0,0,1,1,0,0,0,0,1,0,5,6.8,0.0,0.0,0.7,0,8,0,0,1,0.00,0.00,0.00,0.66,55,-10944,828113,34008,44952
gianluigi_donnarumma,Man City,GK,5.5,3,Coventry City,True,90,7,384,26,2026-09-05T14:00:00Z,1,0,False,0,0,1,0,0,0,0,0,0,3,0,29,26.8,0.0,0.0,2.7,1,2,0,0,1,0.00,0.00,0.00,1.37,55,-48925,836587,71140,120065
gianluigi_donnarumma,Man City,GK,5.5,4,Man Utd,False,90,7,384,39,2026-09-13T15:30:00Z,0,1,False,0,0,1,0,0,0,0,0,0,3,0,29,20.6,0.0,0.0,2.1,0,10,0,0,1,0.00,0.00,0.00,1.00,55,-46242,797609,32234,78476
marcus_bettinelli,Man City,GK,4.5,1,Bournemouth,True,0,0,386,8,2026-08-23T13:00:00Z,2,1,False,0,0,0,0,0,0,0,0,0,0,0,0,0.0,0.0,0.0,0.0,0,0,0,0,0,0.00,0.00,0.00,0.00,45,0,2479,0,0
marcus_bettinelli,Man City,GK,4.5,2,Crystal Palace,False,0,0,386,11,2026-08-28T19:00:00Z,1,4,False,0,0,0,0,0,0,0,0,0,0,0,0,0.0,0.0,0.0,0.0,0,0,0,0,0,0.00,0.00,0.00,0.00,45,-101,2853,135,236
marcus_bettinelli,Man City,GK,4.5,3,Coventry City,True,0,0,386,26,2026-09-05T14:00:00Z,1,0,False,0,0,0,0,0,0,0,0,0,0,0,0,0.0,0.0,0.0,0.0,0,0,0,0,0,0.00,0.00,0.00,0.00,45,-201,2867,172,373
marcus_bettinelli,Man City,GK,4.5,4,Man Utd,False,0,0,386,39,2026-09-13T15:30:00Z,0,1,False,0,0,0,0,0,0,0,0,0,0,0,0,0.0,0.0,0.0,0.0,0,0,0,0,0,0.00,0.00,0.00,0.00,45,-113,2911,128,241
nico_o'reilly,Man City,DF,6.5,1,Bournemouth,True,62,2,387,8,2026-08-23T13:00:00Z,2,1,False,0,0,0,1,0,0,0,0,0,0,0,5,8.8,30.4,11.0,5.0,1,5,1,2,1,0.07,0.41,0.48,0.55,65,0,1877660,0,0
nico_o'reilly,Man City,DF,6.5,2,Crystal Palace,False,88,2,387,11,2026-08-28T19:00:00Z,1,4,False,0,0,0,1,0,0,0,0,0,0,0,11,3.6,7.8,5.0,1.6,0,2,1,1,1,0.02,0.02,0.04,0.66,65,-38546,2068744,68784,107330
nico_o'reilly,Man City,DF,6.5,3,Coventry City,True,0,0,387,26,2026-09-05T14:00:00Z,1,0,False,0,0,0,0,0,0,0,0,0,0,0,0,0.0,0.0,0.0,0.0,0,0,0,0,0,0.00,0.00,0.00,0.00,65,-193787,1933486,97243,291030
nico_o'reilly,Man City,DF,6.4,4,Man Utd,False,8,1,387,39,2026-09-13T15:30:00Z,0,1,False,0,0,0,0,0,0,0,0,0,0,0,3,0.0,0.5,0.0,0.1,0,1,0,0,0,0.00,0.00,0.00,0.50,64,-538591,1381174,8499,547090
marc_guéhi,Man City,DF,6.0,1,Bournemouth,True,90,10,388,8,2026-08-23T13:00:00Z,2,1,False,1,0,0,1,0,0,0,0,0,0,2,31,43.6,17.5,28.0,8.9,1,4,3,4,1,0.89,0.32,1.21,0.65,60,0,1521853,0,0
marc_guéhi,Man City,DF,6.0,2,Crystal Palace,False,90,2,388,11,2026-08-28T19:00:00Z,1,4,False,0,0,0,1,0,0,0,0,0,0,0,12,24.2,15.8,0.0,4.0,5,4,0,5,1,0.00,0.04,0.04,0.66,60,140987,1952448,182745,41758
marc_guéhi,Man City,DF,6.0,3,Coventry City,True,90,8,388,26,2026-09-05T14:00:00Z,1,0,False,0,0,1,0,0,0,0,0,0,0,2,31,28.8,9.6,2.0,4.0,9,6,0,9,1,0.00,0.02,0.02,1.37,60,-59173,1945720,122887,182060
marc_guéhi,Man City,DF,6.0,4,Man Utd,False,90,6,388,39,2026-09-13T15:30:00Z,0,1,False,0,0,1,0,0,0,0,0,0,0,0,27,16.6,0.6,2.0,1.9,7,3,0,7,1,0.00,0.00,0.00,1.00,60,-25207,1956435,90239,115446
matheus_nunes,Man City,DF,6.0,1,Bournemouth,True,33,1,389,8,2026-08-23T13:00:00Z,2,1,False,0,0,0,0,0,0,0,0,0,0,0,4,3.8,1.5,4.0,0.9,1,2,0,1,0,0.00,0.04,0.04,0.10,60,0,123928,0,0
matheus_nunes,Man City,DF,6.0,2,Crystal Palace,False,0,0,389,11,2026-08-28T19:00:00Z,1,4,False,0,0,0,0,0,0,0,0,0,0,0,0,0.0,0.0,0.0,0.0,0,0,0,0,0,0.00,0.00,0.00,0.00,60,-14462,142089,3031,17493
matheus_nunes,Man City,DF,5.9,3,Coventry City,True,0,0,389,26,2026-09-05T14:00:00Z,1,0,False,0,0,0,0,0,0,0,0,0,0,0,0,0.0,0.0,0.0,0.0,0,0,0,0,0,0.00,0.00,0.00,0.00,59,-37940,103772,479,38419
matheus_nunes,Man City,DF,5.9,4,Man Utd,False,90,9,389,39,2026-09-13T15:30:00Z,0,1,False,0,0,1,0,0,0,0,0,0,0,1,34,31.2,1.5,0.0,3.3,9,8,2,11,1,0.00,0.01,0.01,1.00,59,-8606,99893,2401,11007
rúben_dos santos gato alves dias,Man City,DF,5.5,1,Bournemouth,True,90,2,390,8,2026-08-23T13:00:00Z,2,1,False,0,0,0,1,0,0,0,0,0,0,0,11,24.4,17.9,2.0,4.4,6,8,0,6,1,0.00,0.14,0.14,0.65,55,0,148709,0,0
rúben_dos santos gato alves dias,Man City,DF,5.5,2,Crystal Palace,False,90,2,390,11,2026-08-28T19:00:00Z,1,4,False,0,0,0,1,0,0,0,0,0,0,0,19,27.0,22.3,35.0,8.4,5,6,1,6,1,0.09,0.57,0.66,0.66,55,-2699,176387,9858,12557
rúben_dos santos gato alves dias,Man City,DF,5.5,3,Coventry City,True,90,6,390,26,2026-09-05T14:00:00Z,1,0,False,0,0,1,0,0,0,0,0,0,0,0,25,20.6,6.6,0.0,2.7,3,0,0,3,1,0.00,0.03,0.03,1.37,55,-3537,186055,20417,23954
rúben_dos santos gato alves dias,Man City,DF,5.5,4,Man Utd,False,90,6,390,39,2026-09-13T15:30:00Z,0,1,False,0,0,1,0,0,0,0,0,0,0,0,24,17.4,0.2,2.0,2.0,7,2,0,7,1,0.00,0.00,0.00,1.00,55,-6512,188216,11031,17543
joško_gvardiol,Man City,DF,5.5,1,Bournemouth,True,90,9,391,8,2026-08-23T13:00:00Z,2,1,False,1,0,0,1,0,0,0,0,0,0,1,28,47.6,13.3,17.0,7.8,5,5,2,7,1,0.19,0.05,0.24,0.65,55,0,980214,0,0
joško_gvardiol,Man City,DF,5.5,2,Crystal Palace,False,74,5,391,11,2026-08-28T19:00:00Z,1,4,False,0,1,0,1,0,0,0,0,0,0,0,18,27.6,30.8,2.0,6.0,1,0,1,2,1,0.00,0.04,0.04,0.66,55,193061,1383738,228418,35357
joško_gvardiol,Man City,DF,5.6,3,Coventry City,True,90,8,391,26,2026-09-05T14:00:00Z,1,0,False,0,0,1,0,0,0,0,0,0,0,2,31,18.8,6.9,7.0,3.3,4,7,4,8,1,0.01,0.02,0.03,1.37,56,427408,2019409,548352,120944
joško_gvardiol,Man City,DF,5.6,4,Man Utd,False,90,11,391,39,2026-09-13T15:30:00Z,0,1,False,0,1,1,0,0,0,0,1,0,0,3,36,16.4,1.1,4.0,2.2,3,3,4,7,1,0.02,0.00,0.02,1.00,56,152896,2126959,315722,162826
rayan_aït-nouri,Man City,DF,5.5,1,Bournemouth,True,0,0,392,8,2026-08-23T13:00:00Z,2,1,False,0,0,0,0,0,0,0,0,0,0,0,0,0.0,0.0,0.0,0.0,0,0,0,0,0,0.00,0.00,0.00,0.00,55,0,79425,0,0
rayan_aït-nouri,Man City,DF,5.5,2,Crystal Palace,False,0,0,392,11,2026-08-28T19:00:00Z,1,4,False,0,0,0,0,0,0,0,0,0,0,0,0,0.0,0.0,0.0,0.0,0,0,0,0,0,0.00,0.00,0.00,0.00,55,-14163,77633,2616,16779
rayan_aït-nouri,Man City,DF,5.4,3,Coventry City,True,0,0,392,26,2026-09-05T14:00:00Z,1,0,False,0,0,0,0,0,0,0,0,0,0,0,0,0.0,0.0,0.0,0.0,0,0,0,0,0,0.00,0.00,0.00,0.00,54,-23051,56252,2020,25071
rayan_aït-nouri,Man City,DF,5.3,4,Man Utd,False,0,0,392,39,2026-09-13T15:30:00Z,0,1,False,0,0,0,0,0,0,0,0,0,0,0,0,0.0,0.0,0.0,0.0,0,0,0,0,0,0.00,0.00,0.00,0.00,53,-9974,48901,1355,11329
abdukodir_khusanov,Man City,DF,5.5,1,Bournemouth,True,90,2,393,8,2026-08-23T13:00:00Z,2,1,False,0,0,0,1,0,0,0,0,0,0,0,14,17.0,3.4,0.0,2.0,2,6,2,4,1,0.00,0.02,0.02,0.65,55,0,147622,0,0
abdukodir_khusanov,Man City,DF,5.5,2,Crystal Palace,False,88,2,393,11,2026-08-28T19:00:00Z,1,4,False,0,0,0,1,0,0,0,0,0,0,0,17,21.0,5.3,4.0,3.0,3,3,4,7,1,0.00,0.02,0.02,0.66,55,-8451,170855,6086,14537
abdukodir_khusanov,Man City,DF,5.5,3,Coventry City,True,90,5,393,26,2026-09-05T14:00:00Z,1,0,False,0,0,1,0,0,0,0,1,0,0,0,22,13.6,3.9,0.0,1.8,4,4,2,6,1,0.00,0.02,0.02,1.37,55,-14491,166742,9792,24283
abdukodir_khusanov,Man City,DF,5.5,4,Man Utd,False,0,0,393,39,2026-09-13T15:30:00Z,0,1,False,0,0,0,0,0,0,0,0,0,0,0,0,0.0,0.0,0.0,0.0,0,0,0,0,0,0.00,0.00,0.00,0.00,55,-8055,166165,6115,14170
max_alleyne,Man City,DF,5.0,1,Bournemouth,True,0,0,394,8,2026-08-23T13:00:00Z,2,1,False,0,0,0,0,0,0,0,0,0,0,0,0,0.0,0.0,0.0,0.0,0,0,0,0,0,0.00,0.00,0.00,0.00,50,0,1089,0,0
max_alleyne,Man City,DF,5.0,2,Crystal Palace,False,0,0,394,11,2026-08-28T19:00:00Z,1,4,False,0,0,0,0,0,0,0,0,0,0,0,0,0.0,0.0,0.0,0.0,0,0,0,0,0,0.00,0.00,0.00,0.00,50,-357,720,0,357
max_alleyne,Man City,DF,5.0,3,Coventry City,True,0,0,394,26,2026-09-05T14:00:00Z,1,0,False,0,0,0,0,0,0,0,0,0,0,0,0,0.0,0.0,0.0,0.0,0,0,0,0,0,0.00,0.00,0.00,0.00,50,-142,589,0,142
max_alleyne,Man City,DF,5.0,4,Man Utd,False,0,0,394,39,2026-09-13T15:30:00Z,0,1,False,0,0,0,0,0,0,0,0,0,0,0,0,0.0,0.0,0.0,0.0,0,0,0,0,0,0.00,0.00,0.00,0.00,50,-60,537,0,60
rico_lewis,Man City,DF,4.5,1,Bournemouth,True,56,1,395,8,2026-08-23T13:00:00Z,2,1,False,0,0,0,1,0,0,0,0,0,0,0,-1,3.8,3.8,39.0,4.7,2,0,0,2,1,0.17,0.02,0.19,0.55,45,0,18491,0,0
rico_lewis,Man City,DF,4.5,2,Crystal Palace,False,0,0,395,11,2026-08-28T19:00:00Z,1,4,False,0,0,0,0,0,0,0,0,0,0,0,0,0.0,0.0,0.0,0.0,0,0,0,0,0,0.00,0.00,0.00,0.00,45,1097,25045,3620,2523
rico_lewis,Man City,DF,4.5,3,Coventry City,True,0,0,395,26,2026-09-05T14:00:00Z,1,0,False,0,0,0,0,0,0,0,0,0,0,0,0,0.0,0.0,0.0,0.0,0,0,0,0,0,0.00,0.00,0.00,0.00,45,-3581,23634,2152,5733
rico_lewis,Man City,DF,4.4,4,Man Utd,False,0,0,395,39,2026-09-13T15:30:00Z,0,1,False,0,0,0,0,0,0,0,0,0,0,0,0,0.0,0.0,0.0,0.0,0,0,0,0,0,0.00,0.00,0.00,0.00,44,-3042,22298,1037,4079
vitor_de oliveira nunes dos reis,Man City,DF,4.5,1,Bournemouth,True,0,0,396,8,2026-08-23T13:00:00Z,2,1,False,0,0,0,0,0,0,0,0,0,0,0,0,0.0,0.0,0.0,0.0,0,0,0,0,0,0.00,0.00,0.00,0.00,45,0,1856,0,0
vitor_de oliveira nunes dos reis,Man City,DF,4.5,2,Crystal Palace,False,1,1,396,11,2026-08-28T19:00:00Z,1,4,False,0,0,0,0,0,0,0,0,0,0,0,3,1.2,0.9,0.0,0.2,0,0,0,0,0,0.00,0.00,0.00,0.00,45,-138,2034,102,240
vitor_de oliveira nunes dos reis,Man City,DF,4.5,3,Coventry City,True,0,0,396,26,2026-09-05T14:00:00Z,1,0,False,0,0,0,0,0,0,0,0,0,0,0,0,0.0,0.0,0.0,0.0,0,0,0,0,0,0.00,0.00,0.00,0.00,45,-130,2767,132,262
vitor_de oliveira nunes dos reis,Man City,DF,4.5,4,Man Utd,False,0,0,396,39,2026-09-13T15:30:00Z,0,1,False,0,0,0,0,0,0,0,0,0,0,0,0,0.0,0.0,0.0,0.0,0,0,0,0,0,0.00,0.00,0.00,0.00,45,-193,3187,90,283
antoine_semenyo,Man City,MD,8.5,1,Bournemouth,True,90,2,397,8,2026-08-23T13:00:00Z,2,1,False,0,0,0,1,0,0,0,0,0,0,0,16,5.8,8.9,31.0,4.6,0,4,1,5,1,0.06,0.02,0.08,0.65,85,0,2354040,0,0
antoine_semenyo,Man City,MD,8.5,2,Crystal Palace,False,90,5,397,11,2026-08-28T19:00:00Z,1,4,False,0,1,0,1,0,0,0,0,0,0,0,33,29.2,43.0,40.0,11.2,0,2,1,3,1,0.06,0.57,0.63,0.66,85,-124110,2377196,49100,173210
antoine_semenyo,Man City,MD,8.5,3,Coventry City,True,90,6,397,26,2026-09-05T14:00:00Z,1,0,False,0,1,1,0,0,0,0,0,0,0,0,26,22.6,45.9,11.0,8.0,0,3,1,4,1,0.05,0.34,0.39,1.37,85,-362493,2009104,68628,431121
antoine_semenyo,Man City,MD,8.4,4,Man Utd,False,90,3,397,39,2026-09-13T15:30:00Z,0,1,False,0,0,1,0,0,0,0,0,0,0,0,7,2.2,16.1,6.0,2.4,0,2,1,3,1,0.00,0.06,0.06,1.00,84,-325768,1689535,35764,361532
phil_foden,Man City,MD,7.0,1,Bournemouth,True,81,1,398,8,2026-08-23T13:00:00Z,2,1,False,0,0,0,1,0,0,0,1,0,0,0,15,10.4,49.6,15.0,7.5,0,3,3,6,1,0.12,0.40,0.52,0.65,70,0,387178,0,0
phil_foden,Man City,MD,7.0,2,Crystal Palace,False,90,9,398,11,2026-08-28T19:00:00Z,1,4,False,0,2,0,1,0,0,0,0,0,0,1,38,42.8,45.8,17.0,10.6,2,4,1,7,1,0.87,0.45,1.32,0.66,70,-26374,400716,20147,46521
phil_foden,Man City,MD,7.0,3,Coventry City,True,24,1,398,26,2026-09-05T14:00:00Z,1,0,False,0,0,0,0,0,0,0,0,0,0,0,3,4.4,14.8,7.0,2.6,0,1,0,1,0,0.62,0.01,0.63,0.50,70,187857,687362,262736,74879
phil_foden,Man City,MD,7.0,4,Man Utd,False,22,-2,398,39,2026-09-13T15:30:00Z,0,1,False,0,0,0,0,0,0,0,0,1,0,0,-4,0.0,12.1,6.0,1.6,0,0,0,0,1,0.00,0.02,0.02,0.10,70,-191380,396620,18307,209687
rayan_cherki,Man City,MD,7.5,1,Bournemouth,True,27,8,399,8,2026-08-23T13:00:00Z,2,1,False,0,2,0,0,0,0,0,0,0,0,1,28,39.2,48.8,4.0,9.2,0,0,0,0,0,0.00,0.50,0.50,0.10,75,0,679336,0,0
rayan_cherki,Man City,MD,7.5,2,Crystal Palace,False,81,14,399,11,2026-08-28T19:00:00Z,1,4,False,2,0,0,1,0,0,0,1,0,0,3,60,74.8,47.8,49.0,17.2,0,3,0,3,1,0.35,0.55,0.90,0.66,75,161916,1073154,203318,41402
rayan_cherki,Man City,MD,7.7,3,Coventry City,True,65,3,399,26,2026-09-05T14:00:00Z,1,0,False,0,0,1,0,0,0,0,0,0,0,0,23,7.4,52.2,24.0,8.4,0,3,0,3,1,0.21,0.30,0.51,0.86,77,1783948,3431400,1865890,81942
rayan_cherki,Man City,MD,7.8,4,Man Utd,False,45,1,399,39,2026-09-13T15:30:00Z,0,1,False,0,0,0,0,0,0,0,0,0,0,0,4,1.6,6.6,4.0,1.2,1,0,0,1,1,0.03,0.06,0.09,0.20,78,-139414,3069702,314949,454363
jérémy_doku,Man City,MD,7.5,1,Bournemouth,True,0,0,400,8,2026-08-23T13:00:00Z,2,1,False,0,0,0,0,0,0,0,0,0,0,0,0,0.0,0.0,0.0,0.0,0,0,0,0,0,0.00,0.00,0.00,0.00,75,0,191182,0,0
jérémy_doku,Man City,MD,7.5,2,Crystal Palace,False,0,0,400,11,2026-08-28T19:00:00Z,1,4,False,0,0,0,0,0,0,0,0,0,0,0,0,0.0,0.0,0.0,0.0,0,0,0,0,0,0.00,0.00,0.00,0.00,75,-69521,122950,494,70015
jérémy_doku,Man City,MD,7.4,3,Coventry City,True,0,0,400,26,2026-09-05T14:00:00Z,1,0,False,0,0,0,0,0,0,0,0,0,0,0,0,0.0,0.0,0.0,0.0,0,0,0,0,0,0.00,0.00,0.00,0.00,74,-33918,90983,453,34371
jérémy_doku,Man City,MD,7.4,4,Man Utd,False,0,0,400,39,2026-09-13T15:30:00Z,0,1,False,0,0,0,0,0,0,0,0,0,0,0,0,0.0,0.0,0.0,0.0,0,0,0,0,0,0.00,0.00,0.00,0.00,74,-14480,77943,249,14729
rodrigo 'rodri'_hernandez cascante,Man City,MD,6.5,1,Bournemouth,True,0,0,402,8,2026-08-23T13:00:00Z,2,1,False,0,0,0,0,0,0,0,0,0,0,0,0,0.0,0.0,0.0,0.0,0,0,0,0,0,0.00,0.00,0.00,0.00,65,0,2341,0,0
rodrigo 'rodri'_hernandez cascante,Man City,MD,6.5,2,Crystal Palace,False,0,0,402,11,2026-08-28T19:00:00Z,1,4,False,0,0,0,0,0,0,0,0,0,0,0,0,0.0,0.0,0.0,0.0,0,0,0,0,0,0.00,0.00,0.00,0.00,65,-796,1526,0,796
rodrigo 'rodri'_hernandez cascante,Man City,MD,6.5,3,Coventry City,True,0,0,402,26,2026-09-05T14:00:00Z,1,0,False,0,0,0,0,0,0,0,0,0,0,0,0,0.0,0.0,0.0,0.0,0,0,0,0,0,0.00,0.00,0.00,0.00,65,-269,1283,0,269
rodrigo 'rodri'_hernandez cascante,Man City,MD,6.5,4,Man Utd,False,0,0,402,39,2026-09-13T15:30:00Z,0,1,False,0,0,0,0,0,0,0,0,0,0,0,0,0.0,0.0,0.0,0.0,0,0,0,0,0,0.00,0.00,0.00,0.00,65,-87,1206,0,87
tijjani_reijnders,Man City,MD,6.0,1,Bournemouth,True,0,0,404,8,2026-08-23T13:00:00Z,2,1,False,0,0,0,0,0,0,0,0,0,0,0,0,0.0,0.0,0.0,0.0,0,0,0,0,0,0.00,0.00,0.00,0.00,60,0,11692,0,0
tijjani_reijnders,Man City,MD,6.0,2,Crystal Palace,False,0,0,404,11,2026-08-28T19:00:00Z,1,4,False,0,0,0,0,0,0,0,0,0,0,0,0,0.0,0.0,0.0,0.0,0,0,0,0,0,0.00,0.00,0.00,0.00,60,-5624,5966,0,5624
tijjani_reijnders,Man City,MD,6.0,3,Coventry City,True,0,0,404,26,2026-09-05T14:00:00Z,1,0,False,0,0,0,0,0,0,0,0,0,0,0,0,0.0,0.0,0.0,0.0,0,0,0,0,0,0.00,0.00,0.00,0.00,60,-1696,4425,0,1696
tijjani_reijnders,Man City,MD,6.0,4,Man Utd,False,0,0,404,39,2026-09-13T15:30:00Z,0,1,False,0,0,0,0,0,0,0,0,0,0,0,0,0.0,0.0,0.0,0.0,0,0,0,0,0,0.00,0.00,0.00,0.00,60,-541,3943,0,541
mateo_kovačić,Man City,MD,5.5,1,Bournemouth,True,27,1,406,8,2026-08-23T13:00:00Z,2,1,False,0,0,0,0,0,0,0,0,0,0,0,3,2.2,2.1,0.0,0.4,0,2,0,2,0,0.00,0.01,0.01,0.10,55,0,6303,0,0
mateo_kovačić,Man City,MD,5.5,2,Crystal Palace,False,15,1,406,11,2026-08-28T19:00:00Z,1,4,False,0,0,0,0,0,0,0,0,0,0,0,9,2.0,3.1,0.0,0.5,0,0,0,0,0,0.00,0.01,0.01,0.00,55,-460,8589,829,1289
mateo_kovačić,Man City,MD,5.5,3,Coventry City,True,0,0,406,26,2026-09-05T14:00:00Z,1,0,False,0,0,0,0,0,0,0,0,0,0,0,0,0.0,0.0,0.0,0.0,0,0,0,0,0,0.00,0.00,0.00,0.00,55,-1500,8577,647,2147
mateo_kovačić,Man City,MD,5.4,4,Man Utd,False,0,0,406,39,2026-09-13T15:30:00Z,0,1,False,0,0,0,0,0,0,0,0,0,0,0,0,0.0,0.0,0.0,0.0,0,0,0,0,0,0.00,0.00,0.00,0.00,54,-996,8409,425,1421
claudio_echeverri,Man City,MD,5.0,1,Bournemouth,True,0,0,407,8,2026-08-23T13:00:00Z,2,1,False,0,0,0,0,0,0,0,0,0,0,0,0,0.0,0.0,0.0,0.0,0,0,0,0,0,0.00,0.00,0.00,0.00,50,0,1572,0,0
claudio_echeverri,Man City,MD,5.0,2,Crystal Palace,False,0,0,407,11,2026-08-28T19:00:00Z,1,4,False,0,0,0,0,0,0,0,0,0,0,0,0,0.0,0.0,0.0,0.0,0,0,0,0,0,0.00,0.00,0.00,0.00,50,-204,1653,93,297
claudio_echeverri,Man City,MD,4.9,3,Coventry City,True,0,0,407,26,2026-09-05T14:00:00Z,1,0,False,0,0,0,0,0,0,0,0,0,0,0,0,0.0,0.0,0.0,0.0,0,0,0,0,0,0.00,0.00,0.00,0.00,49,-349,1429,157,506
claudio_echeverri,Man City,MD,4.9,4,Man Utd,False,0,0,407,39,2026-09-13T15:30:00Z,0,1,False,0,0,0,0,0,0,0,0,0,0,0,0,0.0,0.0,0.0,0.0,0,0,0,0,0,0.00,0.00,0.00,0.00,49,-350,1077,0,350
kalvin_phillips,Man City,MD,5.0,1,Bournemouth,True,0,0,408,8,2026-08-23T13:00:00Z,2,1,False,0,0,0,0,0,0,0,0,0,0,0,0,0.0,0.0,0.0,0.0,0,0,0,0,0,0.00,0.00,0.00,0.00,50,0,1073,0,0
kalvin_phillips,Man City,MD,5.0,2,Crystal Palace,False,0,0,408,11,2026-08-28T19:00:00Z,1,4,False,0,0,0,0,0,0,0,0,0,0,0,0,0.0,0.0,0.0,0.0,0,0,0,0,0,0.00,0.00,0.00,0.00,50,-305,762,0,305
kalvin_phillips,Man City,MD,5.0,3,Coventry City,True,0,0,408,26,2026-09-05T14:00:00Z,1,0,False,0,0,0,0,0,0,0,0,0,0,0,0,0.0,0.0,0.0,0.0,0,0,0,0,0,0.00,0.00,0.00,0.00,50,-156,608,0,156
kalvin_phillips,Man City,MD,5.0,4,Man Utd,False,0,0,408,39,2026-09-13T15:30:00Z,0,1,False,0,0,0,0,0,0,0,0,0,0,0,0,0.0,0.0,0.0,0.0,0,0,0,0,0,0.00,0.00,0.00,0.00,50,-59,553,0,59
divine_mukasa,Man City,MD,4.5,1,Bournemouth,True,0,0,409,8,2026-08-23T13:00:00Z,2,1,False,0,0,0,0,0,0,0,0,0,0,0,0,0.0,0.0,0.0,0.0,0,0,0,0,0,0.00,0.00,0.00,0.00,45,0,16621,0,0
divine_mukasa,Man City,MD,4.5,2,Crystal Palace,False,0,0,409,11,2026-08-28T19:00:00Z,1,4,False,0,0,0,0,0,0,0,0,0,0,0,0,0.0,0.0,0.0,0.0,0,0,0,0,0,0.00,0.00,0.00,0.00,45,-1559,17482,927,2486
divine_mukasa,Man City,MD,4.5,3,Coventry City,True,0,0,409,26,2026-09-05T14:00:00Z,1,0,False,0,0,0,0,0,0,0,0,0,0,0,0,0.0,0.0,0.0,0.0,0,0,0,0,0,0.00,0.00,0.00,0.00,45,-3281,14465,694,3975
divine_mukasa,Man City,MD,4.5,4,Man Utd,False,0,0,409,39,2026-09-13T15:30:00Z,0,1,False,0,0,0,0,0,0,0,0,0,0,0,0,0.0,0.0,0.0,0.0,0,0,0,0,0,0.00,0.00,0.00,0.00,45,-3408,11304,0,3408
jeremy_monga,Man City,MD,5.0,1,Bournemouth,True,0,0,410,8,2026-08-23T13:00:00Z,2,1,False,0,0,0,0,0,0,0,0,0,0,0,0,0.0,0.0,0.0,0.0,0,0,0,0,0,0.00,0.00,0.00,0.00,50,0,1505,0,0
jeremy_monga,Man City,MD,5.0,2,Crystal Palace,False,0,0,410,11,2026-08-28T19:00:00Z,1,4,False,0,0,0,0,0,0,0,0,0,0,0,0,0.0,0.0,0.0,0.0,0,0,0,0,0,0.00,0.00,0.00,0.00,50,-207,1523,76,283
jeremy_monga,Man City,MD,4.9,3,Coventry City,True,0,0,410,26,2026-09-05T14:00:00Z,1,0,False,0,0,0,0,0,0,0,0,0,0,0,0,0.0,0.0,0.0,0.0,0,0,0,0,0,0.00,0.00,0.00,0.00,49,-309,1321,143,452
jeremy_monga,Man City,MD,4.9,4,Man Utd,False,0,0,410,39,2026-09-13T15:30:00Z,0,1,False,0,0,0,0,0,0,0,0,0,0,0,0,0.0,0.0,0.0,0.0,0,0,0,0,0,0.00,0.00,0.00,0.00,49,-363,989,0,363
erling_haaland,Man City,FW,15.5,1,Bournemouth,True,90,2,411,8,2026-08-23T13:00:00Z,2,1,False,0,0,0,1,0,0,0,0,0,0,0,6,3.8,5.2,50.0,5.9,0,3,0,3,1,0.74,0.02,0.76,0.65,155,0,6209794,0,0
erling_haaland,Man City,FW,15.5,2,Crystal Palace,False,90,13,411,11,2026-08-28T19:00:00Z,1,4,False,2,0,0,1,0,0,0,0,0,0,3,60,69.0,0.1,51.0,12.0,3,2,0,5,1,0.66,0.00,0.66,0.66,155,-34247,6731685,69605,103852
erling_haaland,Man City,FW,15.5,3,Coventry City,True,90,9,411,26,2026-09-05T14:00:00Z,1,0,False,1,0,1,0,0,0,0,0,0,0,3,40,48.8,13.6,63.0,12.5,5,2,0,7,1,1.06,0.48,1.54,1.37,155,360063,7594638,400573,40510
erling_haaland,Man City,FW,15.5,4,Man Utd,False,90,9,411,39,2026-09-13T15:30:00Z,0,1,False,1,0,1,0,0,0,0,0,0,0,3,36,34.0,1.6,37.0,7.3,0,3,0,3,1,0.87,0.01,0.88,1.00,155,45312,7610939,178187,132875
elliot_anderson,Man City,MD,6.5,1,Bournemouth,True,62,2,481,8,2026-08-23T13:00:00Z,2,1,False,0,0,0,1,0,0,0,0,0,0,0,14,7.2,20.8,0.0,2.8,1,3,2,6,1,0.00,0.25,0.25,0.55,65,0,707651,0,0
elliot_anderson,Man City,MD,6.4,2,Crystal Palace,False,81,3,481,11,2026-08-28T19:00:00Z,1,4,False,0,0,0,1,0,0,0,1,0,0,0,25,25.0,20.2,13.0,5.8,4,5,5,14,1,0.07,0.22,0.29,0.66,64,-143069,597491,10236,153305
elliot_anderson,Man City,MD,6.4,3,Coventry City,True,90,3,481,26,2026-09-05T14:00:00Z,1,0,False,0,0,1,0,0,0,0,0,0,0,0,23,26.6,28.1,5.0,6.0,4,6,1,11,1,0.02,0.17,0.19,1.37,64,-91799,514714,41120,132919
elliot_anderson,Man City,MD,6.3,4,Man Utd,False,90,5,481,39,2026-09-13T15:30:00Z,0,1,False,0,0,1,0,0,0,0,0,0,0,0,18,15.2,3.3,0.0,1.9,5,6,3,14,1,0.00,0.01,0.01,1.00,63,-76716,447292,16389,93105
gerónimo_rulli,Man City,GK,5.0,1,Bournemouth,True,0,0,587,8,2026-08-23T13:00:00Z,2,1,False,0,0,0,0,0,0,0,0,0,0,0,0,0.0,0.0,0.0,0.0,0,0,0,0,0,0.00,0.00,0.00,0.00,50,0,1589,0,0
gerónimo_rulli,Man City,GK,5.0,2,Crystal Palace,False,0,0,587,11,2026-08-28T19:00:00Z,1,4,False,0,0,0,0,0,0,0,0,0,0,0,0,0.0,0.0,0.0,0.0,0,0,0,0,0,0.00,0.00,0.00,0.00,50,-130,2020,94,224
gerónimo_rulli,Man City,GK,5.0,3,Coventry City,True,0,0,587,26,2026-09-05T14:00:00Z,1,0,False,0,0,0,0,0,0,0,0,0,0,0,0,0.0,0.0,0.0,0.0,0,0,0,0,0,0.00,0.00,0.00,0.00,50,-193,2050,147,340
gerónimo_rulli,Man City,GK,5.0,4,Man Utd,False,0,0,587,39,2026-09-13T15:30:00Z,0,1,False,0,0,0,0,0,0,0,0,0,0,0,0,0.0,0.0,0.0,0.0,0,0,0,0,0,0.00,0.00,0.00,0.00,50,-127,2136,129,256
ayyoub_bouaddi,Man City,MD,5.5,2,Crystal Palace,False,8,1,616,11,2026-08-28T19:00:00Z,1,4,False,0,0,0,0,0,0,0,0,0,0,0,3,1.8,4.3,0.0,0.6,1,0,0,1,0,0.00,0.12,0.12,0.00,55,2706,4327,3055,349
ayyoub_bouaddi,Man City,MD,5.5,3,Coventry City,True,14,1,616,26,2026-09-05T14:00:00Z,1,0,False,0,0,0,0,0,0,0,0,0,0,0,5,11.2,0.5,0.0,1.2,2,3,0,5,0,0.00,0.00,0.00,0.37,55,6041,15546,9299,3258
ayyoub_bouaddi,Man City,MD,5.5,4,Man Utd,False,0,0,616,39,2026-09-13T15:30:00Z,0,1,False,0,0,0,0,0,0,0,0,0,0,0,0,0.0,0.0,0.0,0.0,0,0,0,0,0,0.00,0.00,0.00,0.00,55,937,18618,4899,3962
ryan_mcaidoo,Man City,MD,4.5,2,Crystal Palace,False,8,1,621,11,2026-08-28T19:00:00Z,1,4,False,0,0,0,0,0,0,0,0,0,0,0,3,0.0,0.5,1.0,0.1,0,0,0,0,0,0.10,0.00,0.10,0.00,45,0,0,0,0
ryan_mcaidoo,Man City,MD,4.5,3,Coventry City,True,3,1,621,26,2026-09-05T14:00:00Z,1,0,False,0,0,0,0,0,0,0,0,0,0,0,5,5.2,0.0,2.0,0.7,0,2,2,4,0,0.00,0.00,0.00,0.02,45,4752,9526,6678,1926
ryan_mcaidoo,Man City,MD,4.5,4,Man Utd,False,0,0,621,39,2026-09-13T15:30:00Z,0,1,False,0,0,0,0,0,0,0,0,0,0,0,0,0.0,0.0,0.0,0.0,0,0,0,0,0,0.00,0.00,0.00,0.00,45,1361,13105,3586,2225
kaden_braithwaite,Man City,DF,4.0,2,Crystal Palace,False,1,1,622,11,2026-08-28T19:00:00Z,1,4,False,0,0,0,0,0,0,0,0,0,0,0,3,0.6,0.8,0.0,0.1,0,1,0,0,0,0.00,0.00,0.00,0.00,40,0,0,0,0
kaden_braithwaite,Man City,DF,4.0,3,Coventry City,True,0,0,622,26,2026-09-05T14:00:00Z,1,0,False,0,0,0,0,0,0,0,0,0,0,0,0,0.0,0.0,0.0,0.0,0,0,0,0,0,0.00,0.00,0.00,0.00,40,7079,14144,9284,2205
kaden_braithwaite,Man City,DF,4.0,4,Man Utd,False,0,0,622,39,2026-09-13T15:30:00Z,0,1,False,0,0,0,0,0,0,0,0,0,0,0,0,0.0,0.0,0.0,0.0,0,0,0,0,0,0.00,0.00,0.00,0.00,40,1899,20693,4620,2721
allan_andrade elias,Man City,MD,6.0,3,Coventry City,True,0,0,628,26,2026-09-05T14:00:00Z,1,0,False,0,0,0,0,0,0,0,0,0,0,0,0,0.0,0.0,0.0,0.0,0,0,0,0,0,0.00,0.00,0.00,0.00,60,213,365,300,87
allan_andrade elias,Man City,MD,6.0,4,Man Utd,False,0,0,628,39,2026-09-13T15:30:00Z,0,1,False,0,0,0,0,0,0,0,0,0,0,0,0,0.0,0.0,0.0,0.0,0,0,0,0,0,0.00,0.00,0.00,0.00,60,117,671,309,192
floyd_samba,Man City,MD,4.5,3,Coventry City,True,0,0,653,26,2026-09-05T14:00:00Z,1,0,False,0,0,0,0,0,0,0,0,0,0,0,0,0.0,0.0,0.0,0.0,0,0,0,0,0,0.00,0.00,0.00,0.00,45,0,0,0,0
floyd_samba,Man City,MD,4.5,4,Man Utd,False,0,0,653,39,2026-09-13T15:30:00Z,0,1,False,0,0,0,0,0,0,0,0,0,0,0,0,0.0,0.0,0.0,0.0,0,0,0,0,0,0.00,0.00,0.00,0.00,45,2090,5002,2898,808
youri_tielemans,Man Utd,MD,6.0,1,Hull City,False,66,2,43,4,2026-08-22T11:30:00Z,2,0,False,0,0,0,2,0,0,0,0,0,0,0,13,5.0,11.3,4.0,2.0,0,5,0,5,1,0.04,0.11,0.15,0.94,60,0,224637,0,0
youri_tielemans,Man Utd,MD,6.0,2,Ipswich Town,True,90,4,43,18,2026-08-30T15:30:00Z,5,2,False,0,0,0,2,0,0,0,0,0,0,0,26,33.2,46.3,20.0,10.0,4,7,2,13,1,0.47,0.11,0.58,2.06,60,-23073,232262,12631,35704
youri_tielemans,Man Utd,MD,5.9,3,Everton,False,90,2,43,30,2026-09-06T13:00:00Z,2,2,False,0,0,0,2,0,0,0,0,0,0,0,17,18.6,18.9,9.0,4.7,2,5,0,7,1,0.05,0.06,0.11,1.01,59,-38742,201931,12766,51508
youri_tielemans,Man Utd,MD,5.9,4,Man City,True,66,2,43,39,2026-09-13T15:30:00Z,0,1,False,0,0,0,1,0,0,0,0,0,0,0,15,12.2,13.8,4.0,3.0,3,0,2,5,1,0.00,0.04,0.04,0.53,59,-30355,177688,7880,38235
carlos_baleba,Man Utd,MD,5.0,1,Aston Villa,True,0,0,131,7,2026-08-23T13:00:00Z,4,0,False,0,0,0,0,0,0,0,0,0,0,0,0,0.0,0.0,0.0,0.0,0,0,0,0,0,0.00,0.00,0.00,0.00,50,0,17798,0,0
carlos_baleba,Man Utd,MD,5.0,2,Ipswich Town,True,0,0,131,18,2026-08-30T15:30:00Z,5,2,False,0,0,0,0,0,0,0,0,0,0,0,0,0.0,0.0,0.0,0.0,0,0,0,0,0,0.00,0.00,0.00,0.00,50,-2097,17743,2324,4421
carlos_baleba,Man Utd,MD,5.0,3,Everton,False,0,0,131,30,2026-09-06T13:00:00Z,2,2,False,0,0,0,0,0,0,0,0,0,0,0,0,0.0,0.0,0.0,0.0,0,0,0,0,0,0.00,0.00,0.00,0.00,50,-3278,14956,1696,4974
carlos_baleba,Man Utd,MD,5.0,4,Man City,True,0,0,131,39,2026-09-13T15:30:00Z,0,1,False,0,0,0,0,0,0,0,0,0,0,0,0,0.0,0.0,0.0,0.0,0,0,0,0,0,0.00,0.00,0.00,0.00,50,-1747,13457,783,2530
andrey_nascimento dos santos,Man Utd,MD,5.0,1,Hull City,False,66,2,162,4,2026-08-22T11:30:00Z,2,0,False,0,0,0,2,0,0,0,0,0,0,0,17,11.4,4.2,2.0,1.8,3,5,1,9,1,0.00,0.23,0.23,0.94,50,0,93940,0,0
andrey_nascimento dos santos,Man Utd,MD,5.0,2,Ipswich Town,True,10,1,162,18,2026-08-30T15:30:00Z,5,2,False,0,0,0,1,0,0,0,0,0,0,0,2,6.2,0.7,0.0,0.7,0,2,3,5,0,0.00,0.00,0.00,1.00,50,-7693,96490,7456,15149
andrey_nascimento dos santos,Man Utd,MD,4.9,3,Everton,False,6,1,162,30,2026-09-06T13:00:00Z,2,2,False,0,0,0,1,0,0,0,0,0,0,0,4,7.2,0.6,6.0,1.4,4,0,0,4,0,0.00,0.01,0.01,0.09,49,-16957,83163,7346,24303
andrey_nascimento dos santos,Man Utd,MD,4.9,4,Man City,True,0,0,162,39,2026-09-13T15:30:00Z,0,1,False,0,0,0,0,0,0,0,0,0,0,0,0,0.0,0.0,0.0,0.0,0,0,0,0,0,0.00,0.00,0.00,0.00,49,-13179,72284,3527,16706
karl_darlow,Man Utd,GK,4.5,1,Hull City,False,0,0,325,4,2026-08-22T11:30:00Z,2,0,False,0,0,0,0,0,0,0,0,0,0,0,0,0.0,0.0,0.0,0.0,0,0,0,0,0,0.00,0.00,0.00,0.00,45,0,3043,0,0
karl_darlow,Man Utd,GK,4.5,2,Ipswich Town,True,0,0,325,18,2026-08-30T15:30:00Z,5,2,False,0,0,0,0,0,0,0,0,0,0,0,0,0.0,0.0,0.0,0.0,0,0,0,0,0,0.00,0.00,0.00,0.00,45,-15,3863,242,257
karl_darlow,Man Utd,GK,4.5,3,Everton,False,0,0,325,30,2026-09-06T13:00:00Z,2,2,False,0,0,0,0,0,0,0,0,0,0,0,0,0.0,0.0,0.0,0.0,0,0,0,0,0,0.00,0.00,0.00,0.00,45,-122,4184,340,462
karl_darlow,Man Utd,GK,4.5,4,Man City,True,0,0,325,39,2026-09-13T15:30:00Z,0,1,False,0,0,0,0,0,0,0,0,0,0,0,0,0.0,0.0,0.0,0.0,0,0,0,0,0,0.00,0.00,0.00,0.00,45,-89,4302,256,345
senne_lammens,Man Utd,GK,5.0,1,Hull City,False,90,1,412,4,2026-08-22T11:30:00Z,2,0,False,0,0,0,2,0,0,0,0,0,2,0,7,20.2,0.0,0.0,2.0,2,8,0,0,1,0.00,0.00,0.00,1.01,50,0,1497029,0,0
senne_lammens,Man Utd,GK,5.0,2,Ipswich Town,True,90,2,412,18,2026-08-30T15:30:00Z,5,2,False,0,0,0,2,0,0,0,0,0,3,0,11,27.0,0.0,0.0,2.7,1,6,0,0,1,0.00,0.00,0.00,2.06,50,-53896,1543070,34714,88610
senne_lammens,Man Utd,GK,5.0,3,Everton,False,90,2,412,30,2026-09-06T13:00:00Z,2,2,False,0,0,0,2,0,0,0,0,0,4,0,13,31.8,0.0,0.0,3.2,1,14,0,0,1,0.00,0.00,0.00,1.01,50,-158382,1379189,32200,190582
senne_lammens,Man Utd,GK,5.0,4,Man City,True,90,2,412,39,2026-09-13T15:30:00Z,0,1,False,0,0,0,1,0,0,0,0,0,1,0,5,6.6,0.0,0.0,0.7,1,5,0,0,1,0.00,0.00,0.00,1.10,50,-227696,1178768,11379,239075
altay_bayındır,Man Utd,GK,4.5,1,Hull City,False,0,0,413,4,2026-08-22T11:30:00Z,2,0,False,0,0,0,0,0,0,0,0,0,0,0,0,0.0,0.0,0.0,0.0,0,0,0,0,0,0.00,0.00,0.00,0.00,45,0,2353,0,0
altay_bayındır,Man Utd,GK,4.5,2,Ipswich Town,True,0,0,413,18,2026-08-30T15:30:00Z,5,2,False,0,0,0,0,0,0,0,0,0,0,0,0,0.0,0.0,0.0,0.0,0,0,0,0,0,0.00,0.00,0.00,0.00,45,-588,1739,0,588
altay_bayındır,Man Utd,GK,4.5,3,Everton,False,0,0,413,30,2026-09-06T13:00:00Z,2,2,False,0,0,0,0,0,0,0,0,0,0,0,0,0.0,0.0,0.0,0.0,0,0,0,0,0,0.00,0.00,0.00,0.00,45,-292,1465,0,292
altay_bayındır,Man Utd,GK,4.5,4,Man City,True,0,0,413,39,2026-09-13T15:30:00Z,0,1,False,0,0,0,0,0,0,0,0,0,0,0,0,0.0,0.0,0.0,0.0,0,0,0,0,0,0.00,0.00,0.00,0.00,45,-137,1335,0,137
tom_heaton,Man Utd,GK,4.0,1,Hull City,False,0,0,414,4,2026-08-22T11:30:00Z,2,0,False,0,0,0,0,0,0,0,0,0,0,0,0,0.0,0.0,0.0,0.0,0,0,0,0,0,0.00,0.00,0.00,0.00,40,0,9078,0,0
tom_heaton,Man Utd,GK,4.0,2,Ipswich Town,True,0,0,414,18,2026-08-30T15:30:00Z,5,2,False,0,0,0,0,0,0,0,0,0,0,0,0,0.0,0.0,0.0,0.0,0,0,0,0,0,0.00,0.00,0.00,0.00,40,-790,8703,215,1005
tom_heaton,Man Utd,GK,4.0,3,Everton,False,0,0,414,30,2026-09-06T13:00:00Z,2,2,False,0,0,0,0,0,0,0,0,0,0,0,0,0.0,0.0,0.0,0.0,0,0,0,0,0,0.00,0.00,0.00,0.00,40,-342,8868,634,976
tom_heaton,Man Utd,GK,4.0,4,Man City,True,0,0,414,39,2026-09-13T15:30:00Z,0,1,False,0,0,0,0,0,0,0,0,0,0,0,0,0.0,0.0,0.0,0.0,0,0,0,0,0,0.00,0.00,0.00,0.00,40,-119,8836,696,815
patrick_dorgu,Man Utd,MD,6.0,1,Hull City,False,45,0,415,4,2026-08-22T11:30:00Z,2,0,False,0,0,0,2,0,0,0,1,0,0,0,-11,0.0,1.2,16.0,0.7,1,0,0,1,1,0.47,0.03,0.50,0.92,60,0,121744,0,0
patrick_dorgu,Man Utd,MD,6.0,2,Ipswich Town,True,10,1,415,18,2026-08-30T15:30:00Z,5,2,False,0,0,0,1,0,0,0,0,0,0,0,4,7.0,11.7,39.0,5.8,1,0,1,2,0,0.18,0.01,0.19,1.00,60,-23853,107542,4808,28661
patrick_dorgu,Man Utd,MD,5.9,3,Everton,False,20,1,415,30,2026-09-06T13:00:00Z,2,2,False,0,0,0,2,0,0,0,0,0,0,0,3,4.2,1.3,2.0,0.8,1,1,1,3,0,0.00,0.01,0.01,0.36,59,-33546,75573,3139,36685
patrick_dorgu,Man Utd,MD,5.8,4,Man City,True,90,4,415,39,2026-09-13T15:30:00Z,0,1,False,0,0,0,1,0,0,0,0,0,0,0,19,19.6,18.7,4.0,4.2,3,3,6,12,1,0.00,0.03,0.03,1.10,58,-16892,62553,2154,19046
matthijs_de ligt,Man Utd,DF,5.0,1,Hull City,False,0,0,416,4,2026-08-22T11:30:00Z,2,0,False,0,0,0,0,0,0,0,0,0,0,0,0,0.0,0.0,0.0,0.0,0,0,0,0,0,0.00,0.00,0.00,0.00,50,0,2274,0,0
matthijs_de ligt,Man Utd,DF,5.0,2,Ipswich Town,True,0,0,416,18,2026-08-30T15:30:00Z,5,2,False,0,0,0,0,0,0,0,0,0,0,0,0,0.0,0.0,0.0,0.0,0,0,0,0,0,0.00,0.00,0.00,0.00,50,-381,2498,117,498
matthijs_de ligt,Man Utd,DF,5.0,3,Everton,False,0,0,416,30,2026-09-06T13:00:00Z,2,2,False,0,0,0,0,0,0,0,0,0,0,0,0,0.0,0.0,0.0,0.0,0,0,0,0,0,0.00,0.00,0.00,0.00,50,-367,2390,96,463
matthijs_de ligt,Man Utd,DF,5.0,4,Man City,True,0,0,416,39,2026-09-13T15:30:00Z,0,1,False,0,0,0,0,0,0,0,0,0,0,0,0,0.0,0.0,0.0,0.0,0,0,0,0,0,0.00,0.00,0.00,0.00,50,-177,2411,87,264
diogo_dalot teixeira,Man Utd,DF,5.0,1,Hull City,False,10,1,417,4,2026-08-22T11:30:00Z,2,0,False,0,0,0,0,0,0,0,0,0,0,0,6,7.6,11.3,0.0,1.9,1,1,2,3,0,0.00,0.00,0.00,0.00,50,0,246316,0,0
diogo_dalot teixeira,Man Utd,DF,5.0,2,Ipswich Town,True,73,2,417,18,2026-08-30T15:30:00Z,5,2,False,0,0,0,1,0,0,0,0,0,0,0,12,16.4,42.2,33.0,9.2,4,1,0,4,1,0.15,0.12,0.27,1.06,50,-25442,242125,8190,33632
diogo_dalot teixeira,Man Utd,DF,5.0,3,Everton,False,83,1,417,30,2026-09-06T13:00:00Z,2,2,False,0,0,0,1,0,0,0,1,0,0,0,8,4.8,22.7,6.0,3.4,2,3,2,4,1,0.01,0.01,0.02,0.92,50,-29674,219064,9011,38685
diogo_dalot teixeira,Man Utd,DF,4.9,4,Man City,True,90,2,417,39,2026-09-13T15:30:00Z,0,1,False,0,0,0,1,0,0,0,0,0,0,0,9,6.2,16.5,3.0,2.6,2,9,1,3,1,0.02,0.05,0.07,1.10,49,-32120,192489,3882,36002
harry_maguire,Man Utd,DF,5.0,1,Hull City,False,90,1,418,4,2026-08-22T11:30:00Z,2,0,False,0,0,0,2,0,0,0,0,0,0,0,15,25.4,28.6,19.0,7.3,4,5,0,4,1,0.04,0.40,0.44,1.01,50,0,1650905,0,0
harry_maguire,Man Utd,DF,5.0,2,Ipswich Town,True,90,4,418,18,2026-08-30T15:30:00Z,5,2,False,0,1,0,2,0,0,0,0,0,0,0,13,7.2,1.5,6.0,1.5,4,4,1,5,1,0.03,0.01,0.04,2.06,50,-53358,1686850,52953,106311
harry_maguire,Man Utd,DF,5.0,3,Everton,False,90,2,418,30,2026-09-06T13:00:00Z,2,2,False,0,0,0,2,0,0,0,1,0,0,0,1,26.8,1.3,2.0,3.0,12,2,0,12,1,0.00,0.01,0.01,1.01,50,-240933,1407635,49780,290713
harry_maguire,Man Utd,DF,4.9,4,Man City,True,90,1,418,39,2026-09-13T15:30:00Z,0,1,False,0,0,0,1,0,0,0,1,0,0,0,4,9.4,1.6,11.0,2.2,4,6,1,5,1,0.12,0.01,0.13,1.10,49,-358924,1091541,17287,376211
lisandro_martínez,Man Utd,DF,5.0,1,Hull City,False,0,0,419,4,2026-08-22T11:30:00Z,2,0,False,0,0,0,0,0,0,0,0,0,0,0,0,0.0,0.0,0.0,0.0,0,0,0,0,0,0.00,0.00,0.00,0.00,50,0,115360,0,0
lisandro_martínez,Man Utd,DF,5.0,2,Ipswich Town,True,90,1,419,18,2026-08-30T15:30:00Z,5,2,False,0,0,0,2,0,0,0,0,0,0,0,2,4.8,1.8,3.0,1.0,0,6,0,0,1,0.03,0.06,0.09,2.06,50,-12800,127444,6775,19575
lisandro_martínez,Man Utd,DF,5.0,3,Everton,False,90,3,419,30,2026-09-06T13:00:00Z,2,2,False,0,0,0,2,0,0,0,0,0,0,0,7,29.0,0.3,0.0,2.9,10,2,0,10,1,0.00,0.00,0.00,1.01,50,-9944,128156,8174,18118
lisandro_martínez,Man Utd,DF,5.0,4,Man City,True,90,2,419,39,2026-09-13T15:30:00Z,0,1,False,0,0,0,1,0,0,0,0,0,0,0,14,20.2,3.4,7.0,3.1,3,5,3,6,1,0.03,0.08,0.11,1.10,50,-6006,130813,7461,13467
leny_yoro,Man Utd,DF,5.0,1,Hull City,False,0,0,420,4,2026-08-22T11:30:00Z,2,0,False,0,0,0,0,0,0,0,0,0,0,0,0,0.0,0.0,0.0,0.0,0,0,0,0,0,0.00,0.00,0.00,0.00,50,0,62047,0,0
leny_yoro,Man Utd,DF,5.0,2,Ipswich Town,True,16,1,420,18,2026-08-30T15:30:00Z,5,2,False,0,0,0,1,0,0,0,0,0,0,0,-2,1.8,1.8,0.0,0.4,2,1,0,2,0,0.00,0.01,0.01,1.00,50,-9208,62806,1536,10744
leny_yoro,Man Utd,DF,4.9,3,Everton,False,6,1,420,30,2026-09-06T13:00:00Z,2,2,False,0,0,0,1,0,0,0,0,0,0,0,1,6.0,0.6,2.0,0.9,1,0,2,3,0,0.00,0.01,0.01,0.09,49,-9461,56599,1735,11196
leny_yoro,Man Utd,DF,4.9,4,Man City,True,0,0,420,39,2026-09-13T15:30:00Z,0,1,False,0,0,0,0,0,0,0,0,0,0,0,0,0.0,0.0,0.0,0.0,0,0,0,0,0,0.00,0.00,0.00,0.00,49,-6069,52988,894,6963
ayden_heaven,Man Utd,DF,4.5,1,Hull City,False,90,1,421,4,2026-08-22T11:30:00Z,2,0,False,0,0,0,2,0,0,0,0,0,0,0,5,6.8,2.6,11.0,2.0,1,4,1,2,1,0.12,0.04,0.16,1.01,45,0,33647,0,0
ayden_heaven,Man Utd,DF,4.5,2,Ipswich Town,True,0,0,421,18,2026-08-30T15:30:00Z,5,2,False,0,0,0,0,0,0,0,0,0,0,0,0,0.0,0.0,0.0,0.0,0,0,0,0,0,0.00,0.00,0.00,0.00,45,-1103,40184,3088,4191
ayden_heaven,Man Utd,DF,4.5,3,Everton,False,0,0,421,30,2026-09-06T13:00:00Z,2,2,False,0,0,0,0,0,0,0,0,0,0,0,0,0.0,0.0,0.0,0.0,0,0,0,0,0,0.00,0.00,0.00,0.00,45,-7661,34853,1300,8961
ayden_heaven,Man Utd,DF,4.4,4,Man City,True,0,0,421,39,2026-09-13T15:30:00Z,0,1,False,0,0,0,0,0,0,0,0,0,0,0,0,0.0,0.0,0.0,0.0,0,0,0,0,0,0.00,0.00,0.00,0.00,44,-5029,31486,769,5798
noussair_mazraoui,Man Utd,DF,4.5,1,Hull City,False,79,1,422,4,2026-08-22T11:30:00Z,2,0,False,0,0,0,2,0,0,0,0,0,0,0,8,17.4,29.4,9.0,5.6,4,3,1,5,1,0.22,0.05,0.27,1.01,45,0,56217,0,0
noussair_mazraoui,Man Utd,DF,4.5,2,Ipswich Town,True,17,1,422,18,2026-08-30T15:30:00Z,5,2,False,0,0,0,1,0,0,0,0,0,0,0,-1,1.4,1.3,0.0,0.3,0,0,0,0,0,0.00,0.00,0.00,1.00,45,-238,70057,5854,6092
noussair_mazraoui,Man Utd,DF,4.5,3,Everton,False,1,1,422,30,2026-09-06T13:00:00Z,2,2,False,0,0,0,1,0,0,0,0,0,0,0,-1,2.2,0.5,2.0,0.5,0,0,1,1,0,0.00,0.01,0.01,0.07,45,-9779,64636,3244,13023
noussair_mazraoui,Man Utd,DF,4.4,4,Man City,True,0,0,422,39,2026-09-13T15:30:00Z,0,1,False,0,0,0,0,0,0,0,0,0,0,0,0,0.0,0.0,0.0,0.0,0,0,0,0,0,0.00,0.00,0.00,0.00,44,-8954,59306,2102,11056
luke_shaw,Man Utd,DF,4.5,1,Hull City,False,90,1,423,4,2026-08-22T11:30:00Z,2,0,False,0,0,0,2,0,0,0,0,0,0,0,13,25.2,59.2,6.0,9.0,3,3,1,4,1,0.00,0.26,0.26,1.01,45,0,1947696,0,0
luke_shaw,Man Utd,DF,4.5,2,Ipswich Town,True,72,2,423,18,2026-08-30T15:30:00Z,5,2,False,0,0,0,1,0,0,0,0,0,0,0,12,18.4,1.6,4.0,2.4,4,2,4,8,1,0.00,0.02,0.02,1.06,45,-74162,1935721,42927,117089
luke_shaw,Man Utd,DF,4.5,3,Everton,False,90,4,423,30,2026-09-06T13:00:00Z,2,2,False,0,1,0,1,0,0,0,1,0,0,0,22,42.4,24.8,3.0,7.0,7,1,1,8,1,0.02,0.23,0.25,0.94,45,-303431,1575355,30459,333890
luke_shaw,Man Utd,DF,4.4,4,Man City,True,0,0,423,39,2026-09-13T15:30:00Z,0,1,False,0,0,0,0,0,0,0,0,0,0,0,0,0.0,0.0,0.0,0.0,0,0,0,0,0,0.00,0.00,0.00,0.00,44,-396169,1210238,21871,418040
harry_amass,Man Utd,DF,4.0,1,Hull City,False,0,0,424,4,2026-08-22T11:30:00Z,2,0,False,0,0,0,0,0,0,0,0,0,0,0,0,0.0,0.0,0.0,0.0,0,0,0,0,0,0.00,0.00,0.00,0.00,40,0,18310,0,0
harry_amass,Man Utd,DF,4.0,2,Ipswich Town,True,0,0,424,18,2026-08-30T15:30:00Z,5,2,False,0,0,0,0,0,0,0,0,0,0,0,0,0.0,0.0,0.0,0.0,0,0,0,0,0,0.00,0.00,0.00,0.00,40,-1093,19337,888,1981
harry_amass,Man Utd,DF,4.0,3,Everton,False,0,0,424,30,2026-09-06T13:00:00Z,2,2,False,0,0,0,0,0,0,0,0,0,0,0,0,0.0,0.0,0.0,0.0,0,0,0,0,0,0.00,0.00,0.00,0.00,40,-414,21308,1942,2356
harry_amass,Man Utd,DF,4.0,4,Man City,True,0,0,424,39,2026-09-13T15:30:00Z,0,1,False,0,0,0,0,0,0,0,0,0,0,0,0,0.0,0.0,0.0,0.0,0,0,0,0,0,0.00,0.00,0.00,0.00,40,-300,21846,1680,1980
tyler_fredricson,Man Utd,DF,4.0,1,Hull City,False,0,0,425,4,2026-08-22T11:30:00Z,2,0,False,0,0,0,0,0,0,0,0,0,0,0,0,0.0,0.0,0.0,0.0,0,0,0,0,0,0.00,0.00,0.00,0.00,40,0,2582,0,0
tyler_fredricson,Man Utd,DF,4.0,2,Ipswich Town,True,0,0,425,18,2026-08-30T15:30:00Z,5,2,False,0,0,0,0,0,0,0,0,0,0,0,0,0.0,0.0,0.0,0.0,0,0,0,0,0,0.00,0.00,0.00,0.00,40,-680,1885,0,680
tyler_fredricson,Man Utd,DF,4.0,3,Everton,False,0,0,425,30,2026-09-06T13:00:00Z,2,2,False,0,0,0,0,0,0,0,0,0,0,0,0,0.0,0.0,0.0,0.0,0,0,0,0,0,0.00,0.00,0.00,0.00,40,-329,1561,0,329
tyler_fredricson,Man Utd,DF,4.0,4,Man City,True,0,0,425,39,2026-09-13T15:30:00Z,0,1,False,0,0,0,0,0,0,0,0,0,0,0,0,0.0,0.0,0.0,0.0,0,0,0,0,0,0.00,0.00,0.00,0.00,40,-152,1428,0,152
bruno_borges fernandes,Man Utd,MD,12.0,1,Hull City,False,90,2,426,4,2026-08-22T11:30:00Z,2,0,False,0,0,0,2,0,0,0,0,0,0,0,18,20.2,55.4,17.0,9.3,1,5,0,6,1,0.08,0.26,0.34,1.01,120,0,4653303,0,0
bruno_borges fernandes,Man Utd,MD,12.0,2,Ipswich Town,True,90,23,426,18,2026-08-30T15:30:00Z,5,2,False,3,1,0,2,0,0,0,0,0,0,3,87,132.4,62.5,66.0,26.1,1,5,2,8,1,2.02,0.48,2.50,2.06,120,-180062,4770471,48518,228580
bruno_borges fernandes,Man Utd,MD,12.0,3,Everton,False,90,2,426,30,2026-09-06T13:00:00Z,2,2,False,0,0,0,2,0,0,0,0,0,0,0,11,3.4,33.6,14.0,5.1,0,2,0,2,1,0.15,0.06,0.21,1.01,120,36750,5025755,371832,335082
bruno_borges fernandes,Man Utd,MD,12.0,4,Man City,True,90,2,426,39,2026-09-13T15:30:00Z,0,1,False,0,0,0,1,0,0,0,0,0,0,0,17,17.0,31.4,7.0,5.5,1,4,2,7,1,0.03,0.33,0.36,1.10,120,-615807,4455713,123022,738829
bryan_mbeumo,Man Utd,MD,8.0,1,Hull City,False,90,2,427,4,2026-08-22T11:30:00Z,2,0,False,0,0,0,2,0,0,0,0,0,0,0,12,9.6,28.1,49.0,8.7,0,4,0,4,1,0.50,0.23,0.73,1.01,80,0,3492739,0,0
bryan_mbeumo,Man Utd,MD,8.0,2,Ipswich Town,True,90,11,427,18,2026-08-30T15:30:00Z,5,2,False,1,1,0,2,0,0,0,1,0,0,2,37,45.6,43.3,35.0,12.4,0,2,3,5,1,1.76,0.21,1.97,2.06,80,-137963,3537164,82225,220188
bryan_mbeumo,Man Utd,MD,8.0,3,Everton,False,90,8,427,30,2026-09-06T13:00:00Z,2,2,False,1,0,0,2,0,0,0,0,0,0,1,29,39.8,13.7,18.0,7.2,4,4,0,8,1,0.05,0.03,0.08,1.01,80,-752284,2705759,92628,844912
bryan_mbeumo,Man Utd,MD,7.9,4,Man City,True,90,2,427,39,2026-09-13T15:30:00Z,0,1,False,0,0,0,1,0,0,0,0,0,0,0,9,11.2,32.8,24.0,6.8,1,3,1,5,1,0.49,0.08,0.57,1.10,79,-362745,2456322,156650,519395
matheus_santos carneiro da cunha,Man Utd,MD,8.0,1,Hull City,False,79,2,428,4,2026-08-22T11:30:00Z,2,0,False,0,0,0,2,0,0,0,0,0,0,0,14,5.4,28.2,35.0,6.9,0,3,0,3,1,0.24,0.21,0.45,1.01,80,0,901042,0,0
matheus_santos carneiro da cunha,Man Utd,MD,8.0,2,Ipswich Town,True,79,9,428,18,2026-08-30T15:30:00Z,5,2,False,0,2,0,1,0,0,0,0,0,0,1,31,20.0,27.6,28.0,7.6,0,2,0,2,1,0.11,0.15,0.26,1.06,80,-66103,924196,26854,92957
matheus_santos carneiro da cunha,Man Utd,MD,8.0,3,Everton,False,69,3,428,30,2026-09-06T13:00:00Z,2,2,False,0,0,1,0,0,0,0,0,0,0,0,10,2.8,6.2,10.0,1.9,0,1,2,3,1,0.12,0.05,0.17,0.65,80,-134183,802045,23584,157767
matheus_santos carneiro da cunha,Man Utd,MD,7.9,4,Man City,True,90,2,428,39,2026-09-13T15:30:00Z,0,1,False,0,0,0,1,0,0,0,0,0,0,0,8,2.4,14.3,15.0,3.2,0,1,1,2,1,0.11,0.03,0.14,1.10,79,-138505,680785,11751,150256
marcus_rashford,Man Utd,MD,7.0,1,Hull City,False,45,1,429,4,2026-08-22T11:30:00Z,2,0,False,0,0,0,0,0,0,0,0,0,0,0,9,11.6,48.6,4.0,6.4,0,1,0,1,0,0.00,0.10,0.10,0.09,70,0,134653,0,0
marcus_rashford,Man Utd,MD,7.0,2,Ipswich Town,True,79,2,429,18,2026-08-30T15:30:00Z,5,2,False,0,0,0,1,0,0,0,0,0,0,0,17,16.0,34.3,58.0,10.8,0,3,3,6,1,0.26,0.05,0.31,1.06,70,-7014,165554,15064,22078
marcus_rashford,Man Utd,MD,7.0,3,Everton,False,69,3,429,30,2026-09-06T13:00:00Z,2,2,False,0,0,1,0,0,0,0,0,0,0,0,11,3.8,12.5,8.0,2.4,0,4,0,4,1,0.00,0.06,0.06,0.65,70,-15044,166436,22811,37855
marcus_rashford,Man Utd,MD,7.0,4,Man City,True,82,2,429,39,2026-09-13T15:30:00Z,0,1,False,0,0,0,1,0,0,0,0,0,0,0,6,5.4,14.1,29.0,4.9,2,2,1,5,1,0.12,0.08,0.20,1.08,70,-3479,172900,24764,28243
mason_mount,Man Utd,MD,5.5,1,Hull City,False,0,0,430,4,2026-08-22T11:30:00Z,2,0,False,0,0,0,0,0,0,0,0,0,0,0,0,0.0,0.0,0.0,0.0,0,0,0,0,0,0.00,0.00,0.00,0.00,55,0,3202,0,0
mason_mount,Man Utd,MD,5.5,2,Ipswich Town,True,0,0,430,18,2026-08-30T15:30:00Z,5,2,False,0,0,0,0,0,0,0,0,0,0,0,0,0.0,0.0,0.0,0.0,0,0,0,0,0,0.00,0.00,0.00,0.00,55,-660,2752,35,695
mason_mount,Man Utd,MD,5.4,3,Everton,False,0,0,430,30,2026-09-06T13:00:00Z,2,2,False,0,0,0,0,0,0,0,0,0,0,0,0,0.0,0.0,0.0,0.0,0,0,0,0,0,0.00,0.00,0.00,0.00,54,-530,2327,60,590
mason_mount,Man Utd,MD,5.4,4,Man City,True,0,0,430,39,2026-09-13T15:30:00Z,0,1,False,0,0,0,0,0,0,0,0,0,0,0,0,0.0,0.0,0.0,0.0,0,0,0,0,0,0.00,0.00,0.00,0.00,54,54,2733,272,218
amad_diallo,Man Utd,MD,6.0,1,Hull City,False,0,0,431,4,2026-08-22T11:30:00Z,2,0,False,0,0,0,0,0,0,0,0,0,0,0,0,0.0,0.0,0.0,0.0,0,0,0,0,0,0.00,0.00,0.00,0.00,60,0,145627,0,0
amad_diallo,Man Utd,MD,5.9,2,Ipswich Town,True,0,0,431,18,2026-08-30T15:30:00Z,5,2,False,0,0,0,0,0,0,0,0,0,0,0,0,0.0,0.0,0.0,0.0,0,0,0,0,0,0.00,0.00,0.00,0.00,59,-57883,91945,1576,59459
amad_diallo,Man Utd,MD,5.8,3,Everton,False,0,0,431,30,2026-09-06T13:00:00Z,2,2,False,0,0,0,0,0,0,0,0,0,0,0,0,0.0,0.0,0.0,0.0,0,0,0,0,0,0.00,0.00,0.00,0.00,58,-42560,50069,243,42803
amad_diallo,Man Utd,MD,5.8,4,Man City,True,0,0,431,39,2026-09-13T15:30:00Z,0,1,False,0,0,0,0,0,0,0,0,0,0,0,0,0.0,0.0,0.0,0.0,0,0,0,0,0,0.00,0.00,0.00,0.00,58,-13432,38595,148,13580
kobbie_mainoo,Man Utd,MD,5.5,1,Hull City,False,23,1,432,4,2026-08-22T11:30:00Z,2,0,False,0,0,0,0,0,0,0,0,0,0,0,7,2.8,2.5,2.0,0.7,0,1,0,1,0,0.07,0.01,0.08,0.07,55,0,89014,0,0
kobbie_mainoo,Man Utd,MD,5.5,2,Ipswich Town,True,79,4,432,18,2026-08-30T15:30:00Z,5,2,False,0,0,0,1,0,0,0,0,0,0,0,25,15.2,7.2,9.0,3.1,2,10,3,15,1,0.14,0.27,0.41,1.06,55,-10233,93316,3460,13693
kobbie_mainoo,Man Utd,MD,5.5,3,Everton,False,83,9,432,30,2026-09-06T13:00:00Z,2,2,False,0,1,0,1,0,0,0,0,0,0,2,32,34.2,24.5,0.0,5.9,3,10,2,15,1,0.00,0.07,0.07,0.92,55,6351,117218,19482,13131
kobbie_mainoo,Man Utd,MD,5.5,4,Man City,True,90,4,432,39,2026-09-13T15:30:00Z,0,1,False,0,0,0,1,0,0,0,0,0,0,0,20,19.8,37.2,1.0,5.8,4,9,0,13,1,0.03,0.07,0.10,1.10,55,17969,147734,30157,12188
manuel_ugarte ribeiro,Man Utd,MD,5.0,1,Hull City,False,0,0,433,4,2026-08-22T11:30:00Z,2,0,False,0,0,0,0,0,0,0,0,0,0,0,0,0.0,0.0,0.0,0.0,0,0,0,0,0,0.00,0.00,0.00,0.00,50,0,333,0,0
manuel_ugarte ribeiro,Man Utd,MD,5.0,2,Ipswich Town,True,0,0,433,18,2026-08-30T15:30:00Z,5,2,False,0,0,0,0,0,0,0,0,0,0,0,0,0.0,0.0,0.0,0.0,0,0,0,0,0,0.00,0.00,0.00,0.00,50,-64,348,24,88
manuel_ugarte ribeiro,Man Utd,MD,5.0,3,Everton,False,0,0,433,30,2026-09-06T13:00:00Z,2,2,False,0,0,0,0,0,0,0,0,0,0,0,0,0.0,0.0,0.0,0.0,0,0,0,0,0,0.00,0.00,0.00,0.00,50,-37,371,32,69
manuel_ugarte ribeiro,Man Utd,MD,5.0,4,Man City,True,0,0,433,39,2026-09-13T15:30:00Z,0,1,False,0,0,0,0,0,0,0,0,0,0,0,0,0.0,0.0,0.0,0.0,0,0,0,0,0,0.00,0.00,0.00,0.00,50,-22,388,25,47
jack_fletcher,Man Utd,MD,5.0,1,Hull City,False,0,0,434,4,2026-08-22T11:30:00Z,2,0,False,0,0,0,0,0,0,0,0,0,0,0,0,0.0,0.0,0.0,0.0,0,0,0,0,0,0.00,0.00,0.00,0.00,50,0,1008,0,0
jack_fletcher,Man Utd,MD,5.0,2,Ipswich Town,True,0,0,434,18,2026-08-30T15:30:00Z,5,2,False,0,0,0,0,0,0,0,0,0,0,0,0,0.0,0.0,0.0,0.0,0,0,0,0,0,0.00,0.00,0.00,0.00,50,-128,1094,41,169
jack_fletcher,Man Utd,MD,5.0,3,Everton,False,0,0,434,30,2026-09-06T13:00:00Z,2,2,False,0,0,0,0,0,0,0,0,0,0,0,0,0.0,0.0,0.0,0.0,0,0,0,0,0,0.00,0.00,0.00,0.00,50,-102,1121,84,186
jack_fletcher,Man Utd,MD,4.9,4,Man City,True,0,0,434,39,2026-09-13T15:30:00Z,0,1,False,0,0,0,0,0,0,0,0,0,0,0,0,0.0,0.0,0.0,0.0,0,0,0,0,0,0.00,0.00,0.00,0.00,49,-67,1170,101,168
shea_lacey,Man Utd,MD,5.0,1,Hull City,False,10,1,435,4,2026-08-22T11:30:00Z,2,0,False,0,0,0,0,0,0,0,0,0,0,0,3,0.2,0.6,0.0,0.1,0,1,0,1,0,0.00,0.00,0.00,0.00,50,0,4147,0,0
shea_lacey,Man Utd,MD,5.0,2,Ipswich Town,True,0,0,435,18,2026-08-30T15:30:00Z,5,2,False,0,0,0,0,0,0,0,0,0,0,0,0,0.0,0.0,0.0,0.0,0,0,0,0,0,0.00,0.00,0.00,0.00,50,-263,4851,327,590
shea_lacey,Man Utd,MD,5.0,3,Everton,False,0,0,435,30,2026-09-06T13:00:00Z,2,2,False,0,0,0,0,0,0,0,0,0,0,0,0,0.0,0.0,0.0,0.0,0,0,0,0,0,0.00,0.00,0.00,0.00,50,-740,5286,298,1038
shea_lacey,Man Utd,MD,4.9,4,Man City,True,0,0,435,39,2026-09-13T15:30:00Z,0,1,False,0,0,0,0,0,0,0,0,0,0,0,0,0.0,0.0,0.0,0.0,0,0,0,0,0,0.00,0.00,0.00,0.00,49,-577,5384,197,774
toby_collyer,Man Utd,MD,5.0,1,Hull City,False,0,0,436,4,2026-08-22T11:30:00Z,2,0,False,0,0,0,0,0,0,0,0,0,0,0,0,0.0,0.0,0.0,0.0,0,0,0,0,0,0.00,0.00,0.00,0.00,50,0,1568,0,0
toby_collyer,Man Utd,MD,5.0,2,Ipswich Town,True,0,0,436,18,2026-08-30T15:30:00Z,5,2,False,0,0,0,0,0,0,0,0,0,0,0,0,0.0,0.0,0.0,0.0,0,0,0,0,0,0.00,0.00,0.00,0.00,50,-174,1667,60,234
toby_collyer,Man Utd,MD,5.0,3,Everton,False,0,0,436,30,2026-09-06T13:00:00Z,2,2,False,0,0,0,0,0,0,0,0,0,0,0,0,0.0,0.0,0.0,0.0,0,0,0,0,0,0.00,0.00,0.00,0.00,50,-291,1461,90,381
toby_collyer,Man Utd,MD,5.0,4,Man City,True,0,0,436,39,2026-09-13T15:30:00Z,0,1,False,0,0,0,0,0,0,0,0,0,0,0,0,0.0,0.0,0.0,0.0,0,0,0,0,0,0.00,0.00,0.00,0.00,50,-257,1225,0,257
bendito_mantato,Man Utd,MD,4.5,1,Hull City,False,0,0,437,4,2026-08-22T11:30:00Z,2,0,False,0,0,0,0,0,0,0,0,0,0,0,0,0.0,0.0,0.0,0.0,0,0,0,0,0,0.00,0.00,0.00,0.00,45,0,16079,0,0
bendito_mantato,Man Utd,MD,4.5,2,Ipswich Town,True,0,0,437,18,2026-08-30T15:30:00Z,5,2,False,0,0,0,0,0,0,0,0,0,0,0,0,0.0,0.0,0.0,0.0,0,0,0,0,0,0.00,0.00,0.00,0.00,45,-1410,17670,961,2371
bendito_mantato,Man Utd,MD,4.5,3,Everton,False,0,0,437,30,2026-09-06T13:00:00Z,2,2,False,0,0,0,0,0,0,0,0,0,0,0,0,0.0,0.0,0.0,0.0,0,0,0,0,0,0.00,0.00,0.00,0.00,45,-934,18885,1762,2696
bendito_mantato,Man Utd,MD,4.5,4,Man City,True,0,0,437,39,2026-09-13T15:30:00Z,0,1,False,0,0,0,0,0,0,0,0,0,0,0,0,0.0,0.0,0.0,0.0,0,0,0,0,0,0.00,0.00,0.00,0.00,45,-694,19130,1317,2011
tyler_fletcher,Man Utd,MD,4.5,1,Hull City,False,0,0,438,4,2026-08-22T11:30:00Z,2,0,False,0,0,0,0,0,0,0,0,0,0,0,0,0.0,0.0,0.0,0.0,0,0,0,0,0,0.00,0.00,0.00,0.00,45,0,31336,0,0
tyler_fletcher,Man Utd,MD,4.5,2,Ipswich Town,True,0,0,438,18,2026-08-30T15:30:00Z,5,2,False,0,0,0,0,0,0,0,0,0,0,0,0,0.0,0.0,0.0,0.0,0,0,0,0,0,0.00,0.00,0.00,0.00,45,-2656,32667,1328,3984
tyler_fletcher,Man Utd,MD,4.5,3,Everton,False,0,0,438,30,2026-09-06T13:00:00Z,2,2,False,0,0,0,0,0,0,0,0,0,0,0,0,0.0,0.0,0.0,0.0,0,0,0,0,0,0.00,0.00,0.00,0.00,45,-2436,32226,1884,4320
tyler_fletcher,Man Utd,MD,4.5,4,Man City,True,0,0,438,39,2026-09-13T15:30:00Z,0,1,False,0,0,0,0,0,0,0,0,0,0,0,0,0.0,0.0,0.0,0.0,0,0,0,0,0,0.00,0.00,0.00,0.00,45,-1858,31369,1320,3178
benjamin_sesko,Man Utd,FW,7.0,1,Hull City,False,23,1,439,4,2026-08-22T11:30:00Z,2,0,False,0,0,0,0,0,0,0,0,0,0,0,2,0.0,0.5,9.0,0.9,0,0,0,0,0,0.04,0.00,0.04,0.07,70,0,114788,0,0
benjamin_sesko,Man Utd,FW,7.0,2,Ipswich Town,True,10,1,439,18,2026-08-30T15:30:00Z,5,2,False,0,0,0,1,0,0,0,0,0,0,0,5,2.2,10.5,2.0,1.5,0,3,0,3,0,0.00,0.01,0.01,1.00,70,15428,181866,30554,15126
benjamin_sesko,Man Utd,FW,7.0,3,Everton,False,20,5,439,30,2026-09-06T13:00:00Z,2,2,False,1,0,0,2,0,0,0,0,0,0,0,28,31.2,0.2,21.0,5.2,0,0,0,0,0,0.29,0.00,0.29,0.36,70,-32919,161952,15581,48500
benjamin_sesko,Man Utd,FW,7.0,4,Man City,True,23,1,439,39,2026-09-13T15:30:00Z,0,1,False,0,0,0,0,0,0,0,0,0,0,0,4,1.2,0.7,4.0,0.6,0,2,0,2,0,0.06,0.00,0.06,0.57,70,3627,182217,26345,22718
joshua_zirkzee,Man Utd,FW,5.5,1,Hull City,False,0,0,440,4,2026-08-22T11:30:00Z,2,0,False,0,0,0,0,0,0,0,0,0,0,0,0,0.0,0.0,0.0,0.0,0,0,0,0,0,0.00,0.00,0.00,0.00,55,0,56060,0,0
joshua_zirkzee,Man Utd,FW,5.5,2,Ipswich Town,True,0,0,440,18,2026-08-30T15:30:00Z,5,2,False,0,0,0,0,0,0,0,0,0,0,0,0,0.0,0.0,0.0,0.0,0,0,0,0,0,0.00,0.00,0.00,0.00,55,-11086,51589,2045,13131
joshua_zirkzee,Man Utd,FW,5.4,3,Everton,False,0,0,440,30,2026-09-06T13:00:00Z,2,2,False,0,0,0,0,0,0,0,0,0,0,0,0,0.0,0.0,0.0,0.0,0,0,0,0,0,0.00,0.00,0.00,0.00,54,-7291,47734,5615,12906
joshua_zirkzee,Man Utd,FW,5.4,4,Man City,True,7,1,440,39,2026-09-13T15:30:00Z,0,1,False,0,0,0,0,0,0,0,0,0,0,0,4,4.4,4.8,0.0,0.9,1,2,0,3,0,0.00,0.01,0.01,0.02,54,-4849,45127,3614,8463
chido_obi,Man Utd,FW,4.5,1,Hull City,False,0,0,441,4,2026-08-22T11:30:00Z,2,0,False,0,0,0,0,0,0,0,0,0,0,0,0,0.0,0.0,0.0,0.0,0,0,0,0,0,0.00,0.00,0.00,0.00,45,0,100521,0,0
chido_obi,Man Utd,FW,4.5,2,Ipswich Town,True,0,0,441,18,2026-08-30T15:30:00Z,5,2,False,0,0,0,0,0,0,0,0,0,0,0,0,0.0,0.0,0.0,0.0,0,0,0,0,0,0.00,0.00,0.00,0.00,45,-5253,109991,6316,11569
chido_obi,Man Utd,FW,4.5,3,Everton,False,0,0,441,30,2026-09-06T13:00:00Z,2,2,False,0,0,0,0,0,0,0,0,0,0,0,0,0.0,0.0,0.0,0.0,0,0,0,0,0,0.00,0.00,0.00,0.00,45,3280,125871,19118,15838
chido_obi,Man Utd,FW,4.5,4,Man City,True,0,0,441,39,2026-09-13T15:30:00Z,0,1,False,0,0,0,0,0,0,0,0,0,0,0,0,0.0,0.0,0.0,0.0,0,0,0,0,0,0.00,0.00,0.00,0.00,45,775,129085,15048,14273
nico_gonzález iglesias,Newcastle,MD,5.5,1,Bournemouth,True,0,0,405,8,2026-08-23T13:00:00Z,2,1,False,0,0,0,0,0,0,0,0,0,0,0,0,0.0,0.0,0.0,0.0,0,0,0,0,0,0.00,0.00,0.00,0.00,55,0,11878,0,0
nico_gonzález iglesias,Newcastle,MD,5.5,2,Spurs,False,70,2,405,15,2026-08-29T16:30:00Z,0,2,False,0,0,1,0,0,0,0,1,0,0,0,9,7.2,29.5,0.0,3.7,2,2,0,4,1,0.00,0.20,0.20,0.74,55,645,15669,2387,1742
nico_gonzález iglesias,Newcastle,MD,5.5,3,Bournemouth,True,76,2,405,27,2026-09-05T11:30:00Z,2,2,False,0,0,0,2,0,0,0,0,0,0,0,11,6.2,12.4,2.0,2.1,1,6,0,7,1,0.00,0.01,0.01,1.33,55,7163,26047,10136,2973
nico_gonzález iglesias,Newcastle,MD,5.5,4,Leeds,False,18,1,405,40,2026-09-14T19:00:00Z,4,1,False,0,0,0,0,0,0,0,0,0,0,0,3,0.0,0.1,0.0,0.0,0,1,0,1,1,0.00,0.00,0.00,0.27,55,215,26871,3834,3619
nick_pope,Newcastle,GK,5.0,1,Liverpool,True,0,0,442,9,2026-08-23T15:30:00Z,2,2,False,0,0,0,0,0,0,0,0,0,0,0,0,0.0,0.0,0.0,0.0,0,0,0,0,0,0.00,0.00,0.00,0.00,50,0,113822,0,0
nick_pope,Newcastle,GK,5.0,2,Spurs,False,0,0,442,15,2026-08-29T16:30:00Z,0,2,False,0,0,0,0,0,0,0,0,0,0,0,0,0.0,0.0,0.0,0.0,0,0,0,0,0,0.00,0.00,0.00,0.00,50,-9598,124934,2706,12304
nick_pope,Newcastle,GK,5.0,3,Bournemouth,True,0,0,442,27,2026-09-05T11:30:00Z,2,2,False,0,0,0,0,0,0,0,0,0,0,0,0,0.0,0.0,0.0,0.0,0,0,0,0,0,0.00,0.00,0.00,0.00,50,-14257,115196,4952,19209
nick_pope,Newcastle,GK,4.9,4,Leeds,False,0,0,442,40,2026-09-14T19:00:00Z,4,1,False,0,0,0,0,0,0,0,0,0,0,0,0,0.0,0.0,0.0,0.0,0,0,0,0,0,0.00,0.00,0.00,0.00,49,-8971,108982,3004,11975
mark_gillespie,Newcastle,GK,4.5,1,Liverpool,True,0,0,443,9,2026-08-23T15:30:00Z,2,2,False,0,0,0,0,0,0,0,0,0,0,0,0,0.0,0.0,0.0,0.0,0,0,0,0,0,0.00,0.00,0.00,0.00,45,0,2989,0,0
mark_gillespie,Newcastle,GK,4.5,2,Spurs,False,0,0,443,15,2026-08-29T16:30:00Z,0,2,False,0,0,0,0,0,0,0,0,0,0,0,0,0.0,0.0,0.0,0.0,0,0,0,0,0,0.00,0.00,0.00,0.00,45,-69,3435,162,231
mark_gillespie,Newcastle,GK,4.5,3,Bournemouth,True,0,0,443,27,2026-09-05T11:30:00Z,2,2,False,0,0,0,0,0,0,0,0,0,0,0,0,0.0,0.0,0.0,0.0,0,0,0,0,0,0.00,0.00,0.00,0.00,45,-143,3576,239,382
mark_gillespie,Newcastle,GK,4.5,4,Leeds,False,0,0,443,40,2026-09-14T19:00:00Z,4,1,False,0,0,0,0,0,0,0,0,0,0,0,0,0.0,0.0,0.0,0.0,0,0,0,0,0,0.00,0.00,0.00,0.00,45,-150,3541,141,291
ewen_jaouen,Newcastle,GK,4.5,1,Liverpool,True,0,0,444,9,2026-08-23T15:30:00Z,2,2,False,0,0,0,0,0,0,0,0,0,0,0,0,0.0,0.0,0.0,0.0,0,0,0,0,0,0.00,0.00,0.00,0.00,45,0,2666,0,0
ewen_jaouen,Newcastle,GK,4.5,2,Spurs,False,0,0,444,15,2026-08-29T16:30:00Z,0,2,False,0,0,0,0,0,0,0,0,0,0,0,0,0.0,0.0,0.0,0.0,0,0,0,0,0,0.00,0.00,0.00,0.00,45,-224,2775,124,348
ewen_jaouen,Newcastle,GK,4.5,3,Bournemouth,True,0,0,444,27,2026-09-05T11:30:00Z,2,2,False,0,0,0,0,0,0,0,0,0,0,0,0,0.0,0.0,0.0,0.0,0,0,0,0,0,0.00,0.00,0.00,0.00,45,-279,2647,182,461
ewen_jaouen,Newcastle,GK,4.5,4,Leeds,False,0,0,444,40,2026-09-14T19:00:00Z,4,1,False,0,0,0,0,0,0,0,0,0,0,0,0,0.0,0.0,0.0,0.0,0,0,0,0,0,0.00,0.00,0.00,0.00,45,-244,2484,97,341
malick_thiaw,Newcastle,DF,5.0,1,Liverpool,True,90,3,445,9,2026-08-23T15:30:00Z,2,2,False,0,0,0,2,0,0,0,0,0,0,0,0,37.8,0.2,0.0,3.8,15,2,0,15,1,0.00,0.00,0.00,2.98,50,0,146838,0,0
malick_thiaw,Newcastle,DF,5.0,2,Spurs,False,90,6,445,15,2026-08-29T16:30:00Z,0,2,False,0,0,1,0,0,0,0,0,0,0,0,25,6.8,1.5,0.0,0.8,3,1,0,3,1,0.00,0.02,0.02,1.12,50,8900,175248,19798,10898
malick_thiaw,Newcastle,DF,5.0,3,Bournemouth,True,90,-1,445,27,2026-09-05T11:30:00Z,2,2,False,0,0,0,2,1,0,0,0,0,0,0,0,7.6,12.3,2.0,2.2,3,3,0,3,1,0.00,0.05,0.05,1.37,50,40274,238054,72237,31963
malick_thiaw,Newcastle,DF,5.0,4,Leeds,False,90,2,445,40,2026-09-14T19:00:00Z,4,1,False,0,0,0,4,0,0,0,0,0,0,0,-6,22.6,0.9,0.0,2.4,11,1,0,11,1,0.00,0.00,0.00,2.08,50,2995,227385,48297,45302
fabian_schär,Newcastle,DF,5.0,1,Liverpool,True,1,1,446,9,2026-08-23T15:30:00Z,2,2,False,0,0,0,1,0,0,0,0,0,0,0,-1,0.0,0.0,0.0,0.0,0,0,0,0,0,0.00,0.00,0.00,0.79,50,0,20496,0,0
fabian_schär,Newcastle,DF,5.0,2,Spurs,False,0,0,446,15,2026-08-29T16:30:00Z,0,2,False,0,0,0,0,0,0,0,0,0,0,0,0,0.0,0.0,0.0,0.0,0,0,0,0,0,0.00,0.00,0.00,0.00,50,10,26250,1895,1885
fabian_schär,Newcastle,DF,5.0,3,Bournemouth,True,0,0,446,27,2026-09-05T11:30:00Z,2,2,False,0,0,0,0,0,0,0,0,0,0,0,0,0.0,0.0,0.0,0.0,0,0,0,0,0,0.00,0.00,0.00,0.00,50,-2838,24845,2055,4893
fabian_schär,Newcastle,DF,5.0,4,Leeds,False,0,0,446,40,2026-09-14T19:00:00Z,4,1,False,0,0,0,0,0,0,0,0,0,0,0,0,0.0,0.0,0.0,0.0,0,0,0,0,0,0.00,0.00,0.00,0.00,50,-2216,23553,1440,3656
sven_botman,Newcastle,DF,5.0,1,Liverpool,True,90,3,447,9,2026-08-23T15:30:00Z,2,2,False,0,0,0,2,0,0,0,0,0,0,0,4,32.4,0.3,0.0,3.3,10,2,0,10,1,0.00,0.01,0.01,2.98,50,0,34765,0,0
sven_botman,Newcastle,DF,5.0,2,Spurs,False,90,5,447,15,2026-08-29T16:30:00Z,0,2,False,0,0,1,0,0,0,0,1,0,0,0,22,11.2,1.8,2.0,1.5,4,4,1,5,1,0.01,0.00,0.01,1.12,50,5603,52947,8885,3282
sven_botman,Newcastle,DF,5.0,3,Bournemouth,True,90,1,447,27,2026-09-05T11:30:00Z,2,2,False,0,0,0,2,0,0,0,0,0,0,0,3,26.0,0.9,4.0,3.1,8,3,1,9,1,0.00,0.16,0.16,1.37,50,8611,69972,15452,6841
sven_botman,Newcastle,DF,5.0,4,Leeds,False,90,2,447,40,2026-09-14T19:00:00Z,4,1,False,0,0,0,4,0,0,0,0,0,0,0,2,31.2,0.3,0.0,3.2,15,4,2,17,1,0.00,0.00,0.00,2.08,50,1208,71884,9972,8764
dan_burn,Newcastle,DF,5.0,1,Liverpool,True,0,0,448,9,2026-08-23T15:30:00Z,2,2,False,0,0,0,0,0,0,0,0,0,0,0,0,0.0,0.0,0.0,0.0,0,0,0,0,0,0.00,0.00,0.00,0.00,50,0,213973,0,0
dan_burn,Newcastle,DF,5.0,2,Spurs,False,0,0,448,15,2026-08-29T16:30:00Z,0,2,False,0,0,0,0,0,0,0,0,0,0,0,0,0.0,0.0,0.0,0.0,0,0,0,0,0,0.00,0.00,0.00,0.00,50,-69064,159459,6247,75311
dan_burn,Newcastle,DF,4.9,3,Bournemouth,True,0,0,448,27,2026-09-05T11:30:00Z,2,2,False,0,0,0,0,0,0,0,0,0,0,0,0,0.0,0.0,0.0,0.0,0,0,0,0,0,0.00,0.00,0.00,0.00,49,-46419,114109,549,46968
dan_burn,Newcastle,DF,4.9,4,Leeds,False,0,0,448,40,2026-09-14T19:00:00Z,4,1,False,0,0,0,0,0,0,0,0,0,0,0,0,0.0,0.0,0.0,0.0,0,0,0,0,0,0.00,0.00,0.00,0.00,49,-20317,96018,239,20556
lewis_hall,Newcastle,DF,5.0,1,Liverpool,True,90,3,449,9,2026-08-23T15:30:00Z,2,2,False,0,0,0,2,0,0,0,0,0,0,0,8,22.0,15.2,0.0,3.7,6,8,5,11,1,0.00,0.35,0.35,2.98,50,0,310247,0,0
lewis_hall,Newcastle,DF,5.0,2,Spurs,False,90,11,449,15,2026-08-29T16:30:00Z,0,2,False,0,0,1,0,0,0,0,0,0,0,3,52,39.0,27.3,4.0,7.0,11,6,2,13,1,0.03,0.31,0.34,1.12,50,33265,411061,52701,19436
lewis_hall,Newcastle,DF,5.1,3,Bournemouth,True,89,4,449,27,2026-09-05T11:30:00Z,2,2,False,0,1,0,2,0,0,0,0,0,0,0,20,28.0,13.4,3.0,4.4,5,13,1,6,1,0.01,0.01,0.02,1.35,51,496570,1101917,576636,80066
lewis_hall,Newcastle,DF,5.2,4,Leeds,False,90,0,449,40,2026-09-14T19:00:00Z,4,1,False,0,0,0,4,0,0,0,0,0,0,0,9,21.0,3.9,7.0,3.2,2,4,4,6,1,0.02,0.01,0.03,2.08,52,448146,1512788,563772,115626
tino_livramento,Newcastle,DF,5.0,1,Liverpool,True,0,0,450,9,2026-08-23T15:30:00Z,2,2,False,0,0,0,0,0,0,0,0,0,0,0,0,0.0,0.0,0.0,0.0,0,0,0,0,0,0.00,0.00,0.00,0.00,50,0,4326,0,0
tino_livramento,Newcastle,DF,5.0,2,Spurs,False,0,0,450,15,2026-08-29T16:30:00Z,0,2,False,0,0,0,0,0,0,0,0,0,0,0,0,0.0,0.0,0.0,0.0,0,0,0,0,0,0.00,0.00,0.00,0.00,50,-1137,3475,91,1228
tino_livramento,Newcastle,DF,4.9,3,Bournemouth,True,1,1,450,27,2026-09-05T11:30:00Z,2,2,False,0,0,0,0,0,0,0,0,0,0,0,3,0.2,0.0,0.0,0.0,0,0,0,0,0,0.00,0.00,0.00,0.02,49,-745,2841,115,860
tino_livramento,Newcastle,DF,4.9,4,Leeds,False,32,3,450,40,2026-09-14T19:00:00Z,4,1,False,0,1,0,1,0,0,0,1,0,0,0,9,4.8,3.8,4.0,1.3,1,4,2,3,0,0.00,0.01,0.01,0.16,49,2452,6615,3493,1041
alex_murphy,Newcastle,DF,4.0,1,Liverpool,True,0,0,451,9,2026-08-23T15:30:00Z,2,2,False,0,0,0,0,0,0,0,0,0,0,0,0,0.0,0.0,0.0,0.0,0,0,0,0,0,0.00,0.00,0.00,0.00,40,0,12873,0,0
alex_murphy,Newcastle,DF,4.0,2,Spurs,False,0,0,451,15,2026-08-29T16:30:00Z,0,2,False,0,0,0,0,0,0,0,0,0,0,0,0,0.0,0.0,0.0,0.0,0,0,0,0,0,0.00,0.00,0.00,0.00,40,-3276,9468,0,3276
alex_murphy,Newcastle,DF,4.0,3,Bournemouth,True,0,0,451,27,2026-09-05T11:30:00Z,2,2,False,0,0,0,0,0,0,0,0,0,0,0,0,0.0,0.0,0.0,0.0,0,0,0,0,0,0.00,0.00,0.00,0.00,40,-1826,7660,0,1826
alex_murphy,Newcastle,DF,4.0,4,Leeds,False,0,0,451,40,2026-09-14T19:00:00Z,4,1,False,0,0,0,0,0,0,0,0,0,0,0,0,0.0,0.0,0.0,0.0,0,0,0,0,0,0.00,0.00,0.00,0.00,40,-957,6793,0,957
harvey_barnes,Newcastle,MD,6.0,1,Liverpool,True,90,2,453,9,2026-08-23T15:30:00Z,2,2,False,0,0,0,2,0,0,0,0,0,0,0,12,5.2,2.4,9.0,1.7,3,4,1,8,1,0.07,0.02,0.09,2.98,60,0,95531,0,0
harvey_barnes,Newcastle,MD,6.0,2,Spurs,False,90,3,453,15,2026-08-29T16:30:00Z,0,2,False,0,0,1,0,0,0,0,0,0,0,0,9,7.2,22.1,7.0,3.6,2,0,2,4,1,0.04,0.01,0.05,1.12,60,4665,113402,14995,10330
harvey_barnes,Newcastle,MD,6.0,3,Bournemouth,True,90,12,453,27,2026-09-05T11:30:00Z,2,2,False,1,1,0,2,0,0,0,0,0,0,2,37,33.0,2.8,23.0,5.9,2,4,0,6,1,0.11,0.03,0.14,1.37,60,2446,122479,25187,22741
harvey_barnes,Newcastle,MD,6.0,4,Leeds,False,90,2,453,40,2026-09-14T19:00:00Z,4,1,False,0,0,0,4,0,0,0,0,0,0,0,13,12.2,16.8,30.0,5.9,3,3,0,6,1,0.29,0.31,0.60,2.08,60,152668,290007,210527,57859
anthony_elanga,Newcastle,MD,6.0,1,Liverpool,True,75,9,454,9,2026-08-23T15:30:00Z,2,2,False,1,0,0,1,0,0,0,0,0,0,2,31,37.4,3.5,28.0,6.9,1,1,0,2,1,0.22,0.01,0.23,1.94,60,0,64591,0,0
anthony_elanga,Newcastle,MD,6.0,2,Spurs,False,81,8,454,15,2026-08-29T16:30:00Z,0,2,False,1,0,1,0,0,0,0,0,0,0,0,32,36.8,15.3,29.0,8.1,0,1,2,3,1,0.20,0.10,0.30,0.74,60,83568,215548,95441,11873
anthony_elanga,Newcastle,MD,6.1,3,Bournemouth,True,76,1,454,27,2026-09-05T11:30:00Z,2,2,False,0,0,0,2,0,0,0,1,0,0,0,8,8.4,31.8,4.0,4.4,1,1,2,4,1,0.00,0.23,0.23,1.33,61,716203,1142637,810672,94469
anthony_elanga,Newcastle,MD,6.2,4,Leeds,False,0,0,454,40,2026-09-14T19:00:00Z,4,1,False,0,0,0,0,0,0,0,0,0,0,0,0,0.0,0.0,0.0,0.0,0,0,0,0,0,0.00,0.00,0.00,0.00,62,130728,1209834,326071,195343
jacob_ramsey,Newcastle,MD,5.0,1,Liverpool,True,34,0,456,9,2026-08-23T15:30:00Z,2,2,False,0,0,0,1,0,0,0,1,0,0,0,1,7.8,1.3,4.0,1.3,3,1,2,6,0,0.06,0.01,0.07,1.50,50,0,34032,0,0
jacob_ramsey,Newcastle,MD,5.0,2,Spurs,False,8,1,456,15,2026-08-29T16:30:00Z,0,2,False,0,0,0,0,0,0,0,0,0,0,0,3,0.2,4.2,0.0,0.4,0,1,0,1,0,0.00,0.13,0.13,0.38,50,-3238,34073,1442,4680
jacob_ramsey,Newcastle,MD,5.0,3,Bournemouth,True,27,6,456,27,2026-09-05T11:30:00Z,2,2,False,1,0,0,0,0,0,0,0,0,0,0,22,32.4,0.8,17.0,5.0,0,4,0,4,0,0.11,0.02,0.13,0.04,50,-4753,30127,1799,6552
jacob_ramsey,Newcastle,MD,4.9,4,Leeds,False,0,0,456,40,2026-09-14T19:00:00Z,4,1,False,0,0,0,0,0,0,0,0,0,0,0,0,0.0,0.0,0.0,0.0,0,0,0,0,0,0.00,0.00,0.00,0.00,49,6540,39795,11516,4976
jacob_murphy,Newcastle,MD,6.0,1,Liverpool,True,14,0,457,9,2026-08-23T15:30:00Z,2,2,False,0,0,0,1,0,0,0,1,0,0,0,-1,0.0,0.1,2.0,0.1,1,1,0,2,0,0.00,0.00,0.00,1.04,60,0,14816,0,0
jacob_murphy,Newcastle,MD,6.0,2,Spurs,False,8,1,457,15,2026-08-29T16:30:00Z,0,2,False,0,0,0,0,0,0,0,0,0,0,0,3,2.2,3.1,2.0,0.7,0,2,1,3,0,0.00,0.20,0.20,0.38,60,-1965,15641,717,2682
jacob_murphy,Newcastle,MD,5.9,3,Bournemouth,True,13,1,457,27,2026-09-05T11:30:00Z,2,2,False,0,0,0,0,0,0,0,0,0,0,0,5,0.2,0.3,0.0,0.1,0,1,0,1,0,0.00,0.00,0.00,0.04,59,-2357,14114,1115,3472
jacob_murphy,Newcastle,MD,5.9,4,Leeds,False,56,0,457,40,2026-09-14T19:00:00Z,4,1,False,0,0,0,3,0,0,0,1,0,0,0,2,1.2,3.7,2.0,0.7,0,3,1,4,1,0.00,0.14,0.14,1.91,59,-1103,13575,1062,2165
joelinton cássio_apolinário de lira,Newcastle,MD,5.5,1,Liverpool,True,0,0,458,9,2026-08-23T15:30:00Z,2,2,False,0,0,0,0,0,0,0,0,0,0,0,0,0.0,0.0,0.0,0.0,0,0,0,0,0,0.00,0.00,0.00,0.00,55,0,3620,0,0
joelinton cássio_apolinário de lira,Newcastle,MD,5.5,2,Spurs,False,0,0,458,15,2026-08-29T16:30:00Z,0,2,False,0,0,0,0,0,0,0,0,0,0,0,0,0.0,0.0,0.0,0.0,0,0,0,0,0,0.00,0.00,0.00,0.00,55,-1020,2722,48,1068
joelinton cássio_apolinário de lira,Newcastle,MD,5.4,3,Bournemouth,True,0,0,458,27,2026-09-05T11:30:00Z,2,2,False,0,0,0,0,0,0,0,0,0,0,0,0,0.0,0.0,0.0,0.0,0,0,0,0,0,0.00,0.00,0.00,0.00,54,-546,2235,86,632
joelinton cássio_apolinário de lira,Newcastle,MD,5.4,4,Leeds,False,0,0,458,40,2026-09-14T19:00:00Z,4,1,False,0,0,0,0,0,0,0,0,0,0,0,0,0.0,0.0,0.0,0.0,0,0,0,0,0,0.00,0.00,0.00,0.00,54,-249,2032,33,282
lewis_miley,Newcastle,MD,5.5,1,Liverpool,True,75,3,459,9,2026-08-23T15:30:00Z,2,2,False,0,0,0,1,0,0,0,1,0,0,0,13,15.6,21.4,3.0,4.0,6,6,1,13,1,0.05,0.01,0.06,1.94,55,0,4093,0,0
lewis_miley,Newcastle,MD,5.5,2,Spurs,False,90,3,459,15,2026-08-29T16:30:00Z,0,2,False,0,0,1,0,0,0,0,0,0,0,0,16,11.2,14.7,0.0,2.6,3,6,0,9,1,0.00,0.04,0.04,1.12,55,857,6985,1391,534
lewis_miley,Newcastle,MD,5.5,3,Bournemouth,True,62,2,459,27,2026-09-05T11:30:00Z,2,2,False,0,0,0,2,0,0,0,0,0,0,0,11,3.2,1.1,2.0,0.6,1,3,0,4,1,0.00,0.02,0.02,1.33,55,629,8538,2211,1582
lewis_miley,Newcastle,MD,5.5,4,Leeds,False,79,0,459,40,2026-09-14T19:00:00Z,4,1,False,0,0,0,4,1,0,0,0,0,0,0,9,6.6,4.5,0.0,1.1,3,6,1,10,1,0.00,0.03,0.03,1.97,55,-528,8285,1045,1573
joe_willock,Newcastle,MD,5.0,1,Liverpool,True,34,6,460,9,2026-08-23T15:30:00Z,2,2,False,1,0,0,1,0,0,0,0,0,0,0,28,38.4,13.9,9.0,6.1,0,1,2,3,0,0.09,0.17,0.26,1.50,50,0,10181,0,0
joe_willock,Newcastle,MD,5.0,2,Spurs,False,70,3,460,15,2026-08-29T16:30:00Z,0,2,False,0,0,1,0,0,0,0,0,0,0,0,0,0.0,4.3,8.0,0.5,1,1,0,2,1,0.07,0.02,0.09,0.74,50,6831,24746,8763,1932
joe_willock,Newcastle,MD,5.0,3,Bournemouth,True,62,2,460,27,2026-09-05T11:30:00Z,2,2,False,0,0,0,2,0,0,0,0,0,0,0,6,6.0,2.2,11.0,1.9,1,1,1,3,1,0.36,0.01,0.37,1.33,50,14485,45043,22227,7742
joe_willock,Newcastle,MD,5.0,4,Leeds,False,32,1,460,40,2026-09-14T19:00:00Z,4,1,False,0,0,0,1,0,0,0,0,0,0,0,8,7.6,13.3,18.0,3.9,1,2,1,4,0,0.12,0.06,0.18,0.16,50,6640,52306,16531,9891
bazoumana_touré,Newcastle,MD,6.0,1,Liverpool,True,0,0,461,9,2026-08-23T15:30:00Z,2,2,False,0,0,0,0,0,0,0,0,0,0,0,0,0.0,0.0,0.0,0.0,0,0,0,0,0,0.00,0.00,0.00,0.00,60,0,22780,0,0
bazoumana_touré,Newcastle,MD,6.0,2,Spurs,False,1,1,461,15,2026-08-29T16:30:00Z,0,2,False,0,0,0,0,0,0,0,0,0,0,0,3,0.0,0.0,0.0,0.0,0,0,0,0,0,0.00,0.00,0.00,0.00,60,-3945,20967,513,4458
bazoumana_touré,Newcastle,MD,5.9,3,Bournemouth,True,0,0,461,27,2026-09-05T11:30:00Z,2,2,False,0,0,0,0,0,0,0,0,0,0,0,0,0.0,0.0,0.0,0.0,0,0,0,0,0,0.00,0.00,0.00,0.00,59,-5573,15932,657,6230
bazoumana_touré,Newcastle,MD,5.8,4,Leeds,False,33,6,461,40,2026-09-14T19:00:00Z,4,1,False,1,0,0,1,0,0,0,0,0,0,0,24,36.6,5.3,21.0,6.3,0,2,0,2,0,0.28,0.01,0.29,0.16,58,-3031,13401,376,3407
sean_steur,Newcastle,MD,5.0,1,Liverpool,True,55,1,462,9,2026-08-23T15:30:00Z,2,2,False,0,0,0,1,0,0,0,0,0,0,0,3,0.4,1.2,0.0,0.2,0,2,0,2,1,0.00,0.00,0.00,1.48,50,0,9830,0,0
sean_steur,Newcastle,MD,5.0,2,Spurs,False,19,1,462,15,2026-08-29T16:30:00Z,0,2,False,0,0,0,0,0,0,0,0,0,0,0,4,5.0,0.0,0.0,0.5,3,0,0,3,0,0.00,0.00,0.00,0.38,50,-238,10539,762,1000
sean_steur,Newcastle,MD,5.0,3,Bournemouth,True,13,1,462,27,2026-09-05T11:30:00Z,2,2,False,0,0,0,0,0,0,0,0,0,0,0,3,2.0,0.5,0.0,0.3,1,1,0,2,0,0.00,0.00,0.00,0.04,50,-1763,8925,584,2347
sean_steur,Newcastle,MD,4.9,4,Leeds,False,71,2,462,40,2026-09-14T19:00:00Z,4,1,False,0,0,0,4,0,0,0,0,0,0,0,14,12.0,20.2,0.0,3.2,3,2,2,7,0,0.00,0.03,0.03,1.81,49,-1064,8079,390,1454
nick_woltemade,Newcastle,FW,6.0,1,Liverpool,True,0,0,463,9,2026-08-23T15:30:00Z,2,2,False,0,0,0,0,0,0,0,0,0,0,0,0,0.0,0.0,0.0,0.0,0,0,0,0,0,0.00,0.00,0.00,0.00,60,0,151424,0,0
nick_woltemade,Newcastle,FW,6.0,2,Spurs,False,19,4,463,15,2026-08-29T16:30:00Z,0,2,False,0,1,0,0,0,0,0,0,0,0,0,18,18.2,10.5,11.0,4.0,0,0,0,0,0,0.02,0.01,0.03,0.38,60,-23591,150038,7193,30784
nick_woltemade,Newcastle,FW,5.9,3,Bournemouth,True,0,0,463,27,2026-09-05T11:30:00Z,2,2,False,0,0,0,0,0,0,0,0,0,0,0,0,0.0,0.0,0.0,0.0,0,0,0,0,0,0.00,0.00,0.00,0.00,59,-49449,103336,7327,56776
nick_woltemade,Newcastle,FW,5.9,4,Leeds,False,0,0,463,40,2026-09-14T19:00:00Z,4,1,False,0,0,0,0,0,0,0,0,0,0,0,0,0.0,0.0,0.0,0.0,0,0,0,0,0,0.00,0.00,0.00,0.00,59,-39340,66136,0,39340
yoane_wissa,Newcastle,FW,6.0,1,Liverpool,True,90,4,464,9,2026-08-23T15:30:00Z,2,2,False,0,1,0,1,0,0,0,1,0,0,0,7,20.0,16.3,28.0,6.4,1,3,4,8,1,1.00,0.02,1.02,2.19,60,0,142989,0,0
yoane_wissa,Newcastle,FW,6.0,2,Spurs,False,81,8,464,15,2026-08-29T16:30:00Z,0,2,False,1,0,1,0,0,0,0,0,0,0,2,37,35.6,10.3,46.0,9.2,1,4,1,6,1,0.35,0.00,0.35,0.74,60,134869,359321,158957,24088
yoane_wissa,Newcastle,FW,6.1,3,Bournemouth,True,90,1,464,27,2026-09-05T11:30:00Z,2,2,False,0,0,0,2,0,0,0,1,0,0,0,7,0.0,7.3,0.0,0.7,0,3,0,3,1,0.00,0.03,0.03,1.37,61,1029731,1697200,1119139,89408
yoane_wissa,Newcastle,FW,6.2,4,Leeds,False,90,2,464,40,2026-09-14T19:00:00Z,4,1,False,0,0,0,4,0,0,0,0,0,0,0,3,2.2,21.5,12.0,3.6,2,2,1,5,1,0.16,0.00,0.16,2.08,62,319416,1925334,578506,259090
william_osula,Newcastle,FW,6.0,1,Liverpool,True,55,4,465,9,2026-08-23T15:30:00Z,2,2,False,0,1,0,1,0,0,0,0,0,0,0,18,28.2,13.7,8.0,5.0,2,2,1,5,1,0.06,0.14,0.20,1.48,60,0,83021,0,0
william_osula,Newcastle,FW,6.0,2,Spurs,False,0,0,465,15,2026-08-29T16:30:00Z,0,2,False,0,0,0,0,0,0,0,0,0,0,0,0,0.0,0.0,0.0,0.0,0,0,0,0,0,0.00,0.00,0.00,0.00,60,-6163,90550,20344,26507
william_osula,Newcastle,FW,5.9,3,Bournemouth,True,0,0,465,27,2026-09-05T11:30:00Z,2,2,False,0,0,0,0,0,0,0,0,0,0,0,0,0.0,0.0,0.0,0.0,0,0,0,0,0,0.00,0.00,0.00,0.00,59,-37692,51608,557,38249
william_osula,Newcastle,FW,5.9,4,Leeds,False,0,0,465,40,2026-09-14T19:00:00Z,4,1,False,0,0,0,0,0,0,0,0,0,0,0,0,0.0,0.0,0.0,0.0,0,0,0,0,0,0.00,0.00,0.00,0.00,59,-12652,41129,234,12886
sean_neave,Newcastle,FW,4.5,1,Liverpool,True,0,0,466,9,2026-08-23T15:30:00Z,2,2,False,0,0,0,0,0,0,0,0,0,0,0,0,0.0,0.0,0.0,0.0,0,0,0,0,0,0.00,0.00,0.00,0.00,45,0,66588,0,0
sean_neave,Newcastle,FW,4.5,2,Spurs,False,0,0,466,15,2026-08-29T16:30:00Z,0,2,False,0,0,0,0,0,0,0,0,0,0,0,0,0.0,0.0,0.0,0.0,0,0,0,0,0,0.00,0.00,0.00,0.00,45,-1647,75688,6478,8125
sean_neave,Newcastle,FW,4.5,3,Bournemouth,True,0,0,466,27,2026-09-05T11:30:00Z,2,2,False,0,0,0,0,0,0,0,0,0,0,0,0,0.0,0.0,0.0,0.0,0,0,0,0,0,0.00,0.00,0.00,0.00,45,3928,87795,17327,13399
sean_neave,Newcastle,FW,4.5,4,Leeds,False,0,0,466,40,2026-09-14T19:00:00Z,4,1,False,0,0,0,0,0,0,0,0,0,0,0,0,0.0,0.0,0.0,0.0,0,0,0,0,0,0.00,0.00,0.00,0.00,45,-17854,66182,0,17854
aladji_bamba,Newcastle,MD,5.0,1,Liverpool,True,14,1,559,9,2026-08-23T15:30:00Z,2,2,False,0,0,0,1,0,0,0,0,0,0,0,5,4.0,0.0,0.0,0.4,1,0,1,2,0,0.00,0.00,0.00,1.04,50,0,12608,0,0
aladji_bamba,Newcastle,MD,5.0,2,Spurs,False,0,0,559,15,2026-08-29T16:30:00Z,0,2,False,0,0,0,0,0,0,0,0,0,0,0,0,0.0,0.0,0.0,0.0,0,0,0,0,0,0.00,0.00,0.00,0.00,50,-977,13188,690,1667
aladji_bamba,Newcastle,MD,5.0,3,Bournemouth,True,0,0,559,27,2026-09-05T11:30:00Z,2,2,False,0,0,0,0,0,0,0,0,0,0,0,0,0.0,0.0,0.0,0.0,0,0,0,0,0,0.00,0.00,0.00,0.00,50,-1788,11930,834,2622
aladji_bamba,Newcastle,MD,4.9,4,Leeds,False,10,1,559,40,2026-09-14T19:00:00Z,4,1,False,0,0,0,0,0,0,0,0,0,0,0,4,1.4,0.3,0.0,0.2,0,1,1,2,0,0.00,0.00,0.00,0.11,49,-1098,11166,539,1637
lukás_hornícek,Newcastle,GK,5.0,1,Liverpool,True,90,1,567,9,2026-08-23T15:30:00Z,2,2,False,0,0,0,2,0,0,0,1,0,5,0,12,41.2,0.0,0.0,4.1,3,5,0,0,1,0.00,0.00,0.00,2.98,50,0,55382,0,0
lukás_hornícek,Newcastle,GK,5.0,2,Spurs,False,90,7,567,15,2026-08-29T16:30:00Z,0,2,False,0,0,1,0,0,0,0,0,0,4,0,32,34.6,0.0,0.0,3.5,2,4,0,0,1,0.00,0.00,0.00,1.12,50,1279,70807,5537,4258
lukás_hornícek,Newcastle,GK,5.0,3,Bournemouth,True,90,2,567,27,2026-09-05T11:30:00Z,2,2,False,0,0,0,2,0,0,0,0,0,4,0,12,33.4,0.0,0.0,3.3,0,6,0,0,1,0.00,0.00,0.00,1.37,50,39154,125893,58261,19107
lukás_hornícek,Newcastle,GK,5.0,4,Leeds,False,90,1,567,40,2026-09-14T19:00:00Z,4,1,False,0,0,0,4,0,0,0,0,0,3,0,2,29.4,0.0,0.0,2.9,3,4,0,0,1,0.00,0.00,0.00,2.08,50,29466,150531,58083,28617
amar_dedic,Newcastle,DF,4.5,1,Liverpool,True,90,1,593,9,2026-08-23T15:30:00Z,2,2,False,0,0,0,2,0,0,0,0,0,0,0,-1,16.4,1.2,5.0,2.3,7,2,2,9,1,0.03,0.00,0.03,2.98,45,0,20712,0,0
amar_dedic,Newcastle,DF,4.5,2,Spurs,False,90,11,593,15,2026-08-29T16:30:00Z,0,2,False,0,1,1,0,0,0,0,0,0,0,2,37,42.6,30.4,0.0,7.3,5,5,3,8,1,0.00,0.06,0.06,1.12,45,8203,36928,10359,2156
amar_dedic,Newcastle,DF,4.5,3,Bournemouth,True,90,1,593,27,2026-09-05T11:30:00Z,2,2,False,0,0,0,2,0,0,0,0,0,0,0,3,0.6,6.4,10.0,1.7,1,4,0,1,1,0.11,0.02,0.13,1.37,45,269442,365061,318645,49203
amar_dedic,Newcastle,DF,4.5,4,Leeds,False,57,0,593,40,2026-09-14T19:00:00Z,4,1,False,0,0,0,3,0,0,0,0,0,0,0,-3,10.4,2.7,0.0,1.3,3,4,3,6,1,0.00,0.00,0.00,1.91,45,-7549,313784,107522,115071
leo_shahar,Newcastle,DF,4.0,1,Liverpool,True,0,0,609,9,2026-08-23T15:30:00Z,2,2,False,0,0,0,0,0,0,0,0,0,0,0,0,0.0,0.0,0.0,0.0,0,0,0,0,0,0.00,0.00,0.00,0.00,40,0,0,0,0
leo_shahar,Newcastle,DF,4.0,2,Spurs,False,0,0,609,15,2026-08-29T16:30:00Z,0,2,False,0,0,0,0,0,0,0,0,0,0,0,0,0.0,0.0,0.0,0.0,0,0,0,0,0,0.00,0.00,0.00,0.00,40,3348,11777,3993,645
leo_shahar,Newcastle,DF,4.0,3,Bournemouth,True,0,0,609,27,2026-09-05T11:30:00Z,2,2,False,0,0,0,0,0,0,0,0,0,0,0,0,0.0,0.0,0.0,0.0,0,0,0,0,0,0.00,0.00,0.00,0.00,40,7555,31239,10871,3316
leo_shahar,Newcastle,DF,4.0,4,Leeds,False,0,0,609,40,2026-09-14T19:00:00Z,4,1,False,0,0,0,0,0,0,0,0,0,0,0,0,0.0,0.0,0.0,0.0,0,0,0,0,0,0.00,0.00,0.00,0.00,40,-1044,26576,3372,4416
matias_fernandez-pardo,Newcastle,FW,6.0,3,Bournemouth,True,27,1,634,27,2026-09-05T11:30:00Z,2,2,False,0,0,0,0,0,0,0,0,0,0,0,4,0.0,0.8,6.0,0.7,0,1,0,1,0,0.00,0.00,0.00,0.04,60,4798,5694,5384,586
matias_fernandez-pardo,Newcastle,FW,6.0,4,Leeds,False,57,1,634,40,2026-09-14T19:00:00Z,4,1,False,0,0,0,3,0,0,0,0,0,0,0,5,2.2,10.9,4.0,1.7,0,1,1,2,1,0.00,0.01,0.01,1.91,60,4168,10646,6117,1949
mason_miley,Newcastle,MD,4.5,4,Leeds,False,0,0,659,40,2026-09-14T19:00:00Z,4,1,False,0,0,0,0,0,0,0,0,0,0,0,0,0.0,0.0,0.0,0.0,0,0,0,0,0,0.00,0.00,0.00,0.00,45,0,0,0,0
liam_delap,Nott'm Forest,FW,5.5,1,Fulham,False,0,0,167,10,2026-08-24T19:00:00Z,2,3,False,0,0,0,0,0,0,0,0,0,0,0,0,0.0,0.0,0.0,0.0,0,0,0,0,0,0.00,0.00,0.00,0.00,55,0,40156,0,0
liam_delap,Nott'm Forest,FW,5.5,2,Liverpool,False,24,1,167,14,2026-08-29T11:30:00Z,2,2,False,0,0,0,1,0,0,0,0,0,0,0,9,4.0,10.1,7.0,2.1,0,0,0,0,0,0.07,0.00,0.07,0.33,55,175,48067,7740,7565
liam_delap,Nott'm Forest,FW,5.5,3,Spurs,True,73,2,167,28,2026-09-05T14:00:00Z,0,0,False,0,0,1,0,0,0,0,0,0,0,0,6,2.4,20.8,5.0,2.8,2,3,0,5,1,0.06,0.06,0.12,0.89,55,24969,83350,36946,11977
liam_delap,Nott'm Forest,FW,5.5,4,Aston Villa,False,90,5,167,31,2026-09-12T14:00:00Z,1,2,False,1,0,0,1,0,0,0,1,0,0,0,25,28.6,12.6,38.0,7.9,1,2,1,4,1,0.63,0.08,0.71,0.73,55,7672,93051,20097,12425
daniel_muñoz mejía,Nott'm Forest,DF,5.5,1,Everton,False,54,0,201,3,2026-08-22T14:00:00Z,2,0,False,0,0,0,2,0,0,0,0,0,0,0,-4,1.2,1.8,21.0,2.4,3,1,1,4,1,0.23,0.01,0.24,0.84,55,0,873015,0,0
daniel_muñoz mejía,Nott'm Forest,DF,5.5,2,Man City,True,0,0,201,11,2026-08-28T19:00:00Z,1,4,False,0,0,0,0,0,0,0,0,0,0,0,0,0.0,0.0,0.0,0.0,0,0,0,0,0,0.00,0.00,0.00,0.00,55,-109781,815530,15645,125426
daniel_muñoz mejía,Nott'm Forest,DF,5.4,3,Spurs,True,31,1,201,28,2026-09-05T14:00:00Z,0,0,False,0,0,0,0,0,0,0,0,0,0,0,5,2.4,0.8,4.0,0.7,0,0,1,1,0,0.03,0.00,0.03,0.26,54,-158458,658550,23260,181718
daniel_muñoz mejía,Nott'm Forest,DF,5.4,4,Aston Villa,False,90,2,201,31,2026-09-12T14:00:00Z,1,2,False,0,0,0,1,0,0,0,0,0,0,0,23,31.6,55.9,39.0,12.7,3,4,4,7,1,0.22,0.18,0.40,0.82,54,-83474,588016,11222,94696
matz_sels,Nott'm Forest,GK,5.0,1,Leeds,True,90,2,467,6,2026-08-22T14:00:00Z,0,1,False,0,0,0,1,0,0,0,0,0,2,0,11,14.2,0.0,0.0,1.4,0,9,0,0,1,0.00,0.00,0.00,0.47,50,0,140711,0,0
matz_sels,Nott'm Forest,GK,5.0,2,Liverpool,False,90,1,467,14,2026-08-29T11:30:00Z,2,2,False,0,0,0,2,0,0,0,0,0,2,0,6,16.6,0.0,0.0,1.7,3,6,0,0,1,0.00,0.01,0.01,1.75,50,-8396,148147,3350,11746
matz_sels,Nott'm Forest,GK,5.0,3,Spurs,True,90,6,467,28,2026-09-05T14:00:00Z,0,0,False,0,0,1,0,0,0,0,0,0,0,0,21,2.4,0.0,0.0,0.2,1,11,0,0,1,0.00,0.00,0.00,1.06,50,-9819,143042,8404,18223
matz_sels,Nott'm Forest,GK,5.0,4,Aston Villa,False,90,3,467,31,2026-09-12T14:00:00Z,1,2,False,0,0,0,1,0,0,0,0,0,5,0,19,35.0,0.0,0.0,3.5,2,11,0,0,1,0.00,0.00,0.00,0.82,50,2211,147158,15113,12902
john victor_maciel furtado,Nott'm Forest,GK,4.5,1,Leeds,True,0,0,468,6,2026-08-22T14:00:00Z,0,1,False,0,0,0,0,0,0,0,0,0,0,0,0,0.0,0.0,0.0,0.0,0,0,0,0,0,0.00,0.00,0.00,0.00,45,0,5970,0,0
john victor_maciel furtado,Nott'm Forest,GK,4.5,2,Liverpool,False,0,0,468,14,2026-08-29T11:30:00Z,2,2,False,0,0,0,0,0,0,0,0,0,0,0,0,0.0,0.0,0.0,0.0,0,0,0,0,0,0.00,0.00,0.00,0.00,45,-288,6338,178,466
john victor_maciel furtado,Nott'm Forest,GK,4.5,3,Spurs,True,0,0,468,28,2026-09-05T14:00:00Z,0,0,False,0,0,0,0,0,0,0,0,0,0,0,0,0.0,0.0,0.0,0.0,0,0,0,0,0,0.00,0.00,0.00,0.00,45,-392,6270,259,651
john victor_maciel furtado,Nott'm Forest,GK,4.5,4,Aston Villa,False,0,0,468,31,2026-09-12T14:00:00Z,1,2,False,0,0,0,0,0,0,0,0,0,0,0,0,0.0,0.0,0.0,0.0,0,0,0,0,0,0.00,0.00,0.00,0.00,45,-238,6251,173,411
neco_williams,Nott'm Forest,DF,5.0,1,Leeds,True,90,2,469,6,2026-08-22T14:00:00Z,0,1,False,0,0,0,1,0,0,0,0,0,0,0,13,15.2,5.8,6.0,2.7,3,10,3,6,1,0.00,0.02,0.02,0.47,50,0,924685,0,0
neco_williams,Nott'm Forest,DF,5.0,2,Liverpool,False,90,6,469,14,2026-08-29T11:30:00Z,2,2,False,0,1,0,2,0,0,0,0,0,0,0,16,34.4,25.3,6.0,6.6,6,1,6,12,1,0.12,0.15,0.27,1.75,50,-67984,880209,14150,82134
neco_williams,Nott'm Forest,DF,5.0,3,Spurs,True,90,7,469,28,2026-09-05T14:00:00Z,0,0,False,0,0,1,0,0,0,0,0,0,0,1,28,11.4,10.9,4.0,2.6,3,8,3,6,1,0.00,0.07,0.07,1.06,50,-35180,851007,53518,88698
neco_williams,Nott'm Forest,DF,5.0,4,Aston Villa,False,90,2,469,31,2026-09-12T14:00:00Z,1,2,False,0,0,0,1,0,0,0,0,0,0,0,9,8.8,19.9,10.0,3.9,2,1,1,3,1,0.20,0.16,0.36,0.82,50,7392,864022,91886,84494
felipe_rodrigues da silva,Nott'm Forest,DF,5.0,1,Leeds,True,0,0,470,6,2026-08-22T14:00:00Z,0,1,False,0,0,0,0,0,0,0,0,0,0,0,0,0.0,0.0,0.0,0.0,0,0,0,0,0,0.00,0.00,0.00,0.00,50,0,4345,0,0
felipe_rodrigues da silva,Nott'm Forest,DF,5.0,2,Liverpool,False,0,0,470,14,2026-08-29T11:30:00Z,2,2,False,0,0,0,0,0,0,0,0,0,0,0,0,0.0,0.0,0.0,0.0,0,0,0,0,0,0.00,0.00,0.00,0.00,50,-437,4633,230,667
felipe_rodrigues da silva,Nott'm Forest,DF,5.0,3,Spurs,True,0,0,470,28,2026-09-05T14:00:00Z,0,0,False,0,0,0,0,0,0,0,0,0,0,0,0,0.0,0.0,0.0,0.0,0,0,0,0,0,0.00,0.00,0.00,0.00,50,-1172,3599,194,1366
felipe_rodrigues da silva,Nott'm Forest,DF,5.0,4,Aston Villa,False,0,0,470,31,2026-09-12T14:00:00Z,1,2,False,0,0,0,0,0,0,0,0,0,0,0,0,0.0,0.0,0.0,0.0,0,0,0,0,0,0.00,0.00,0.00,0.00,50,-1122,2529,0,1122
nikola_milenković,Nott'm Forest,DF,5.5,1,Leeds,True,90,2,471,6,2026-08-22T14:00:00Z,0,1,False,0,0,0,1,0,0,0,0,0,0,0,4,7.6,0.6,14.0,2.2,7,6,0,7,1,0.11,0.02,0.13,0.47,55,0,173511,0,0
nikola_milenković,Nott'm Forest,DF,5.5,2,Liverpool,False,90,3,471,14,2026-08-29T11:30:00Z,2,2,False,0,0,0,2,0,0,0,0,0,0,0,3,17.0,0.0,0.0,1.7,10,3,3,13,1,0.00,0.00,0.00,1.75,55,-14450,176049,2591,17041
nikola_milenković,Nott'm Forest,DF,5.5,3,Spurs,True,90,7,471,28,2026-09-05T14:00:00Z,0,0,False,0,0,1,0,0,0,0,1,0,0,0,27,28.6,0.8,2.0,3.1,9,3,2,11,1,0.00,0.01,0.01,1.06,55,-12221,168090,5627,17848
nikola_milenković,Nott'm Forest,DF,5.5,4,Aston Villa,False,0,0,471,31,2026-09-12T14:00:00Z,1,2,False,0,0,0,0,0,0,0,0,0,0,0,0,0.0,0.0,0.0,0.0,0,0,0,0,0,0.00,0.00,0.00,0.00,55,-346,171183,9458,9804
murillo_costa dos santos,Nott'm Forest,DF,5.5,1,Leeds,True,90,4,472,6,2026-08-22T14:00:00Z,0,1,False,0,0,0,1,0,0,0,0,0,0,0,15,32.2,25.9,0.0,5.8,12,3,2,14,1,0.00,0.28,0.28,0.47,55,0,134909,0,0
murillo_costa dos santos,Nott'm Forest,DF,5.5,2,Liverpool,False,90,1,472,14,2026-08-29T11:30:00Z,2,2,False,0,0,0,2,0,0,0,0,0,0,0,2,11.2,0.3,8.0,2.0,6,3,0,6,1,0.18,0.00,0.18,1.75,55,-3257,162661,8580,11837
murillo_costa dos santos,Nott'm Forest,DF,5.5,3,Spurs,True,89,8,472,28,2026-09-05T14:00:00Z,0,0,False,0,0,1,0,0,0,0,0,0,0,0,25,17.8,1.2,10.0,2.9,6,4,4,10,1,0.17,0.00,0.17,1.06,55,-10492,160118,9660,20152
murillo_costa dos santos,Nott'm Forest,DF,5.5,4,Aston Villa,False,90,6,472,31,2026-09-12T14:00:00Z,1,2,False,0,1,0,1,0,0,0,1,0,0,0,18,33.0,10.9,0.0,4.4,10,6,2,12,1,0.00,0.01,0.01,0.82,55,5868,172739,15727,9859
ola_aina,Nott'm Forest,DF,4.5,1,Leeds,True,73,5,473,6,2026-08-22T14:00:00Z,0,1,False,0,0,1,0,0,0,0,1,0,0,0,24,16.0,35.6,11.0,6.3,2,4,0,2,1,0.04,0.17,0.21,0.34,45,0,328883,0,0
ola_aina,Nott'm Forest,DF,4.5,2,Liverpool,False,85,0,473,14,2026-08-29T11:30:00Z,2,2,False,0,0,0,2,0,0,0,1,0,0,0,2,11.8,15.5,4.0,3.1,3,4,2,5,1,0.00,0.35,0.35,1.75,45,-5067,345943,17770,22837
ola_aina,Nott'm Forest,DF,4.5,3,Spurs,True,58,1,473,28,2026-09-05T14:00:00Z,0,0,False,0,0,0,0,0,0,0,0,0,0,0,8,13.0,0.5,0.0,1.4,2,4,5,7,1,0.00,0.00,0.00,0.81,45,-30402,313105,20608,51010
ola_aina,Nott'm Forest,DF,4.5,4,Aston Villa,False,90,2,473,31,2026-09-12T14:00:00Z,1,2,False,0,0,0,1,0,0,0,0,0,0,0,11,17.4,1.7,0.0,1.9,5,2,3,8,1,0.00,0.01,0.01,0.82,45,-43006,273323,8317,51323
jair_paula da cunha filho,Nott'm Forest,DF,4.5,1,Leeds,True,90,1,474,6,2026-08-22T14:00:00Z,0,1,False,0,0,0,1,0,0,0,1,0,0,0,5,20.8,1.3,0.0,2.2,7,0,1,8,1,0.00,0.00,0.00,0.47,45,0,19663,0,0
jair_paula da cunha filho,Nott'm Forest,DF,4.5,2,Liverpool,False,90,1,474,14,2026-08-29T11:30:00Z,2,2,False,0,0,0,2,0,0,0,0,0,0,0,6,14.6,0.4,0.0,1.5,6,3,2,8,1,0.00,0.00,0.00,1.75,45,-1300,21029,259,1559
jair_paula da cunha filho,Nott'm Forest,DF,4.5,3,Spurs,True,90,8,474,28,2026-09-05T14:00:00Z,0,0,False,0,0,1,0,0,0,0,0,0,0,0,24,20.0,0.7,1.0,2.2,10,2,2,12,1,0.03,0.01,0.04,1.06,45,-1070,20256,924,1994
jair_paula da cunha filho,Nott'm Forest,DF,4.5,4,Aston Villa,False,0,0,474,31,2026-09-12T14:00:00Z,1,2,False,0,0,0,0,0,0,0,0,0,0,0,0,0.0,0.0,0.0,0.0,0,0,0,0,0,0.00,0.00,0.00,0.00,45,3885,24942,8098,4213
nicolò_savona,Nott'm Forest,DF,4.5,1,Leeds,True,0,0,475,6,2026-08-22T14:00:00Z,0,1,False,0,0,0,0,0,0,0,0,0,0,0,0,0.0,0.0,0.0,0.0,0,0,0,0,0,0.00,0.00,0.00,0.00,45,0,209,0,0
nicolò_savona,Nott'm Forest,DF,4.5,2,Liverpool,False,0,0,475,14,2026-08-29T11:30:00Z,2,2,False,0,0,0,0,0,0,0,0,0,0,0,0,0.0,0.0,0.0,0.0,0,0,0,0,0,0.00,0.00,0.00,0.00,45,65,304,113,48
nicolò_savona,Nott'm Forest,DF,4.5,3,Spurs,True,0,0,475,28,2026-09-05T14:00:00Z,0,0,False,0,0,0,0,0,0,0,0,0,0,0,0,0.0,0.0,0.0,0.0,0,0,0,0,0,0.00,0.00,0.00,0.00,45,-97,221,34,131
nicolò_savona,Nott'm Forest,DF,4.5,4,Aston Villa,False,0,0,475,31,2026-09-12T14:00:00Z,1,2,False,0,0,0,0,0,0,0,0,0,0,0,0,0.0,0.0,0.0,0.0,0,0,0,0,0,0.00,0.00,0.00,0.00,45,16,263,56,40
omar_richards,Nott'm Forest,DF,4.0,1,Leeds,True,0,0,476,6,2026-08-22T14:00:00Z,0,1,False,0,0,0,0,0,0,0,0,0,0,0,0,0.0,0.0,0.0,0.0,0,0,0,0,0,0.00,0.00,0.00,0.00,40,0,23191,0,0
omar_richards,Nott'm Forest,DF,4.0,2,Liverpool,False,0,0,476,14,2026-08-29T11:30:00Z,2,2,False,0,0,0,0,0,0,0,0,0,0,0,0,0.0,0.0,0.0,0.0,0,0,0,0,0,0.00,0.00,0.00,0.00,40,-1513,23167,495,2008
omar_richards,Nott'm Forest,DF,4.0,3,Spurs,True,0,0,476,28,2026-09-05T14:00:00Z,0,0,False,0,0,0,0,0,0,0,0,0,0,0,0,0.0,0.0,0.0,0.0,0,0,0,0,0,0.00,0.00,0.00,0.00,40,-858,23523,1258,2116
omar_richards,Nott'm Forest,DF,4.0,4,Aston Villa,False,0,0,476,31,2026-09-12T14:00:00Z,1,2,False,0,0,0,0,0,0,0,0,0,0,0,0,0.0,0.0,0.0,0.0,0,0,0,0,0,0.00,0.00,0.00,0.00,40,-831,23161,925,1756
zach_abbott,Nott'm Forest,DF,4.0,1,Leeds,True,0,0,477,6,2026-08-22T14:00:00Z,0,1,False,0,0,0,0,0,0,0,0,0,0,0,0,0.0,0.0,0.0,0.0,0,0,0,0,0,0.00,0.00,0.00,0.00,40,0,23851,0,0
zach_abbott,Nott'm Forest,DF,4.0,2,Liverpool,False,0,0,477,14,2026-08-29T11:30:00Z,2,2,False,0,0,0,0,0,0,0,0,0,0,0,0,0.0,0.0,0.0,0.0,0,0,0,0,0,0.00,0.00,0.00,0.00,40,-1227,24822,996,2223
zach_abbott,Nott'm Forest,DF,4.0,3,Spurs,True,0,0,477,28,2026-09-05T14:00:00Z,0,0,False,0,0,0,0,0,0,0,0,0,0,0,0,0.0,0.0,0.0,0.0,0,0,0,0,0,0.00,0.00,0.00,0.00,40,-2802,22912,1463,4265
zach_abbott,Nott'm Forest,DF,4.0,4,Aston Villa,False,0,0,477,31,2026-09-12T14:00:00Z,1,2,False,0,0,0,0,0,0,0,0,0,0,0,0,0.0,0.0,0.0,0.0,0,0,0,0,0,0.00,0.00,0.00,0.00,40,-4322,18185,0,4322
luca_netz,Nott'm Forest,DF,4.5,1,Leeds,True,16,1,478,6,2026-08-22T14:00:00Z,0,1,False,0,0,0,1,0,0,0,0,0,0,0,-2,0.0,0.9,0.0,0.1,0,1,0,0,0,0.00,0.00,0.00,0.13,45,0,2322,0,0
luca_netz,Nott'm Forest,DF,4.5,2,Liverpool,False,4,1,478,14,2026-08-29T11:30:00Z,2,2,False,0,0,0,0,0,0,0,0,0,0,0,5,2.0,0.0,0.0,0.2,0,0,1,1,0,0.00,0.00,0.00,0.00,45,-176,3516,112,288
luca_netz,Nott'm Forest,DF,4.5,3,Spurs,True,0,0,478,28,2026-09-05T14:00:00Z,0,0,False,0,0,0,0,0,0,0,0,0,0,0,0,0.0,0.0,0.0,0.0,0,0,0,0,0,0.00,0.00,0.00,0.00,45,-304,3401,168,472
luca_netz,Nott'm Forest,DF,4.5,4,Aston Villa,False,0,0,478,31,2026-09-12T14:00:00Z,1,2,False,0,0,0,0,0,0,0,0,0,0,0,0,0.0,0.0,0.0,0.0,0,0,0,0,0,0.00,0.00,0.00,0.00,45,-264,3279,104,368
tyler_bindon,Nott'm Forest,DF,4.0,1,Leeds,True,0,0,479,6,2026-08-22T14:00:00Z,0,1,False,0,0,0,0,0,0,0,0,0,0,0,0,0.0,0.0,0.0,0.0,0,0,0,0,0,0.00,0.00,0.00,0.00,40,0,18342,0,0
tyler_bindon,Nott'm Forest,DF,4.0,2,Liverpool,False,0,0,479,14,2026-08-29T11:30:00Z,2,2,False,0,0,0,0,0,0,0,0,0,0,0,0,0.0,0.0,0.0,0.0,0,0,0,0,0,0.00,0.00,0.00,0.00,40,-1052,18138,365,1417
tyler_bindon,Nott'm Forest,DF,4.0,3,Spurs,True,0,0,479,28,2026-09-05T14:00:00Z,0,0,False,0,0,0,0,0,0,0,0,0,0,0,0,0.0,0.0,0.0,0.0,0,0,0,0,0,0.00,0.00,0.00,0.00,40,-2507,15742,434,2941
tyler_bindon,Nott'm Forest,DF,4.0,4,Aston Villa,False,0,0,479,31,2026-09-12T14:00:00Z,1,2,False,0,0,0,0,0,0,0,0,0,0,0,0,0.0,0.0,0.0,0.0,0,0,0,0,0,0.00,0.00,0.00,0.00,40,-2375,13436,0,2375
morgan_gibbs-white,Nott'm Forest,MD,8.0,1,Leeds,True,90,2,480,6,2026-08-22T14:00:00Z,0,1,False,0,0,0,1,0,0,0,0,0,0,0,10,0.0,9.3,16.0,2.4,1,2,0,3,1,0.13,0.06,0.19,0.47,80,0,1039647,0,0
morgan_gibbs-white,Nott'm Forest,MD,8.0,2,Liverpool,False,90,13,480,14,2026-08-29T11:30:00Z,2,2,False,1,1,0,2,0,0,0,0,0,0,3,36,56.4,12.5,17.0,8.6,1,2,2,5,1,0.79,0.04,0.83,1.75,80,-274313,815842,8780,283093
morgan_gibbs-white,Nott'm Forest,MD,7.9,3,Spurs,True,90,3,480,28,2026-09-05T14:00:00Z,0,0,False,0,0,1,0,0,0,0,0,0,0,0,3,5.6,3.0,13.0,2.2,0,5,2,7,1,0.48,0.01,0.49,1.06,79,102526,1065969,215196,112670
morgan_gibbs-white,Nott'm Forest,MD,7.9,4,Aston Villa,False,90,8,480,31,2026-09-12T14:00:00Z,1,2,False,0,1,0,1,0,0,0,0,0,0,3,42,39.0,98.5,26.0,16.4,0,3,1,4,1,0.16,0.91,1.07,0.82,79,26861,1011180,175102,148241
callum_hudson-odoi,Nott'm Forest,MD,6.0,1,Leeds,True,0,0,482,6,2026-08-22T14:00:00Z,0,1,False,0,0,0,0,0,0,0,0,0,0,0,0,0.0,0.0,0.0,0.0,0,0,0,0,0,0.00,0.00,0.00,0.00,60,0,23579,0,0
callum_hudson-odoi,Nott'm Forest,MD,6.0,2,Liverpool,False,1,1,482,14,2026-08-29T11:30:00Z,2,2,False,0,0,0,0,0,0,0,0,0,0,0,2,0.0,0.3,0.0,0.0,0,0,0,0,0,0.00,0.00,0.00,0.00,60,-4758,21667,726,5484
callum_hudson-odoi,Nott'm Forest,MD,5.9,3,Spurs,True,0,0,482,28,2026-09-05T14:00:00Z,0,0,False,0,0,0,0,0,0,0,0,0,0,0,0,0.0,0.0,0.0,0.0,0,0,0,0,0,0.00,0.00,0.00,0.00,59,-3315,19189,1609,4924
callum_hudson-odoi,Nott'm Forest,MD,5.9,4,Aston Villa,False,0,0,482,31,2026-09-12T14:00:00Z,1,2,False,0,0,0,0,0,0,0,0,0,0,0,0,0.0,0.0,0.0,0.0,0,0,0,0,0,0.00,0.00,0.00,0.00,59,-2586,17097,774,3360
dan_ndoye,Nott'm Forest,MD,5.5,1,Leeds,True,61,3,483,6,2026-08-22T14:00:00Z,0,1,False,0,0,1,0,0,0,0,0,0,0,0,5,1.4,2.5,0.0,0.4,1,1,1,3,1,0.00,0.00,0.00,0.25,55,0,39539,0,0
dan_ndoye,Nott'm Forest,MD,5.5,2,Liverpool,False,65,9,483,14,2026-08-29T11:30:00Z,2,2,False,1,0,0,1,0,0,0,0,0,0,2,30,35.8,23.0,36.0,9.5,1,8,0,9,1,0.35,0.63,0.98,1.42,55,-3771,39501,1491,5262
dan_ndoye,Nott'm Forest,MD,5.5,3,Spurs,True,58,1,483,28,2026-09-05T14:00:00Z,0,0,False,0,0,0,0,0,0,0,0,0,0,0,5,0.4,0.3,0.0,0.1,0,4,1,5,1,0.00,0.00,0.00,0.81,55,22451,73790,33732,11281
dan_ndoye,Nott'm Forest,MD,5.5,4,Aston Villa,False,74,1,483,31,2026-09-12T14:00:00Z,1,2,False,0,0,0,1,0,0,0,1,0,0,0,1,0.0,12.5,38.0,4.7,0,2,0,2,1,0.70,0.25,0.95,0.73,55,-3202,67800,9828,13030
omari_hutchinson,Nott'm Forest,MD,5.5,1,Leeds,True,0,0,484,6,2026-08-22T14:00:00Z,0,1,False,0,0,0,0,0,0,0,0,0,0,0,0,0.0,0.0,0.0,0.0,0,0,0,0,0,0.00,0.00,0.00,0.00,55,0,15797,0,0
omari_hutchinson,Nott'm Forest,MD,5.5,2,Liverpool,False,0,0,484,14,2026-08-29T11:30:00Z,2,2,False,0,0,0,0,0,0,0,0,0,0,0,0,0.0,0.0,0.0,0.0,0,0,0,0,0,0.00,0.00,0.00,0.00,55,-2032,15837,214,2246
omari_hutchinson,Nott'm Forest,MD,5.4,3,Spurs,True,0,0,484,28,2026-09-05T14:00:00Z,0,0,False,0,0,0,0,0,0,0,0,0,0,0,0,0.0,0.0,0.0,0.0,0,0,0,0,0,0.00,0.00,0.00,0.00,54,-4400,11458,213,4613
omari_hutchinson,Nott'm Forest,MD,5.4,4,Aston Villa,False,0,0,484,31,2026-09-12T14:00:00Z,1,2,False,0,0,0,0,0,0,0,0,0,0,0,0,0.0,0.0,0.0,0.0,0,0,0,0,0,0.00,0.00,0.00,0.00,54,-2676,8921,0,2676
dilane_bakwa,Nott'm Forest,MD,5.5,1,Leeds,True,0,0,485,6,2026-08-22T14:00:00Z,0,1,False,0,0,0,0,0,0,0,0,0,0,0,0,0.0,0.0,0.0,0.0,0,0,0,0,0,0.00,0.00,0.00,0.00,55,0,1373,0,0
dilane_bakwa,Nott'm Forest,MD,5.5,2,Liverpool,False,0,0,485,14,2026-08-29T11:30:00Z,2,2,False,0,0,0,0,0,0,0,0,0,0,0,0,0.0,0.0,0.0,0.0,0,0,0,0,0,0.00,0.00,0.00,0.00,55,-298,1297,107,405
dilane_bakwa,Nott'm Forest,MD,5.5,3,Spurs,True,0,0,485,28,2026-09-05T14:00:00Z,0,0,False,0,0,0,0,0,0,0,0,0,0,0,0,0.0,0.0,0.0,0.0,0,0,0,0,0,0.00,0.00,0.00,0.00,55,-532,761,0,532
dilane_bakwa,Nott'm Forest,MD,5.5,4,Aston Villa,False,0,0,485,31,2026-09-12T14:00:00Z,1,2,False,0,0,0,0,0,0,0,0,0,0,0,0,0.0,0.0,0.0,0.0,0,0,0,0,0,0.00,0.00,0.00,0.00,55,-145,638,0,145
james_mcatee,Nott'm Forest,MD,5.5,1,Leeds,True,73,3,486,6,2026-08-22T14:00:00Z,0,1,False,0,0,1,0,0,0,0,0,0,0,0,18,11.6,42.5,0.0,5.4,2,5,1,8,1,0.00,0.16,0.16,0.34,55,0,3147,0,0
james_mcatee,Nott'm Forest,MD,5.5,2,Liverpool,False,90,2,486,14,2026-08-29T11:30:00Z,2,2,False,0,0,0,2,0,0,0,0,0,0,0,16,8.2,18.5,0.0,2.7,2,5,1,8,1,0.00,0.16,0.16,1.75,55,199,5218,674,475
james_mcatee,Nott'm Forest,MD,5.5,3,Spurs,True,90,2,486,28,2026-09-05T14:00:00Z,0,0,False,0,0,1,0,0,0,0,1,0,0,0,22,14.2,59.5,10.0,8.4,0,4,3,7,1,0.13,0.22,0.35,1.06,55,1865,8416,3393,1528
james_mcatee,Nott'm Forest,MD,5.5,4,Aston Villa,False,81,3,486,31,2026-09-12T14:00:00Z,1,2,False,0,0,0,1,0,0,0,1,0,0,0,18,14.8,27.3,10.0,5.2,4,5,3,12,1,0.03,0.38,0.41,0.73,55,546,9321,1956,1410
nicolás_domínguez,Nott'm Forest,MD,5.0,1,Leeds,True,0,0,487,6,2026-08-22T14:00:00Z,0,1,False,0,0,0,0,0,0,0,0,0,0,0,0,0.0,0.0,0.0,0.0,0,0,0,0,0,0.00,0.00,0.00,0.00,50,0,7576,0,0
nicolás_domínguez,Nott'm Forest,MD,5.0,2,Liverpool,False,1,1,487,14,2026-08-29T11:30:00Z,2,2,False,0,0,0,0,0,0,0,0,0,0,0,3,0.2,0.0,0.0,0.0,0,0,0,0,0,0.00,0.00,0.00,0.00,50,-848,7613,214,1062
nicolás_domínguez,Nott'm Forest,MD,5.0,3,Spurs,True,0,0,487,28,2026-09-05T14:00:00Z,0,0,False,0,0,0,0,0,0,0,0,0,0,0,0,0.0,0.0,0.0,0.0,0,0,0,0,0,0.00,0.00,0.00,0.00,50,-788,7052,358,1146
nicolás_domínguez,Nott'm Forest,MD,4.9,4,Aston Villa,False,0,0,487,31,2026-09-12T14:00:00Z,1,2,False,0,0,0,0,0,0,0,0,0,0,0,0,0.0,0.0,0.0,0.0,0,0,0,0,0,0.00,0.00,0.00,0.00,49,-569,6666,312,881
ibrahim_sangaré,Nott'm Forest,MD,5.0,1,Leeds,True,90,2,488,6,2026-08-22T14:00:00Z,0,1,False,0,0,0,1,0,0,0,0,0,0,0,10,17.8,13.0,3.0,3.4,3,3,0,6,1,0.03,0.01,0.04,0.47,50,0,100536,0,0
ibrahim_sangaré,Nott'm Forest,MD,5.0,2,Liverpool,False,0,0,488,14,2026-08-29T11:30:00Z,2,2,False,0,0,0,0,0,0,0,0,0,0,0,0,0.0,0.0,0.0,0.0,0,0,0,0,0,0.00,0.00,0.00,0.00,50,-15127,88298,2850,17977
ibrahim_sangaré,Nott'm Forest,MD,4.9,3,Spurs,True,0,0,488,28,2026-09-05T14:00:00Z,0,0,False,0,0,0,0,0,0,0,0,0,0,0,0,0.0,0.0,0.0,0.0,0,0,0,0,0,0.00,0.00,0.00,0.00,49,-26662,60777,1817,28479
ibrahim_sangaré,Nott'm Forest,MD,4.9,4,Aston Villa,False,8,1,488,31,2026-09-12T14:00:00Z,1,2,False,0,0,0,0,0,0,0,0,0,0,0,2,2.4,0.4,2.0,0.5,1,0,1,2,0,0.06,0.01,0.07,0.09,49,-9453,52561,2665,12118
ryan_yates,Nott'm Forest,MD,4.5,1,Leeds,True,0,0,489,6,2026-08-22T14:00:00Z,0,1,False,0,0,0,0,0,0,0,0,0,0,0,0,0.0,0.0,0.0,0.0,0,0,0,0,0,0.00,0.00,0.00,0.00,45,0,177323,0,0
ryan_yates,Nott'm Forest,MD,4.5,2,Liverpool,False,0,0,489,14,2026-08-29T11:30:00Z,2,2,False,0,0,0,0,0,0,0,0,0,0,0,0,0.0,0.0,0.0,0.0,0,0,0,0,0,0.00,0.00,0.00,0.00,45,-35340,142945,1743,37083
ryan_yates,Nott'm Forest,MD,4.5,3,Spurs,True,0,0,489,28,2026-09-05T14:00:00Z,0,0,False,0,0,0,0,0,0,0,0,0,0,0,0,0.0,0.0,0.0,0.0,0,0,0,0,0,0.00,0.00,0.00,0.00,45,-864,152628,17319,18183
ryan_yates,Nott'm Forest,MD,4.5,4,Aston Villa,False,0,0,489,31,2026-09-12T14:00:00Z,1,2,False,0,0,0,0,0,0,0,0,0,0,0,0,0.0,0.0,0.0,0.0,0,0,0,0,0,0.00,0.00,0.00,0.00,45,-8348,144588,7645,15993
chris_wood,Nott'm Forest,FW,6.0,1,Leeds,True,28,1,490,6,2026-08-22T14:00:00Z,0,1,False,0,0,0,1,0,0,0,0,0,0,0,3,0.0,2.4,3.0,0.4,0,1,0,1,0,0.12,0.01,0.13,0.22,60,0,159951,0,0
chris_wood,Nott'm Forest,FW,6.0,2,Liverpool,False,0,0,490,14,2026-08-29T11:30:00Z,2,2,False,0,0,0,0,0,0,0,0,0,0,0,0,0.0,0.0,0.0,0.0,0,0,0,0,0,0.00,0.00,0.00,0.00,60,-24782,152998,4569,29351
chris_wood,Nott'm Forest,FW,5.9,3,Spurs,True,16,1,490,28,2026-09-05T14:00:00Z,0,0,False,0,0,0,0,0,0,0,0,0,0,0,3,0.2,0.1,0.0,0.0,0,0,0,0,0,0.00,0.00,0.00,0.18,59,-35128,121647,7780,42908
chris_wood,Nott'm Forest,FW,5.9,4,Aston Villa,False,1,1,490,31,2026-09-12T14:00:00Z,1,2,False,0,0,0,0,0,0,0,0,0,0,0,3,0.0,0.0,0.0,0.0,0,0,0,0,0,0.00,0.00,0.00,0.09,59,-17430,108335,4564,21994
igor jesus_maciel da cruz,Nott'm Forest,FW,6.0,1,Leeds,True,90,2,491,6,2026-08-22T14:00:00Z,0,1,False,0,0,0,1,0,0,0,0,0,0,0,8,5.2,6.8,31.0,4.3,2,1,0,3,1,0.22,0.02,0.24,0.47,60,0,389784,0,0
igor jesus_maciel da cruz,Nott'm Forest,FW,6.0,2,Liverpool,False,90,1,491,14,2026-08-29T11:30:00Z,2,2,False,0,0,0,2,0,0,0,1,0,0,0,4,8.6,13.3,38.0,6.0,3,1,1,5,1,0.74,0.04,0.78,1.75,60,-48313,361702,10237,58550
igor jesus_maciel da cruz,Nott'm Forest,FW,5.9,3,Spurs,True,31,1,491,28,2026-09-05T14:00:00Z,0,0,False,0,0,0,0,0,0,0,0,0,0,0,3,1.2,0.4,0.0,0.2,0,0,1,1,0,0.00,0.00,0.00,0.26,59,-56312,307784,25411,81723
igor jesus_maciel da cruz,Nott'm Forest,FW,5.9,4,Aston Villa,False,15,7,491,31,2026-09-12T14:00:00Z,1,2,False,1,0,0,0,0,0,0,0,0,0,2,34,36.4,11.0,17.0,6.4,0,3,0,3,0,0.13,0.01,0.14,0.09,59,-61409,253573,12811,74220
arnaud_kalimuendo,Nott'm Forest,FW,5.5,1,Leeds,True,1,1,493,6,2026-08-22T14:00:00Z,0,1,False,0,0,0,0,0,0,0,0,0,0,0,3,0.0,0.0,0.0,0.0,0,0,0,0,0,0.00,0.00,0.00,0.00,55,0,4138,0,0
arnaud_kalimuendo,Nott'm Forest,FW,5.5,2,Liverpool,False,0,0,493,14,2026-08-29T11:30:00Z,2,2,False,0,0,0,0,0,0,0,0,0,0,0,0,0.0,0.0,0.0,0.0,0,0,0,0,0,0.00,0.00,0.00,0.00,55,-418,5177,339,757
arnaud_kalimuendo,Nott'm Forest,FW,5.4,3,Spurs,True,0,0,493,28,2026-09-05T14:00:00Z,0,0,False,0,0,0,0,0,0,0,0,0,0,0,0,0.0,0.0,0.0,0.0,0,0,0,0,0,0.00,0.00,0.00,0.00,54,-411,5117,838,1249
arnaud_kalimuendo,Nott'm Forest,FW,5.4,4,Aston Villa,False,0,0,493,31,2026-09-12T14:00:00Z,1,2,False,0,0,0,0,0,0,0,0,0,0,0,0,0.0,0.0,0.0,0.0,0,0,0,0,0,0.00,0.00,0.00,0.00,54,281,5715,1150,869
xaver_schlager,Nott'm Forest,MD,5.0,1,Leeds,True,16,1,558,6,2026-08-22T14:00:00Z,0,1,False,0,0,0,1,0,0,0,0,0,0,0,3,0.6,1.0,2.0,0.4,0,1,0,1,0,0.00,0.00,0.00,0.13,50,0,10065,0,0
xaver_schlager,Nott'm Forest,MD,5.0,2,Liverpool,False,90,4,558,14,2026-08-29T11:30:00Z,2,2,False,0,0,0,2,0,0,0,0,0,0,0,15,21.2,0.7,7.0,2.9,3,7,5,15,1,0.05,0.00,0.05,1.75,50,-986,9781,158,1144
xaver_schlager,Nott'm Forest,MD,5.0,3,Spurs,True,90,3,558,28,2026-09-05T14:00:00Z,0,0,False,0,0,1,0,0,0,0,0,0,0,0,18,11.2,2.3,1.0,1.5,3,3,4,10,1,0.03,0.06,0.09,1.06,50,99,10377,1419,1320
xaver_schlager,Nott'm Forest,MD,5.0,4,Aston Villa,False,90,3,558,31,2026-09-12T14:00:00Z,1,2,False,0,0,0,1,0,0,0,1,0,0,0,18,21.8,15.2,17.0,5.4,3,7,6,16,1,0.06,0.02,0.08,0.82,50,-224,10277,1040,1264
ousmane_diomande,Nott'm Forest,DF,5.5,1,Leeds,True,0,0,581,6,2026-08-22T14:00:00Z,0,1,False,0,0,0,0,0,0,0,0,0,0,0,0,0.0,0.0,0.0,0.0,0,0,0,0,0,0.00,0.00,0.00,0.00,55,0,67092,0,0
ousmane_diomande,Nott'm Forest,DF,5.5,2,Liverpool,False,0,0,581,14,2026-08-29T11:30:00Z,2,2,False,0,0,0,0,0,0,0,0,0,0,0,0,0.0,0.0,0.0,0.0,0,0,0,0,0,0.00,0.00,0.00,0.00,55,-8617,71062,3484,12101
ousmane_diomande,Nott'm Forest,DF,5.4,3,Spurs,True,1,1,581,28,2026-09-05T14:00:00Z,0,0,False,0,0,0,0,0,0,0,0,0,0,0,3,0.0,0.0,0.0,0.0,0,0,0,0,0,0.00,0.00,0.00,0.00,54,-12790,61213,3142,15932
ousmane_diomande,Nott'm Forest,DF,5.4,4,Aston Villa,False,90,4,581,31,2026-09-12T14:00:00Z,1,2,False,0,0,0,1,0,0,0,0,0,0,0,10,24.6,0.4,11.0,3.6,13,3,1,14,1,0.11,0.00,0.11,0.82,54,-6555,56566,1486,8041
steven_benda,Nott'm Forest,GK,4.5,1,Leeds,True,0,0,590,6,2026-08-22T14:00:00Z,0,1,False,0,0,0,0,0,0,0,0,0,0,0,0,0.0,0.0,0.0,0.0,0,0,0,0,0,0.00,0.00,0.00,0.00,45,0,5245,0,0
steven_benda,Nott'm Forest,GK,4.5,2,Liverpool,False,0,0,590,14,2026-08-29T11:30:00Z,2,2,False,0,0,0,0,0,0,0,0,0,0,0,0,0.0,0.0,0.0,0.0,0,0,0,0,0,0.00,0.00,0.00,0.00,45,81,6630,625,544
steven_benda,Nott'm Forest,GK,4.5,3,Spurs,True,0,0,590,28,2026-09-05T14:00:00Z,0,0,False,0,0,0,0,0,0,0,0,0,0,0,0,0.0,0.0,0.0,0.0,0,0,0,0,0,0.00,0.00,0.00,0.00,45,79,7389,950,871
steven_benda,Nott'm Forest,GK,4.5,4,Aston Villa,False,0,0,590,31,2026-09-12T14:00:00Z,1,2,False,0,0,0,0,0,0,0,0,0,0,0,0,0.0,0.0,0.0,0.0,0,0,0,0,0,0.00,0.00,0.00,0.00,45,-80,7551,543,623
jan paul_van hecke,Spurs,DF,5.0,1,Brentford,False,90,1,112,2,2026-08-22T16:30:00Z,3,0,False,0,0,0,3,0,0,0,0,0,0,0,3,28.2,2.8,2.0,3.3,7,3,2,9,1,0.00,0.03,0.03,3.87,50,0,955905,0,0
jan paul_van hecke,Spurs,DF,5.0,2,Newcastle,True,90,1,112,15,2026-08-29T16:30:00Z,0,2,False,0,0,0,2,0,0,0,0,0,0,0,9,26.6,13.7,33.0,7.3,6,4,2,8,1,0.11,0.03,0.14,0.72,50,-62164,945549,36604,98768
jan paul_van hecke,Spurs,DF,4.9,3,Nott'm Forest,False,90,8,112,28,2026-09-05T14:00:00Z,0,0,False,0,0,1,0,0,0,0,0,0,0,2,29,16.6,12.8,11.0,4.0,3,4,1,4,1,0.09,0.01,0.10,0.92,49,-198387,733037,21192,219579
jan paul_van hecke,Spurs,DF,4.9,4,Everton,True,90,8,112,37,2026-09-12T16:30:00Z,0,0,False,0,0,1,0,0,0,0,0,0,0,0,27,38.4,15.2,7.0,6.1,11,2,2,13,1,0.14,0.05,0.19,1.11,49,-45526,718579,37570,83096
tosin_adarabioyo,Spurs,DF,4.5,1,Fulham,False,0,0,147,10,2026-08-24T19:00:00Z,2,3,False,0,0,0,0,0,0,0,0,0,0,0,0,0.0,0.0,0.0,0.0,0,0,0,0,0,0.00,0.00,0.00,0.00,45,0,18070,0,0
tosin_adarabioyo,Spurs,DF,4.5,2,Brighton,True,0,0,147,16,2026-08-30T13:00:00Z,4,3,False,0,0,0,0,0,0,0,0,0,0,0,0,0.0,0.0,0.0,0.0,0,0,0,0,0,0.00,0.00,0.00,0.00,45,-1857,19280,263,2120
tosin_adarabioyo,Spurs,DF,4.5,3,Nott'm Forest,False,0,0,147,28,2026-09-05T14:00:00Z,0,0,False,0,0,0,0,0,0,0,0,0,0,0,0,0.0,0.0,0.0,0.0,0,0,0,0,0,0.00,0.00,0.00,0.00,45,-2004,17692,553,2557
tosin_adarabioyo,Spurs,DF,4.4,4,Everton,True,5,1,147,37,2026-09-12T16:30:00Z,0,0,False,0,0,0,0,0,0,0,0,0,0,0,5,9.0,0.2,0.0,0.9,2,1,2,4,0,0.00,0.00,0.00,0.03,44,-999,17024,639,1638
omar_marmoush,Spurs,FW,7.0,1,Bournemouth,True,0,0,401,8,2026-08-23T13:00:00Z,2,1,False,0,0,0,0,0,0,0,0,0,0,0,0,0.0,0.0,0.0,0.0,0,0,0,0,0,0.00,0.00,0.00,0.00,70,0,80421,0,0
omar_marmoush,Spurs,FW,7.0,2,Newcastle,True,90,2,401,15,2026-08-29T16:30:00Z,0,2,False,0,0,0,2,0,0,0,0,0,0,0,14,9.2,35.1,28.0,7.2,0,3,1,4,1,0.17,0.07,0.24,0.72,70,20447,131884,39808,19361
omar_marmoush,Spurs,FW,7.0,3,Nott'm Forest,False,83,2,401,28,2026-09-05T14:00:00Z,0,0,False,0,0,1,0,0,0,0,0,0,0,0,6,0.0,2.4,10.0,1.0,0,0,0,0,1,0.17,0.01,0.18,0.88,70,64907,232425,100495,35588
omar_marmoush,Spurs,FW,7.0,4,Everton,True,76,2,401,37,2026-09-12T16:30:00Z,0,0,False,0,0,1,0,0,0,0,0,0,0,0,9,3.2,11.6,14.0,2.9,0,5,0,5,1,0.02,0.03,0.05,1.08,70,6113,250023,46956,40843
sávio_moreira de oliveira,Spurs,MD,6.5,1,Bournemouth,True,0,0,403,8,2026-08-23T13:00:00Z,2,1,False,0,0,0,0,0,0,0,0,0,0,0,0,0.0,0.0,0.0,0.0,0,0,0,0,0,0.00,0.00,0.00,0.00,65,0,23783,0,0
sávio_moreira de oliveira,Spurs,MD,6.5,2,Newcastle,True,0,0,403,15,2026-08-29T16:30:00Z,0,2,False,0,0,0,0,0,0,0,0,0,0,0,0,0.0,0.0,0.0,0.0,0,0,0,0,0,0.00,0.00,0.00,0.00,65,48883,92925,55747,6864
sávio_moreira de oliveira,Spurs,MD,6.5,3,Nott'm Forest,False,60,3,403,28,2026-09-05T14:00:00Z,0,0,False,0,0,1,0,0,0,0,0,0,0,0,15,6.2,17.3,15.0,3.9,0,0,0,0,1,0.02,0.27,0.29,0.49,65,-23670,68277,15136,38806
sávio_moreira de oliveira,Spurs,MD,6.5,4,Everton,True,90,3,403,37,2026-09-12T16:30:00Z,0,0,False,0,0,1,0,0,0,0,0,0,0,0,22,20.8,53.7,28.0,10.3,1,5,0,6,1,0.10,0.26,0.36,1.11,65,-583,75171,13225,13808
sandro_tonali,Spurs,MD,5.5,1,Brentford,False,90,2,455,2,2026-08-22T16:30:00Z,3,0,False,0,0,0,3,0,0,0,0,0,0,0,14,6.2,6.4,8.0,2.1,0,3,1,4,1,0.04,0.06,0.10,3.87,55,0,376914,0,0
sandro_tonali,Spurs,MD,5.5,2,Newcastle,True,74,2,455,15,2026-08-29T16:30:00Z,0,2,False,0,0,0,2,0,0,0,0,0,0,0,16,5.0,26.3,4.0,3.5,1,3,0,4,1,0.05,0.02,0.07,0.72,55,-38097,369291,14119,52216
sandro_tonali,Spurs,MD,5.4,3,Nott'm Forest,False,90,5,455,28,2026-09-05T14:00:00Z,0,0,False,0,0,1,0,0,0,0,0,0,0,0,22,22.8,8.0,0.0,3.1,4,4,4,12,1,0.00,0.01,0.01,0.92,54,-83285,288825,14031,97316
sandro_tonali,Spurs,MD,5.4,4,Everton,True,90,3,455,37,2026-09-12T16:30:00Z,0,0,False,0,0,1,0,0,0,0,0,0,0,0,16,12.2,30.7,6.0,4.9,5,6,0,11,1,0.09,0.31,0.40,1.11,54,-31266,265893,12899,44165
guglielmo_vicario,Spurs,GK,4.5,1,Brentford,False,0,0,494,2,2026-08-22T16:30:00Z,3,0,False,0,0,0,0,0,0,0,0,0,0,0,0,0.0,0.0,0.0,0.0,0,0,0,0,0,0.00,0.00,0.00,0.00,45,0,35657,0,0
guglielmo_vicario,Spurs,GK,4.5,2,Newcastle,True,0,0,494,15,2026-08-29T16:30:00Z,0,2,False,0,0,0,0,0,0,0,0,0,0,0,0,0.0,0.0,0.0,0.0,0,0,0,0,0,0.00,0.00,0.00,0.00,45,-11437,23872,0,11437
guglielmo_vicario,Spurs,GK,4.5,3,Nott'm Forest,False,0,0,494,28,2026-09-05T14:00:00Z,0,0,False,0,0,0,0,0,0,0,0,0,0,0,0,0.0,0.0,0.0,0.0,0,0,0,0,0,0.00,0.00,0.00,0.00,45,-5759,18205,0,5759
guglielmo_vicario,Spurs,GK,4.5,4,Everton,True,0,0,494,37,2026-09-12T16:30:00Z,0,0,False,0,0,0,0,0,0,0,0,0,0,0,0,0.0,0.0,0.0,0.0,0,0,0,0,0,0.00,0.00,0.00,0.00,45,-2498,16026,0,2498
brandon_austin,Spurs,GK,4.0,1,Brentford,False,0,0,495,2,2026-08-22T16:30:00Z,3,0,False,0,0,0,0,0,0,0,0,0,0,0,0,0.0,0.0,0.0,0.0,0,0,0,0,0,0.00,0.00,0.00,0.00,40,0,78400,0,0
brandon_austin,Spurs,GK,4.0,2,Newcastle,True,0,0,495,15,2026-08-29T16:30:00Z,0,2,False,0,0,0,0,0,0,0,0,0,0,0,0,0.0,0.0,0.0,0.0,0,0,0,0,0,0.00,0.00,0.00,0.00,40,-490,88358,3212,3702
brandon_austin,Spurs,GK,4.0,3,Nott'm Forest,False,0,0,495,28,2026-09-05T14:00:00Z,0,0,False,0,0,0,0,0,0,0,0,0,0,0,0,0.0,0.0,0.0,0.0,0,0,0,0,0,0.00,0.00,0.00,0.00,40,3899,104639,9717,5818
brandon_austin,Spurs,GK,4.0,4,Everton,True,0,0,495,37,2026-09-12T16:30:00Z,0,0,False,0,0,0,0,0,0,0,0,0,0,0,0,0.0,0.0,0.0,0.0,0,0,0,0,0,0.00,0.00,0.00,0.00,40,2998,108986,8583,5585
antonín_kinský,Spurs,GK,4.5,1,Brentford,False,90,2,496,2,2026-08-22T16:30:00Z,3,0,False,0,0,0,3,0,0,0,0,0,5,0,15,43.6,0.0,0.0,4.4,4,12,0,0,1,0.00,0.00,0.00,3.87,45,0,2208330,0,0
antonín_kinský,Spurs,GK,4.5,2,Newcastle,True,90,1,496,15,2026-08-29T16:30:00Z,0,2,False,0,0,0,2,0,0,0,0,0,0,0,4,3.8,0.0,0.0,0.4,0,6,0,0,1,0.00,0.00,0.00,0.72,45,-41526,2247365,40625,82151
antonín_kinský,Spurs,GK,4.5,3,Nott'm Forest,False,90,6,496,28,2026-09-05T14:00:00Z,0,0,False,0,0,1,0,0,0,0,0,0,1,0,24,10.4,10.0,0.0,2.0,2,8,0,0,1,0.00,0.00,0.00,0.92,45,-225719,1949396,46420,272139
antonín_kinský,Spurs,GK,4.5,4,Everton,True,90,7,496,37,2026-09-12T16:30:00Z,0,0,False,0,0,1,0,0,0,0,0,0,3,0,29,19.8,0.0,0.0,2.0,4,3,0,0,1,0.00,0.00,0.00,1.11,45,-84513,1930350,146399,230912
martin_dubravka,Spurs,GK,4.0,1,Brentford,False,0,0,497,2,2026-08-22T16:30:00Z,3,0,False,0,0,0,0,0,0,0,0,0,0,0,0,0.0,0.0,0.0,0.0,0,0,0,0,0,0.00,0.00,0.00,0.00,40,0,1778139,0,0
martin_dubravka,Spurs,GK,4.0,2,Newcastle,True,0,0,497,15,2026-08-29T16:30:00Z,0,2,False,0,0,0,0,0,0,0,0,0,0,0,0,0.0,0.0,0.0,0.0,0,0,0,0,0,0.00,0.00,0.00,0.00,40,-28731,1835588,35086,63817
martin_dubravka,Spurs,GK,4.0,3,Nott'm Forest,False,0,0,497,28,2026-09-05T14:00:00Z,0,0,False,0,0,0,0,0,0,0,0,0,0,0,0,0.0,0.0,0.0,0.0,0,0,0,0,0,0.00,0.00,0.00,0.00,40,12181,1908726,131012,118831
martin_dubravka,Spurs,GK,4.0,4,Everton,True,0,0,497,37,2026-09-12T16:30:00Z,0,0,False,0,0,0,0,0,0,0,0,0,0,0,0,0.0,0.0,0.0,0.0,0,0,0,0,0,0.00,0.00,0.00,0.00,40,19545,1929614,144708,125163
marcos_senesi barón,Spurs,DF,6.0,1,Brentford,False,90,3,498,2,2026-08-22T16:30:00Z,3,0,False,0,0,0,3,0,0,0,0,0,0,0,10,36.6,2.2,0.0,3.9,11,2,5,16,1,0.00,0.02,0.02,3.87,60,0,724252,0,0
marcos_senesi barón,Spurs,DF,6.0,2,Newcastle,True,0,0,498,15,2026-08-29T16:30:00Z,0,2,False,0,0,0,0,0,0,0,0,0,0,0,0,0.0,0.0,0.0,0.0,0,0,0,0,0,0.00,0.00,0.00,0.00,60,-48293,746751,15942,64235
marcos_senesi barón,Spurs,DF,5.9,3,Nott'm Forest,False,0,0,498,28,2026-09-05T14:00:00Z,0,0,False,0,0,0,0,0,0,0,0,0,0,0,0,0.0,0.0,0.0,0.0,0,0,0,0,0,0.00,0.00,0.00,0.00,59,-185202,558130,5382,190584
marcos_senesi barón,Spurs,DF,5.9,4,Everton,True,0,0,498,37,2026-09-12T16:30:00Z,0,0,False,0,0,0,0,0,0,0,0,0,0,0,0,0.0,0.0,0.0,0.0,0,0,0,0,0,0.00,0.00,0.00,0.00,59,-104635,468891,4311,108946
pedro_porro sauceda,Spurs,DF,5.5,1,Brentford,False,0,0,499,2,2026-08-22T16:30:00Z,3,0,False,0,0,0,0,0,0,0,0,0,0,0,0,0.0,0.0,0.0,0.0,0,0,0,0,0,0.00,0.00,0.00,0.00,55,0,1595087,0,0
pedro_porro sauceda,Spurs,DF,5.5,2,Newcastle,True,90,1,499,15,2026-08-29T16:30:00Z,0,2,False,0,0,0,2,0,0,0,0,0,0,0,1,9.4,7.9,21.0,3.8,3,2,1,4,1,0.33,0.10,0.43,0.72,55,-296944,1331308,20574,317518
pedro_porro sauceda,Spurs,DF,5.5,3,Nott'm Forest,False,90,7,499,28,2026-09-05T14:00:00Z,0,0,False,0,0,1,0,0,0,0,0,0,0,1,28,13.2,35.8,6.0,5.5,3,3,1,4,1,0.03,0.06,0.09,0.92,55,-179795,1176909,48390,228185
pedro_porro sauceda,Spurs,DF,5.5,4,Everton,True,0,0,499,37,2026-09-12T16:30:00Z,0,0,False,0,0,0,0,0,0,0,0,0,0,0,0,0.0,0.0,0.0,0.0,0,0,0,0,0,0.00,0.00,0.00,0.00,55,-80703,1130296,48477,129180
cristian_romero,Spurs,DF,5.0,1,Brentford,False,0,0,500,2,2026-08-22T16:30:00Z,3,0,False,0,0,0,0,0,0,0,0,0,0,0,0,0.0,0.0,0.0,0.0,0,0,0,0,0,0.00,0.00,0.00,0.00,50,0,25814,0,0
cristian_romero,Spurs,DF,5.0,2,Newcastle,True,0,0,500,15,2026-08-29T16:30:00Z,0,2,False,0,0,0,0,0,0,0,0,0,0,0,0,0.0,0.0,0.0,0.0,0,0,0,0,0,0.00,0.00,0.00,0.00,50,-10779,14805,0,10779
cristian_romero,Spurs,DF,5.0,3,Nott'm Forest,False,0,0,500,28,2026-09-05T14:00:00Z,0,0,False,0,0,0,0,0,0,0,0,0,0,0,0,0.0,0.0,0.0,0.0,0,0,0,0,0,0.00,0.00,0.00,0.00,50,-3763,11327,0,3763
cristian_romero,Spurs,DF,5.0,4,Everton,True,0,0,500,37,2026-09-12T16:30:00Z,0,0,False,0,0,0,0,0,0,0,0,0,0,0,0,0.0,0.0,0.0,0.0,0,0,0,0,0,0.00,0.00,0.00,0.00,50,-1362,10093,0,1362
andrew_robertson,Spurs,DF,4.5,1,Brentford,False,90,3,502,2,2026-08-22T16:30:00Z,3,0,False,0,0,0,3,0,0,0,0,0,0,0,13,31.8,19.2,2.0,5.3,9,3,2,11,1,0.00,0.06,0.06,3.87,45,0,350993,0,0
andrew_robertson,Spurs,DF,4.5,2,Newcastle,True,67,2,502,15,2026-08-29T16:30:00Z,0,2,False,0,0,0,1,0,0,0,0,0,0,0,7,11.2,16.8,25.0,5.3,2,1,1,3,1,0.06,0.02,0.08,0.48,45,-1127,379457,22171,23298
andrew_robertson,Spurs,DF,4.5,3,Nott'm Forest,False,29,1,502,28,2026-09-05T14:00:00Z,0,0,False,0,0,0,0,0,0,0,0,0,0,0,3,6.0,0.3,0.0,0.6,1,1,0,1,0,0.00,0.00,0.00,0.43,45,-47646,328965,13705,61351
andrew_robertson,Spurs,DF,4.4,4,Everton,True,90,7,502,37,2026-09-12T16:30:00Z,0,0,False,0,0,1,0,0,0,0,0,0,0,1,30,10.8,31.5,8.0,5.0,2,3,0,2,1,0.07,0.09,0.16,1.11,44,-57673,278552,5647,63320
micky_van de ven,Spurs,DF,5.0,1,Brentford,False,0,0,503,2,2026-08-22T16:30:00Z,3,0,False,0,0,0,0,0,0,0,0,0,0,0,0,0.0,0.0,0.0,0.0,0,0,0,0,0,0.00,0.00,0.00,0.00,50,0,522301,0,0
micky_van de ven,Spurs,DF,5.0,2,Newcastle,True,90,0,503,15,2026-08-29T16:30:00Z,0,2,False,0,0,0,2,0,0,0,1,0,0,0,5,15.2,2.1,0.0,1.7,7,4,1,8,1,0.00,0.02,0.02,0.72,50,-116329,422798,8374,124703
micky_van de ven,Spurs,DF,5.0,3,Nott'm Forest,False,90,9,503,28,2026-09-05T14:00:00Z,0,0,False,0,0,1,0,0,0,0,0,0,0,3,30,21.4,1.2,14.0,3.7,6,4,3,9,1,0.57,0.00,0.57,0.92,50,-61459,380320,16557,78016
micky_van de ven,Spurs,DF,5.0,4,Everton,True,90,6,503,37,2026-09-12T16:30:00Z,0,0,False,0,0,1,0,0,0,0,0,0,0,0,27,15.0,3.1,0.0,1.8,6,4,0,6,1,0.00,0.02,0.02,1.11,50,10120,414668,33873,23753
djed_spence,Spurs,DF,4.5,1,Brentford,False,0,0,505,2,2026-08-22T16:30:00Z,3,0,False,0,0,0,0,0,0,0,0,0,0,0,0,0.0,0.0,0.0,0.0,0,0,0,0,0,0.00,0.00,0.00,0.00,45,0,93085,0,0
djed_spence,Spurs,DF,4.5,2,Newcastle,True,0,0,505,15,2026-08-29T16:30:00Z,0,2,False,0,0,0,0,0,0,0,0,0,0,0,0,0.0,0.0,0.0,0.0,0,0,0,0,0,0.00,0.00,0.00,0.00,45,-45782,46576,0,45782
djed_spence,Spurs,DF,4.5,3,Nott'm Forest,False,0,0,505,28,2026-09-05T14:00:00Z,0,0,False,0,0,0,0,0,0,0,0,0,0,0,0,0.0,0.0,0.0,0.0,0,0,0,0,0,0.00,0.00,0.00,0.00,45,-14294,33138,0,14294
djed_spence,Spurs,DF,4.5,4,Everton,True,0,0,505,37,2026-09-12T16:30:00Z,0,0,False,0,0,0,0,0,0,0,0,0,0,0,0,0.0,0.0,0.0,0.0,0,0,0,0,0,0.00,0.00,0.00,0.00,45,-5357,28187,0,5357
destiny_udogie,Spurs,DF,4.5,1,Brentford,False,4,1,506,2,2026-08-22T16:30:00Z,3,0,False,0,0,0,0,0,0,0,0,0,0,0,3,0.0,0.7,0.0,0.0,0,2,0,0,0,0.00,0.02,0.02,0.44,45,0,43741,0,0
destiny_udogie,Spurs,DF,4.5,2,Newcastle,True,22,1,506,15,2026-08-29T16:30:00Z,0,2,False,0,0,0,1,0,0,0,0,0,0,0,2,5.2,11.5,2.0,1.9,0,1,1,1,0,0.00,0.19,0.19,0.24,45,-3007,47523,1685,4692
destiny_udogie,Spurs,DF,4.5,3,Nott'm Forest,False,60,5,506,28,2026-09-05T14:00:00Z,0,0,False,0,0,1,0,0,0,0,1,0,0,0,16,4.6,1.3,2.0,0.8,3,1,0,3,1,0.00,0.02,0.02,0.49,45,-5660,43060,1127,6787
destiny_udogie,Spurs,DF,4.5,4,Everton,True,0,0,506,37,2026-09-12T16:30:00Z,0,0,False,0,0,0,0,0,0,0,0,0,0,0,0,0.0,0.0,0.0,0.0,0,0,0,0,0,0.00,0.00,0.00,0.00,45,-2914,41192,1478,4392
ashley_phillips,Spurs,DF,4.5,1,Brentford,False,0,0,507,2,2026-08-22T16:30:00Z,3,0,False,0,0,0,0,0,0,0,0,0,0,0,0,0.0,0.0,0.0,0.0,0,0,0,0,0,0.00,0.00,0.00,0.00,45,0,2583,0,0
ashley_phillips,Spurs,DF,4.5,2,Newcastle,True,0,0,507,15,2026-08-29T16:30:00Z,0,2,False,0,0,0,0,0,0,0,0,0,0,0,0,0.0,0.0,0.0,0.0,0,0,0,0,0,0.00,0.00,0.00,0.00,45,-658,1903,0,658
ashley_phillips,Spurs,DF,4.5,3,Nott'm Forest,False,0,0,507,28,2026-09-05T14:00:00Z,0,0,False,0,0,0,0,0,0,0,0,0,0,0,0,0.0,0.0,0.0,0.0,0,0,0,0,0,0.00,0.00,0.00,0.00,45,-312,1605,0,312
ashley_phillips,Spurs,DF,4.5,4,Everton,True,0,0,507,37,2026-09-12T16:30:00Z,0,0,False,0,0,0,0,0,0,0,0,0,0,0,0,0.0,0.0,0.0,0.0,0,0,0,0,0,0.00,0.00,0.00,0.00,45,-139,1474,0,139
ben_davies,Spurs,DF,4.0,1,Brentford,False,0,0,508,2,2026-08-22T16:30:00Z,3,0,False,0,0,0,0,0,0,0,0,0,0,0,0,0.0,0.0,0.0,0.0,0,0,0,0,0,0.00,0.00,0.00,0.00,40,0,99420,0,0
ben_davies,Spurs,DF,4.0,2,Newcastle,True,0,0,508,15,2026-08-29T16:30:00Z,0,2,False,0,0,0,0,0,0,0,0,0,0,0,0,0.0,0.0,0.0,0.0,0,0,0,0,0,0.00,0.00,0.00,0.00,40,-6106,102932,2877,8983
ben_davies,Spurs,DF,4.0,3,Nott'm Forest,False,0,0,508,28,2026-09-05T14:00:00Z,0,0,False,0,0,0,0,0,0,0,0,0,0,0,0,0.0,0.0,0.0,0.0,0,0,0,0,0,0.00,0.00,0.00,0.00,40,-7462,98874,4305,11767
ben_davies,Spurs,DF,4.0,4,Everton,True,0,0,508,37,2026-09-12T16:30:00Z,0,0,False,0,0,0,0,0,0,0,0,0,0,0,0,0.0,0.0,0.0,0.0,0,0,0,0,0,0.00,0.00,0.00,0.00,40,-6385,93661,2570,8955
jun'ai_byfield,Spurs,DF,4.0,1,Brentford,False,0,0,509,2,2026-08-22T16:30:00Z,3,0,False,0,0,0,0,0,0,0,0,0,0,0,0,0.0,0.0,0.0,0.0,0,0,0,0,0,0.00,0.00,0.00,0.00,40,0,4794,0,0
jun'ai_byfield,Spurs,DF,4.0,2,Newcastle,True,0,0,509,15,2026-08-29T16:30:00Z,0,2,False,0,0,0,0,0,0,0,0,0,0,0,0,0.0,0.0,0.0,0.0,0,0,0,0,0,0.00,0.00,0.00,0.00,40,-239,5341,319,558
jun'ai_byfield,Spurs,DF,4.0,3,Nott'm Forest,False,0,0,509,28,2026-09-05T14:00:00Z,0,0,False,0,0,0,0,0,0,0,0,0,0,0,0,0.0,0.0,0.0,0.0,0,0,0,0,0,0.00,0.00,0.00,0.00,40,71,6404,719,648
jun'ai_byfield,Spurs,DF,4.0,4,Everton,True,0,0,509,37,2026-09-12T16:30:00Z,0,0,False,0,0,0,0,0,0,0,0,0,0,0,0,0.0,0.0,0.0,0.0,0,0,0,0,0,0.00,0.00,0.00,0.00,40,56,6533,621,565
james_rowswell,Spurs,DF,4.0,1,Brentford,False,0,0,510,2,2026-08-22T16:30:00Z,3,0,False,0,0,0,0,0,0,0,0,0,0,0,0,0.0,0.0,0.0,0.0,0,0,0,0,0,0.00,0.00,0.00,0.00,40,0,7021,0,0
james_rowswell,Spurs,DF,4.0,2,Newcastle,True,0,0,510,15,2026-08-29T16:30:00Z,0,2,False,0,0,0,0,0,0,0,0,0,0,0,0,0.0,0.0,0.0,0.0,0,0,0,0,0,0.00,0.00,0.00,0.00,40,-360,7895,335,695
james_rowswell,Spurs,DF,4.0,3,Nott'm Forest,False,0,0,510,28,2026-09-05T14:00:00Z,0,0,False,0,0,0,0,0,0,0,0,0,0,0,0,0.0,0.0,0.0,0.0,0,0,0,0,0,0.00,0.00,0.00,0.00,40,-25,9320,898,923
james_rowswell,Spurs,DF,4.0,4,Everton,True,0,0,510,37,2026-09-12T16:30:00Z,0,0,False,0,0,0,0,0,0,0,0,0,0,0,0,0.0,0.0,0.0,0.0,0,0,0,0,0,0.00,0.00,0.00,0.00,40,64,9696,824,760
joão victor_de souza menezes,Spurs,DF,4.0,1,Brentford,False,0,0,511,2,2026-08-22T16:30:00Z,3,0,False,0,0,0,0,0,0,0,0,0,0,0,0,0.0,0.0,0.0,0.0,0,0,0,0,0,0.00,0.00,0.00,0.00,40,0,27254,0,0
joão victor_de souza menezes,Spurs,DF,4.0,2,Newcastle,True,0,0,511,15,2026-08-29T16:30:00Z,0,2,False,0,0,0,0,0,0,0,0,0,0,0,0,0.0,0.0,0.0,0.0,0,0,0,0,0,0.00,0.00,0.00,0.00,40,-1501,29162,1193,2694
joão victor_de souza menezes,Spurs,DF,4.0,3,Nott'm Forest,False,0,0,511,28,2026-09-05T14:00:00Z,0,0,False,0,0,0,0,0,0,0,0,0,0,0,0,0.0,0.0,0.0,0.0,0,0,0,0,0,0.00,0.00,0.00,0.00,40,-4780,25220,1362,6142
joão victor_de souza menezes,Spurs,DF,4.0,4,Everton,True,0,0,511,37,2026-09-12T16:30:00Z,0,0,False,0,0,0,0,0,0,0,0,0,0,0,0,0.0,0.0,0.0,0.0,0,0,0,0,0,0.00,0.00,0.00,0.00,40,-4759,20460,0,4759
mohammed_kudus,Spurs,MD,6.5,1,Brentford,False,0,0,512,2,2026-08-22T16:30:00Z,3,0,False,0,0,0,0,0,0,0,0,0,0,0,0,0.0,0.0,0.0,0.0,0,0,0,0,0,0.00,0.00,0.00,0.00,65,0,8272,0,0
mohammed_kudus,Spurs,MD,6.5,2,Newcastle,True,22,1,512,15,2026-08-29T16:30:00Z,0,2,False,0,0,0,1,0,0,0,0,0,0,0,4,1.2,3.3,11.0,1.6,0,2,0,2,0,0.04,0.01,0.05,0.24,65,-2137,6789,269,2406
mohammed_kudus,Spurs,MD,6.5,3,Nott'm Forest,False,29,1,512,28,2026-09-05T14:00:00Z,0,0,False,0,0,0,0,0,0,0,0,0,0,0,13,5.2,15.1,2.0,2.2,0,3,0,3,0,0.00,0.16,0.16,0.43,65,2526,12485,4599,2073
mohammed_kudus,Spurs,MD,6.5,4,Everton,True,27,1,512,37,2026-09-12T16:30:00Z,0,0,False,0,0,0,0,0,0,0,0,0,0,0,8,6.0,12.8,6.0,2.5,0,1,1,2,0,0.00,0.05,0.05,0.44,65,545,14250,3198,2653
xavi_simons,Spurs,MD,6.0,1,Brentford,False,0,0,513,2,2026-08-22T16:30:00Z,3,0,False,0,0,0,0,0,0,0,0,0,0,0,0,0.0,0.0,0.0,0.0,0,0,0,0,0,0.00,0.00,0.00,0.00,60,0,1345,0,0
xavi_simons,Spurs,MD,6.0,2,Newcastle,True,0,0,513,15,2026-08-29T16:30:00Z,0,2,False,0,0,0,0,0,0,0,0,0,0,0,0,0.0,0.0,0.0,0.0,0,0,0,0,0,0.00,0.00,0.00,0.00,60,-279,1453,77,356
xavi_simons,Spurs,MD,6.0,3,Nott'm Forest,False,0,0,513,28,2026-09-05T14:00:00Z,0,0,False,0,0,0,0,0,0,0,0,0,0,0,0,0.0,0.0,0.0,0.0,0,0,0,0,0,0.00,0.00,0.00,0.00,60,-291,1296,78,369
xavi_simons,Spurs,MD,5.9,4,Everton,True,0,0,513,37,2026-09-12T16:30:00Z,0,0,False,0,0,0,0,0,0,0,0,0,0,0,0,0.0,0.0,0.0,0.0,0,0,0,0,0,0.00,0.00,0.00,0.00,59,-108,1311,86,194
mathys_tel,Spurs,MD,6.0,1,Brentford,False,90,2,514,2,2026-08-22T16:30:00Z,3,0,False,0,0,0,3,0,0,0,0,0,0,0,17,10.4,26.0,9.0,4.5,1,7,0,8,1,0.06,0.06,0.12,3.87,60,0,50995,0,0
mathys_tel,Spurs,MD,6.0,2,Newcastle,True,67,2,514,15,2026-08-29T16:30:00Z,0,2,False,0,0,0,1,0,0,0,0,0,0,0,10,3.8,3.3,34.0,4.1,0,2,1,3,1,0.14,0.03,0.17,0.48,60,-6287,48495,4174,10461
mathys_tel,Spurs,MD,5.9,3,Nott'm Forest,False,73,3,514,28,2026-09-05T14:00:00Z,0,0,False,0,0,1,0,0,0,0,0,0,0,0,11,6.8,20.2,20.0,4.7,0,2,0,2,1,0.00,0.05,0.05,0.76,59,-17708,30912,2049,19757
mathys_tel,Spurs,MD,5.8,4,Everton,True,27,1,514,37,2026-09-12T16:30:00Z,0,0,False,0,0,0,0,0,0,0,0,0,0,0,3,0.6,3.2,9.0,1.3,0,0,0,0,0,0.01,0.09,0.10,0.44,58,-6570,26160,1812,8382
james_maddison,Spurs,MD,6.5,1,Brentford,False,22,1,515,2,2026-08-22T16:30:00Z,3,0,False,0,0,0,0,0,0,0,0,0,0,0,6,4.4,8.3,8.0,2.1,1,1,0,2,0,0.00,0.01,0.01,0.85,65,0,119410,0,0
james_maddison,Spurs,MD,6.5,2,Newcastle,True,0,0,515,15,2026-08-29T16:30:00Z,0,2,False,0,0,0,0,0,0,0,0,0,0,0,0,0.0,0.0,0.0,0.0,0,0,0,0,0,0.00,0.00,0.00,0.00,65,-34300,96409,2686,36986
james_maddison,Spurs,MD,6.4,3,Nott'm Forest,False,0,0,515,28,2026-09-05T14:00:00Z,0,0,False,0,0,0,0,0,0,0,0,0,0,0,0,0.0,0.0,0.0,0.0,0,0,0,0,0,0.00,0.00,0.00,0.00,64,-38883,57231,175,39058
james_maddison,Spurs,MD,6.3,4,Everton,True,13,1,515,37,2026-09-12T16:30:00Z,0,0,False,0,0,0,0,0,0,0,0,0,0,0,3,6.8,3.8,0.0,1.1,2,1,0,3,0,0.00,0.01,0.01,0.03,63,-13096,45874,447,13543
rodrigo_bentancur,Spurs,MD,5.5,1,Brentford,False,45,1,516,2,2026-08-22T16:30:00Z,3,0,False,0,0,0,1,0,0,0,0,0,0,0,8,2.0,14.7,0.0,1.7,0,2,3,5,0,0.00,0.01,0.01,2.18,55,0,17403,0,0
rodrigo_bentancur,Spurs,MD,5.5,2,Newcastle,True,90,2,516,15,2026-08-29T16:30:00Z,0,2,False,0,0,0,2,0,0,0,0,0,0,0,17,15.4,7.1,0.0,2.3,3,6,2,11,1,0.00,0.02,0.02,0.72,55,-1429,18887,602,2031
rodrigo_bentancur,Spurs,MD,5.5,3,Nott'm Forest,False,90,5,516,28,2026-09-05T14:00:00Z,0,0,False,0,0,1,0,0,0,0,0,0,0,0,14,18.4,3.3,6.0,2.8,11,5,1,17,1,0.02,0.01,0.03,0.92,55,-1789,17786,831,2620
rodrigo_bentancur,Spurs,MD,5.5,4,Everton,True,62,3,516,37,2026-09-12T16:30:00Z,0,0,False,0,0,1,0,0,0,0,0,0,0,0,15,22.6,7.9,0.0,3.1,5,2,3,10,1,0.00,0.04,0.04,0.67,55,-172,18318,1225,1397
wilson_odobert,Spurs,MD,5.5,1,Brentford,False,0,0,517,2,2026-08-22T16:30:00Z,3,0,False,0,0,0,0,0,0,0,0,0,0,0,0,0.0,0.0,0.0,0.0,0,0,0,0,0,0.00,0.00,0.00,0.00,55,0,100,0,0
wilson_odobert,Spurs,MD,5.5,2,Newcastle,True,0,0,517,15,2026-08-29T16:30:00Z,0,2,False,0,0,0,0,0,0,0,0,0,0,0,0,0.0,0.0,0.0,0.0,0,0,0,0,0,0.00,0.00,0.00,0.00,55,-3,121,16,19
wilson_odobert,Spurs,MD,5.5,3,Nott'm Forest,False,0,0,517,28,2026-09-05T14:00:00Z,0,0,False,0,0,0,0,0,0,0,0,0,0,0,0,0.0,0.0,0.0,0.0,0,0,0,0,0,0.00,0.00,0.00,0.00,55,-11,117,27,38
wilson_odobert,Spurs,MD,5.5,4,Everton,True,0,0,517,37,2026-09-12T16:30:00Z,0,0,False,0,0,0,0,0,0,0,0,0,0,0,0,0.0,0.0,0.0,0.0,0,0,0,0,0,0.00,0.00,0.00,0.00,55,18,143,36,18
pape matar_sarr,Spurs,MD,5.0,1,Brentford,False,0,0,518,2,2026-08-22T16:30:00Z,3,0,False,0,0,0,0,0,0,0,0,0,0,0,0,0.0,0.0,0.0,0.0,0,0,0,0,0,0.00,0.00,0.00,0.00,50,0,25576,0,0
pape matar_sarr,Spurs,MD,4.9,2,Newcastle,True,0,0,518,15,2026-08-29T16:30:00Z,0,2,False,0,0,0,0,0,0,0,0,0,0,0,0,0.0,0.0,0.0,0.0,0,0,0,0,0,0.00,0.00,0.00,0.00,49,-10351,15118,113,10464
pape matar_sarr,Spurs,MD,4.9,3,Nott'm Forest,False,0,0,518,28,2026-09-05T14:00:00Z,0,0,False,0,0,0,0,0,0,0,0,0,0,0,0,0.0,0.0,0.0,0.0,0,0,0,0,0,0.00,0.00,0.00,0.00,49,-1782,14992,4025,5807
pape matar_sarr,Spurs,MD,4.9,4,Everton,True,0,0,518,37,2026-09-12T16:30:00Z,0,0,False,0,0,0,0,0,0,0,0,0,0,0,0,0.0,0.0,0.0,0.0,0,0,0,0,0,0.00,0.00,0.00,0.00,49,-4648,10250,0,4648
conor_gallagher,Spurs,MD,5.5,1,Brentford,False,45,0,519,2,2026-08-22T16:30:00Z,3,0,False,0,0,0,2,0,0,0,1,0,0,0,1,0.0,5.5,1.0,0.5,0,2,1,3,1,0.02,0.06,0.08,1.70,55,0,26860,0,0
conor_gallagher,Spurs,MD,5.5,2,Newcastle,True,0,0,519,15,2026-08-29T16:30:00Z,0,2,False,0,0,0,0,0,0,0,0,0,0,0,0,0.0,0.0,0.0,0.0,0,0,0,0,0,0.00,0.00,0.00,0.00,55,-3439,27438,1208,4647
conor_gallagher,Spurs,MD,5.4,3,Nott'm Forest,False,83,3,519,28,2026-09-05T14:00:00Z,0,0,False,0,0,1,0,0,0,0,0,0,0,0,23,10.2,4.4,2.0,1.7,1,6,4,11,1,0.00,0.06,0.06,0.88,54,-5563,22380,1024,6587
conor_gallagher,Spurs,MD,5.4,4,Everton,True,0,0,519,37,2026-09-12T16:30:00Z,0,0,False,0,0,0,0,0,0,0,0,0,0,0,0,0.0,0.0,0.0,0.0,0,0,0,0,0,0.00,0.00,0.00,0.00,54,-1744,21226,812,2556
lucas_bergvall,Spurs,MD,5.5,1,Brentford,False,45,1,520,2,2026-08-22T16:30:00Z,3,0,False,0,0,0,2,0,0,0,0,0,0,0,2,0.0,2.0,2.0,0.0,0,7,1,8,1,0.00,0.01,0.01,1.70,55,0,18443,0,0
lucas_bergvall,Spurs,MD,5.5,2,Newcastle,True,0,0,520,15,2026-08-29T16:30:00Z,0,2,False,0,0,0,0,0,0,0,0,0,0,0,0,0.0,0.0,0.0,0.0,0,0,0,0,0,0.00,0.00,0.00,0.00,55,-1564,20234,635,2199
lucas_bergvall,Spurs,MD,5.4,3,Nott'm Forest,False,0,0,520,28,2026-09-05T14:00:00Z,0,0,False,0,0,0,0,0,0,0,0,0,0,0,0,0.0,0.0,0.0,0.0,0,0,0,0,0,0.00,0.00,0.00,0.00,54,-3012,17646,482,3494
lucas_bergvall,Spurs,MD,5.4,4,Everton,True,27,1,520,37,2026-09-12T16:30:00Z,0,0,False,0,0,0,0,0,0,0,0,0,0,0,8,8.0,7.9,7.0,2.3,1,2,1,4,0,0.06,0.25,0.31,0.44,54,-1664,16379,319,1983
dejan_kulusevski,Spurs,MD,6.5,1,Brentford,False,0,0,521,2,2026-08-22T16:30:00Z,3,0,False,0,0,0,0,0,0,0,0,0,0,0,0,0.0,0.0,0.0,0.0,0,0,0,0,0,0.00,0.00,0.00,0.00,65,0,949,0,0
dejan_kulusevski,Spurs,MD,6.5,2,Newcastle,True,0,0,521,15,2026-08-29T16:30:00Z,0,2,False,0,0,0,0,0,0,0,0,0,0,0,0,0.0,0.0,0.0,0.0,0,0,0,0,0,0.00,0.00,0.00,0.00,65,-166,939,75,241
dejan_kulusevski,Spurs,MD,6.5,3,Nott'm Forest,False,0,0,521,28,2026-09-05T14:00:00Z,0,0,False,0,0,0,0,0,0,0,0,0,0,0,0,0.0,0.0,0.0,0.0,0,0,0,0,0,0.00,0.00,0.00,0.00,65,-90,912,87,177
dejan_kulusevski,Spurs,MD,6.5,4,Everton,True,0,0,521,37,2026-09-12T16:30:00Z,0,0,False,0,0,0,0,0,0,0,0,0,0,0,0,0.0,0.0,0.0,0.0,0,0,0,0,0,0.00,0.00,0.00,0.00,65,-73,894,81,154
archie_gray,Spurs,MD,5.0,1,Brentford,False,85,2,522,2,2026-08-22T16:30:00Z,3,0,False,0,0,0,3,0,0,0,0,0,0,0,15,6.2,3.3,0.0,1.0,2,2,1,5,1,0.00,0.01,0.01,3.43,50,0,19767,0,0
archie_gray,Spurs,MD,5.0,2,Newcastle,True,67,2,522,15,2026-08-29T16:30:00Z,0,2,False,0,0,0,1,0,0,0,0,0,0,0,9,1.8,1.5,0.0,0.3,3,3,0,6,1,0.00,0.00,0.00,0.48,50,-833,22329,1711,2544
archie_gray,Spurs,MD,5.0,3,Nott'm Forest,False,0,0,522,28,2026-09-05T14:00:00Z,0,0,False,0,0,0,0,0,0,0,0,0,0,0,0,0.0,0.0,0.0,0.0,0,0,0,0,0,0.00,0.00,0.00,0.00,50,-1885,21616,2161,4046
archie_gray,Spurs,MD,5.0,4,Everton,True,84,3,522,37,2026-09-12T16:30:00Z,0,0,False,0,0,1,0,0,0,0,0,0,0,0,13,9.6,6.7,10.0,2.6,4,5,2,11,1,0.09,0.03,0.12,1.08,50,-2439,19703,876,3315
mikey_moore,Spurs,MD,5.0,1,Brentford,False,67,2,523,2,2026-08-22T16:30:00Z,3,0,False,0,0,0,3,0,0,0,0,0,0,0,10,14.2,5.9,55.0,7.5,0,1,1,2,1,0.38,0.02,0.40,3.02,50,0,17505,0,0
mikey_moore,Spurs,MD,5.0,2,Newcastle,True,22,1,523,15,2026-08-29T16:30:00Z,0,2,False,0,0,0,1,0,0,0,0,0,0,0,1,0.0,0.4,1.0,0.0,0,1,0,1,0,0.02,0.00,0.02,0.24,50,-107,19021,2419,2526
mikey_moore,Spurs,MD,5.0,3,Nott'm Forest,False,0,0,523,28,2026-09-05T14:00:00Z,0,0,False,0,0,0,0,0,0,0,0,0,0,0,0,0.0,0.0,0.0,0.0,0,0,0,0,0,0.00,0.00,0.00,0.00,50,-5650,13268,839,6489
mikey_moore,Spurs,MD,5.0,4,Everton,True,0,0,523,37,2026-09-12T16:30:00Z,0,0,False,0,0,0,0,0,0,0,0,0,0,0,0,0.0,0.0,0.0,0.0,0,0,0,0,0,0.00,0.00,0.00,0.00,50,-5490,8137,0,5490
callum_olusesi,Spurs,MD,4.5,1,Brentford,False,0,0,524,2,2026-08-22T16:30:00Z,3,0,False,0,0,0,0,0,0,0,0,0,0,0,0,0.0,0.0,0.0,0.0,0,0,0,0,0,0.00,0.00,0.00,0.00,45,0,79913,0,0
callum_olusesi,Spurs,MD,4.5,2,Newcastle,True,0,0,524,15,2026-08-29T16:30:00Z,0,2,False,0,0,0,0,0,0,0,0,0,0,0,0,0.0,0.0,0.0,0.0,0,0,0,0,0,0.00,0.00,0.00,0.00,45,-7298,79923,2014,9312
callum_olusesi,Spurs,MD,4.5,3,Nott'm Forest,False,0,0,524,28,2026-09-05T14:00:00Z,0,0,False,0,0,0,0,0,0,0,0,0,0,0,0,0.0,0.0,0.0,0.0,0,0,0,0,0,0.00,0.00,0.00,0.00,45,-7853,72776,1613,9466
callum_olusesi,Spurs,MD,4.4,4,Everton,True,0,0,524,37,2026-09-12T16:30:00Z,0,0,False,0,0,0,0,0,0,0,0,0,0,0,0,0.0,0.0,0.0,0.0,0,0,0,0,0,0.00,0.00,0.00,0.00,44,5676,93913,13763,8087
mateus_fernandes,Spurs,MD,6.0,1,Brentford,False,45,1,525,2,2026-08-22T16:30:00Z,3,0,False,0,0,0,1,0,0,0,0,0,0,0,16,7.2,27.2,2.0,3.6,0,1,1,2,0,0.00,0.06,0.06,2.18,60,0,178624,0,0
mateus_fernandes,Spurs,MD,6.0,2,Newcastle,True,90,2,525,15,2026-08-29T16:30:00Z,0,2,False,0,0,0,2,0,0,0,0,0,0,0,18,14.0,46.3,1.0,6.1,0,5,3,8,1,0.01,0.17,0.18,0.72,60,-26800,160253,4529,31329
mateus_fernandes,Spurs,MD,5.9,3,Nott'm Forest,False,7,0,525,28,2026-09-05T14:00:00Z,0,0,False,0,0,0,0,0,0,0,1,0,0,0,-1,0.0,0.4,0.0,0.0,0,0,0,0,0,0.00,0.00,0.00,0.04,59,-38063,123903,4942,43005
mateus_fernandes,Spurs,MD,5.8,4,Everton,True,62,3,525,37,2026-09-12T16:30:00Z,0,0,False,0,0,1,0,0,0,0,0,0,0,0,15,3.0,13.0,22.0,3.8,0,2,2,4,1,0.11,0.03,0.14,0.67,58,-27969,98672,1839,29808
dominic_solanke-mitchell,Spurs,FW,6.0,1,Brentford,False,22,1,526,2,2026-08-22T16:30:00Z,3,0,False,0,0,0,0,0,0,0,0,0,0,0,3,0.0,0.0,5.0,0.5,0,0,0,0,0,0.07,0.00,0.07,0.85,60,0,126667,0,0
dominic_solanke-mitchell,Spurs,FW,6.0,2,Newcastle,True,15,1,526,15,2026-08-29T16:30:00Z,0,2,False,0,0,0,0,0,0,0,0,0,0,0,6,3.2,0.3,6.0,1.0,0,0,0,0,0,0.20,0.00,0.20,0.00,60,-12606,131276,8212,20818
dominic_solanke-mitchell,Spurs,FW,5.9,3,Nott'm Forest,False,6,1,526,28,2026-09-05T14:00:00Z,0,0,False,0,0,0,0,0,0,0,0,0,0,0,-1,0.0,0.3,4.0,0.4,1,0,0,1,0,0.17,0.00,0.17,0.04,59,-27806,106592,7532,35338
dominic_solanke-mitchell,Spurs,FW,5.9,4,Everton,True,62,2,526,37,2026-09-12T16:30:00Z,0,0,False,0,0,1,0,0,0,0,0,0,0,0,4,0.0,4.3,6.0,0.8,0,2,0,2,1,0.00,0.01,0.01,0.67,59,-14059,96682,5756,19815
richarlison_de andrade,Spurs,FW,6.0,1,Brentford,False,67,2,527,2,2026-08-22T16:30:00Z,3,0,False,0,0,0,3,0,0,0,0,0,0,0,6,0.0,2.2,0.0,0.2,1,0,0,1,1,0.00,0.00,0.00,3.02,60,0,283639,0,0
richarlison_de andrade,Spurs,FW,6.0,2,Newcastle,True,0,0,527,15,2026-08-29T16:30:00Z,0,2,False,0,0,0,0,0,0,0,0,0,0,0,0,0.0,0.0,0.0,0.0,0,0,0,0,0,0.00,0.00,0.00,0.00,60,-31748,275481,14723,46471
richarlison_de andrade,Spurs,FW,5.9,3,Nott'm Forest,False,0,0,527,28,2026-09-05T14:00:00Z,0,0,False,0,0,0,0,0,0,0,0,0,0,0,0,0.0,0.0,0.0,0.0,0,0,0,0,0,0.00,0.00,0.00,0.00,59,-117513,153916,6716,124229
richarlison_de andrade,Spurs,FW,5.9,4,Everton,True,0,0,527,37,2026-09-12T16:30:00Z,0,0,False,0,0,0,0,0,0,0,0,0,0,0,0,0.0,0.0,0.0,0.0,0,0,0,0,0,0.00,0.00,0.00,0.00,59,-69368,94527,0,69368
dane_scarlett,Spurs,FW,4.5,1,Brentford,False,0,0,528,2,2026-08-22T16:30:00Z,3,0,False,0,0,0,0,0,0,0,0,0,0,0,0,0.0,0.0,0.0,0.0,0,0,0,0,0,0.00,0.00,0.00,0.00,45,0,149807,0,0
dane_scarlett,Spurs,FW,4.5,2,Newcastle,True,0,0,528,15,2026-08-29T16:30:00Z,0,2,False,0,0,0,0,0,0,0,0,0,0,0,0,0.0,0.0,0.0,0.0,0,0,0,0,0,0.00,0.00,0.00,0.00,45,-3996,172295,13184,17180
dane_scarlett,Spurs,FW,4.5,3,Nott'm Forest,False,0,0,528,28,2026-09-05T14:00:00Z,0,0,False,0,0,0,0,0,0,0,0,0,0,0,0,0.0,0.0,0.0,0.0,0,0,0,0,0,0.00,0.00,0.00,0.00,45,-5408,178567,29341,34749
dane_scarlett,Spurs,FW,4.5,4,Everton,True,0,0,528,37,2026-09-12T16:30:00Z,0,0,False,0,0,0,0,0,0,0,0,0,0,0,0,0.0,0.0,0.0,0.0,0,0,0,0,0,0.00,0.00,0.00,0.00,45,-31099,142066,0,31099
mykhailo_mudryk,Spurs,MD,5.5,1,Fulham,False,0,0,578,10,2026-08-24T19:00:00Z,2,3,False,0,0,0,0,0,0,0,0,0,0,0,0,0.0,0.0,0.0,0.0,0,0,0,0,0,0.00,0.00,0.00,0.00,55,0,3847,0,0
mykhailo_mudryk,Spurs,MD,5.5,2,Brighton,True,0,0,578,16,2026-08-30T13:00:00Z,4,3,False,0,0,0,0,0,0,0,0,0,0,0,0,0.0,0.0,0.0,0.0,0,0,0,0,0,0.00,0.00,0.00,0.00,55,-742,4222,234,976
mykhailo_mudryk,Spurs,MD,5.4,3,Nott'm Forest,False,16,1,578,28,2026-09-05T14:00:00Z,0,0,False,0,0,0,0,0,0,0,0,0,0,0,3,0.0,0.1,2.0,0.1,0,0,0,0,0,0.00,0.00,0.00,0.16,54,1892,7171,3534,1642
mykhailo_mudryk,Spurs,MD,5.4,4,Everton,True,0,0,578,37,2026-09-12T16:30:00Z,0,0,False,0,0,0,0,0,0,0,0,0,0,0,0,0.0,0.0,0.0,0.0,0,0,0,0,0,0.00,0.00,0.00,0.00,54,-670,6691,1620,2290
luca_williams-barnett,Spurs,MD,4.5,1,Brentford,False,0,0,601,2,2026-08-22T16:30:00Z,3,0,False,0,0,0,0,0,0,0,0,0,0,0,0,0.0,0.0,0.0,0.0,0,0,0,0,0,0.00,0.00,0.00,0.00,45,0,0,0,0
luca_williams-barnett,Spurs,MD,4.5,2,Newcastle,True,0,0,601,15,2026-08-29T16:30:00Z,0,2,False,0,0,0,0,0,0,0,0,0,0,0,0,0.0,0.0,0.0,0.0,0,0,0,0,0,0.00,0.00,0.00,0.00,45,2052,7704,2636,584
luca_williams-barnett,Spurs,MD,4.5,3,Nott'm Forest,False,0,0,601,28,2026-09-05T14:00:00Z,0,0,False,0,0,0,0,0,0,0,0,0,0,0,0,0.0,0.0,0.0,0.0,0,0,0,0,0,0.00,0.00,0.00,0.00,45,2301,13933,4467,2166
luca_williams-barnett,Spurs,MD,4.5,4,Everton,True,0,0,601,37,2026-09-12T16:30:00Z,0,0,False,0,0,0,0,0,0,0,0,0,0,0,0,0.0,0.0,0.0,0.0,0,0,0,0,0,0.00,0.00,0.00,0.00,45,403,14941,2324,1921
kevin_danso,Sunderland,DF,5.0,1,Brentford,False,0,0,501,2,2026-08-22T16:30:00Z,3,0,False,0,0,0,0,0,0,0,0,0,0,0,0,0.0,0.0,0.0,0.0,0,0,0,0,0,0.00,0.00,0.00,0.00,50,0,15516,0,0
kevin_danso,Sunderland,DF,5.0,2,Newcastle,True,0,0,501,15,2026-08-29T16:30:00Z,0,2,False,0,0,0,0,0,0,0,0,0,0,0,0,0.0,0.0,0.0,0.0,0,0,0,0,0,0.00,0.00,0.00,0.00,50,-1412,17484,1020,2432
kevin_danso,Sunderland,DF,5.0,3,Brentford,False,90,2,501,22,2026-09-05T14:00:00Z,1,1,False,0,0,0,1,0,0,0,0,0,0,0,9,20.8,10.9,0.0,3.2,7,3,1,8,1,0.00,0.08,0.08,1.21,50,-2005,16199,1307,3312
kevin_danso,Sunderland,DF,5.0,4,Arsenal,True,90,1,501,36,2026-09-12T19:00:00Z,0,2,False,0,0,0,2,0,0,0,0,0,0,0,6,16.8,11.0,2.0,3.0,4,3,0,4,1,0.00,0.08,0.08,1.88,50,-179,16781,1568,1747
robin_roefs,Sunderland,GK,5.0,1,Ipswich Town,False,90,1,529,5,2026-08-22T14:00:00Z,2,1,False,0,0,0,2,0,0,0,0,0,1,0,7,15.2,0.0,0.0,1.5,1,8,0,0,1,0.00,0.00,0.00,1.80,50,0,397315,0,0
robin_roefs,Sunderland,GK,5.0,2,Fulham,True,90,6,529,19,2026-08-30T13:00:00Z,1,0,False,0,0,1,0,0,0,0,0,0,0,0,22,4.0,0.0,0.0,0.4,2,7,0,0,1,0.00,0.00,0.00,0.95,50,-25568,389022,4766,30334
robin_roefs,Sunderland,GK,5.0,3,Brentford,False,90,2,529,22,2026-09-05T14:00:00Z,1,1,False,0,0,0,1,0,0,0,0,0,1,0,11,12.6,0.0,0.0,1.3,1,13,0,0,1,0.00,0.00,0.00,1.21,50,-38987,342137,10237,49224
robin_roefs,Sunderland,GK,5.0,4,Arsenal,True,90,2,529,36,2026-09-12T19:00:00Z,0,2,False,0,0,0,2,0,0,0,0,0,3,0,9,27.2,0.0,0.0,2.7,1,3,0,0,1,0.00,0.00,0.00,1.88,50,-47961,301456,2287,50248
anthony_patterson,Sunderland,GK,4.0,1,Ipswich Town,False,0,0,530,5,2026-08-22T14:00:00Z,2,1,False,0,0,0,0,0,0,0,0,0,0,0,0,0.0,0.0,0.0,0.0,0,0,0,0,0,0.00,0.00,0.00,0.00,40,0,18557,0,0
anthony_patterson,Sunderland,GK,4.0,2,Fulham,True,0,0,530,19,2026-08-30T13:00:00Z,1,0,False,0,0,0,0,0,0,0,0,0,0,0,0,0.0,0.0,0.0,0.0,0,0,0,0,0,0.00,0.00,0.00,0.00,40,-2307,16075,0,2307
anthony_patterson,Sunderland,GK,4.0,3,Brentford,False,0,0,530,22,2026-09-05T14:00:00Z,1,1,False,0,0,0,0,0,0,0,0,0,0,0,0,0.0,0.0,0.0,0.0,0,0,0,0,0,0.00,0.00,0.00,0.00,40,-1616,14484,0,1616
anthony_patterson,Sunderland,GK,4.0,4,Arsenal,True,0,0,530,36,2026-09-12T19:00:00Z,0,2,False,0,0,0,0,0,0,0,0,0,0,0,0,0.0,0.0,0.0,0.0,0,0,0,0,0,0.00,0.00,0.00,0.00,40,-986,13568,0,986
melker_ellborg,Sunderland,GK,4.5,1,Ipswich Town,False,0,0,531,5,2026-08-22T14:00:00Z,2,1,False,0,0,0,0,0,0,0,0,0,0,0,0,0.0,0.0,0.0,0.0,0,0,0,0,0,0.00,0.00,0.00,0.00,45,0,8630,0,0
melker_ellborg,Sunderland,GK,4.5,2,Fulham,True,0,0,531,19,2026-08-30T13:00:00Z,1,0,False,0,0,0,0,0,0,0,0,0,0,0,0,0.0,0.0,0.0,0.0,0,0,0,0,0,0.00,0.00,0.00,0.00,45,-645,8877,209,854
melker_ellborg,Sunderland,GK,4.5,3,Brentford,False,0,0,531,22,2026-09-05T14:00:00Z,1,1,False,0,0,0,0,0,0,0,0,0,0,0,0,0.0,0.0,0.0,0.0,0,0,0,0,0,0.00,0.00,0.00,0.00,45,-546,8803,405,951
melker_ellborg,Sunderland,GK,4.5,4,Arsenal,True,0,0,531,36,2026-09-12T19:00:00Z,0,2,False,0,0,0,0,0,0,0,0,0,0,0,0,0.0,0.0,0.0,0.0,0,0,0,0,0,0.00,0.00,0.00,0.00,45,-491,8559,235,726
daniel_ballard,Sunderland,DF,5.0,1,Ipswich Town,False,90,0,532,5,2026-08-22T14:00:00Z,2,1,False,0,0,0,2,0,0,0,1,0,0,0,4,18.2,1.2,0.0,1.9,7,0,2,9,1,0.00,0.01,0.01,1.80,50,0,518741,0,0
daniel_ballard,Sunderland,DF,5.0,2,Fulham,True,90,8,532,19,2026-08-30T13:00:00Z,1,0,False,0,0,1,0,0,0,0,0,0,0,0,27,23.6,1.2,7.0,3.2,9,1,1,10,1,0.03,0.00,0.03,0.95,50,-36906,495946,12798,49704
daniel_ballard,Sunderland,DF,5.0,3,Brentford,False,90,4,532,22,2026-09-05T14:00:00Z,1,1,False,0,0,0,1,0,0,0,0,0,0,0,12,25.0,10.3,8.0,4.3,8,5,2,10,1,0.06,0.14,0.20,1.21,50,-79167,398900,15628,94795
daniel_ballard,Sunderland,DF,4.9,4,Arsenal,True,90,0,532,36,2026-09-12T19:00:00Z,0,2,False,0,0,0,2,0,0,0,1,0,0,0,0,9.0,10.8,9.0,2.9,5,3,1,6,1,0.08,0.01,0.09,1.88,49,-96106,317274,7170,103276
nordi_mukiele,Sunderland,DF,5.5,1,Ipswich Town,False,0,0,533,5,2026-08-22T14:00:00Z,2,1,False,0,0,0,0,0,0,0,0,0,0,0,0,0.0,0.0,0.0,0.0,0,0,0,0,0,0.00,0.00,0.00,0.00,55,0,257772,0,0
nordi_mukiele,Sunderland,DF,5.5,2,Fulham,True,90,9,533,19,2026-08-30T13:00:00Z,1,0,False,0,0,1,0,0,0,0,0,0,0,1,28,42.6,8.0,2.0,5.3,17,4,2,19,1,0.00,0.01,0.01,0.95,55,-32999,244003,5588,38587
nordi_mukiele,Sunderland,DF,5.5,3,Brentford,False,90,4,533,22,2026-09-05T14:00:00Z,1,1,False,0,0,0,1,0,0,0,0,0,0,0,16,32.4,5.0,0.0,3.7,10,6,4,14,1,0.00,0.02,0.02,1.21,55,-3387,247977,21418,24805
nordi_mukiele,Sunderland,DF,5.5,4,Arsenal,True,90,0,533,36,2026-09-12T19:00:00Z,0,2,False,0,0,0,2,0,0,0,1,0,0,0,-5,10.4,4.9,46.0,6.1,3,3,3,6,1,0.70,0.02,0.72,1.88,55,-21852,227847,6912,28764
trai_hume,Sunderland,DF,4.5,1,Ipswich Town,False,79,2,534,5,2026-08-22T14:00:00Z,2,1,False,0,0,0,1,0,0,0,0,0,0,0,14,9.4,39.4,13.0,6.2,1,6,3,4,1,0.04,0.27,0.31,1.69,45,0,641436,0,0
trai_hume,Sunderland,DF,4.5,2,Fulham,True,90,6,534,19,2026-08-30T13:00:00Z,1,0,False,0,0,1,0,0,0,0,0,0,0,0,24,18.6,19.1,2.0,4.0,2,4,4,6,1,0.00,0.01,0.01,0.95,45,-23752,631620,13619,37371
trai_hume,Sunderland,DF,4.5,3,Brentford,False,26,1,534,22,2026-09-05T14:00:00Z,1,1,False,0,0,0,0,0,0,0,0,0,0,0,8,3.8,0.1,0.0,0.4,0,2,2,2,0,0.00,0.00,0.00,0.45,45,-68992,528010,17561,86553
trai_hume,Sunderland,DF,4.4,4,Arsenal,True,0,0,534,36,2026-09-12T19:00:00Z,0,2,False,0,0,0,0,0,0,0,0,0,0,0,0,0.0,0.0,0.0,0.0,0,0,0,0,0,0.00,0.00,0.00,0.00,44,-149674,392084,3636,153310
omar_alderete,Sunderland,DF,5.0,1,Ipswich Town,False,23,1,535,5,2026-08-22T14:00:00Z,2,1,False,0,0,0,1,0,0,0,0,0,0,0,2,0.0,0.6,0.0,0.0,0,2,0,0,0,0.00,0.01,0.01,0.10,50,0,41929,0,0
omar_alderete,Sunderland,DF,5.0,2,Fulham,True,0,0,535,19,2026-08-30T13:00:00Z,1,0,False,0,0,0,0,0,0,0,0,0,0,0,0,0.0,0.0,0.0,0.0,0,0,0,0,0,0.00,0.00,0.00,0.00,50,-2667,43620,2597,5264
omar_alderete,Sunderland,DF,5.0,3,Brentford,False,0,0,535,22,2026-09-05T14:00:00Z,1,1,False,0,0,0,0,0,0,0,0,0,0,0,0,0.0,0.0,0.0,0.0,0,0,0,0,0,0.00,0.00,0.00,0.00,50,-8564,35107,1476,10040
omar_alderete,Sunderland,DF,4.9,4,Arsenal,True,0,0,535,36,2026-09-12T19:00:00Z,0,2,False,0,0,0,0,0,0,0,0,0,0,0,0,0.0,0.0,0.0,0.0,0,0,0,0,0,0.00,0.00,0.00,0.00,49,-6355,29356,401,6756
reinildo_mandava,Sunderland,DF,4.5,1,Ipswich Town,False,90,1,536,5,2026-08-22T14:00:00Z,2,1,False,0,0,0,2,0,0,0,0,0,0,0,9,23.0,27.5,4.0,5.5,5,5,3,8,1,0.00,0.29,0.29,1.80,45,0,43515,0,0
reinildo_mandava,Sunderland,DF,4.5,2,Fulham,True,90,6,536,19,2026-08-30T13:00:00Z,1,0,False,0,0,1,0,0,0,0,0,0,0,0,26,16.4,6.0,2.0,2.4,6,3,1,7,1,0.00,0.01,0.01,0.95,45,-2603,44204,975,3578
reinildo_mandava,Sunderland,DF,4.5,3,Brentford,False,90,2,536,22,2026-09-05T14:00:00Z,1,1,False,0,0,0,1,0,0,0,0,0,0,0,14,14.4,1.5,0.0,1.6,4,7,3,7,1,0.00,0.01,0.01,1.21,45,-2351,41923,1972,4323
reinildo_mandava,Sunderland,DF,4.5,4,Arsenal,True,90,-2,536,36,2026-09-12T19:00:00Z,0,2,False,0,0,0,2,0,0,0,0,1,0,0,-12,0.0,1.4,0.0,0.0,6,3,1,7,1,0.00,0.01,0.01,1.09,45,-4352,37836,780,5132
jenson_seelt,Sunderland,DF,4.5,1,Ipswich Town,False,0,0,537,5,2026-08-22T14:00:00Z,2,1,False,0,0,0,0,0,0,0,0,0,0,0,0,0.0,0.0,0.0,0.0,0,0,0,0,0,0.00,0.00,0.00,0.00,45,0,941,0,0
jenson_seelt,Sunderland,DF,4.5,2,Fulham,True,0,0,537,19,2026-08-30T13:00:00Z,1,0,False,0,0,0,0,0,0,0,0,0,0,0,0,0.0,0.0,0.0,0.0,0,0,0,0,0,0.00,0.00,0.00,0.00,45,-69,1055,58,127
jenson_seelt,Sunderland,DF,4.5,3,Brentford,False,0,0,537,22,2026-09-05T14:00:00Z,1,1,False,0,0,0,0,0,0,0,0,0,0,0,0,0.0,0.0,0.0,0.0,0,0,0,0,0,0.00,0.00,0.00,0.00,45,-357,701,3,360
jenson_seelt,Sunderland,DF,4.5,4,Arsenal,True,0,0,537,36,2026-09-12T19:00:00Z,0,2,False,0,0,0,0,0,0,0,0,0,0,0,0,0.0,0.0,0.0,0.0,0,0,0,0,0,0.00,0.00,0.00,0.00,45,-100,612,0,100
leo fuhr_hjelde,Sunderland,DF,4.0,1,Ipswich Town,False,0,0,538,5,2026-08-22T14:00:00Z,2,1,False,0,0,0,0,0,0,0,0,0,0,0,0,0.0,0.0,0.0,0.0,0,0,0,0,0,0.00,0.00,0.00,0.00,40,0,6220,0,0
leo fuhr_hjelde,Sunderland,DF,4.0,2,Fulham,True,0,0,538,19,2026-08-30T13:00:00Z,1,0,False,0,0,0,0,0,0,0,0,0,0,0,0,0.0,0.0,0.0,0.0,0,0,0,0,0,0.00,0.00,0.00,0.00,40,-990,5174,0,990
leo fuhr_hjelde,Sunderland,DF,4.0,3,Brentford,False,0,0,538,22,2026-09-05T14:00:00Z,1,1,False,0,0,0,0,0,0,0,0,0,0,0,0,0.0,0.0,0.0,0.0,0,0,0,0,0,0.00,0.00,0.00,0.00,40,-680,4484,0,680
leo fuhr_hjelde,Sunderland,DF,4.0,4,Arsenal,True,0,0,538,36,2026-09-12T19:00:00Z,0,2,False,0,0,0,0,0,0,0,0,0,0,0,0,0.0,0.0,0.0,0.0,0,0,0,0,0,0.00,0.00,0.00,0.00,40,-403,4107,0,403
luke_o'nien,Sunderland,DF,4.0,1,Ipswich Town,False,66,1,539,5,2026-08-22T14:00:00Z,2,1,False,0,0,0,1,0,0,0,1,0,0,0,1,11.4,1.4,4.0,1.7,4,4,1,5,1,0.01,0.01,0.02,1.69,40,0,332959,0,0
luke_o'nien,Sunderland,DF,4.0,2,Fulham,True,0,0,539,19,2026-08-30T13:00:00Z,1,0,False,0,0,0,0,0,0,0,0,0,0,0,0,0.0,0.0,0.0,0.0,0,0,0,0,0,0.00,0.00,0.00,0.00,40,-12937,338160,4602,17539
luke_o'nien,Sunderland,DF,4.0,3,Brentford,False,0,0,539,22,2026-09-05T14:00:00Z,1,1,False,0,0,0,0,0,0,0,0,0,0,0,0,0.0,0.0,0.0,0.0,0,0,0,0,0,0.00,0.00,0.00,0.00,40,-27829,310001,5301,33130
luke_o'nien,Sunderland,DF,4.0,4,Arsenal,True,0,0,539,36,2026-09-12T19:00:00Z,0,2,False,0,0,0,0,0,0,0,0,0,0,0,0,0.0,0.0,0.0,0.0,0,0,0,0,0,0.00,0.00,0.00,0.00,40,-31354,279659,2683,34037
arthur_masuaku,Sunderland,DF,4.0,1,Ipswich Town,False,0,0,540,5,2026-08-22T14:00:00Z,2,1,False,0,0,0,0,0,0,0,0,0,0,0,0,0.0,0.0,0.0,0.0,0,0,0,0,0,0.00,0.00,0.00,0.00,40,0,25578,0,0
arthur_masuaku,Sunderland,DF,4.0,2,Fulham,True,0,0,540,19,2026-08-30T13:00:00Z,1,0,False,0,0,0,0,0,0,0,0,0,0,0,0,0.0,0.0,0.0,0.0,0,0,0,0,0,0.00,0.00,0.00,0.00,40,-4868,20421,0,4868
arthur_masuaku,Sunderland,DF,4.0,3,Brentford,False,0,0,540,22,2026-09-05T14:00:00Z,1,1,False,0,0,0,0,0,0,0,0,0,0,0,0,0.0,0.0,0.0,0.0,0,0,0,0,0,0.00,0.00,0.00,0.00,40,-3070,17428,0,3070
arthur_masuaku,Sunderland,DF,4.0,4,Arsenal,True,0,0,540,36,2026-09-12T19:00:00Z,0,2,False,0,0,0,0,0,0,0,0,0,0,0,0,0.0,0.0,0.0,0.0,0,0,0,0,0,0.00,0.00,0.00,0.00,40,-1719,15823,0,1719
thomas_meunier,Sunderland,DF,4.5,1,Ipswich Town,False,90,1,541,5,2026-08-22T14:00:00Z,2,1,False,0,0,0,2,0,0,0,0,0,0,0,5,13.8,5.3,11.0,3.0,2,3,2,4,1,0.08,0.08,0.16,1.80,45,0,26928,0,0
thomas_meunier,Sunderland,DF,4.5,2,Fulham,True,90,6,541,19,2026-08-30T13:00:00Z,1,0,False,0,0,1,0,0,0,0,0,0,0,0,27,22.6,20.0,9.0,5.2,8,5,0,8,1,0.02,0.05,0.07,0.95,45,-708,29834,1010,1718
thomas_meunier,Sunderland,DF,4.5,3,Brentford,False,63,2,541,22,2026-09-05T14:00:00Z,1,1,False,0,0,0,1,0,0,0,0,0,0,0,0,5.2,1.5,6.0,1.3,2,0,0,2,1,0.11,0.00,0.11,0.76,45,301,30963,2639,2338
thomas_meunier,Sunderland,DF,4.5,4,Arsenal,True,75,2,541,36,2026-09-12T19:00:00Z,0,2,False,0,0,0,1,0,0,0,0,0,0,0,5,5.8,1.8,15.0,2.3,2,4,0,2,1,0.13,0.00,0.13,1.09,45,-1785,29243,781,2566
enzo_le fée,Sunderland,MD,6.0,1,Ipswich Town,False,79,2,542,5,2026-08-22T14:00:00Z,2,1,False,0,0,0,1,0,0,0,0,0,0,0,13,4.6,9.9,0.0,1.5,0,1,1,2,1,0.00,0.03,0.03,1.69,60,0,942702,0,0
enzo_le fée,Sunderland,MD,6.0,2,Fulham,True,89,3,542,19,2026-08-30T13:00:00Z,1,0,False,0,0,1,0,0,0,0,0,0,0,0,13,3.4,21.2,30.0,5.5,1,4,1,6,1,0.37,0.17,0.54,0.86,60,-103724,853085,11386,115110
enzo_le fée,Sunderland,MD,5.9,3,Brentford,False,90,8,542,22,2026-09-05T14:00:00Z,1,1,False,1,0,0,1,0,0,0,0,0,0,1,25,40.0,3.7,24.0,6.8,0,2,4,6,1,0.84,0.03,0.87,1.21,59,-256530,564317,7320,263850
enzo_le fée,Sunderland,MD,5.8,4,Arsenal,True,90,0,542,36,2026-09-12T19:00:00Z,0,2,False,0,0,0,2,0,0,1,0,0,0,0,6,6.8,29.7,26.0,6.3,0,4,0,4,1,0.85,0.59,1.44,1.88,58,-137433,448859,9125,146558
habib_diarra,Sunderland,MD,5.5,1,Ipswich Town,False,10,1,543,5,2026-08-22T14:00:00Z,2,1,False,0,0,0,1,0,0,0,0,0,0,0,3,0.4,0.6,2.0,0.3,0,0,0,0,0,0.03,0.00,0.03,0.10,55,0,6286,0,0
habib_diarra,Sunderland,MD,5.5,2,Fulham,True,18,4,543,19,2026-08-30T13:00:00Z,1,0,False,0,1,0,0,0,0,0,0,0,0,0,15,15.2,10.3,0.0,2.6,0,0,0,0,0,0.00,0.16,0.16,0.02,55,-842,6801,335,1177
habib_diarra,Sunderland,MD,5.5,3,Brentford,False,0,0,543,22,2026-09-05T14:00:00Z,1,1,False,0,0,0,0,0,0,0,0,0,0,0,0,0.0,0.0,0.0,0.0,0,0,0,0,0,0.00,0.00,0.00,0.00,55,-2142,4664,164,2306
habib_diarra,Sunderland,MD,5.4,4,Arsenal,True,0,0,543,36,2026-09-12T19:00:00Z,0,2,False,0,0,0,0,0,0,0,0,0,0,0,0,0.0,0.0,0.0,0.0,0,0,0,0,0,0.00,0.00,0.00,0.00,54,-1501,3263,27,1528
granit_xhaka,Sunderland,MD,5.5,1,Ipswich Town,False,90,9,544,5,2026-08-22T14:00:00Z,2,1,False,0,1,0,2,0,0,0,0,0,0,2,31,18.8,31.4,0.0,5.0,2,8,3,13,1,0.00,0.09,0.09,1.80,55,0,392611,0,0
granit_xhaka,Sunderland,MD,5.5,2,Fulham,True,90,6,544,19,2026-08-30T13:00:00Z,1,0,False,0,0,1,0,0,0,0,0,0,0,3,29,20.4,57.9,0.0,7.8,1,6,0,7,1,0.00,0.36,0.36,0.95,55,24566,464299,42781,18215
granit_xhaka,Sunderland,MD,5.5,3,Brentford,False,90,3,544,22,2026-09-05T14:00:00Z,1,1,False,0,0,0,1,0,0,0,1,0,0,0,12,15.2,20.5,3.0,3.9,4,9,2,15,1,0.06,0.12,0.18,1.21,55,-1951,475519,45125,47076
granit_xhaka,Sunderland,MD,5.5,4,Arsenal,True,90,1,544,36,2026-09-12T19:00:00Z,0,2,False,0,0,0,2,0,0,0,1,0,0,0,19,14.6,44.0,0.0,5.9,2,8,1,11,1,0.00,0.37,0.37,1.88,55,-37779,442948,23504,61283
noah_sadiki,Sunderland,MD,5.0,1,Ipswich Town,False,90,2,545,5,2026-08-22T14:00:00Z,2,1,False,0,0,0,2,0,0,0,0,0,0,0,18,14.6,32.1,25.0,7.2,0,2,0,2,1,0.06,0.03,0.09,1.80,50,0,32634,0,0
noah_sadiki,Sunderland,MD,5.0,2,Fulham,True,90,3,545,19,2026-08-30T13:00:00Z,1,0,False,0,0,1,0,0,0,0,0,0,0,0,21,18.4,7.8,6.0,3.2,6,2,3,11,1,0.02,0.02,0.04,0.95,50,-2332,32341,1165,3497
noah_sadiki,Sunderland,MD,5.0,3,Brentford,False,73,1,545,22,2026-09-05T14:00:00Z,1,1,False,0,0,0,1,0,0,0,1,0,0,0,16,8.8,15.0,48.0,7.2,0,3,0,3,1,0.28,0.18,0.46,0.82,50,-3063,29609,1887,4950
noah_sadiki,Sunderland,MD,4.9,4,Arsenal,True,90,2,545,36,2026-09-12T19:00:00Z,0,2,False,0,0,0,2,0,0,0,0,0,0,0,11,11.0,1.3,1.0,1.3,4,3,3,10,1,0.04,0.00,0.04,1.88,49,-3819,26156,1090,4909
simon_adingra,Sunderland,MD,5.0,1,Ipswich Town,False,0,0,546,5,2026-08-22T14:00:00Z,2,1,False,0,0,0,0,0,0,0,0,0,0,0,0,0.0,0.0,0.0,0.0,0,0,0,0,0,0.00,0.00,0.00,0.00,50,0,9551,0,0
simon_adingra,Sunderland,MD,5.0,2,Fulham,True,0,0,546,19,2026-08-30T13:00:00Z,1,0,False,0,0,0,0,0,0,0,0,0,0,0,0,0.0,0.0,0.0,0.0,0,0,0,0,0,0.00,0.00,0.00,0.00,50,-3506,6042,53,3559
simon_adingra,Sunderland,MD,4.9,3,Brentford,False,0,0,546,22,2026-09-05T14:00:00Z,1,1,False,0,0,0,0,0,0,0,0,0,0,0,0,0.0,0.0,0.0,0.0,0,0,0,0,0,0.00,0.00,0.00,0.00,49,-1749,4340,187,1936
simon_adingra,Sunderland,MD,4.9,4,Arsenal,True,0,0,546,36,2026-09-12T19:00:00Z,0,2,False,0,0,0,0,0,0,0,0,0,0,0,0,0.0,0.0,0.0,0.0,0,0,0,0,0,0.00,0.00,0.00,0.00,49,-1088,3324,0,1088
romaine_mundle,Sunderland,MD,5.0,1,Ipswich Town,False,0,0,547,5,2026-08-22T14:00:00Z,2,1,False,0,0,0,0,0,0,0,0,0,0,0,0,0.0,0.0,0.0,0.0,0,0,0,0,0,0.00,0.00,0.00,0.00,50,0,801,0,0
romaine_mundle,Sunderland,MD,5.0,2,Fulham,True,1,1,547,19,2026-08-30T13:00:00Z,1,0,False,0,0,0,0,0,0,0,0,0,0,0,2,8.0,0.1,17.0,2.5,1,0,0,1,0,0.17,0.00,0.17,0.09,50,-110,822,40,150
romaine_mundle,Sunderland,MD,5.0,3,Brentford,False,0,0,547,22,2026-09-05T14:00:00Z,1,1,False,0,0,0,0,0,0,0,0,0,0,0,0,0.0,0.0,0.0,0.0,0,0,0,0,0,0.00,0.00,0.00,0.00,50,-51,810,83,134
romaine_mundle,Sunderland,MD,4.9,4,Arsenal,True,0,0,547,36,2026-09-12T19:00:00Z,0,2,False,0,0,0,0,0,0,0,0,0,0,0,0,0.0,0.0,0.0,0.0,0,0,0,0,0,0.00,0.00,0.00,0.00,49,-146,691,53,199
chris_rigg,Sunderland,MD,5.0,1,Ipswich Town,False,10,1,548,5,2026-08-22T14:00:00Z,2,1,False,0,0,0,1,0,0,0,0,0,0,0,3,0.0,0.3,0.0,0.0,0,1,0,1,0,0.00,0.00,0.00,0.10,50,0,6214,0,0
chris_rigg,Sunderland,MD,5.0,2,Fulham,True,7,1,548,19,2026-08-30T13:00:00Z,1,0,False,0,0,0,0,0,0,0,0,0,0,0,3,0.0,0.0,0.0,0.0,0,0,0,0,0,0.00,0.00,0.00,0.34,50,-521,6409,99,620
chris_rigg,Sunderland,MD,5.0,3,Brentford,False,0,0,548,22,2026-09-05T14:00:00Z,1,1,False,0,0,0,0,0,0,0,0,0,0,0,0,0.0,0.0,0.0,0.0,0,0,0,0,0,0.00,0.00,0.00,0.00,50,-719,5751,143,862
chris_rigg,Sunderland,MD,4.9,4,Arsenal,True,0,0,548,36,2026-09-12T19:00:00Z,0,2,False,0,0,0,0,0,0,0,0,0,0,0,0,0.0,0.0,0.0,0.0,0,0,0,0,0,0.00,0.00,0.00,0.00,49,-504,5378,130,634
chemsdine_talbi,Sunderland,MD,5.5,1,Ipswich Town,False,31,1,549,5,2026-08-22T14:00:00Z,2,1,False,0,0,0,1,0,0,0,0,0,0,0,1,0.0,0.9,0.0,0.0,0,2,0,2,0,0.00,0.00,0.00,0.14,55,0,20822,0,0
chemsdine_talbi,Sunderland,MD,5.5,2,Fulham,True,0,0,549,19,2026-08-30T13:00:00Z,1,0,False,0,0,0,0,0,0,0,0,0,0,0,0,0.0,0.0,0.0,0.0,0,0,0,0,0,0.00,0.00,0.00,0.00,55,-2560,20684,284,2844
chemsdine_talbi,Sunderland,MD,5.4,3,Brentford,False,0,0,549,22,2026-09-05T14:00:00Z,1,1,False,0,0,0,0,0,0,0,0,0,0,0,0,0.0,0.0,0.0,0.0,0,0,0,0,0,0.00,0.00,0.00,0.00,54,-3700,17189,427,4127
chemsdine_talbi,Sunderland,MD,5.4,4,Arsenal,True,0,0,549,36,2026-09-12T19:00:00Z,0,2,False,0,0,0,0,0,0,0,0,0,0,0,0,0.0,0.0,0.0,0.0,0,0,0,0,0,0.00,0.00,0.00,0.00,54,-2338,15167,214,2552
djiamgone jocelin ta_bi,Sunderland,MD,5.0,1,Ipswich Town,False,0,0,550,5,2026-08-22T14:00:00Z,2,1,False,0,0,0,0,0,0,0,0,0,0,0,0,0.0,0.0,0.0,0.0,0,0,0,0,0,0.00,0.00,0.00,0.00,50,0,501,0,0
djiamgone jocelin ta_bi,Sunderland,MD,5.0,2,Fulham,True,0,0,550,19,2026-08-30T13:00:00Z,1,0,False,0,0,0,0,0,0,0,0,0,0,0,0,0.0,0.0,0.0,0.0,0,0,0,0,0,0.00,0.00,0.00,0.00,50,-50,569,51,101
djiamgone jocelin ta_bi,Sunderland,MD,5.0,3,Brentford,False,0,0,550,22,2026-09-05T14:00:00Z,1,1,False,0,0,0,0,0,0,0,0,0,0,0,0,0.0,0.0,0.0,0.0,0,0,0,0,0,0.00,0.00,0.00,0.00,50,-21,602,80,101
djiamgone jocelin ta_bi,Sunderland,MD,5.0,4,Arsenal,True,0,0,550,36,2026-09-12T19:00:00Z,0,2,False,0,0,0,0,0,0,0,0,0,0,0,0,0.0,0.0,0.0,0.0,0,0,0,0,0,0.00,0.00,0.00,0.00,50,-12,630,79,91
nilson_angulo,Sunderland,MD,5.0,1,Ipswich Town,False,58,5,551,5,2026-08-22T14:00:00Z,2,1,False,1,0,0,1,0,0,0,1,0,0,0,23,32.8,3.3,16.0,5.2,1,5,1,7,1,0.15,0.01,0.16,1.66,50,0,5260,0,0
nilson_angulo,Sunderland,MD,5.0,2,Fulham,True,64,3,551,19,2026-08-30T13:00:00Z,1,0,False,0,0,1,0,0,0,0,0,0,0,0,13,7.2,16.7,0.0,2.4,0,4,1,5,1,0.00,0.04,0.04,0.58,50,3964,13112,5343,1379
nilson_angulo,Sunderland,MD,5.0,3,Brentford,False,63,2,551,22,2026-09-05T14:00:00Z,1,1,False,0,0,0,1,0,0,0,0,0,0,0,11,8.6,5.7,16.0,3.0,1,3,1,5,1,0.00,0.07,0.07,0.76,50,1656,15646,4768,3112
nilson_angulo,Sunderland,MD,5.0,4,Arsenal,True,69,2,551,36,2026-09-12T19:00:00Z,0,2,False,0,0,0,1,0,0,0,0,0,0,0,7,2.2,0.9,2.0,0.5,0,1,2,3,1,0.00,0.00,0.00,0.81,50,-1700,14020,1450,3150
brian_brobbey,Sunderland,FW,6.0,1,Ipswich Town,False,66,2,552,5,2026-08-22T14:00:00Z,2,1,False,0,0,0,1,0,0,0,0,0,0,0,1,0.0,1.5,9.0,1.1,0,0,0,0,1,0.30,0.00,0.30,1.69,60,0,1279847,0,0
brian_brobbey,Sunderland,FW,6.0,2,Fulham,True,63,2,552,19,2026-08-30T13:00:00Z,1,0,False,0,0,1,0,0,0,0,0,0,0,0,5,0.0,2.8,6.0,0.7,1,3,0,4,1,0.03,0.00,0.03,0.58,60,-81358,1261093,38269,119627
brian_brobbey,Sunderland,FW,5.9,3,Brentford,False,90,2,552,22,2026-09-05T14:00:00Z,1,1,False,0,0,0,1,0,0,0,0,0,0,0,11,4.4,37.1,29.0,7.1,0,3,0,3,1,0.26,0.06,0.32,1.21,59,-321733,912046,27284,349017
brian_brobbey,Sunderland,FW,5.8,4,Arsenal,True,90,1,552,36,2026-09-12T19:00:00Z,0,2,False,0,0,0,2,0,0,0,1,0,0,0,4,0.0,11.5,14.0,2.4,0,4,0,4,1,0.00,0.01,0.01,1.88,58,-246486,701070,13895,260381
wilson_isidor,Sunderland,FW,5.5,1,Ipswich Town,False,23,1,553,5,2026-08-22T14:00:00Z,2,1,False,0,0,0,1,0,0,0,0,0,0,0,3,0.0,0.2,0.0,0.0,0,0,0,0,0,0.00,0.00,0.00,0.10,55,0,90196,0,0
wilson_isidor,Sunderland,FW,5.5,2,Fulham,True,26,8,553,19,2026-08-30T13:00:00Z,1,0,False,1,0,0,0,0,0,0,0,0,0,3,29,29.2,0.1,25.0,5.4,0,0,0,0,0,1.39,0.00,1.39,0.37,55,-10451,85703,2470,12921
wilson_isidor,Sunderland,FW,5.5,3,Brentford,False,26,4,553,22,2026-09-05T14:00:00Z,1,1,False,0,1,0,0,0,0,0,0,0,0,0,15,0.2,0.3,10.0,1.1,0,2,0,2,0,0.10,0.01,0.11,0.45,55,21273,116229,35830,14557
wilson_isidor,Sunderland,FW,5.5,4,Arsenal,True,20,1,553,36,2026-09-12T19:00:00Z,0,2,False,0,0,0,1,0,0,0,0,0,0,0,1,1.2,0.1,0.0,0.1,0,0,1,1,0,0.00,0.00,0.00,1.07,55,25312,163059,47557,22245
dayann_méthalie,Sunderland,DF,4.5,2,Fulham,True,0,0,612,19,2026-08-30T13:00:00Z,1,0,False,0,0,0,0,0,0,0,0,0,0,0,0,0.0,0.0,0.0,0.0,0,0,0,0,0,0.00,0.00,0.00,0.00,45,68,156,95,27
dayann_méthalie,Sunderland,DF,4.5,3,Brentford,False,0,0,612,22,2026-09-05T14:00:00Z,1,1,False,0,0,0,0,0,0,0,0,0,0,0,0,0.0,0.0,0.0,0.0,0,0,0,0,0,0.00,0.00,0.00,0.00,45,262,632,362,100
dayann_méthalie,Sunderland,DF,4.5,4,Arsenal,True,0,0,612,36,2026-09-12T19:00:00Z,0,2,False,0,0,0,0,0,0,0,0,0,0,0,0,0.0,0.0,0.0,0.0,0,0,0,0,0,0.00,0.00,0.00,0.00,45,-16,710,187,203
jules_ahoka,Sunderland,MD,4.5,2,Fulham,True,0,0,613,19,2026-08-30T13:00:00Z,1,0,False,0,0,0,0,0,0,0,0,0,0,0,0,0.0,0.0,0.0,0.0,0,0,0,0,0,0.00,0.00,0.00,0.00,45,2077,6052,2475,398
jules_ahoka,Sunderland,MD,4.5,3,Brentford,False,0,0,613,22,2026-09-05T14:00:00Z,1,1,False,0,0,0,0,0,0,0,0,0,0,0,0,0.0,0.0,0.0,0.0,0,0,0,0,0,0.00,0.00,0.00,0.00,45,8884,27345,13182,4298
jules_ahoka,Sunderland,MD,4.5,4,Arsenal,True,0,0,613,36,2026-09-12T19:00:00Z,0,2,False,0,0,0,0,0,0,0,0,0,0,0,0,0.0,0.0,0.0,0.0,0,0,0,0,0,0.00,0.00,0.00,0.00,45,2550,29307,6933,4383
malick_fofana,Sunderland,MD,5.5,3,Brentford,False,16,1,646,22,2026-09-05T14:00:00Z,1,1,False,0,0,0,0,0,0,0,0,0,0,0,3,0.0,0.5,0.0,0.1,0,0,0,0,0,0.00,0.00,0.00,0.39,55,1832,2246,2071,239
malick_fofana,Sunderland,MD,5.5,4,Arsenal,True,14,1,646,36,2026-09-12T19:00:00Z,0,2,False,0,0,0,1,0,0,0,0,0,0,0,2,0.0,0.8,6.0,0.6,0,0,0,0,0,0.00,0.00,0.00,0.79,55,636,3125,1193,557
juan_angulo,Sunderland,FW,4.5,3,Brentford,False,0,0,651,22,2026-09-05T14:00:00Z,1,1,False,0,0,0,0,0,0,0,0,0,0,0,0,0.0,0.0,0.0,0.0,0,0,0,0,0,0.00,0.00,0.00,0.00,45,14103,27023,15939,1836
juan_angulo,Sunderland,FW,4.5,4,Arsenal,True,0,0,651,36,2026-09-12T19:00:00Z,0,2,False,0,0,0,0,0,0,0,0,0,0,0,0,0.0,0.0,0.0,0.0,0,0,0,0,0,0.00,0.00,0.00,0.00,45,22849,53783,32385,9536
