full_name,team,Position,Price,round,opponent_team,was_home,minutes,total_points,element,fixture,kickoff_time,team_h_score,team_a_score,modified,goals_scored,assists,clean_sheets,goals_conceded,own_goals,penalties_saved,penalties_missed,yellow_cards,red_cards,saves,bonus,bps,influence,creativity,threat,ict_index,clearances_blocks_interceptions,recoveries,tackles,defensive_contribution,starts,expected_goals,expected_assists,expected_goal_involvements,expected_goals_conceded,value,transfers_balance,selected,transfers_in,transfers_out
david_raya martín,Arsenal,GK,6.0,1,Coventry City,True,90,6,1,1,2026-08-21T19:00:00Z,3,0,False,0,0,1,0,0,0,0,0,0,1,0,24,11.8,0.0,0.0,1.2,1,8,0,0,1,0.00,0.00,0.00,0.20,60,0,3347153,0,0
kepa_arrizabalaga revuelta,Arsenal,GK,5.0,1,Coventry City,True,0,0,2,1,2026-08-21T19:00:00Z,3,0,False,0,0,0,0,0,0,0,0,0,0,0,0,0.0,0.0,0.0,0.0,0,0,0,0,0,0.00,0.00,0.00,0.00,50,0,7415,0,0
illan_meslier,Arsenal,GK,5.0,1,Coventry City,True,0,0,3,1,2026-08-21T19:00:00Z,3,0,False,0,0,0,0,0,0,0,0,0,0,0,0,0.0,0.0,0.0,0.0,0,0,0,0,0,0.00,0.00,0.00,0.00,50,0,2971,0,0
gabriel_dos santos magalhães,Arsenal,DF,8.0,1,Coventry City,True,90,5,4,1,2026-08-21T19:00:00Z,3,0,False,0,0,1,0,0,0,0,1,0,0,0,21,6.6,1.8,1.0,0.9,4,2,0,4,1,0.05,0.01,0.06,0.20,80,0,2647984,0,0
jurriën_timber,Arsenal,DF,6.5,1,Coventry City,True,0,0,5,1,2026-08-21T19:00:00Z,3,0,False,0,0,0,0,0,0,0,0,0,0,0,0,0.0,0.0,0.0,0.0,0,0,0,0,0,0.00,0.00,0.00,0.00,65,0,11200,0,0
william_saliba,Arsenal,DF,6.0,1,Coventry City,True,0,0,6,1,2026-08-21T19:00:00Z,3,0,False,0,0,0,0,0,0,0,0,0,0,0,0,0.0,0.0,0.0,0.0,0,0,0,0,0,0.00,0.00,0.00,0.00,60,0,26559,0,0
myles_lewis-skelly,Arsenal,MD,5.5,1,Coventry City,True,90,3,7,1,2026-08-21T19:00:00Z,3,0,False,0,0,1,0,0,0,0,0,0,0,0,15,11.0,22.9,7.0,4.1,1,5,1,7,1,0.06,0.11,0.17,0.20,55,0,55656,0,0
riccardo_calafiori,Arsenal,DF,5.5,1,Coventry City,True,80,9,8,1,2026-08-21T19:00:00Z,3,0,False,0,1,1,0,0,0,0,0,0,0,0,31,26.0,12.2,4.0,4.2,4,1,1,5,1,0.04,0.09,0.13,0.06,55,0,3542684,0,0
piero_hincapié,Arsenal,DF,5.5,1,Coventry City,True,9,1,9,1,2026-08-21T19:00:00Z,3,0,False,0,0,0,0,0,0,0,0,0,0,0,3,0.4,0.5,0.0,0.1,0,0,0,0,0,0.00,0.00,0.00,0.15,55,0,165924,0,0
benjamin_white,Arsenal,DF,5.5,1,Coventry City,True,90,11,10,1,2026-08-21T19:00:00Z,3,0,False,0,1,1,0,0,0,0,0,0,0,2,37,33.2,26.8,13.0,7.3,4,3,1,5,1,0.18,0.21,0.39,0.20,55,0,401419,0,0
cristhian_mosquera,Arsenal,DF,5.5,1,Coventry City,True,90,6,11,1,2026-08-21T19:00:00Z,3,0,False,0,0,1,0,0,0,0,0,0,0,0,27,14.4,0.6,0.0,1.5,6,3,0,6,1,0.00,0.00,0.00,0.20,55,0,571606,0,0
bukayo_saka,Arsenal,MD,9.5,1,Coventry City,True,67,9,12,1,2026-08-21T19:00:00Z,3,0,False,1,0,1,0,0,0,0,0,0,0,1,36,42.8,26.1,33.0,10.2,2,4,1,7,1,0.64,0.08,0.72,0.06,95,0,819914,0,0
declan_rice,Arsenal,MD,7.5,1,Coventry City,True,67,3,13,1,2026-08-21T19:00:00Z,3,0,False,0,0,1,0,0,0,0,0,0,0,0,10,6.8,6.4,2.0,1.5,3,3,0,6,1,0.07,0.08,0.15,0.06,75,0,1604406,0,0
eberechi_eze,Arsenal,MD,6.5,1,Coventry City,True,14,1,14,1,2026-08-21T19:00:00Z,3,0,False,0,0,0,0,0,0,0,0,0,0,0,4,0.0,1.8,1.0,0.1,0,2,0,2,0,0.04,0.00,0.04,0.15,65,0,188164,0,0
martin_ødegaard,Arsenal,MD,6.5,1,Coventry City,True,75,11,15,1,2026-08-21T19:00:00Z,3,0,False,1,0,1,0,0,0,0,0,0,0,3,41,50.6,41.5,31.0,12.3,1,4,3,8,1,0.21,0.10,0.31,0.06,65,0,717252,0,0
noni_madueke,Arsenal,MD,6.5,1,Coventry City,True,22,1,16,1,2026-08-21T19:00:00Z,3,0,False,0,0,0,0,0,0,0,0,0,0,0,8,9.4,43.1,0.0,5.3,0,2,0,2,0,0.00,0.04,0.04,0.15,65,0,30442,0,0
mikel_merino zazón,Arsenal,MD,6.0,1,Coventry City,True,14,1,17,1,2026-08-21T19:00:00Z,3,0,False,0,0,0,0,0,0,0,0,0,0,0,5,3.6,1.2,14.0,1.9,0,2,0,2,0,0.14,0.02,0.16,0.15,60,0,62671,0,0
gabriel_martinelli silva,Arsenal,MD,6.5,1,Coventry City,True,0,0,18,1,2026-08-21T19:00:00Z,3,0,False,0,0,0,0,0,0,0,0,0,0,0,0,0.0,0.0,0.0,0.0,0,0,0,0,0,0.00,0.00,0.00,0.00,65,0,21290,0,0
martín_zubimendi ibáñez,Arsenal,MD,5.5,1,Coventry City,True,22,1,19,1,2026-08-21T19:00:00Z,3,0,False,0,0,0,0,0,0,0,0,0,0,0,3,3.8,2.3,0.0,0.6,0,2,1,3,0,0.00,0.02,0.02,0.15,55,0,107568,0,0
max_dowman,Arsenal,MD,5.5,1,Coventry City,True,0,0,20,1,2026-08-21T19:00:00Z,3,0,False,0,0,0,0,0,0,0,0,0,0,0,0,0.0,0.0,0.0,0.0,0,0,0,0,0,0.00,0.00,0.00,0.00,55,0,8920,0,0
ethan_nwaneri,Arsenal,MD,5.5,1,Coventry City,True,0,0,22,1,2026-08-21T19:00:00Z,3,0,False,0,0,0,0,0,0,0,0,0,0,0,0,0.0,0.0,0.0,0.0,0,0,0,0,0,0.00,0.00,0.00,0.00,55,0,1260,0,0
fábio_ferreira vieira,Arsenal,MD,5.5,1,Coventry City,True,0,0,23,1,2026-08-21T19:00:00Z,3,0,False,0,0,0,0,0,0,0,0,0,0,0,0,0.0,0.0,0.0,0.0,0,0,0,0,0,0.00,0.00,0.00,0.00,55,0,892,0,0
reiss_nelson,Arsenal,MD,5.5,1,Coventry City,True,0,0,24,1,2026-08-21T19:00:00Z,3,0,False,0,0,0,0,0,0,0,0,0,0,0,0,0.0,0.0,0.0,0.0,0,0,0,0,0,0.00,0.00,0.00,0.00,55,0,853,0,0
viktor_gyökeres,Arsenal,FW,7.5,1,Coventry City,True,0,0,25,1,2026-08-21T19:00:00Z,3,0,False,0,0,0,0,0,0,0,0,0,0,0,0,0.0,0.0,0.0,0.0,0,0,0,0,0,0.00,0.00,0.00,0.00,75,0,816962,0,0
kai_havertz,Arsenal,FW,7.5,1,Coventry City,True,90,6,26,1,2026-08-21T19:00:00Z,3,0,False,1,0,1,0,0,0,0,0,0,0,0,34,37.2,13.2,25.0,7.5,2,0,0,2,1,0.26,0.03,0.29,0.20,75,0,468616,0,0
gabriel_fernando de jesus,Arsenal,FW,6.0,1,Coventry City,True,0,0,27,1,2026-08-21T19:00:00Z,3,0,False,0,0,0,0,0,0,0,0,0,0,0,0,0.0,0.0,0.0,0.0,0,0,0,0,0,0.00,0.00,0.00,0.00,60,0,31403,0,0
ezri_konsa ngoyo,Arsenal,DF,4.5,1,Coventry City,True,0,0,31,1,2026-08-21T19:00:00Z,3,0,False,0,0,0,0,0,0,0,0,0,0,0,0,0.0,0.0,0.0,0.0,0,0,0,0,0,0.00,0.00,0.00,0.00,45,0,1206127,0,0
bruno_guimarães rodriguez moura,Arsenal,MD,7.0,1,Coventry City,True,0,0,452,1,2026-08-21T19:00:00Z,3,0,False,0,0,0,0,0,0,0,0,0,0,0,0,0.0,0.0,0.0,0.0,0,0,0,0,0,0.00,0.00,0.00,0.00,70,0,391151,0,0
christos_tzolis,Arsenal,MD,6.5,1,Coventry City,True,75,6,557,1,2026-08-21T19:00:00Z,3,0,False,0,1,1,0,0,0,0,0,0,0,0,30,17.0,39.8,30.0,8.7,2,3,1,6,1,0.19,0.14,0.33,0.06,65,0,2247384,0,0
marco_bizot,Aston Villa,GK,4.5,1,Brighton,False,90,1,29,7,2026-08-23T13:00:00Z,4,0,False,0,0,0,4,0,0,0,0,0,3,0,1,28.2,0.0,0.0,2.8,2,6,0,0,1,0.00,0.00,0.00,3.77,45,0,10183,0,0
lucas_digne,Aston Villa,DF,4.5,1,Brighton,False,0,0,30,7,2026-08-23T13:00:00Z,4,0,False,0,0,0,0,0,0,0,0,0,0,0,0,0.0,0.0,0.0,0.0,0,0,0,0,0,0.00,0.00,0.00,0.00,45,0,13780,0,0
matty_cash,Aston Villa,DF,4.5,1,Brighton,False,90,-1,32,7,2026-08-23T13:00:00Z,4,0,False,0,0,0,4,0,0,0,1,0,0,0,-8,12.0,1.1,0.0,1.3,5,0,2,7,1,0.00,0.00,0.00,3.77,45,0,789072,0,0
tyrone_mings,Aston Villa,DF,4.5,1,Brighton,False,16,1,33,7,2026-08-23T13:00:00Z,4,0,False,0,0,0,0,0,0,0,0,0,0,0,5,2.0,0.0,0.0,0.2,0,0,1,1,0,0.00,0.00,0.00,0.22,45,0,29034,0,0
pau_torres,Aston Villa,DF,4.5,1,Brighton,False,73,0,34,7,2026-08-23T13:00:00Z,4,0,False,0,0,0,4,0,0,0,0,0,0,0,-14,0.0,0.7,0.0,0.0,5,1,0,5,1,0.00,0.00,0.00,3.55,45,0,38472,0,0
lamare_bogarde,Aston Villa,MD,5.0,1,Brighton,False,16,1,35,7,2026-08-23T13:00:00Z,4,0,False,0,0,0,0,0,0,0,0,0,0,0,3,2.2,0.5,0.0,0.3,1,0,0,1,0,0.00,0.00,0.00,0.22,50,0,5822,0,0
ian_maatsen,Aston Villa,DF,4.5,1,Brighton,False,81,0,36,7,2026-08-23T13:00:00Z,4,0,False,0,0,0,4,0,0,0,0,0,0,0,-9,9.2,0.8,3.0,1.3,7,2,2,9,1,0.03,0.00,0.03,3.62,45,0,71952,0,0
victor_lindelöf,Aston Villa,DF,4.5,1,Brighton,False,90,-2,37,7,2026-08-23T13:00:00Z,4,0,False,0,0,0,4,1,0,0,0,0,0,0,-13,1.8,0.1,0.0,0.2,3,1,0,3,1,0.00,0.00,0.00,3.77,45,0,24630,0,0
andrés_garcía,Aston Villa,DF,4.0,1,Brighton,False,0,0,38,7,2026-08-23T13:00:00Z,4,0,False,0,0,0,0,0,0,0,0,0,0,0,0,0.0,0.0,0.0,0.0,0,0,0,0,0,0.00,0.00,0.00,0.00,40,0,157304,0,0
kosta_nedeljkovic,Aston Villa,DF,4.0,1,Brighton,False,0,0,39,7,2026-08-23T13:00:00Z,4,0,False,0,0,0,0,0,0,0,0,0,0,0,0,0.0,0.0,0.0,0.0,0,0,0,0,0,0.00,0.00,0.00,0.00,40,0,29043,0,0
emiliano_buendía stati,Aston Villa,MD,6.0,1,Brighton,False,85,2,41,7,2026-08-23T13:00:00Z,4,0,False,0,0,0,4,0,0,0,0,0,0,0,4,0.0,16.3,8.0,2.2,3,3,1,7,1,0.13,0.09,0.22,3.62,60,0,120830,0,0
leon_bailey,Aston Villa,MD,5.5,1,Brighton,False,0,0,44,7,2026-08-23T13:00:00Z,4,0,False,0,0,0,0,0,0,0,0,0,0,0,0,0.0,0.0,0.0,0.0,0,0,0,0,0,0.00,0.00,0.00,0.00,55,0,12940,0,0
john_mcginn,Aston Villa,MD,5.5,1,Brighton,False,81,1,45,7,2026-08-23T13:00:00Z,4,0,False,0,0,0,4,0,0,0,1,0,0,0,8,1.6,2.4,1.0,0.5,2,3,1,6,1,0.04,0.01,0.05,3.62,55,0,290994,0,0
ross_barkley,Aston Villa,MD,5.0,1,Brighton,False,73,2,46,7,2026-08-23T13:00:00Z,4,0,False,0,0,0,4,0,0,0,0,0,0,0,11,9.4,21.4,7.0,3.8,1,0,0,1,1,0.10,0.02,0.12,3.55,50,0,20508,0,0
boubacar_kamara,Aston Villa,MD,5.0,1,Brighton,False,90,2,47,7,2026-08-23T13:00:00Z,4,0,False,0,0,0,4,0,0,0,0,0,0,0,9,11.2,2.8,0.0,1.4,3,2,2,7,1,0.00,0.00,0.00,3.77,50,0,31172,0,0
amadou_onana,Aston Villa,MD,5.0,1,Brighton,False,0,0,48,7,2026-08-23T13:00:00Z,4,0,False,0,0,0,0,0,0,0,0,0,0,0,0,0.0,0.0,0.0,0.0,0,0,0,0,0,0.00,0.00,0.00,0.00,50,0,2081,0,0
samuel_iling-junior,Aston Villa,MD,5.0,1,Brighton,False,0,0,49,7,2026-08-23T13:00:00Z,4,0,False,0,0,0,0,0,0,0,0,0,0,0,0,0.0,0.0,0.0,0.0,0,0,0,0,0,0.00,0.00,0.00,0.00,50,0,394,0,0
bradley_burrowes,Aston Villa,MD,4.5,1,Brighton,False,0,0,50,7,2026-08-23T13:00:00Z,4,0,False,0,0,0,0,0,0,0,0,0,0,0,0,0.0,0.0,0.0,0.0,0,0,0,0,0,0.00,0.00,0.00,0.00,45,0,60228,0,0
george_hemmings,Aston Villa,MD,4.5,1,Brighton,False,90,2,51,7,2026-08-23T13:00:00Z,4,0,False,0,0,0,4,0,0,0,0,0,0,0,12,10.6,11.6,2.0,2.4,0,2,3,5,1,0.00,0.00,0.00,3.77,45,0,60759,0,0
alysson edward franco_da rocha dos santos,Aston Villa,MD,5.0,1,Brighton,False,8,1,52,7,2026-08-23T13:00:00Z,4,0,False,0,0,0,0,0,0,0,0,0,0,0,5,4.0,0.0,0.0,0.4,1,1,1,3,0,0.00,0.00,0.00,0.14,50,0,3792,0,0
johan_manzambi,Aston Villa,MD,6.0,1,Brighton,False,0,0,53,7,2026-08-23T13:00:00Z,4,0,False,0,0,0,0,0,0,0,0,0,0,0,0,0.0,0.0,0.0,0.0,0,0,0,0,0,0.00,0.00,0.00,0.00,60,0,26624,0,0
joao_gomes,Aston Villa,MD,5.5,1,Brighton,False,39,-2,54,7,2026-08-23T13:00:00Z,4,0,False,0,0,0,4,0,0,0,0,1,0,0,-2,1.0,11.0,0.0,1.2,1,2,4,7,1,0.00,0.01,0.01,2.58,55,0,6573,0,0
ollie_watkins,Aston Villa,FW,8.0,1,Brighton,False,0,0,55,7,2026-08-23T13:00:00Z,4,0,False,0,0,0,0,0,0,0,0,0,0,0,0,0.0,0.0,0.0,0.0,0,0,0,0,0,0.00,0.00,0.00,0.00,80,0,898121,0,0
tammy_abraham,Aston Villa,FW,5.5,1,Brighton,False,0,0,56,7,2026-08-23T13:00:00Z,4,0,False,0,0,0,0,0,0,0,0,0,0,0,0,0.0,0.0,0.0,0.0,0,0,0,0,0,0.00,0.00,0.00,0.00,55,0,11764,0,0
alejandro_garnacho ferreyra,Aston Villa,MD,6.0,1,Brighton,False,4,1,160,7,2026-08-23T13:00:00Z,4,0,False,0,0,0,0,0,0,0,0,0,0,0,2,0.0,0.0,0.0,0.0,0,0,0,0,0,0.00,0.00,0.00,0.14,60,0,54802,0,0
nicolas_jackson,Aston Villa,FW,6.5,1,Fulham,False,0,0,166,10,2026-08-24T19:00:00Z,2,3,False,0,0,0,0,0,0,0,0,0,0,0,0,0.0,0.0,0.0,0.0,0,0,0,0,0,0.00,0.00,0.00,0.00,65,0,29435,0,0
brian_madjo,Aston Villa,FW,5.5,1,Brighton,False,0,0,582,7,2026-08-23T13:00:00Z,4,0,False,0,0,0,0,0,0,0,0,0,0,0,0,0.0,0.0,0.0,0.0,0,0,0,0,0,0.00,0.00,0.00,0.00,55,0,46241,0,0
matteo_ruggeri,Aston Villa,DF,4.5,1,Brighton,False,8,1,596,7,2026-08-23T13:00:00Z,4,0,False,0,0,0,0,0,0,0,0,0,0,0,3,4.0,0.0,0.0,0.4,0,0,2,2,0,0.00,0.00,0.00,0.14,45,0,7884,0,0
zion_suzuki,Aston Villa,GK,5.0,1,Brighton,False,0,0,597,7,2026-08-23T13:00:00Z,4,0,False,0,0,0,0,0,0,0,0,0,0,0,0,0.0,0.0,0.0,0.0,0,0,0,0,0,0.00,0.00,0.00,0.00,50,0,61739,0,0
triston_rowe,Aston Villa,DF,4.0,1,Brighton,False,0,0,606,7,2026-08-23T13:00:00Z,4,0,False,0,0,0,0,0,0,0,0,0,0,0,0,0.0,0.0,0.0,0.0,0,0,0,0,0,0.00,0.00,0.00,0.00,40,0,0,0,0
luka_lynch,Aston Villa,MD,4.5,1,Brighton,False,0,0,607,7,2026-08-23T13:00:00Z,4,0,False,0,0,0,0,0,0,0,0,0,0,0,0,0.0,0.0,0.0,0.0,0,0,0,0,0,0.00,0.00,0.00,0.00,45,0,0,0,0
đorđe_petrović,Bournemouth,GK,4.5,1,Man City,False,90,2,57,8,2026-08-23T13:00:00Z,2,1,False,0,0,0,2,0,0,0,0,0,4,0,13,36.8,0.0,0.0,3.7,2,5,0,0,1,0.00,0.00,0.00,2.25,45,0,288326,0,0
fraser_forster,Bournemouth,GK,4.0,1,Man City,False,0,0,58,8,2026-08-23T13:00:00Z,2,1,False,0,0,0,0,0,0,0,0,0,0,0,0,0.0,0.0,0.0,0.0,0,0,0,0,0,0.00,0.00,0.00,0.00,40,0,283903,0,0
will_dennis,Bournemouth,GK,4.0,1,Man City,False,0,0,59,8,2026-08-23T13:00:00Z,2,1,False,0,0,0,0,0,0,0,0,0,0,0,0,0.0,0.0,0.0,0.0,0,0,0,0,0,0.00,0.00,0.00,0.00,40,0,16822,0,0
james_hill,Bournemouth,DF,5.5,1,Man City,False,90,1,60,8,2026-08-23T13:00:00Z,2,1,False,0,0,0,2,0,0,0,0,0,0,0,0,11.6,0.3,0.0,1.2,5,1,1,6,1,0.00,0.00,0.00,2.25,55,0,72436,0,0
adrien_truffert,Bournemouth,DF,5.5,1,Man City,False,90,1,61,8,2026-08-23T13:00:00Z,2,1,False,0,0,0,2,0,0,0,0,0,0,0,0,15.4,1.3,0.0,1.7,5,7,2,7,1,0.00,0.00,0.00,2.25,55,0,392050,0,0
bafodé_diakité,Bournemouth,DF,5.0,1,Man City,False,0,0,62,8,2026-08-23T13:00:00Z,2,1,False,0,0,0,0,0,0,0,0,0,0,0,0,0.0,0.0,0.0,0.0,0,0,0,0,0,0.00,0.00,0.00,0.00,50,0,15573,0,0
veljko_milosavljevic,Bournemouth,DF,5.0,1,Man City,False,0,0,63,8,2026-08-23T13:00:00Z,2,1,False,0,0,0,0,0,0,0,0,0,0,0,0,0.0,0.0,0.0,0.0,0,0,0,0,0,0.00,0.00,0.00,0.00,50,0,1122,0,0
adam_smith,Bournemouth,DF,4.5,1,Man City,False,90,1,64,8,2026-08-23T13:00:00Z,2,1,False,0,0,0,2,0,0,0,0,0,0,0,4,7.0,0.6,0.0,0.8,4,3,1,5,1,0.00,0.00,0.00,2.25,45,0,8561,0,0
julián_araujo zúñiga,Bournemouth,DF,4.5,1,Man City,False,0,0,65,8,2026-08-23T13:00:00Z,2,1,False,0,0,0,0,0,0,0,0,0,0,0,0,0.0,0.0,0.0,0.0,0,0,0,0,0,0.00,0.00,0.00,0.00,45,0,1775,0,0
julio_soler barreto,Bournemouth,DF,4.0,1,Man City,False,0,0,66,8,2026-08-23T13:00:00Z,2,1,False,0,0,0,0,0,0,0,0,0,0,0,0,0.0,0.0,0.0,0.0,0,0,0,0,0,0.00,0.00,0.00,0.00,40,0,19739,0,0
rayan vitor_simplício rocha,Bournemouth,MD,6.5,1,Man City,False,88,2,67,8,2026-08-23T13:00:00Z,2,1,False,0,0,0,1,0,0,0,0,0,0,0,9,6.2,11.3,17.0,3.5,1,0,0,1,1,0.04,0.03,0.07,2.06,65,0,242374,0,0
marcus_tavernier,Bournemouth,MD,6.0,1,Man City,False,90,10,68,8,2026-08-23T13:00:00Z,2,1,False,1,0,0,2,0,0,0,0,0,0,3,32,40.0,17.2,18.0,7.5,2,4,2,8,1,0.40,0.08,0.48,2.25,60,0,139421,0,0
alex_scott,Bournemouth,MD,6.0,1,Man City,False,90,2,69,8,2026-08-23T13:00:00Z,2,1,False,0,0,0,2,0,0,0,0,0,0,0,17,11.4,4.8,0.0,1.6,1,6,4,11,1,0.00,0.01,0.01,2.25,60,0,134668,0,0
justin_kluivert,Bournemouth,MD,6.0,1,Man City,False,74,3,70,8,2026-08-23T13:00:00Z,2,1,False,0,0,1,0,0,0,0,0,0,0,0,15,11.0,14.3,17.0,4.2,1,5,3,9,1,0.11,0.00,0.11,1.94,60,0,96045,0,0
lewis_cook,Bournemouth,MD,5.0,1,Man City,False,75,3,71,8,2026-08-23T13:00:00Z,2,1,False,0,0,1,0,0,0,0,0,0,0,0,8,4.6,2.1,0.0,0.7,3,3,1,7,1,0.00,0.00,0.00,1.94,50,0,13065,0,0
ben_gannon-doak,Bournemouth,MD,5.0,1,Man City,False,1,1,72,8,2026-08-23T13:00:00Z,2,1,False,0,0,0,1,0,0,0,0,0,0,0,3,0.2,0.1,2.0,0.2,0,1,0,1,0,0.00,0.00,0.00,0.19,50,0,7889,0,0
tyler_adams,Bournemouth,MD,5.0,1,Man City,False,15,1,73,8,2026-08-23T13:00:00Z,2,1,False,0,0,0,2,0,0,0,0,0,0,0,4,3.6,0.6,0.0,0.4,3,0,0,3,0,0.00,0.00,0.00,0.31,50,0,19512,0,0
david_brooks,Bournemouth,MD,5.0,1,Man City,False,0,0,74,8,2026-08-23T13:00:00Z,2,1,False,0,0,0,0,0,0,0,0,0,0,0,0,0.0,0.0,0.0,0.0,0,0,0,0,0,0.00,0.00,0.00,0.00,50,0,4610,0,0
ryan_christie,Bournemouth,MD,5.0,1,Man City,False,0,0,75,8,2026-08-23T13:00:00Z,2,1,False,0,0,0,0,0,0,0,0,0,0,0,0,0.0,0.0,0.0,0.0,0,0,0,0,0,0.00,0.00,0.00,0.00,50,0,1007,0,0
alex_tóth,Bournemouth,MD,5.0,1,Man City,False,15,1,76,8,2026-08-23T13:00:00Z,2,1,False,0,0,0,2,0,0,0,0,0,0,0,5,2.8,0.6,0.0,0.3,0,1,1,2,0,0.00,0.00,0.00,0.31,50,0,1238,0,0
amine_adli,Bournemouth,MD,5.0,1,Man City,False,0,0,77,8,2026-08-23T13:00:00Z,2,1,False,0,0,0,0,0,0,0,0,0,0,0,0,0.0,0.0,0.0,0.0,0,0,0,0,0,0.00,0.00,0.00,0.00,50,0,3087,0,0
junior_kroupi,Bournemouth,MD,7.5,1,Man City,False,0,0,78,8,2026-08-23T13:00:00Z,2,1,False,0,0,0,0,0,0,0,0,0,0,0,0,0.0,0.0,0.0,0.0,0,0,0,0,0,0.00,0.00,0.00,0.00,75,0,42378,0,0
francisco evanilson_de lima barbosa,Bournemouth,FW,6.0,1,Man City,False,74,4,79,8,2026-08-23T13:00:00Z,2,1,False,0,1,1,0,0,0,0,1,0,0,0,17,19.4,11.9,2.0,3.3,4,3,1,8,1,0.00,0.21,0.21,1.94,60,0,200122,0,0
enes_ünal,Bournemouth,FW,5.5,1,Man City,False,0,0,80,8,2026-08-23T13:00:00Z,2,1,False,0,0,0,0,0,0,0,0,0,0,0,0,0.0,0.0,0.0,0.0,0,0,0,0,0,0.00,0.00,0.00,0.00,55,0,3581,0,0
álvaro_rodríguez,Bournemouth,FW,6.0,1,Man City,False,0,0,81,8,2026-08-23T13:00:00Z,2,1,False,0,0,0,0,0,0,0,0,0,0,0,0,0.0,0.0,0.0,0.0,0,0,0,0,0,0.00,0.00,0.00,0.00,60,0,9051,0,0
antónio joão_pereira de albuquerque tavares da silva,Bournemouth,DF,5.0,1,Man City,False,90,2,566,8,2026-08-23T13:00:00Z,2,1,False,0,0,0,2,0,0,0,1,0,0,0,5,31.4,0.3,0.0,3.2,13,1,0,13,1,0.00,0.00,0.00,2.25,50,0,23702,0,0
juanlu_sánchez,Bournemouth,DF,4.5,1,Man City,False,0,0,573,8,2026-08-23T13:00:00Z,2,1,False,0,0,0,0,0,0,0,0,0,0,0,0,0.0,0.0,0.0,0.0,0,0,0,0,0,0.00,0.00,0.00,0.00,45,0,18342,0,0
daniel_jebbison,Bournemouth,FW,5.0,1,Man City,False,15,1,608,8,2026-08-23T13:00:00Z,2,1,False,0,0,0,2,0,0,0,0,0,0,0,6,3.4,0.8,17.0,2.1,0,1,0,1,0,0.10,0.00,0.10,0.31,50,0,0,0,0
caoimhín_kelleher,Brentford,GK,5.0,1,Spurs,True,90,7,82,2,2026-08-22T16:30:00Z,3,0,False,0,0,1,0,0,0,0,0,0,4,0,34,31.4,0.0,0.0,3.1,0,5,0,0,1,0.00,0.01,0.01,0.57,50,0,513912,0,0
hákon rafn_valdimarsson,Brentford,GK,4.5,1,Spurs,True,0,0,83,2,2026-08-22T16:30:00Z,3,0,False,0,0,0,0,0,0,0,0,0,0,0,0,0.0,0.0,0.0,0.0,0,0,0,0,0,0.00,0.00,0.00,0.00,45,0,9667,0,0
nathan_collins,Brentford,DF,5.5,1,Spurs,True,90,6,84,2,2026-08-22T16:30:00Z,3,0,False,0,0,1,0,0,0,0,0,0,0,0,21,11.6,21.5,17.0,5.0,3,3,0,3,1,0.34,0.04,0.38,0.57,55,0,156847,0,0
sepp_van den berg,Brentford,DF,5.0,1,Spurs,True,0,0,85,2,2026-08-22T16:30:00Z,3,0,False,0,0,0,0,0,0,0,0,0,0,0,0,0.0,0.0,0.0,0.0,0,0,0,0,0,0.00,0.00,0.00,0.00,50,0,14391,0,0
keane_lewis-potter,Brentford,MD,5.5,1,Spurs,True,90,10,86,2,2026-08-22T16:30:00Z,3,0,False,1,0,1,0,0,0,0,0,0,0,2,37,47.2,15.9,19.0,8.2,4,5,1,10,1,0.77,0.12,0.89,0.57,55,0,38558,0,0
kristoffer_ajer,Brentford,DF,4.5,1,Spurs,True,90,8,87,2,2026-08-22T16:30:00Z,3,0,False,0,0,1,0,0,0,0,0,0,0,0,29,20.0,0.9,35.0,5.6,8,3,2,10,1,0.11,0.02,0.13,0.57,45,0,318142,0,0
michael_kayode,Brentford,DF,4.5,1,Spurs,True,75,13,88,2,2026-08-22T16:30:00Z,3,0,False,1,0,1,0,0,0,0,0,0,0,1,36,33.8,1.5,46.0,8.1,4,5,0,4,1,0.50,0.00,0.50,0.47,45,0,282611,0,0
rico_henry,Brentford,DF,4.5,1,Spurs,True,0,0,89,2,2026-08-22T16:30:00Z,3,0,False,0,0,0,0,0,0,0,0,0,0,0,0,0.0,0.0,0.0,0.0,0,0,0,0,0,0.00,0.00,0.00,0.00,45,0,22322,0,0
aaron_hickey,Brentford,DF,4.5,1,Spurs,True,14,1,90,2,2026-08-22T16:30:00Z,3,0,False,0,0,0,0,0,0,0,0,0,0,0,2,0.0,0.3,0.0,0.0,0,2,0,0,0,0.00,0.00,0.00,0.10,45,0,5416,0,0
kim_ji-soo,Brentford,DF,4.5,1,Spurs,True,0,0,92,2,2026-08-22T16:30:00Z,3,0,False,0,0,0,0,0,0,0,0,0,0,0,0,0.0,0.0,0.0,0.0,0,0,0,0,0,0.00,0.00,0.00,0.00,45,0,1635,0,0
jannik_schuster,Brentford,DF,4.5,1,Spurs,True,0,0,93,2,2026-08-22T16:30:00Z,3,0,False,0,0,0,0,0,0,0,0,0,0,0,0,0.0,0.0,0.0,0.0,0,0,0,0,0,0.00,0.00,0.00,0.00,45,0,15125,0,0
kevin_schade,Brentford,MD,6.0,1,Spurs,True,90,3,94,2,2026-08-22T16:30:00Z,3,0,False,0,0,1,0,0,0,0,0,0,0,0,17,14.4,11.8,59.0,8.5,1,5,3,9,1,0.52,0.01,0.53,0.57,60,0,330810,0,0
dango_ouattara,Brentford,MD,6.5,1,Spurs,True,66,3,95,2,2026-08-22T16:30:00Z,3,0,False,0,0,1,0,0,0,0,0,0,0,0,6,1.0,30.8,15.0,4.7,2,4,0,6,1,0.05,0.29,0.34,0.47,65,0,105835,0,0
mikkel_damsgaard,Brentford,MD,5.5,1,Spurs,True,14,1,96,2,2026-08-22T16:30:00Z,3,0,False,0,0,0,0,0,0,0,0,0,0,0,6,7.6,26.3,0.0,3.4,0,3,1,4,0,0.00,0.11,0.11,0.10,55,0,52929,0,0
mathias_jensen,Brentford,MD,5.5,1,Spurs,True,66,6,97,2,2026-08-22T16:30:00Z,3,0,False,0,1,1,0,0,0,0,0,0,0,0,22,12.6,46.2,13.0,7.2,0,3,2,5,1,0.08,0.34,0.42,0.47,55,0,16245,0,0
vitaly_janelt,Brentford,MD,5.0,1,Spurs,True,90,9,98,2,2026-08-22T16:30:00Z,3,0,False,1,0,1,0,0,0,0,1,0,0,0,35,53.2,38.8,24.0,11.6,6,3,4,13,1,0.39,0.17,0.56,0.57,50,0,9018,0,0
antoni_milambo,Brentford,MD,5.0,1,Spurs,True,0,0,99,2,2026-08-22T16:30:00Z,3,0,False,0,0,0,0,0,0,0,0,0,0,0,0,0.0,0.0,0.0,0.0,0,0,0,0,0,0.00,0.00,0.00,0.00,50,0,187,0,0
fábio_freitas gouveia carvalho,Brentford,MD,5.0,1,Spurs,True,0,0,100,2,2026-08-22T16:30:00Z,3,0,False,0,0,0,0,0,0,0,0,0,0,0,0,0.0,0.0,0.0,0.0,0,0,0,0,0,0.00,0.00,0.00,0.00,50,0,1459,0,0
yehor_yarmoliuk,Brentford,MD,5.0,1,Spurs,True,23,1,102,2,2026-08-22T16:30:00Z,3,0,False,0,0,0,0,0,0,0,0,0,0,0,7,2.2,0.8,3.0,0.6,1,3,2,6,0,0.04,0.00,0.04,0.10,50,0,123741,0,0
josh_dasilva,Brentford,MD,5.0,1,Spurs,True,0,0,103,2,2026-08-22T16:30:00Z,3,0,False,0,0,0,0,0,0,0,0,0,0,0,0,0.0,0.0,0.0,0.0,0,0,0,0,0,0.00,0.00,0.00,0.00,50,0,2396,0,0
jaidon_anthony,Brentford,MD,6.0,1,Spurs,True,23,1,105,2,2026-08-22T16:30:00Z,3,0,False,0,0,0,0,0,0,0,0,0,0,0,9,10.6,34.9,1.0,4.7,0,6,2,8,0,0.03,0.35,0.38,0.10,60,0,14244,0,0
igor thiago_nascimento rodrigues,Brentford,FW,8.0,1,Spurs,True,82,0,106,2,2026-08-22T16:30:00Z,3,0,False,0,0,1,0,0,0,1,0,0,0,0,-3,2.2,4.0,8.0,1.4,1,4,0,5,1,1.00,0.08,1.08,0.50,80,0,1509299,0,0
kaye_furo,Brentford,FW,4.5,1,Spurs,True,0,0,107,2,2026-08-22T16:30:00Z,3,0,False,0,0,0,0,0,0,0,0,0,0,0,0,0.0,0.0,0.0,0.0,0,0,0,0,0,0.00,0.00,0.00,0.00,45,0,78000,0,0
callum_wilson,Brentford,FW,5.5,1,Spurs,True,7,1,108,2,2026-08-22T16:30:00Z,3,0,False,0,0,0,0,0,0,0,0,0,0,0,4,2.2,10.3,5.0,1.8,0,0,0,0,0,0.03,0.04,0.07,0.07,55,0,30450,0,0
mamadou_sangaré,Brentford,MD,5.5,1,Spurs,True,75,14,565,2,2026-08-22T16:30:00Z,3,0,False,0,2,1,0,0,0,0,0,0,0,3,41,31.6,21.8,21.0,7.4,4,7,2,13,1,0.05,0.33,0.38,0.47,55,0,294770,0,0
bart_verbruggen,Brighton,GK,4.5,1,Aston Villa,True,90,6,109,7,2026-08-23T13:00:00Z,4,0,False,0,0,1,0,0,0,0,0,0,0,0,25,6.6,0.0,0.0,0.7,0,4,0,0,1,0.00,0.00,0.00,0.29,45,0,1987586,0,0
jason_steele,Brighton,GK,4.0,1,Aston Villa,True,0,0,111,7,2026-08-23T13:00:00Z,4,0,False,0,0,0,0,0,0,0,0,0,0,0,0,0.0,0.0,0.0,0.0,0,0,0,0,0,0.00,0.00,0.00,0.00,40,0,369830,0,0
ferdi_kadıoğlu,Brighton,DF,4.5,1,Aston Villa,True,0,0,113,7,2026-08-23T13:00:00Z,4,0,False,0,0,0,0,0,0,0,0,0,0,0,0,0.0,0.0,0.0,0.0,0,0,0,0,0,0.00,0.00,0.00,0.00,45,0,265528,0,0
olivier_boscagli,Brighton,DF,4.5,1,Aston Villa,True,90,6,114,7,2026-08-23T13:00:00Z,4,0,False,0,0,1,0,0,0,0,0,0,0,0,29,15.2,7.3,6.0,2.9,5,4,1,6,1,0.00,0.04,0.04,0.29,45,0,19109,0,0
maxim_de cuyper,Brighton,DF,4.5,1,Aston Villa,True,77,17,115,7,2026-08-23T13:00:00Z,4,0,False,1,1,1,0,0,0,0,0,0,0,2,46,40.6,45.3,43.0,12.9,1,3,3,4,1,1.47,0.21,1.68,0.29,45,0,151636,0,0
lewis_dunk,Brighton,DF,4.5,1,Aston Villa,True,90,6,116,7,2026-08-23T13:00:00Z,4,0,False,0,0,1,0,0,0,0,0,0,0,0,24,13.4,6.4,0.0,2.0,1,2,1,2,1,0.00,0.04,0.04,0.29,45,0,88762,0,0
diego_coppola,Brighton,DF,4.5,1,Aston Villa,True,0,0,117,7,2026-08-23T13:00:00Z,4,0,False,0,0,0,0,0,0,0,0,0,0,0,0,0.0,0.0,0.0,0.0,0,0,0,0,0,0.00,0.00,0.00,0.00,45,0,1583,0,0
igor julio_dos santos de paulo,Brighton,DF,4.5,1,Aston Villa,True,0,0,118,7,2026-08-23T13:00:00Z,4,0,False,0,0,0,0,0,0,0,0,0,0,0,0,0.0,0.0,0.0,0.0,0,0,0,0,0,0.00,0.00,0.00,0.00,45,0,7195,0,0
joão pedro_loureiro da costa,Brighton,DF,4.5,1,Aston Villa,True,26,1,119,7,2026-08-23T13:00:00Z,4,0,False,0,0,0,0,0,0,0,0,0,0,0,7,8.2,1.9,18.0,2.8,3,0,1,4,0,0.12,0.00,0.12,0.10,45,0,2148,0,0
michael_svoboda,Brighton,DF,5.0,1,Aston Villa,True,0,0,120,7,2026-08-23T13:00:00Z,4,0,False,0,0,0,0,0,0,0,0,0,0,0,0,0.0,0.0,0.0,0.0,0,0,0,0,0,0.00,0.00,0.00,0.00,50,0,3997,0,0
mitoma_kaoru,Brighton,MD,6.0,1,Aston Villa,True,0,0,121,7,2026-08-23T13:00:00Z,4,0,False,0,0,0,0,0,0,0,0,0,0,0,0,0.0,0.0,0.0,0.0,0,0,0,0,0,0.00,0.00,0.00,0.00,60,0,4360,0,0
yankuba_minteh,Brighton,MD,6.0,1,Aston Villa,True,0,0,122,7,2026-08-23T13:00:00Z,4,0,False,0,0,0,0,0,0,0,0,0,0,0,0,0.0,0.0,0.0,0.0,0,0,0,0,0,0.00,0.00,0.00,0.00,60,0,9337,0,0
jack_hinshelwood,Brighton,MD,6.0,1,Aston Villa,True,63,16,123,7,2026-08-23T13:00:00Z,4,0,False,2,0,1,0,0,0,0,0,0,0,3,54,72.8,13.4,59.0,14.5,0,1,2,3,1,1.41,0.02,1.43,0.19,60,0,39219,0,0
pascal_groß,Brighton,MD,5.5,1,Aston Villa,True,90,2,124,7,2026-08-23T13:00:00Z,4,0,False,0,0,1,0,0,0,0,1,0,0,0,18,21.0,56.9,8.0,8.6,0,2,3,5,1,0.00,0.27,0.27,0.29,55,0,1308033,0,0
georginio_rutter,Brighton,FW,5.5,1,Aston Villa,True,90,5,125,7,2026-08-23T13:00:00Z,4,0,False,0,1,1,0,0,0,0,0,0,0,0,22,19.8,11.4,15.0,4.6,1,4,2,7,1,0.08,0.44,0.52,0.29,55,0,78765,0,0
matt_o'riley,Brighton,MD,5.5,1,Aston Villa,True,0,0,126,7,2026-08-23T13:00:00Z,4,0,False,0,0,0,0,0,0,0,0,0,0,0,0,0.0,0.0,0.0,0.0,0,0,0,0,0,0.00,0.00,0.00,0.00,55,0,8249,0,0
diego_gómez amarilla,Brighton,MD,5.0,1,Aston Villa,True,85,6,127,7,2026-08-23T13:00:00Z,4,0,False,0,1,1,0,0,0,0,0,0,0,0,27,33.0,25.1,41.0,9.9,2,1,3,6,1,0.18,0.48,0.66,0.29,50,0,355972,0,0
facundo_buonanotte,Brighton,MD,5.0,1,Aston Villa,True,0,0,128,7,2026-08-23T13:00:00Z,4,0,False,0,0,0,0,0,0,0,0,0,0,0,0,0.0,0.0,0.0,0.0,0,0,0,0,0,0.00,0.00,0.00,0.00,50,0,528,0,0
yasin_ayari,Brighton,MD,5.5,1,Aston Villa,True,63,2,129,7,2026-08-23T13:00:00Z,4,0,False,0,0,1,0,0,0,0,1,0,0,0,8,0.0,15.0,6.0,1.7,1,3,0,4,1,0.11,0.03,0.14,0.19,55,0,61091,0,0
mats_wieffer,Brighton,DF,5.0,1,Aston Villa,True,77,7,130,7,2026-08-23T13:00:00Z,4,0,False,0,0,1,0,0,0,0,0,0,0,1,32,16.6,26.3,6.0,4.9,4,5,4,8,1,0.09,0.05,0.14,0.29,50,0,22925,0,0
harry_howell,Brighton,MD,4.5,1,Aston Villa,True,0,0,132,7,2026-08-23T13:00:00Z,4,0,False,0,0,0,0,0,0,0,0,0,0,0,0,0.0,0.0,0.0,0.0,0,0,0,0,0,0.00,0.00,0.00,0.00,45,0,6770,0,0
tom_watson,Brighton,MD,5.0,1,Aston Villa,True,0,0,133,7,2026-08-23T13:00:00Z,4,0,False,0,0,0,0,0,0,0,0,0,0,0,0,0.0,0.0,0.0,0.0,0,0,0,0,0,0.00,0.00,0.00,0.00,50,0,241,0,0
nehemiah_oriola,Brighton,MD,4.5,1,Aston Villa,True,0,0,134,7,2026-08-23T13:00:00Z,4,0,False,0,0,0,0,0,0,0,0,0,0,0,0,0.0,0.0,0.0,0.0,0,0,0,0,0,0.00,0.00,0.00,0.00,45,0,24725,0,0
zadok_yohanna,Brighton,MD,5.0,1,Aston Villa,True,12,1,135,7,2026-08-23T13:00:00Z,4,0,False,0,0,0,0,0,0,0,0,0,0,0,3,0.2,1.3,0.0,0.2,0,0,0,0,0,0.00,0.03,0.03,0.00,50,0,6623,0,0
stefanos_tzimas,Brighton,FW,5.5,1,Aston Villa,True,0,0,137,7,2026-08-23T13:00:00Z,4,0,False,0,0,0,0,0,0,0,0,0,0,0,0,0.0,0.0,0.0,0.0,0,0,0,0,0,0.00,0.00,0.00,0.00,55,0,879,0,0
charalampos_kostoulas,Brighton,FW,5.5,1,Aston Villa,True,26,1,138,7,2026-08-23T13:00:00Z,4,0,False,0,0,0,0,0,0,0,0,0,0,0,-1,0.0,0.4,10.0,0.9,0,1,1,2,0,0.18,0.00,0.18,0.10,55,0,19339,0,0
evan_ferguson,Brighton,FW,5.0,1,Aston Villa,True,0,0,139,7,2026-08-23T13:00:00Z,4,0,False,0,0,0,0,0,0,0,0,0,0,0,0,0.0,0.0,0.0,0.0,0,0,0,0,0,0.00,0.00,0.00,0.00,50,0,2877,0,0
pascal_struijk,Brighton,DF,5.0,1,Aston Villa,True,0,0,328,7,2026-08-23T13:00:00Z,4,0,False,0,0,0,0,0,0,0,0,0,0,0,0,0.0,0.0,0.0,0.0,0,0,0,0,0,0.00,0.00,0.00,0.00,50,0,19933,0,0
luka_vušković,Brighton,DF,5.0,1,Aston Villa,True,90,6,504,7,2026-08-23T13:00:00Z,4,0,False,0,0,1,0,0,0,0,0,0,0,0,19,12.4,4.5,12.0,2.9,4,2,0,4,1,0.13,0.03,0.16,0.29,50,0,221596,0,0
promise_david,Brighton,FW,6.0,1,Aston Villa,True,0,0,594,7,2026-08-23T13:00:00Z,4,0,False,0,0,0,0,0,0,0,0,0,0,0,0,0.0,0.0,0.0,0.0,0,0,0,0,0,0.00,0.00,0.00,0.00,60,0,20944,0,0
ibrahim_osman,Brighton,MD,5.0,1,Aston Villa,True,12,1,600,7,2026-08-23T13:00:00Z,4,0,False,0,0,0,0,0,0,0,0,0,0,0,7,4.2,15.4,4.0,2.4,0,2,0,2,0,0.00,0.05,0.05,0.00,50,0,633,0,0
malick_yalcouyé,Brighton,MD,4.5,1,Aston Villa,True,4,1,605,7,2026-08-23T13:00:00Z,4,0,False,0,0,0,0,0,0,0,0,0,0,0,3,0.6,2.7,0.0,0.3,0,0,0,0,0,0.00,0.01,0.01,0.00,45,0,0,0,0
emiliano_martínez romero,Chelsea,GK,5.0,1,Brighton,False,0,0,28,7,2026-08-23T13:00:00Z,4,0,False,0,0,0,0,0,0,0,0,0,0,0,0,0.0,0.0,0.0,0.0,0,0,0,0,0,0.00,0.00,0.00,0.00,50,0,388040,0,0
morgan_rogers,Chelsea,MD,7.5,1,Fulham,False,81,8,40,10,2026-08-24T19:00:00Z,2,3,False,1,0,0,2,0,0,0,0,0,0,1,37,48.8,53.5,29.0,13.1,0,5,2,7,1,0.96,0.10,1.06,1.24,75,0,2178086,0,0
jordan_henderson,Chelsea,MD,5.0,1,Fulham,False,0,0,101,10,2026-08-24T19:00:00Z,2,3,False,0,0,0,0,0,0,0,0,0,0,0,0,0.0,0.0,0.0,0.0,0,0,0,0,0,0.00,0.00,0.00,0.00,50,0,3629,0,0
danny_welbeck,Chelsea,FW,6.0,1,Fulham,False,0,0,136,10,2026-08-24T19:00:00Z,2,3,False,0,0,0,0,0,0,0,0,0,0,0,0,0.0,0.0,0.0,0.0,0,0,0,0,0,0.00,0.00,0.00,0.00,60,0,112037,0,0
robert_lynch sánchez,Chelsea,GK,5.0,1,Fulham,False,90,2,140,10,2026-08-24T19:00:00Z,2,3,False,0,0,0,2,0,0,0,0,0,4,0,6,21.4,0.0,0.0,2.1,1,5,0,0,1,0.00,0.01,0.01,1.33,50,0,207899,0,0
filip_jörgensen,Chelsea,GK,5.0,1,Fulham,False,0,0,141,10,2026-08-24T19:00:00Z,2,3,False,0,0,0,0,0,0,0,0,0,0,0,0,0.0,0.0,0.0,0.0,0,0,0,0,0,0.00,0.00,0.00,0.00,50,0,1796,0,0
reece_james,Chelsea,DF,5.5,1,Fulham,False,90,0,142,10,2026-08-24T19:00:00Z,2,3,False,0,0,0,2,0,0,0,1,0,0,0,5,23.4,16.8,19.0,5.9,6,4,0,6,1,0.10,0.07,0.17,1.33,55,0,879361,0,0
trevoh_chalobah,Chelsea,DF,5.5,1,Fulham,False,0,0,143,10,2026-08-24T19:00:00Z,2,3,False,0,0,0,0,0,0,0,0,0,0,0,0,0.0,0.0,0.0,0.0,0,0,0,0,0,0.00,0.00,0.00,0.00,55,0,21121,0,0
malo_gusto,Chelsea,DF,5.0,1,Fulham,False,75,1,144,10,2026-08-24T19:00:00Z,2,3,False,0,0,0,2,0,0,0,0,0,0,0,2,7.2,9.8,6.0,2.3,2,4,1,3,1,0.00,0.03,0.03,1.11,50,0,98423,0,0
wesley_fofana,Chelsea,DF,5.0,1,Fulham,False,0,0,145,10,2026-08-24T19:00:00Z,2,3,False,0,0,0,0,0,0,0,0,0,0,0,0,0.0,0.0,0.0,0.0,0,0,0,0,0,0.00,0.00,0.00,0.00,50,0,1057,0,0
benoît_badiashile mukinayi,Chelsea,DF,4.5,1,Fulham,False,0,0,146,10,2026-08-24T19:00:00Z,2,3,False,0,0,0,0,0,0,0,0,0,0,0,0,0.0,0.0,0.0,0.0,0,0,0,0,0,0.00,0.00,0.00,0.00,45,0,2313,0,0
jorrel_hato,Chelsea,DF,4.5,1,Fulham,False,64,1,148,10,2026-08-24T19:00:00Z,2,3,False,0,0,0,2,0,0,0,0,0,0,0,5,8.4,12.3,11.0,3.2,1,2,2,3,1,0.01,0.03,0.04,1.05,45,0,40724,0,0
levi_samuels colwill,Chelsea,DF,5.0,1,Fulham,False,90,0,149,10,2026-08-24T19:00:00Z,2,3,False,0,0,0,2,0,0,0,1,0,0,0,6,6.0,1.6,7.0,1.5,2,3,2,4,1,0.01,0.03,0.04,1.33,50,0,142918,0,0
mamadou_sarr,Chelsea,DF,4.5,1,Fulham,False,0,0,150,10,2026-08-24T19:00:00Z,2,3,False,0,0,0,0,0,0,0,0,0,0,0,0,0.0,0.0,0.0,0.0,0,0,0,0,0,0.00,0.00,0.00,0.00,45,0,6689,0,0
josh_acheampong,Chelsea,DF,4.5,1,Fulham,False,90,3,151,10,2026-08-24T19:00:00Z,2,3,False,0,0,0,2,0,0,0,0,0,0,0,13,33.2,2.2,2.0,3.7,10,6,5,15,1,0.00,0.01,0.01,1.33,45,0,24066,0,0
marco_palestra,Chelsea,DF,5.5,1,Fulham,False,0,0,152,10,2026-08-24T19:00:00Z,2,3,False,0,0,0,0,0,0,0,0,0,0,0,0,0.0,0.0,0.0,0.0,0,0,0,0,0,0.00,0.00,0.00,0.00,55,0,263643,0,0
cole_palmer,Chelsea,MD,9.5,1,Fulham,False,82,13,154,10,2026-08-24T19:00:00Z,2,3,False,1,1,0,2,0,0,0,0,0,0,3,60,65.2,41.3,54.0,16.1,0,7,2,9,1,0.28,0.19,0.47,1.24,95,0,919516,0,0
pedro_lomba neto,Chelsea,MD,6.5,1,Fulham,False,14,1,156,10,2026-08-24T19:00:00Z,2,3,False,0,0,0,0,0,0,0,0,0,0,0,9,5.2,4.1,4.0,1.3,0,3,1,4,0,0.03,0.07,0.10,0.22,65,0,116795,0,0
estêvão_almeida de oliveira gonçalves,Chelsea,MD,6.5,1,Fulham,False,7,1,157,10,2026-08-24T19:00:00Z,2,3,False,0,0,0,0,0,0,0,0,0,0,0,3,0.2,0.4,0.0,0.1,0,1,0,1,0,0.00,0.00,0.00,0.09,65,0,109575,0,0
jamie_bynoe-gittens,Chelsea,MD,6.0,1,Fulham,False,0,0,158,10,2026-08-24T19:00:00Z,2,3,False,0,0,0,0,0,0,0,0,0,0,0,0,0.0,0.0,0.0,0.0,0,0,0,0,0,0.00,0.00,0.00,0.00,60,0,3231,0,0
moisés_caicedo corozo,Chelsea,MD,5.5,1,Fulham,False,0,0,159,10,2026-08-24T19:00:00Z,2,3,False,0,0,0,0,0,0,0,0,0,0,0,0,0.0,0.0,0.0,0.0,0,0,0,0,0,0.00,0.00,0.00,0.00,55,0,347122,0,0
roméo_lavia,Chelsea,MD,5.0,1,Fulham,False,64,1,161,10,2026-08-24T19:00:00Z,2,3,False,0,0,0,2,0,0,0,1,0,0,0,8,13.6,21.9,33.0,6.9,2,4,3,9,1,0.21,0.03,0.24,1.05,50,0,4654,0,0
dário_luís essugo,Chelsea,MD,4.5,1,Fulham,False,0,0,163,10,2026-08-24T19:00:00Z,2,3,False,0,0,0,0,0,0,0,0,0,0,0,0,0.0,0.0,0.0,0.0,0,0,0,0,0,0.00,0.00,0.00,0.00,45,0,18298,0,0
geovany_quenda,Chelsea,MD,5.5,1,Fulham,False,8,1,164,10,2026-08-24T19:00:00Z,2,3,False,0,0,0,0,0,0,0,0,0,0,0,2,1.2,0.3,2.0,0.4,1,0,0,1,0,0.00,0.00,0.00,0.09,55,0,3758,0,0
joão pedro_junqueira de jesus,Chelsea,FW,7.5,1,Fulham,False,90,11,165,10,2026-08-24T19:00:00Z,2,3,False,1,1,0,2,0,0,0,0,0,0,2,45,51.2,23.0,37.0,11.1,1,2,0,3,1,0.63,0.06,0.69,1.33,75,0,5764207,0,0
marc_guiu paz,Chelsea,FW,5.0,1,Fulham,False,0,0,168,10,2026-08-24T19:00:00Z,2,3,False,0,0,0,0,0,0,0,0,0,0,0,0,0.0,0.0,0.0,0.0,0,0,0,0,0,0.00,0.00,0.00,0.00,50,0,42801,0,0
shumaira_mheuka,Chelsea,FW,4.5,1,Fulham,False,0,0,169,10,2026-08-24T19:00:00Z,2,3,False,0,0,0,0,0,0,0,0,0,0,0,0,0.0,0.0,0.0,0.0,0,0,0,0,0,0.00,0.00,0.00,0.00,45,0,30422,0,0
emmanuel_emegha,Chelsea,FW,5.0,1,Fulham,False,0,0,170,10,2026-08-24T19:00:00Z,2,3,False,0,0,0,0,0,0,0,0,0,0,0,0,0.0,0.0,0.0,0.0,0,0,0,0,0,0.00,0.00,0.00,0.00,50,0,11724,0,0
maxence_lacroix,Chelsea,DF,6.0,1,Fulham,False,90,6,200,10,2026-08-24T19:00:00Z,2,3,False,0,1,0,2,0,0,0,0,0,0,0,25,44.2,11.2,2.0,5.7,7,2,5,12,1,0.00,0.20,0.20,1.33,60,0,792478,0,0
mike_penders,Chelsea,GK,4.5,1,Fulham,False,0,0,560,10,2026-08-24T19:00:00Z,2,3,False,0,0,0,0,0,0,0,0,0,0,0,0,0.0,0.0,0.0,0.0,0,0,0,0,0,0.00,0.00,0.00,0.00,45,0,6087,0,0
aaron_anselmino,Chelsea,DF,4.5,1,Fulham,False,0,0,561,10,2026-08-24T19:00:00Z,2,3,False,0,0,0,0,0,0,0,0,0,0,0,0,0.0,0.0,0.0,0.0,0,0,0,0,0,0.00,0.00,0.00,0.00,45,0,1770,0,0
valentín_barco,Chelsea,MD,5.5,1,Fulham,False,0,0,568,10,2026-08-24T19:00:00Z,2,3,False,0,0,0,0,0,0,0,0,0,0,0,0,0.0,0.0,0.0,0.0,0,0,0,0,0,0.00,0.00,0.00,0.00,55,0,12041,0,0
pep_chavarría,Chelsea,DF,5.0,1,Fulham,False,25,1,583,10,2026-08-24T19:00:00Z,2,3,False,0,0,0,0,0,0,0,0,0,0,0,3,2.4,0.2,2.0,0.5,1,1,0,1,0,0.00,0.00,0.00,0.28,50,0,17073,0,0
ethan_pinnock,Coventry City,DF,4.5,1,Spurs,True,0,0,91,2,2026-08-22T16:30:00Z,3,0,False,0,0,0,0,0,0,0,0,0,0,0,0,0.0,0.0,0.0,0.0,0,0,0,0,0,0.00,0.00,0.00,0.00,45,0,7000,0,0
frank_onyeka,Coventry City,MD,5.0,1,Arsenal,False,90,2,104,1,2026-08-21T19:00:00Z,3,0,False,0,0,0,3,0,0,0,0,0,0,0,8,3.6,1.6,0.0,0.5,3,5,1,9,1,0.00,0.01,0.01,1.88,50,0,13188,0,0
carl_rushworth,Coventry City,GK,4.5,1,Arsenal,False,90,1,110,1,2026-08-21T19:00:00Z,3,0,False,0,0,0,3,0,0,0,0,0,2,0,0,14.2,0.0,0.0,1.4,1,7,0,0,1,0.00,0.01,0.01,1.88,45,0,100521,0,0
oliver_dovin,Coventry City,GK,4.0,1,Arsenal,False,0,0,171,1,2026-08-21T19:00:00Z,3,0,False,0,0,0,0,0,0,0,0,0,0,0,0,0.0,0.0,0.0,0.0,0,0,0,0,0,0.00,0.00,0.00,0.00,40,0,142267,0,0
ben_wilson,Coventry City,GK,4.5,1,Arsenal,False,0,0,172,1,2026-08-21T19:00:00Z,3,0,False,0,0,0,0,0,0,0,0,0,0,0,0,0.0,0.0,0.0,0.0,0,0,0,0,0,0.00,0.00,0.00,0.00,45,0,42690,0,0
bobby_thomas,Coventry City,DF,4.0,1,Arsenal,False,90,3,173,1,2026-08-21T19:00:00Z,3,0,False,0,0,0,3,0,0,0,0,0,0,0,11,23.2,11.2,1.0,3.5,9,2,1,10,1,0.02,0.01,0.03,1.88,40,0,721945,0,0
liam_kitching,Coventry City,DF,4.0,1,Arsenal,False,0,0,174,1,2026-08-21T19:00:00Z,3,0,False,0,0,0,0,0,0,0,0,0,0,0,0,0.0,0.0,0.0,0.0,0,0,0,0,0,0.00,0.00,0.00,0.00,40,0,60272,0,0
milan_van ewijk,Coventry City,DF,4.0,1,Arsenal,False,90,1,175,1,2026-08-21T19:00:00Z,3,0,False,0,0,0,3,0,0,0,0,0,0,0,-8,10.6,2.0,2.0,1.5,6,3,1,7,1,0.00,0.01,0.01,1.88,40,0,1257228,0,0
jay_dasilva,Coventry City,DF,4.0,1,Arsenal,False,90,1,176,1,2026-08-21T19:00:00Z,3,0,False,0,0,0,3,0,0,0,0,0,0,0,-4,13.8,3.8,0.0,1.8,6,1,0,6,1,0.00,0.02,0.02,1.88,40,0,73424,0,0
kaine_kesler-hayden,Coventry City,DF,4.0,1,Arsenal,False,0,0,177,1,2026-08-21T19:00:00Z,3,0,False,0,0,0,0,0,0,0,0,0,0,0,0,0.0,0.0,0.0,0.0,0,0,0,0,0,0.00,0.00,0.00,0.00,40,0,6032,0,0
jake_bidwell,Coventry City,DF,4.0,1,Arsenal,False,0,0,178,1,2026-08-21T19:00:00Z,3,0,False,0,0,0,0,0,0,0,0,0,0,0,0,0.0,0.0,0.0,0.0,0,0,0,0,0,0.00,0.00,0.00,0.00,40,0,7091,0,0
joel_latibeaudiere,Coventry City,DF,4.0,1,Arsenal,False,0,0,179,1,2026-08-21T19:00:00Z,3,0,False,0,0,0,0,0,0,0,0,0,0,0,0,0.0,0.0,0.0,0.0,0,0,0,0,0,0.00,0.00,0.00,0.00,40,0,3977,0,0
luke_woolfenden,Coventry City,DF,4.0,1,Arsenal,False,0,0,180,1,2026-08-21T19:00:00Z,3,0,False,0,0,0,0,0,0,0,0,0,0,0,0,0.0,0.0,0.0,0.0,0,0,0,0,0,0.00,0.00,0.00,0.00,40,0,16501,0,0
miguel_brau,Coventry City,DF,4.0,1,Arsenal,False,0,0,181,1,2026-08-21T19:00:00Z,3,0,False,0,0,0,0,0,0,0,0,0,0,0,0,0.0,0.0,0.0,0.0,0,0,0,0,0,0.00,0.00,0.00,0.00,40,0,3736,0,0
aurèle_amenda,Coventry City,DF,4.0,1,Arsenal,False,90,1,182,1,2026-08-21T19:00:00Z,3,0,False,0,0,0,3,0,0,0,0,0,0,0,1,28.8,0.8,0.0,3.0,9,4,0,9,1,0.00,0.01,0.01,1.88,40,0,75420,0,0
jack_rudoni,Coventry City,MD,5.0,1,Arsenal,False,20,1,183,1,2026-08-21T19:00:00Z,3,0,False,0,0,0,0,0,0,0,0,0,0,0,3,5.6,3.8,17.0,2.6,0,4,1,5,0,0.15,0.00,0.15,0.29,50,0,13002,0,0
matt_grimes,Coventry City,MD,5.0,1,Arsenal,False,90,2,184,1,2026-08-21T19:00:00Z,3,0,False,0,0,0,3,0,0,0,0,0,0,0,14,13.4,3.7,0.0,1.7,4,3,0,7,1,0.00,0.01,0.01,1.88,50,0,17412,0,0
tatsuhiro_sakamoto,Coventry City,MD,5.0,1,Arsenal,False,0,0,185,1,2026-08-21T19:00:00Z,3,0,False,0,0,0,0,0,0,0,0,0,0,0,0,0.0,0.0,0.0,0.0,0,0,0,0,0,0.00,0.00,0.00,0.00,50,0,10294,0,0
ephron_mason-clark,Coventry City,MD,5.5,1,Arsenal,False,0,0,186,1,2026-08-21T19:00:00Z,3,0,False,0,0,0,0,0,0,0,0,0,0,0,0,0.0,0.0,0.0,0.0,0,0,0,0,0,0.00,0.00,0.00,0.00,55,0,11314,0,0
josh_eccles,Coventry City,MD,5.0,1,Arsenal,False,0,0,187,1,2026-08-21T19:00:00Z,3,0,False,0,0,0,0,0,0,0,0,0,0,0,0,0.0,0.0,0.0,0.0,0,0,0,0,0,0.00,0.00,0.00,0.00,50,0,1503,0,0
victor_torp,Coventry City,MD,5.5,1,Arsenal,False,28,1,188,1,2026-08-21T19:00:00Z,3,0,False,0,0,0,0,0,0,0,0,0,0,0,8,6.8,16.4,0.0,2.3,1,0,0,1,0,0.00,0.11,0.11,0.32,55,0,15509,0,0
george_shepherd,Coventry City,MD,4.5,1,Arsenal,False,0,0,189,1,2026-08-21T19:00:00Z,3,0,False,0,0,0,0,0,0,0,0,0,0,0,0,0.0,0.0,0.0,0.0,0,0,0,0,0,0.00,0.00,0.00,0.00,45,0,28435,0,0
loum_tchaouna,Coventry City,MD,5.5,1,Arsenal,False,81,2,190,1,2026-08-21T19:00:00Z,3,0,False,0,0,0,3,0,0,0,0,0,0,0,11,1.8,6.0,3.0,1.1,3,5,0,8,1,0.04,0.02,0.06,1.76,55,0,12321,0,0
raphael_borges rodrigues,Coventry City,MD,4.5,1,Arsenal,False,0,0,191,1,2026-08-21T19:00:00Z,3,0,False,0,0,0,0,0,0,0,0,0,0,0,0,0.0,0.0,0.0,0.0,0,0,0,0,0,0.00,0.00,0.00,0.00,45,0,16813,0,0
kai_andrews,Coventry City,MD,4.5,1,Arsenal,False,0,0,192,1,2026-08-21T19:00:00Z,3,0,False,0,0,0,0,0,0,0,0,0,0,0,0,0.0,0.0,0.0,0.0,0,0,0,0,0,0.00,0.00,0.00,0.00,45,0,62690,0,0
haji_wright,Coventry City,FW,5.5,1,Arsenal,False,0,0,193,1,2026-08-21T19:00:00Z,3,0,False,0,0,0,0,0,0,0,0,0,0,0,0,0.0,0.0,0.0,0.0,0,0,0,0,0,0.00,0.00,0.00,0.00,55,0,18871,0,0
brandon_thomas-asante,Coventry City,FW,5.0,1,Arsenal,False,69,2,194,1,2026-08-21T19:00:00Z,3,0,False,0,0,0,3,0,0,0,0,0,0,0,9,4.6,1.1,0.0,0.6,5,1,0,6,1,0.00,0.02,0.02,1.60,50,0,66198,0,0
ellis_simms,Coventry City,FW,5.0,1,Arsenal,False,69,2,195,1,2026-08-21T19:00:00Z,3,0,False,0,0,0,3,0,0,0,0,0,0,0,7,2.6,12.3,2.0,1.7,1,2,0,3,1,0.00,0.01,0.01,1.60,50,0,78607,0,0
jahnoah_markelo,Coventry City,FW,5.0,1,Arsenal,False,0,0,196,1,2026-08-21T19:00:00Z,3,0,False,0,0,0,0,0,0,0,0,0,0,0,0,0.0,0.0,0.0,0.0,0,0,0,0,0,0.00,0.00,0.00,0.00,50,0,1827,0,0
norman_bassette,Coventry City,FW,4.5,1,Arsenal,False,0,0,197,1,2026-08-21T19:00:00Z,3,0,False,0,0,0,0,0,0,0,0,0,0,0,0,0.0,0.0,0.0,0.0,0,0,0,0,0,0.00,0.00,0.00,0.00,45,0,4620,0,0
taiwo_awoniyi,Coventry City,FW,5.5,1,Arsenal,False,20,1,492,1,2026-08-21T19:00:00Z,3,0,False,0,0,0,0,0,0,0,0,0,0,0,4,0.0,1.4,0.0,0.1,0,1,0,1,0,0.00,0.00,0.00,0.29,55,0,76129,0,0
caleb_yirenkyi,Coventry City,MD,5.0,1,Arsenal,False,61,1,575,1,2026-08-21T19:00:00Z,3,0,False,0,0,0,3,0,0,0,1,0,0,0,2,0.0,3.1,0.0,0.0,0,3,0,3,1,0.00,0.00,0.00,1.56,50,0,23536,0,0
gustavo_hamer,Coventry City,MD,5.5,1,Arsenal,False,8,1,584,1,2026-08-21T19:00:00Z,3,0,False,0,0,0,0,0,0,0,0,0,0,0,3,0.4,0.3,0.0,0.1,0,1,0,1,0,0.00,0.00,0.00,0.13,55,0,12932,0,0
sidiki_cherif,Coventry City,FW,5.0,1,Arsenal,False,0,0,599,1,2026-08-21T19:00:00Z,3,0,False,0,0,0,0,0,0,0,0,0,0,0,0,0.0,0.0,0.0,0.0,0,0,0,0,0,0.00,0.00,0.00,0.00,50,0,7348,0,0
evann_guessand,Crystal Palace,MD,5.5,1,Everton,False,27,1,42,3,2026-08-22T14:00:00Z,2,0,False,0,0,0,0,0,0,0,0,0,0,0,3,3.2,1.8,7.0,1.2,0,0,1,1,0,0.03,0.02,0.05,0.14,55,0,3238,0,0
axel_disasi,Crystal Palace,DF,4.5,1,Fulham,False,0,0,153,10,2026-08-24T19:00:00Z,2,3,False,0,0,0,0,0,0,0,0,0,0,0,0,0.0,0.0,0.0,0.0,0,0,0,0,0,0.00,0.00,0.00,0.00,45,0,5243,0,0
dean_henderson,Crystal Palace,GK,5.0,1,Everton,False,90,2,198,3,2026-08-22T14:00:00Z,2,0,False,0,0,0,2,0,0,0,0,0,3,0,14,28.2,0.0,0.0,2.8,3,13,0,0,1,0.00,0.00,0.00,1.12,50,0,171144,0,0
walter_benítez,Crystal Palace,GK,4.5,1,Everton,False,0,0,199,3,2026-08-22T14:00:00Z,2,0,False,0,0,0,0,0,0,0,0,0,0,0,0,0.0,0.0,0.0,0.0,0,0,0,0,0,0.00,0.00,0.00,0.00,45,0,10987,0,0
chris_richards,Crystal Palace,DF,5.0,1,Everton,False,90,3,202,3,2026-08-22T14:00:00Z,2,0,False,0,0,0,2,0,0,0,0,0,0,0,13,42.6,0.7,0.0,4.3,14,1,2,16,1,0.00,0.00,0.00,1.12,50,0,66477,0,0
jaydee_canvot,Crystal Palace,DF,5.0,1,Everton,False,90,1,203,3,2026-08-22T14:00:00Z,2,0,False,0,0,0,2,0,0,0,0,0,0,0,9,27.4,5.7,5.0,3.8,4,3,4,8,1,0.05,0.01,0.06,1.12,50,0,30748,0,0
tyrick_mitchell,Crystal Palace,DF,4.5,1,Everton,False,90,1,204,3,2026-08-22T14:00:00Z,2,0,False,0,0,0,2,0,0,0,0,0,0,0,9,11.6,13.8,2.0,2.7,3,4,2,5,1,0.00,0.01,0.01,1.12,45,0,580791,0,0
borna_sosa,Crystal Palace,DF,4.5,1,Everton,False,0,0,205,3,2026-08-22T14:00:00Z,2,0,False,0,0,0,0,0,0,0,0,0,0,0,0,0.0,0.0,0.0,0.0,0,0,0,0,0,0.00,0.00,0.00,0.00,45,0,2785,0,0
chadi_riad dnanou,Crystal Palace,DF,4.5,1,Everton,False,72,1,206,3,2026-08-22T14:00:00Z,2,0,False,0,0,0,2,0,0,0,0,0,0,0,7,12.6,1.3,0.0,1.4,6,3,1,7,1,0.00,0.01,0.01,0.98,45,0,6521,0,0
oscar_mingueza,Crystal Palace,DF,4.5,1,Everton,False,0,0,207,3,2026-08-22T14:00:00Z,2,0,False,0,0,0,0,0,0,0,0,0,0,0,0,0.0,0.0,0.0,0.0,0,0,0,0,0,0.00,0.00,0.00,0.00,45,0,7928,0,0
ismaïla_sarr,Crystal Palace,MD,6.5,1,Everton,False,0,0,208,3,2026-08-22T14:00:00Z,2,0,False,0,0,0,0,0,0,0,0,0,0,0,0,0.0,0.0,0.0,0.0,0,0,0,0,0,0.00,0.00,0.00,0.00,65,0,424225,0,0
adam_wharton,Crystal Palace,MD,5.5,1,Everton,False,90,4,210,3,2026-08-22T14:00:00Z,2,0,False,0,0,0,2,0,0,0,0,0,0,0,20,16.8,30.9,0.0,4.8,4,8,2,14,1,0.00,0.24,0.24,1.12,55,0,75177,0,0
yéremy_pino santos,Crystal Palace,MD,5.5,1,Everton,False,35,1,211,3,2026-08-22T14:00:00Z,2,0,False,0,0,0,0,0,0,0,0,0,0,0,4,2.0,6.3,6.0,1.4,0,3,2,5,0,0.06,0.02,0.08,0.27,55,0,18106,0,0
will_hughes,Crystal Palace,MD,4.5,1,Everton,False,0,0,212,3,2026-08-22T14:00:00Z,2,0,False,0,0,0,0,0,0,0,0,0,0,0,0,0.0,0.0,0.0,0.0,0,0,0,0,0,0.00,0.00,0.00,0.00,45,0,1093674,0,0
jefferson_lerma solís,Crystal Palace,MD,5.0,1,Everton,False,0,0,213,3,2026-08-22T14:00:00Z,2,0,False,0,0,0,0,0,0,0,0,0,0,0,0,0.0,0.0,0.0,0.0,0,0,0,0,0,0.00,0.00,0.00,0.00,50,0,10665,0,0
daichi_kamada,Crystal Palace,MD,5.0,1,Everton,False,90,3,214,3,2026-08-22T14:00:00Z,2,0,False,0,0,0,2,0,0,0,1,0,0,0,25,20.4,29.3,0.0,5.0,3,8,3,14,1,0.00,0.27,0.27,1.12,50,0,24728,0,0
justin_devenny,Crystal Palace,MD,5.0,1,Everton,False,0,0,215,3,2026-08-22T14:00:00Z,2,0,False,0,0,0,0,0,0,0,0,0,0,0,0,0.0,0.0,0.0,0.0,0,0,0,0,0,0.00,0.00,0.00,0.00,50,0,1134,0,0
romain_esse,Crystal Palace,MD,5.0,1,Everton,False,0,0,216,3,2026-08-22T14:00:00Z,2,0,False,0,0,0,0,0,0,0,0,0,0,0,0,0.0,0.0,0.0,0.0,0,0,0,0,0,0.00,0.00,0.00,0.00,50,0,3728,0,0
matheus_frança de oliveira,Crystal Palace,MD,5.0,1,Everton,False,0,0,217,3,2026-08-22T14:00:00Z,2,0,False,0,0,0,0,0,0,0,0,0,0,0,0,0.0,0.0,0.0,0.0,0,0,0,0,0,0.00,0.00,0.00,0.00,50,0,3157,0,0
cheick_doucouré,Crystal Palace,MD,5.0,1,Everton,False,0,0,218,3,2026-08-22T14:00:00Z,2,0,False,0,0,0,0,0,0,0,0,0,0,0,0,0.0,0.0,0.0,0.0,0,0,0,0,0,0.00,0.00,0.00,0.00,50,0,6199,0,0
jesurun_rak-sakyi,Crystal Palace,MD,5.0,1,Everton,False,0,0,219,3,2026-08-22T14:00:00Z,2,0,False,0,0,0,0,0,0,0,0,0,0,0,0,0.0,0.0,0.0,0.0,0,0,0,0,0,0.00,0.00,0.00,0.00,50,0,550,0,0
rio_cardines,Crystal Palace,DF,4.5,1,Everton,False,0,0,220,3,2026-08-22T14:00:00Z,2,0,False,0,0,0,0,0,0,0,0,0,0,0,0,0.0,0.0,0.0,0.0,0,0,0,0,0,0.00,0.00,0.00,0.00,45,0,255,0,0
joél_drakes-thomas,Crystal Palace,MD,4.5,1,Everton,False,0,0,221,3,2026-08-22T14:00:00Z,2,0,False,0,0,0,0,0,0,0,0,0,0,0,0,0.0,0.0,0.0,0.0,0,0,0,0,0,0.00,0.00,0.00,0.00,45,0,8076,0,0
jørgen_strand larsen,Crystal Palace,FW,6.0,1,Everton,False,27,1,222,3,2026-08-22T14:00:00Z,2,0,False,0,0,0,0,0,0,0,0,0,0,0,3,1.0,3.5,17.0,2.2,0,0,0,0,0,0.25,0.01,0.26,0.14,60,0,50940,0,0
jean-philippe_mateta,Crystal Palace,FW,6.5,1,Everton,False,62,2,223,3,2026-08-22T14:00:00Z,2,0,False,0,0,0,2,0,0,0,0,0,0,0,-3,1.4,12.3,11.0,2.5,1,2,2,5,1,0.70,0.02,0.72,0.98,65,0,504100,0,0
eddie_nketiah,Crystal Palace,FW,5.5,1,Everton,False,55,1,224,3,2026-08-22T14:00:00Z,2,0,False,0,0,0,2,0,0,0,0,0,0,0,12,10.4,24.5,23.0,5.8,1,1,1,3,1,0.60,0.58,1.18,0.84,55,0,43148,0,0
christantus_uche,Crystal Palace,FW,5.0,1,Everton,False,0,0,225,3,2026-08-22T14:00:00Z,2,0,False,0,0,0,0,0,0,0,0,0,0,0,0,0.0,0.0,0.0,0.0,0,0,0,0,0,0.00,0.00,0.00,0.00,50,0,0,0,0
dwight_mcneil,Crystal Palace,MD,5.5,1,Everton,False,62,2,241,3,2026-08-22T14:00:00Z,2,0,False,0,0,0,2,0,0,0,0,0,0,0,11,9.6,4.7,2.0,1.6,3,2,0,5,1,0.05,0.02,0.07,0.98,55,0,15735,0,0
remi_matthews,Crystal Palace,GK,4.0,1,Everton,False,0,0,555,3,2026-08-22T14:00:00Z,2,0,False,0,0,0,0,0,0,0,0,0,0,0,0,0.0,0.0,0.0,0.0,0,0,0,0,0,0.00,0.00,0.00,0.00,40,0,156141,0,0
takehiro_tomiyasu,Crystal Palace,DF,4.5,1,Everton,False,18,1,577,3,2026-08-22T14:00:00Z,2,0,False,0,0,0,0,0,0,0,0,0,0,0,3,2.4,2.4,0.0,0.5,1,1,0,1,0,0.00,0.01,0.01,0.14,45,0,31543,0,0
anan_khalaili,Crystal Palace,DF,5.0,1,Everton,False,35,1,588,3,2026-08-22T14:00:00Z,2,0,False,0,0,0,0,0,0,0,0,0,0,0,12,24.0,26.5,4.0,5.5,5,3,4,9,0,0.00,0.16,0.16,0.27,50,0,8418,0,0
zavier_gozo,Crystal Palace,MD,5.0,1,Everton,False,0,0,595,3,2026-08-22T14:00:00Z,2,0,False,0,0,0,0,0,0,0,0,0,0,0,0,0.0,0.0,0.0,0.0,0,0,0,0,0,0.00,0.00,0.00,0.00,50,0,1214,0,0
christian_nørgaard,Everton,MD,5.0,1,Crystal Palace,True,0,0,21,3,2026-08-22T14:00:00Z,2,0,False,0,0,0,0,0,0,0,0,0,0,0,0,0.0,0.0,0.0,0.0,0,0,0,0,0,0.00,0.00,0.00,0.00,50,0,10920,0,0
brennan_johnson,Everton,MD,6.0,1,Crystal Palace,True,6,1,209,3,2026-08-22T14:00:00Z,2,0,False,0,0,0,0,0,0,0,0,0,0,0,3,4.0,0.3,0.0,0.4,2,0,0,2,0,0.00,0.00,0.00,0.29,60,0,15299,0,0
jordan_pickford,Everton,GK,5.5,1,Crystal Palace,True,90,7,226,3,2026-08-22T14:00:00Z,2,0,False,0,0,1,0,0,0,0,0,0,4,0,34,31.8,0.0,0.0,3.2,0,12,0,0,1,0.00,0.02,0.02,1.96,55,0,698199,0,0
mark_travers,Everton,GK,5.0,1,Crystal Palace,True,0,0,227,3,2026-08-22T14:00:00Z,2,0,False,0,0,0,0,0,0,0,0,0,0,0,0,0.0,0.0,0.0,0.0,0,0,0,0,0,0.00,0.00,0.00,0.00,50,0,3019,0,0
tom_king,Everton,GK,4.5,1,Crystal Palace,True,0,0,228,3,2026-08-22T14:00:00Z,2,0,False,0,0,0,0,0,0,0,0,0,0,0,0,0.0,0.0,0.0,0.0,0,0,0,0,0,0.00,0.00,0.00,0.00,45,0,3498,0,0
james_tarkowski,Everton,DF,6.0,1,Crystal Palace,True,90,6,229,3,2026-08-22T14:00:00Z,2,0,False,0,0,1,0,0,0,0,0,0,0,0,25,15.2,0.8,4.0,2.0,8,4,1,9,1,0.05,0.00,0.05,1.96,60,0,765229,0,0
jarrad_branthwaite,Everton,DF,5.5,1,Crystal Palace,True,90,6,230,3,2026-08-22T14:00:00Z,2,0,False,0,0,1,0,0,0,0,0,0,0,0,27,18.6,0.8,6.0,2.5,6,2,2,8,1,0.00,0.01,0.01,1.96,55,0,141420,0,0
michael_keane,Everton,DF,5.0,1,Crystal Palace,True,0,0,231,3,2026-08-22T14:00:00Z,2,0,False,0,0,0,0,0,0,0,0,0,0,0,0,0.0,0.0,0.0,0.0,0,0,0,0,0,0.00,0.00,0.00,0.00,50,0,151116,0,0
jake_o'brien,Everton,DF,5.0,1,Crystal Palace,True,0,0,232,3,2026-08-22T14:00:00Z,2,0,False,0,0,0,0,0,0,0,0,0,0,0,0,0.0,0.0,0.0,0.0,0,0,0,0,0,0.00,0.00,0.00,0.00,50,0,44689,0,0
vitalii_mykolenko,Everton,DF,4.5,1,Crystal Palace,True,90,6,233,3,2026-08-22T14:00:00Z,2,0,False,0,0,1,0,0,0,0,0,0,0,0,27,12.8,13.8,2.0,2.9,4,4,0,4,1,0.00,0.05,0.05,1.96,45,0,134687,0,0
nathan_patterson,Everton,DF,4.5,1,Crystal Palace,True,0,0,234,3,2026-08-22T14:00:00Z,2,0,False,0,0,0,0,0,0,0,0,0,0,0,0,0.0,0.0,0.0,0.0,0,0,0,0,0,0.00,0.00,0.00,0.00,45,0,2948,0,0
adam_aznou,Everton,DF,4.0,1,Crystal Palace,True,0,0,235,3,2026-08-22T14:00:00Z,2,0,False,0,0,0,0,0,0,0,0,0,0,0,0,0.0,0.0,0.0,0.0,0,0,0,0,0,0.00,0.00,0.00,0.00,40,0,16732,0,0
kiernan_dewsbury-hall,Everton,MD,6.5,1,Crystal Palace,True,90,11,236,3,2026-08-22T14:00:00Z,2,0,False,1,0,1,0,0,0,0,0,0,0,3,40,42.8,28.3,27.0,9.8,1,5,2,8,1,0.12,0.17,0.29,1.92,65,0,288693,0,0
jack_grealish,Everton,MD,6.5,1,Bournemouth,True,8,1,238,8,2026-08-23T13:00:00Z,2,1,False,0,0,0,0,0,0,0,0,0,0,0,2,1.0,0.6,0.0,0.2,0,0,1,1,0,0.00,0.00,0.00,0.00,65,0,16005,0,0
james_garner,Everton,MD,6.0,1,Crystal Palace,True,11,1,239,3,2026-08-22T14:00:00Z,2,0,False,0,0,0,0,0,0,0,0,0,0,0,6,4.8,11.8,2.0,1.9,0,0,1,1,0,0.00,0.03,0.03,0.34,60,0,11659,0,0
tyrique_george,Everton,MD,5.5,1,Crystal Palace,True,83,3,242,3,2026-08-22T14:00:00Z,2,0,False,0,0,1,0,0,0,0,0,0,0,0,13,7.0,23.4,25.0,5.5,3,4,0,7,1,0.18,0.08,0.26,1.67,55,0,24527,0,0
carlos_alcaraz durán,Everton,MD,5.0,1,Crystal Palace,True,1,1,243,3,2026-08-22T14:00:00Z,2,0,False,0,0,0,0,0,0,0,0,0,0,0,7,5.0,0.3,17.0,2.2,0,2,1,3,0,0.02,0.00,0.02,0.04,50,0,8329,0,0
harrison_armstrong,Everton,MD,5.0,1,Crystal Palace,True,90,8,244,3,2026-08-22T14:00:00Z,2,0,False,0,1,1,0,0,0,0,0,0,0,0,25,28.8,14.7,4.0,4.8,3,11,2,16,1,0.00,0.04,0.04,1.96,50,0,6793,0,0
tyler_dibling,Everton,MD,5.5,1,Crystal Palace,True,0,0,245,3,2026-08-22T14:00:00Z,2,0,False,0,0,0,0,0,0,0,0,0,0,0,0,0.0,0.0,0.0,0.0,0,0,0,0,0,0.00,0.00,0.00,0.00,55,0,3592,0,0
merlin_röhl,Everton,MD,5.0,1,Crystal Palace,True,90,3,246,3,2026-08-22T14:00:00Z,2,0,False,0,0,1,0,0,0,0,0,0,0,0,12,13.8,13.0,2.0,2.9,2,5,2,9,1,0.00,0.06,0.06,1.96,50,0,5179,0,0
hayden_hackney,Everton,MD,5.5,1,Crystal Palace,True,78,3,247,3,2026-08-22T14:00:00Z,2,0,False,0,0,1,0,0,0,0,0,0,0,0,16,8.6,12.2,5.0,2.6,1,4,2,7,1,0.01,0.01,0.02,1.62,55,0,24410,0,0
norberto bercique_gomes betuncal,Everton,FW,5.5,1,Crystal Palace,True,11,1,248,3,2026-08-22T14:00:00Z,2,0,False,0,0,0,0,0,0,0,0,0,0,0,3,0.0,0.0,2.0,0.2,0,0,0,0,0,0.05,0.00,0.05,0.34,55,0,249740,0,0
thierno_barry,Everton,FW,5.5,1,Crystal Palace,True,78,8,249,3,2026-08-22T14:00:00Z,2,0,False,1,0,1,0,0,0,0,0,0,0,2,37,38.0,19.0,41.0,9.8,0,2,1,3,1,0.45,0.09,0.54,1.62,55,0,117327,0,0
bernd_leno,Fulham,GK,4.5,1,Chelsea,True,90,2,250,10,2026-08-24T19:00:00Z,2,3,False,0,0,0,3,0,0,0,0,0,3,0,11,29.6,0.0,0.0,3.0,1,9,0,0,1,0.00,0.00,0.00,2.24,45,0,272035,0,0
benjamin_lecomte,Fulham,GK,4.0,1,Chelsea,True,0,0,251,10,2026-08-24T19:00:00Z,2,3,False,0,0,0,0,0,0,0,0,0,0,0,0,0.0,0.0,0.0,0.0,0,0,0,0,0,0.00,0.00,0.00,0.00,40,0,107540,0,0
alfie_mcnally,Fulham,GK,4.0,1,Chelsea,True,0,0,252,10,2026-08-24T19:00:00Z,2,3,False,0,0,0,0,0,0,0,0,0,0,0,0,0.0,0.0,0.0,0.0,0,0,0,0,0,0.00,0.00,0.00,0.00,40,0,13569,0,0
joachim_andersen,Fulham,DF,5.0,1,Chelsea,True,0,0,253,10,2026-08-24T19:00:00Z,2,3,False,0,0,0,0,0,0,0,0,0,0,0,0,0.0,0.0,0.0,0.0,0,0,0,0,0,0.00,0.00,0.00,0.00,50,0,3342,0,0
antonee_robinson,Fulham,DF,4.5,1,Chelsea,True,81,1,254,10,2026-08-24T19:00:00Z,2,3,False,0,0,0,3,0,0,0,0,0,0,0,4,21.6,25.2,3.0,5.0,4,5,3,7,1,0.13,0.04,0.17,2.21,45,0,148513,0,0
jorge_cuenca barreno,Fulham,DF,4.5,1,Chelsea,True,90,3,255,10,2026-08-24T19:00:00Z,2,3,False,0,0,0,3,0,0,0,0,0,0,0,7,32.8,21.3,0.0,5.4,9,3,1,10,1,0.00,0.03,0.03,2.24,45,0,1787,0,0
kenny_tete,Fulham,DF,4.5,1,Chelsea,True,0,0,256,10,2026-08-24T19:00:00Z,2,3,False,0,0,0,0,0,0,0,0,0,0,0,0,0.0,0.0,0.0,0.0,0,0,0,0,0,0.00,0.00,0.00,0.00,45,0,24681,0,0
calvin_bassey,Fulham,DF,4.5,1,Chelsea,True,90,0,257,10,2026-08-24T19:00:00Z,2,3,False,0,0,0,3,0,0,0,1,0,0,0,1,13.8,3.8,2.0,2.0,3,4,1,4,1,0.02,0.02,0.04,2.24,45,0,64737,0,0
timothy_castagne,Fulham,DF,4.5,1,Chelsea,True,90,6,258,10,2026-08-24T19:00:00Z,2,3,False,0,2,0,3,0,0,0,1,0,0,0,21,38.0,27.8,23.0,8.9,5,4,1,6,1,0.09,0.18,0.27,2.24,45,0,26346,0,0
alex_iwobi,Fulham,MD,5.5,1,Chelsea,True,90,2,261,10,2026-08-24T19:00:00Z,2,3,False,0,0,0,3,0,0,0,0,0,0,0,17,12.4,11.3,0.0,2.4,3,6,1,10,1,0.00,0.04,0.04,2.24,55,0,88413,0,0
emile_smith rowe,Fulham,MD,5.5,1,Chelsea,True,0,0,262,10,2026-08-24T19:00:00Z,2,3,False,0,0,0,0,0,0,0,0,0,0,0,0,0.0,0.0,0.0,0.0,0,0,0,0,0,0.00,0.00,0.00,0.00,55,0,35036,0,0
kevin_santos lopes de macedo,Fulham,MD,5.5,1,Chelsea,True,17,1,263,10,2026-08-24T19:00:00Z,2,3,False,0,0,0,0,0,0,0,0,0,0,0,2,5.2,1.9,0.0,0.7,0,1,2,3,0,0.00,0.01,0.01,0.03,55,0,5144,0,0
oscar_bobb,Fulham,MD,5.5,1,Chelsea,True,66,2,264,10,2026-08-24T19:00:00Z,2,3,False,0,0,0,3,0,0,0,0,0,0,0,10,9.8,13.8,6.0,3.0,1,2,3,6,1,0.00,0.26,0.26,2.21,55,0,26829,0,0
sander_berge,Fulham,MD,5.0,1,Chelsea,True,72,2,265,10,2026-08-24T19:00:00Z,2,3,False,0,0,0,3,0,0,0,0,0,0,0,14,13.6,23.1,7.0,4.4,1,2,1,4,1,0.03,0.03,0.06,2.21,50,0,38470,0,0
tom_cairney,Fulham,MD,5.0,1,Chelsea,True,0,0,266,10,2026-08-24T19:00:00Z,2,3,False,0,0,0,0,0,0,0,0,0,0,0,0,0.0,0.0,0.0,0.0,0,0,0,0,0,0.00,0.00,0.00,0.00,50,0,464,0,0
josh_king,Fulham,MD,5.5,1,Chelsea,True,90,7,268,10,2026-08-24T19:00:00Z,2,3,False,1,0,0,3,0,0,0,0,0,0,0,34,41.6,15.6,41.0,9.8,2,4,2,8,1,0.17,0.04,0.21,2.24,55,0,14215,0,0
ryan_sessegnon,Fulham,DF,4.5,1,Chelsea,True,17,1,269,10,2026-08-24T19:00:00Z,2,3,False,0,0,0,0,0,0,0,0,0,0,0,7,6.6,0.5,19.0,2.6,1,1,0,1,0,0.03,0.00,0.03,0.03,45,0,39784,0,0
harrison_reed,Fulham,MD,4.5,1,Chelsea,True,0,0,270,10,2026-08-24T19:00:00Z,2,3,False,0,0,0,0,0,0,0,0,0,0,0,0,0.0,0.0,0.0,0.0,0,0,0,0,0,0.00,0.00,0.00,0.00,45,0,139875,0,0
rodrigo_muniz carvalho,Fulham,FW,5.5,1,Chelsea,True,8,1,271,10,2026-08-24T19:00:00Z,2,3,False,0,0,0,0,0,0,0,0,0,0,0,6,6.0,11.5,7.0,2.5,1,0,0,1,0,0.02,0.00,0.02,0.03,55,0,52452,0,0
jonah_kusi-asare,Fulham,FW,4.5,1,Chelsea,True,0,0,272,10,2026-08-24T19:00:00Z,2,3,False,0,0,0,0,0,0,0,0,0,0,0,0,0.0,0.0,0.0,0.0,0,0,0,0,0,0.00,0.00,0.00,0.00,45,0,669004,0,0
gonzalo_garcía,Fulham,FW,6.0,1,Chelsea,True,90,6,569,10,2026-08-24T19:00:00Z,2,3,False,1,0,0,3,0,0,0,0,0,0,0,33,37.2,4.3,40.0,8.2,0,1,1,2,1,0.73,0.01,0.74,2.24,60,0,180799,0,0
césar_palacios,Fulham,MD,5.5,1,Chelsea,True,72,2,570,10,2026-08-24T19:00:00Z,2,3,False,0,0,0,3,0,0,0,0,0,0,0,10,2.8,7.3,8.0,1.8,0,2,2,4,1,0.16,0.01,0.17,2.21,55,0,18267,0,0
shea_charles,Fulham,MD,5.0,1,Chelsea,True,23,1,580,10,2026-08-24T19:00:00Z,2,3,False,0,0,0,0,0,0,0,0,0,0,0,5,3.4,1.3,0.0,0.5,0,2,1,3,0,0.00,0.00,0.00,0.03,50,0,8110,0,0
luc_de fougerolles,Fulham,DF,4.0,1,Chelsea,True,0,0,610,10,2026-08-24T19:00:00Z,2,3,False,0,0,0,0,0,0,0,0,0,0,0,0,0.0,0.0,0.0,0.0,0,0,0,0,0,0.00,0.00,0.00,0.00,40,0,0,0,0
tim_iroegbunam,Hull City,MD,5.0,1,Crystal Palace,True,0,0,240,3,2026-08-22T14:00:00Z,2,0,False,0,0,0,0,0,0,0,0,0,0,0,0,0.0,0.0,0.0,0.0,0,0,0,0,0,0.00,0.00,0.00,0.00,50,0,1417,0,0
dillon_phillips,Hull City,GK,4.0,1,Man Utd,True,0,0,273,4,2026-08-22T11:30:00Z,2,0,False,0,0,0,0,0,0,0,0,0,0,0,0,0.0,0.0,0.0,0.0,0,0,0,0,0,0.00,0.00,0.00,0.00,40,0,138196,0,0
jack_butland,Hull City,GK,4.5,1,Man Utd,True,0,0,274,4,2026-08-22T11:30:00Z,2,0,False,0,0,0,0,0,0,0,0,0,0,0,0,0.0,0.0,0.0,0.0,0,0,0,0,0,0.00,0.00,0.00,0.00,45,0,11096,0,0
harvey_cartwright,Hull City,GK,4.0,1,Man Utd,True,0,0,275,4,2026-08-22T11:30:00Z,2,0,False,0,0,0,0,0,0,0,0,0,0,0,0,0.0,0.0,0.0,0.0,0,0,0,0,0,0.00,0.00,0.00,0.00,40,0,1022,0,0
thimothée_lo-tutala,Hull City,GK,4.0,1,Man Utd,True,0,0,276,4,2026-08-22T11:30:00Z,2,0,False,0,0,0,0,0,0,0,0,0,0,0,0,0.0,0.0,0.0,0.0,0,0,0,0,0,0.00,0.00,0.00,0.00,40,0,3519,0,0
john_egan,Hull City,DF,4.0,1,Man Utd,True,90,8,277,4,2026-08-22T11:30:00Z,2,0,False,0,0,1,0,0,0,0,0,0,0,0,27,43.4,0.1,2.0,4.6,20,3,1,21,1,0.00,0.00,0.00,1.83,40,0,134746,0,0
charlie_hughes,Hull City,DF,4.0,1,Man Utd,True,0,0,278,4,2026-08-22T11:30:00Z,2,0,False,0,0,0,0,0,0,0,0,0,0,0,0,0.0,0.0,0.0,0.0,0,0,0,0,0,0.00,0.00,0.00,0.00,40,0,12660,0,0
semi_ajayi,Hull City,DF,4.0,1,Man Utd,True,63,14,279,4,2026-08-22T11:30:00Z,2,0,False,1,0,1,0,0,0,0,0,0,0,2,39,44.2,0.2,35.0,7.9,7,3,0,7,1,0.52,0.00,0.52,0.86,40,0,83256,0,0
lewie_coyle,Hull City,DF,4.0,1,Man Utd,True,69,6,280,4,2026-08-22T11:30:00Z,2,0,False,0,0,1,0,0,0,0,0,0,0,0,23,5.8,11.3,0.0,1.7,1,3,1,2,1,0.00,0.01,0.01,1.16,40,0,59278,0,0
cody_drameh,Hull City,DF,4.0,1,Man Utd,True,20,1,281,4,2026-08-22T11:30:00Z,2,0,False,0,0,0,0,0,0,0,0,0,0,0,4,2.2,0.0,1.0,0.3,2,2,1,3,0,0.05,0.00,0.05,0.67,40,0,1668,0,0
ryan_giles,Hull City,DF,4.0,1,Man Utd,True,84,6,282,4,2026-08-22T11:30:00Z,2,0,False,0,0,1,0,0,0,0,0,0,0,0,24,13.8,18.8,4.0,3.7,5,1,1,6,1,0.02,0.07,0.09,1.76,40,0,67208,0,0
matty_jacob,Hull City,DF,4.0,1,Man Utd,True,0,0,283,4,2026-08-22T11:30:00Z,2,0,False,0,0,0,0,0,0,0,0,0,0,0,0,0.0,0.0,0.0,0.0,0,0,0,0,0,0.00,0.00,0.00,0.00,40,0,1251,0,0
cathal_mccarthy,Hull City,DF,4.0,1,Man Utd,True,0,0,284,4,2026-08-22T11:30:00Z,2,0,False,0,0,0,0,0,0,0,0,0,0,0,0,0.0,0.0,0.0,0.0,0,0,0,0,0,0.00,0.00,0.00,0.00,40,0,7616,0,0
paddy_mcnair,Hull City,DF,4.0,1,Man Utd,True,26,1,285,4,2026-08-22T11:30:00Z,2,0,False,0,0,0,0,0,0,0,0,0,0,0,3,4.2,0.0,0.0,0.4,2,1,0,2,0,0.00,0.00,0.00,0.96,40,0,8697,0,0
mohamed_belloumi,Hull City,MD,5.0,1,Man Utd,True,90,3,286,4,2026-08-22T11:30:00Z,2,0,False,0,0,1,0,0,0,0,0,0,0,0,8,10.6,2.2,7.0,2.0,3,3,4,10,1,0.05,0.03,0.08,1.83,50,0,40446,0,0
liam_millar,Hull City,MD,5.0,1,Man Utd,True,19,0,287,4,2026-08-22T11:30:00Z,2,0,False,0,0,0,0,0,0,0,1,0,0,0,2,2.0,0.3,2.0,0.4,1,1,1,3,0,0.00,0.00,0.00,0.67,50,0,6086,0,0
kieran_dowell,Hull City,MD,4.5,1,Man Utd,True,0,0,288,4,2026-08-22T11:30:00Z,2,0,False,0,0,0,0,0,0,0,0,0,0,0,0,0.0,0.0,0.0,0.0,0,0,0,0,0,0.00,0.00,0.00,0.00,45,0,35457,0,0
matt_crooks,Hull City,MD,4.5,1,Man Utd,True,90,2,289,4,2026-08-22T11:30:00Z,2,0,False,0,0,1,0,0,0,0,1,0,0,0,9,19.0,2.4,0.0,2.1,4,1,4,9,1,0.00,0.00,0.00,1.83,45,0,57929,0,0
regan_slater,Hull City,MD,4.5,1,Man Utd,True,90,6,290,4,2026-08-22T11:30:00Z,2,0,False,0,1,1,0,0,0,0,0,0,0,0,20,18.4,19.3,0.0,3.8,0,2,1,3,1,0.00,0.44,0.44,1.83,45,0,272889,0,0
eliot_matazo,Hull City,MD,4.5,1,Man Utd,True,0,0,291,4,2026-08-22T11:30:00Z,2,0,False,0,0,0,0,0,0,0,0,0,0,0,0,0.0,0.0,0.0,0.0,0,0,0,0,0,0.00,0.00,0.00,0.00,45,0,600,0,0
abdülkadir_ömür,Hull City,MD,5.0,1,Man Utd,True,0,0,292,4,2026-08-22T11:30:00Z,2,0,False,0,0,0,0,0,0,0,0,0,0,0,0,0.0,0.0,0.0,0.0,0,0,0,0,0,0.00,0.00,0.00,0.00,50,0,1546,0,0
abu_kamara,Hull City,MD,5.0,1,Man Utd,True,0,0,293,4,2026-08-22T11:30:00Z,2,0,False,0,0,0,0,0,0,0,0,0,0,0,0,0.0,0.0,0.0,0.0,0,0,0,0,0,0.00,0.00,0.00,0.00,50,0,555,0,0
óscar_zambrano,Hull City,MD,4.5,1,Man Utd,True,0,0,294,4,2026-08-22T11:30:00Z,2,0,False,0,0,0,0,0,0,0,0,0,0,0,0,0.0,0.0,0.0,0.0,0,0,0,0,0,0.00,0.00,0.00,0.00,45,0,10995,0,0
oli_mcburnie,Hull City,FW,5.5,1,Man Utd,True,90,5,295,4,2026-08-22T11:30:00Z,2,0,False,0,1,1,0,0,0,0,0,0,0,0,21,17.2,21.1,52.0,9.0,3,2,0,5,1,0.16,0.01,0.17,1.83,55,0,113765,0,0
david_akintola,Hull City,MD,5.0,1,Man Utd,True,0,0,296,4,2026-08-22T11:30:00Z,2,0,False,0,0,0,0,0,0,0,0,0,0,0,0,0.0,0.0,0.0,0.0,0,0,0,0,0,0.00,0.00,0.00,0.00,50,0,3400,0,0
darko_gyabi,Hull City,MD,4.5,1,Man Utd,True,0,0,297,4,2026-08-22T11:30:00Z,2,0,False,0,0,0,0,0,0,0,0,0,0,0,0,0.0,0.0,0.0,0.0,0,0,0,0,0,0.00,0.00,0.00,0.00,45,0,2774,0,0
enis_destan,Hull City,FW,4.5,1,Man Utd,True,0,0,298,4,2026-08-22T11:30:00Z,2,0,False,0,0,0,0,0,0,0,0,0,0,0,0,0.0,0.0,0.0,0.0,0,0,0,0,0,0.00,0.00,0.00,0.00,45,0,40958,0,0
mason_burstow,Hull City,FW,4.5,1,Man Utd,True,0,0,299,4,2026-08-22T11:30:00Z,2,0,False,0,0,0,0,0,0,0,0,0,0,0,0,0.0,0.0,0.0,0.0,0,0,0,0,0,0.00,0.00,0.00,0.00,45,0,6401,0,0
joe_gelhardt,Hull City,MD,5.0,1,Man Utd,True,0,0,340,4,2026-08-22T11:30:00Z,2,0,False,0,0,0,0,0,0,0,0,0,0,0,0,0.0,0.0,0.0,0.0,0,0,0,0,0,0.00,0.00,0.00,0.00,50,0,1365,0,0
matt_targett,Hull City,DF,4.0,1,Man Utd,True,5,1,556,4,2026-08-22T11:30:00Z,2,0,False,0,0,0,0,0,0,0,0,0,0,0,3,0.4,0.0,0.0,0.0,0,1,0,0,0,0.00,0.00,0.00,0.07,40,0,218902,0,0
hidemasa_morita,Hull City,MD,5.0,1,Man Utd,True,0,0,563,4,2026-08-22T11:30:00Z,2,0,False,0,0,0,0,0,0,0,0,0,0,0,0,0.0,0.0,0.0,0.0,0,0,0,0,0,0.00,0.00,0.00,0.00,50,0,2175,0,0
konstantinos_tzolakis,Hull City,GK,4.5,1,Man Utd,True,90,10,572,4,2026-08-22T11:30:00Z,2,0,False,0,0,1,0,0,0,0,0,0,5,3,41,34.6,0.0,0.0,3.5,0,22,0,0,1,0.00,0.00,0.00,1.83,45,0,48305,0,0
jens_hjertø-dahl,Hull City,MD,5.0,1,Man Utd,True,0,0,574,4,2026-08-22T11:30:00Z,2,0,False,0,0,0,0,0,0,0,0,0,0,0,0,0.0,0.0,0.0,0.0,0,0,0,0,0,0.00,0.00,0.00,0.00,50,0,7500,0,0
elliot_stroud,Hull City,MD,5.0,1,Man Utd,True,70,3,576,4,2026-08-22T11:30:00Z,2,0,False,0,0,1,0,0,0,0,0,0,0,0,11,8.4,4.8,0.0,1.3,1,2,3,6,1,0.00,0.03,0.03,1.16,50,0,6733,0,0
lucas_herrington,Hull City,DF,4.0,1,Man Utd,True,26,1,585,4,2026-08-22T11:30:00Z,2,0,False,0,0,0,0,0,0,0,0,0,0,0,4,8.0,0.0,0.0,0.8,4,0,0,4,0,0.00,0.00,0.00,0.96,40,0,53978,0,0
nobel_mendy,Hull City,DF,4.0,1,Man Utd,True,63,15,586,4,2026-08-22T11:30:00Z,2,0,False,1,0,1,0,0,0,0,0,0,0,1,35,51.8,0.6,33.0,8.5,13,2,0,13,1,0.28,0.00,0.28,0.86,40,0,92688,0,0
lucas_gourna-douath,Hull City,MD,5.0,1,Man Utd,True,0,0,589,4,2026-08-22T11:30:00Z,2,0,False,0,0,0,0,0,0,0,0,0,0,0,0,0.0,0.0,0.0,0.0,0,0,0,0,0,0.00,0.00,0.00,0.00,50,0,2352,0,0
issa_diop,Ipswich Town,DF,4.0,1,Sunderland,True,90,2,259,5,2026-08-22T14:00:00Z,2,1,False,0,0,0,1,0,0,0,0,0,0,0,7,7.2,0.8,2.0,1.0,4,6,1,5,1,0.00,0.01,0.01,0.66,40,0,1668644,0,0
saša_lukić,Ipswich Town,MD,5.0,1,Sunderland,True,90,5,267,5,2026-08-22T14:00:00Z,2,1,False,0,1,0,1,0,0,0,0,0,0,0,22,23.4,14.8,2.0,4.0,2,3,1,6,1,0.00,0.02,0.02,0.66,50,0,10816,0,0
christian_walton,Ipswich Town,GK,4.5,1,Sunderland,True,0,0,300,5,2026-08-22T14:00:00Z,2,1,False,0,0,0,0,0,0,0,0,0,0,0,0,0.0,0.0,0.0,0.0,0,0,0,0,0,0.00,0.00,0.00,0.00,45,0,47085,0,0
alex_palmer,Ipswich Town,GK,4.0,1,Sunderland,True,0,0,301,5,2026-08-22T14:00:00Z,2,1,False,0,0,0,0,0,0,0,0,0,0,0,0,0.0,0.0,0.0,0.0,0,0,0,0,0,0.00,0.00,0.00,0.00,40,0,426453,0,0
david_button,Ipswich Town,GK,4.0,1,Sunderland,True,0,0,302,5,2026-08-22T14:00:00Z,2,1,False,0,0,0,0,0,0,0,0,0,0,0,0,0.0,0.0,0.0,0.0,0,0,0,0,0,0.00,0.00,0.00,0.00,40,0,40566,0,0
cédric_kipré,Ipswich Town,DF,4.0,1,Sunderland,True,0,0,303,5,2026-08-22T14:00:00Z,2,1,False,0,0,0,0,0,0,0,0,0,0,0,0,0.0,0.0,0.0,0.0,0,0,0,0,0,0.00,0.00,0.00,0.00,40,0,57775,0,0
dara_o'shea,Ipswich Town,DF,4.0,1,Sunderland,True,90,4,304,5,2026-08-22T14:00:00Z,2,1,False,0,0,0,1,0,0,0,0,0,0,0,16,48.0,24.5,2.0,7.5,16,6,2,18,1,0.00,0.16,0.16,0.66,40,0,313565,0,0
leif_davis,Ipswich Town,DF,4.0,1,Sunderland,True,90,2,305,5,2026-08-22T14:00:00Z,2,1,False,0,0,0,1,0,0,0,0,0,0,0,10,15.2,2.3,0.0,1.8,7,4,0,7,1,0.00,0.01,0.01,0.66,40,0,479363,0,0
jacob_greaves,Ipswich Town,DF,4.0,1,Sunderland,True,90,2,306,5,2026-08-22T14:00:00Z,2,1,False,0,0,0,1,0,0,0,0,0,0,0,12,16.4,1.3,0.0,1.8,4,1,3,7,1,0.00,0.00,0.00,0.66,40,0,134129,0,0
ben_johnson,Ipswich Town,DF,4.0,1,Sunderland,True,0,0,307,5,2026-08-22T14:00:00Z,2,1,False,0,0,0,0,0,0,0,0,0,0,0,0,0.0,0.0,0.0,0.0,0,0,0,0,0,0.00,0.00,0.00,0.00,40,0,10016,0,0
darnell_furlong,Ipswich Town,DF,4.0,1,Sunderland,True,0,0,308,5,2026-08-22T14:00:00Z,2,1,False,0,0,0,0,0,0,0,0,0,0,0,0,0.0,0.0,0.0,0.0,0,0,0,0,0,0.00,0.00,0.00,0.00,40,0,56130,0,0
marcelino_núñez,Ipswich Town,MD,5.0,1,Sunderland,True,79,4,309,5,2026-08-22T14:00:00Z,2,1,False,0,0,0,1,0,0,0,0,0,0,0,26,13.0,7.3,4.0,2.4,4,6,2,12,1,0.03,0.03,0.06,0.63,50,0,11544,0,0
azor_matusiwa,Ipswich Town,MD,5.0,1,Sunderland,True,0,0,310,5,2026-08-22T14:00:00Z,2,1,False,0,0,0,0,0,0,0,0,0,0,0,0,0.0,0.0,0.0,0.0,0,0,0,0,0,0.00,0.00,0.00,0.00,50,0,430,0,0
wes_burns,Ipswich Town,MD,5.0,1,Sunderland,True,0,0,311,5,2026-08-22T14:00:00Z,2,1,False,0,0,0,0,0,0,0,0,0,0,0,0,0.0,0.0,0.0,0.0,0,0,0,0,0,0.00,0.00,0.00,0.00,50,0,562,0,0
jack_taylor,Ipswich Town,MD,4.5,1,Sunderland,True,0,0,312,5,2026-08-22T14:00:00Z,2,1,False,0,0,0,0,0,0,0,0,0,0,0,0,0.0,0.0,0.0,0.0,0,0,0,0,0,0.00,0.00,0.00,0.00,45,0,4505,0,0
jack_clarke,Ipswich Town,MD,5.5,1,Sunderland,True,19,7,313,5,2026-08-22T14:00:00Z,2,1,False,1,0,0,0,0,0,0,0,0,0,1,27,33.6,0.6,18.0,5.2,0,1,1,2,0,0.10,0.00,0.10,0.03,55,0,24135,0,0
chiedozie_ogbene,Ipswich Town,MD,5.0,1,Sunderland,True,0,0,314,5,2026-08-22T14:00:00Z,2,1,False,0,0,0,0,0,0,0,0,0,0,0,0,0.0,0.0,0.0,0.0,0,0,0,0,0,0.00,0.00,0.00,0.00,50,0,1539,0,0
abdul_fatawu,Ipswich Town,MD,5.5,1,Sunderland,True,65,2,315,5,2026-08-22T14:00:00Z,2,1,False,0,0,0,1,0,0,0,0,0,0,0,22,18.6,28.4,8.0,5.5,1,2,4,7,1,0.00,0.41,0.41,0.63,55,0,21235,0,0
emersonn_correia da silva,Ipswich Town,FW,5.5,1,Sunderland,True,65,9,316,5,2026-08-22T14:00:00Z,2,1,False,1,0,0,1,0,0,0,0,0,0,3,41,45.6,26.3,40.0,11.2,1,1,1,3,1,0.82,0.06,0.88,0.63,55,0,33590,0,0
george_hirst,Ipswich Town,FW,5.0,1,Sunderland,True,0,0,317,5,2026-08-22T14:00:00Z,2,1,False,0,0,0,0,0,0,0,0,0,0,0,0,0.0,0.0,0.0,0.0,0,0,0,0,0,0.00,0.00,0.00,0.00,50,0,25160,0,0
jaden_philogene,Ipswich Town,MD,5.5,1,Sunderland,True,0,0,318,5,2026-08-22T14:00:00Z,2,1,False,0,0,0,0,0,0,0,0,0,0,0,0,0.0,0.0,0.0,0.0,0,0,0,0,0,0.00,0.00,0.00,0.00,55,0,14821,0,0
sam_szmodics,Ipswich Town,MD,5.0,1,Sunderland,True,0,0,319,5,2026-08-22T14:00:00Z,2,1,False,0,0,0,0,0,0,0,0,0,0,0,0,0.0,0.0,0.0,0.0,0,0,0,0,0,0.00,0.00,0.00,0.00,50,0,1030,0,0
chuba_akpom,Ipswich Town,FW,5.0,1,Sunderland,True,24,1,320,5,2026-08-22T14:00:00Z,2,1,False,0,0,0,0,0,0,0,0,0,0,0,3,1.4,0.0,2.0,0.3,0,2,1,3,0,0.00,0.00,0.00,0.03,50,0,47871,0,0
sindre_walle egeli,Ipswich Town,FW,4.5,1,Sunderland,True,10,1,321,5,2026-08-22T14:00:00Z,2,1,False,0,0,0,0,0,0,0,0,0,0,0,3,0.0,0.1,0.0,0.0,0,0,0,0,0,0.00,0.00,0.00,0.03,45,0,199675,0,0
ali_al-hamadi,Ipswich Town,FW,5.0,1,Sunderland,True,0,0,322,5,2026-08-22T14:00:00Z,2,1,False,0,0,0,0,0,0,0,0,0,0,0,0,0.0,0.0,0.0,0.0,0,0,0,0,0,0.00,0.00,0.00,0.00,50,0,13332,0,0
kasey_mcateer,Ipswich Town,MD,4.5,1,Sunderland,True,24,1,323,5,2026-08-22T14:00:00Z,2,1,False,0,0,0,0,0,0,0,0,0,0,0,4,1.2,1.3,0.0,0.3,0,2,1,3,0,0.00,0.00,0.00,0.03,45,0,130440,0,0
anis_mehmeti,Ipswich Town,MD,5.0,1,Sunderland,True,0,0,324,5,2026-08-22T14:00:00Z,2,1,False,0,0,0,0,0,0,0,0,0,0,0,0,0.0,0.0,0.0,0.0,0,0,0,0,0,0.00,0.00,0.00,0.00,50,0,4850,0,0
kayne_van oevelen,Ipswich Town,GK,4.5,1,Sunderland,True,0,0,554,5,2026-08-22T14:00:00Z,2,1,False,0,0,0,0,0,0,0,0,0,0,0,0,0.0,0.0,0.0,0.0,0,0,0,0,0,0.00,0.00,0.00,0.00,45,0,3509,0,0
daizen_maeda,Ipswich Town,MD,5.5,1,Sunderland,True,79,2,562,5,2026-08-22T14:00:00Z,2,1,False,0,0,0,1,0,0,0,0,0,0,0,7,12.6,1.4,7.0,2.1,3,2,4,9,1,0.61,0.00,0.61,0.63,55,0,37656,0,0
kjell_scherpen,Ipswich Town,GK,4.5,1,Sunderland,True,90,2,564,5,2026-08-22T14:00:00Z,2,1,False,0,0,0,1,0,0,0,0,0,2,0,12,14.4,0.0,0.0,1.4,1,10,0,0,1,0.00,0.00,0.00,0.66,45,0,57252,0,0
florentino ibrain_morris luís,Ipswich Town,MD,5.0,1,Sunderland,True,0,0,571,5,2026-08-22T14:00:00Z,2,1,False,0,0,0,0,0,0,0,0,0,0,0,0,0.0,0.0,0.0,0.0,0,0,0,0,0,0.00,0.00,0.00,0.00,50,0,12850,0,0
julio_enciso,Ipswich Town,MD,5.5,1,Sunderland,True,70,5,591,5,2026-08-22T14:00:00Z,2,1,False,0,1,0,1,0,0,0,0,0,0,0,24,21.6,14.0,18.0,5.4,2,5,1,8,1,0.23,0.31,0.54,0.63,55,0,24595,0,0
abdoul_ouattara,Ipswich Town,DF,4.0,1,Sunderland,True,10,1,592,5,2026-08-22T14:00:00Z,2,1,False,0,0,0,0,0,0,0,0,0,0,0,4,5.2,10.0,0.0,1.5,2,0,0,2,0,0.00,0.00,0.00,0.03,40,0,86218,0,0
cameron_humphreys,Ipswich Town,MD,4.5,1,Sunderland,True,0,0,602,5,2026-08-22T14:00:00Z,2,1,False,0,0,0,0,0,0,0,0,0,0,0,0,0.0,0.0,0.0,0.0,0,0,0,0,0,0.00,0.00,0.00,0.00,45,0,0,0,0
harry_wilson,Leeds,MD,6.5,1,Nott'm Forest,False,65,3,260,6,2026-08-22T14:00:00Z,0,1,False,0,0,1,0,0,0,0,0,0,0,0,8,6.2,15.3,4.0,2.6,0,0,2,2,1,0.00,0.02,0.02,0.53,65,0,577649,0,0
lucas estella_perri,Leeds,GK,4.5,1,Nott'm Forest,False,0,0,326,6,2026-08-22T14:00:00Z,0,1,False,0,0,0,0,0,0,0,0,0,0,0,0,0.0,0.0,0.0,0.0,0,0,0,0,0,0.00,0.00,0.00,0.00,45,0,52897,0,0
jaka_bijol,Leeds,DF,5.0,1,Nott'm Forest,False,90,10,327,6,2026-08-22T14:00:00Z,0,1,False,0,0,1,0,0,0,0,0,0,0,2,28,23.6,0.4,15.0,3.9,11,5,1,12,1,0.11,0.00,0.11,0.66,50,0,27043,0,0
joe_rodon,Leeds,DF,4.5,1,Nott'm Forest,False,90,6,329,6,2026-08-22T14:00:00Z,0,1,False,0,0,1,0,0,0,0,0,0,0,0,21,14.4,14.4,5.0,3.4,6,1,1,7,1,0.03,0.06,0.09,0.66,45,0,330772,0,0
jayden_bogle,Leeds,DF,4.5,1,Nott'm Forest,False,90,6,330,6,2026-08-22T14:00:00Z,0,1,False,0,0,1,0,0,0,0,0,0,0,0,24,7.0,1.1,0.0,0.8,2,3,1,3,1,0.00,0.00,0.00,0.66,45,0,45674,0,0
gabriel_gudmundsson,Leeds,DF,4.5,1,Nott'm Forest,False,0,0,331,6,2026-08-22T14:00:00Z,0,1,False,0,0,0,0,0,0,0,0,0,0,0,0,0.0,0.0,0.0,0.0,0,0,0,0,0,0.00,0.00,0.00,0.00,45,0,5099,0,0
james_justin,Leeds,DF,4.5,1,Nott'm Forest,False,90,10,332,6,2026-08-22T14:00:00Z,0,1,False,0,0,1,0,0,0,0,0,0,0,2,28,24.6,2.3,2.0,2.9,6,4,6,12,1,0.00,0.01,0.01,0.66,45,0,52732,0,0
sebastiaan_bornauw,Leeds,DF,4.5,1,Nott'm Forest,False,0,0,333,6,2026-08-22T14:00:00Z,0,1,False,0,0,0,0,0,0,0,0,0,0,0,0,0.0,0.0,0.0,0.0,0,0,0,0,0,0.00,0.00,0.00,0.00,45,0,512,0,0
tarik_muharemović,Leeds,DF,5.0,1,Nott'm Forest,False,90,6,334,6,2026-08-22T14:00:00Z,0,1,False,0,0,1,0,0,0,0,0,0,0,0,25,15.6,0.6,17.0,3.3,7,1,0,7,1,0.09,0.00,0.09,0.66,50,0,306283,0,0
anton_stach,Leeds,MD,6.0,1,Nott'm Forest,False,90,13,335,6,2026-08-22T14:00:00Z,0,1,False,1,0,1,0,0,0,0,0,0,0,3,37,47.8,2.3,16.0,6.6,8,5,3,16,1,0.10,0.05,0.15,0.66,60,0,80326,0,0
noah_okafor,Leeds,MD,6.0,1,Nott'm Forest,False,24,1,336,6,2026-08-22T14:00:00Z,0,1,False,0,0,0,0,0,0,0,0,0,0,0,10,10.0,14.0,4.0,2.8,1,2,2,5,0,0.00,0.16,0.16,0.13,60,0,45369,0,0
brenden_aaronson,Leeds,MD,5.5,1,Nott'm Forest,False,81,3,337,6,2026-08-22T14:00:00Z,0,1,False,0,0,1,0,0,0,0,0,0,0,0,16,8.0,1.1,7.0,1.6,0,6,1,7,1,0.01,0.01,0.02,0.58,55,0,87156,0,0
ethan_ampadu,Leeds,MD,5.5,1,Nott'm Forest,False,90,5,338,6,2026-08-22T14:00:00Z,0,1,False,0,0,1,0,0,0,0,0,0,0,0,18,18.6,23.3,0.0,4.2,6,5,2,13,1,0.00,0.04,0.04,0.66,55,0,132659,0,0
sean_longstaff,Leeds,MD,5.0,1,Nott'm Forest,False,8,1,339,6,2026-08-22T14:00:00Z,0,1,False,0,0,0,0,0,0,0,0,0,0,0,3,0.0,0.2,0.0,0.0,0,0,0,0,0,0.00,0.00,0.00,0.07,50,0,12582,0,0
wilfried_gnonto,Leeds,MD,5.0,1,Nott'm Forest,False,0,0,341,6,2026-08-22T14:00:00Z,0,1,False,0,0,0,0,0,0,0,0,0,0,0,0,0.0,0.0,0.0,0.0,0,0,0,0,0,0.00,0.00,0.00,0.00,50,0,2172,0,0
jack_harrison,Leeds,MD,5.0,1,Nott'm Forest,False,0,0,342,6,2026-08-22T14:00:00Z,0,1,False,0,0,0,0,0,0,0,0,0,0,0,0,0.0,0.0,0.0,0.0,0,0,0,0,0,0.00,0.00,0.00,0.00,50,0,135,0,0
daniel_james,Leeds,MD,5.0,1,Nott'm Forest,False,0,0,343,6,2026-08-22T14:00:00Z,0,1,False,0,0,0,0,0,0,0,0,0,0,0,0,0.0,0.0,0.0,0.0,0,0,0,0,0,0.00,0.00,0.00,0.00,50,0,11272,0,0
ilia_gruev,Leeds,MD,5.0,1,Nott'm Forest,False,0,0,344,6,2026-08-22T14:00:00Z,0,1,False,0,0,0,0,0,0,0,0,0,0,0,0,0.0,0.0,0.0,0.0,0,0,0,0,0,0.00,0.00,0.00,0.00,50,0,461,0,0
tanaka_ao,Leeds,MD,5.0,1,Nott'm Forest,False,0,0,345,6,2026-08-22T14:00:00Z,0,1,False,0,0,0,0,0,0,0,0,0,0,0,0,0.0,0.0,0.0,0.0,0,0,0,0,0,0.00,0.00,0.00,0.00,50,0,23052,0,0
dominic_calvert-lewin,Leeds,FW,6.0,1,Nott'm Forest,False,90,1,346,6,2026-08-22T14:00:00Z,0,1,False,0,0,1,0,0,0,0,1,0,0,0,-2,0.0,0.8,11.0,0.7,0,2,0,2,1,0.13,0.00,0.13,0.66,60,0,2823371,0,0
lukas_nmecha,Leeds,FW,5.5,1,Nott'm Forest,False,0,0,347,6,2026-08-22T14:00:00Z,0,1,False,0,0,0,0,0,0,0,0,0,0,0,0,0.0,0.0,0.0,0.0,0,0,0,0,0,0.00,0.00,0.00,0.00,55,0,53564,0,0
joël_piroe,Leeds,FW,5.0,1,Nott'm Forest,False,0,0,348,6,2026-08-22T14:00:00Z,0,1,False,0,0,0,0,0,0,0,0,0,0,0,0,0.0,0.0,0.0,0.0,0,0,0,0,0,0.00,0.00,0.00,0.00,50,0,17239,0,0
mateo_joseph fernández-regatillo,Leeds,FW,4.5,1,Nott'm Forest,False,0,0,349,6,2026-08-22T14:00:00Z,0,1,False,0,0,0,0,0,0,0,0,0,0,0,0,0.0,0.0,0.0,0.0,0,0,0,0,0,0.00,0.00,0.00,0.00,45,0,5936,0,0
james_trafford,Leeds,GK,5.0,1,Nott'm Forest,False,90,9,385,6,2026-08-22T14:00:00Z,0,1,False,0,0,1,0,0,0,0,0,0,3,2,28,19.4,0.0,0.0,1.9,0,9,0,0,1,0.00,0.00,0.00,0.66,50,0,265439,0,0
nico_elvedi,Leeds,DF,4.5,1,Nott'm Forest,False,0,0,598,6,2026-08-22T14:00:00Z,0,1,False,0,0,0,0,0,0,0,0,0,0,0,0,0.0,0.0,0.0,0.0,0,0,0,0,0,0.00,0.00,0.00,0.00,45,0,1842,0,0
jayden_lienou,Leeds,DF,4.0,1,Nott'm Forest,False,0,0,603,6,2026-08-22T14:00:00Z,0,1,False,0,0,0,0,0,0,0,0,0,0,0,0,0.0,0.0,0.0,0.0,0,0,0,0,0,0.00,0.00,0.00,0.00,40,0,0,0,0
alfie_cresswell,Leeds,MD,4.5,1,Nott'm Forest,False,0,0,604,6,2026-08-22T14:00:00Z,0,1,False,0,0,0,0,0,0,0,0,0,0,0,0,0.0,0.0,0.0,0.0,0,0,0,0,0,0.00,0.00,0.00,0.00,45,0,0,0,0
alisson_becker,Liverpool,GK,5.5,1,Newcastle,False,90,2,350,9,2026-08-23T15:30:00Z,2,2,False,0,0,0,2,0,0,0,0,0,3,0,7,17.8,0.0,0.0,1.8,2,6,0,0,1,0.00,0.00,0.00,1.58,55,0,302846,0,0
giorgi_mamardashvili,Liverpool,GK,5.0,1,Newcastle,False,0,0,351,9,2026-08-23T15:30:00Z,2,2,False,0,0,0,0,0,0,0,0,0,0,0,0,0.0,0.0,0.0,0.0,0,0,0,0,0,0.00,0.00,0.00,0.00,50,0,13503,0,0
freddie_woodman,Liverpool,GK,4.0,1,Newcastle,False,0,0,352,9,2026-08-23T15:30:00Z,2,2,False,0,0,0,0,0,0,0,0,0,0,0,0,0.0,0.0,0.0,0.0,0,0,0,0,0,0.00,0.00,0.00,0.00,40,0,97477,0,0
armin_pecsi,Liverpool,GK,4.0,1,Newcastle,False,0,0,353,9,2026-08-23T15:30:00Z,2,2,False,0,0,0,0,0,0,0,0,0,0,0,0,0.0,0.0,0.0,0.0,0,0,0,0,0,0.00,0.00,0.00,0.00,40,0,2936,0,0
vitezslav_jaros,Liverpool,GK,4.0,1,Newcastle,False,0,0,354,9,2026-08-23T15:30:00Z,2,2,False,0,0,0,0,0,0,0,0,0,0,0,0,0.0,0.0,0.0,0.0,0,0,0,0,0,0.00,0.00,0.00,0.00,40,0,1351,0,0
harvey_davies,Liverpool,GK,4.0,1,Newcastle,False,0,0,355,9,2026-08-23T15:30:00Z,2,2,False,0,0,0,0,0,0,0,0,0,0,0,0,0.0,0.0,0.0,0.0,0,0,0,0,0,0.00,0.00,0.00,0.00,40,0,11845,0,0
virgil_van dijk,Liverpool,DF,6.5,1,Newcastle,False,90,2,356,9,2026-08-23T15:30:00Z,2,2,False,0,0,0,2,0,0,0,1,0,0,0,8,25.6,1.6,24.0,5.1,9,6,2,11,1,0.25,0.01,0.26,1.58,65,0,1670280,0,0
jeremie_frimpong,Liverpool,DF,5.5,1,Newcastle,False,90,0,357,9,2026-08-23T15:30:00Z,2,2,False,0,0,0,2,0,0,0,1,0,0,0,3,13.6,37.8,10.0,6.1,1,3,1,2,1,0.01,0.09,0.10,1.58,55,0,302241,0,0
milos_kerkez,Liverpool,DF,5.5,1,Newcastle,False,90,0,358,9,2026-08-23T15:30:00Z,2,2,False,0,0,0,2,0,0,0,1,0,0,0,3,18.0,13.8,12.0,4.4,4,3,3,7,1,0.02,0.02,0.04,1.58,55,0,332539,0,0
joe_gomez,Liverpool,DF,5.0,1,Newcastle,False,0,0,359,9,2026-08-23T15:30:00Z,2,2,False,0,0,0,0,0,0,0,0,0,0,0,0,0.0,0.0,0.0,0.0,0,0,0,0,0,0.00,0.00,0.00,0.00,50,0,1714,0,0
conor_bradley,Liverpool,DF,5.0,1,Newcastle,False,0,0,360,9,2026-08-23T15:30:00Z,2,2,False,0,0,0,0,0,0,0,0,0,0,0,0,0.0,0.0,0.0,0.0,0,0,0,0,0,0.00,0.00,0.00,0.00,50,0,957,0,0
wellity_lucky,Liverpool,DF,4.0,1,Newcastle,False,0,0,361,9,2026-08-23T15:30:00Z,2,2,False,0,0,0,0,0,0,0,0,0,0,0,0,0.0,0.0,0.0,0.0,0,0,0,0,0,0.00,0.00,0.00,0.00,40,0,10838,0,0
jeremy_jacquet,Liverpool,DF,5.0,1,Newcastle,False,69,1,362,9,2026-08-23T15:30:00Z,2,2,False,0,0,0,2,0,0,0,0,0,0,0,9,12.4,11.9,0.0,2.4,2,3,1,3,1,0.00,0.02,0.02,1.04,50,0,205604,0,0
giovanni_leoni,Liverpool,DF,4.0,1,Newcastle,False,0,0,363,9,2026-08-23T15:30:00Z,2,2,False,0,0,0,0,0,0,0,0,0,0,0,0,0.0,0.0,0.0,0.0,0,0,0,0,0,0.00,0.00,0.00,0.00,40,0,4082,0,0
kostas_tsimikas,Liverpool,DF,5.0,1,Newcastle,False,0,0,364,9,2026-08-23T15:30:00Z,2,2,False,0,0,0,0,0,0,0,0,0,0,0,0,0.0,0.0,0.0,0.0,0,0,0,0,0,0.00,0.00,0.00,0.00,50,0,6683,0,0
calvin_ramsay,Liverpool,DF,4.0,1,Newcastle,False,0,0,365,9,2026-08-23T15:30:00Z,2,2,False,0,0,0,0,0,0,0,0,0,0,0,0,0.0,0.0,0.0,0.0,0,0,0,0,0,0.00,0.00,0.00,0.00,40,0,19328,0,0
florian_wirtz,Liverpool,MD,7.5,1,Newcastle,False,62,2,366,9,2026-08-23T15:30:00Z,2,2,False,0,0,0,2,0,0,0,0,0,0,0,16,9.8,17.9,29.0,5.7,0,4,1,5,1,0.26,0.04,0.30,0.51,75,0,1122658,0,0
cody_gakpo,Liverpool,MD,7.0,1,Newcastle,False,90,12,367,9,2026-08-23T15:30:00Z,2,2,False,1,0,0,2,0,0,0,0,0,0,3,33,44.0,34.0,37.0,11.5,4,5,3,12,1,0.30,0.15,0.45,1.58,70,0,310403,0,0
dominik_szoboszlai,Liverpool,MD,7.0,1,Newcastle,False,90,8,368,9,2026-08-23T15:30:00Z,2,2,False,1,0,0,2,0,0,0,0,0,0,1,29,50.4,47.1,21.0,11.9,2,4,1,7,1,0.85,0.27,1.12,1.58,70,0,3733259,0,0
rio_ngumoha,Liverpool,MD,6.0,1,Newcastle,False,62,2,369,9,2026-08-23T15:30:00Z,2,2,False,0,0,0,2,0,0,0,0,0,0,0,9,2.4,6.0,5.0,1.3,0,2,1,3,1,0.04,0.02,0.06,0.51,60,0,104767,0,0
federico_chiesa,Liverpool,MD,5.5,1,Newcastle,False,0,0,370,9,2026-08-23T15:30:00Z,2,2,False,0,0,0,0,0,0,0,0,0,0,0,0,0.0,0.0,0.0,0.0,0,0,0,0,0,0.00,0.00,0.00,0.00,55,0,11756,0,0
ryan_gravenberch,Liverpool,MD,6.0,1,Newcastle,False,77,5,371,9,2026-08-23T15:30:00Z,2,2,False,0,1,0,2,0,0,0,0,0,0,0,26,24.4,16.0,4.0,4.4,2,8,1,11,1,0.06,0.05,0.11,1.10,60,0,172067,0,0
alexis_mac allister,Liverpool,MD,5.5,1,Newcastle,False,27,1,372,9,2026-08-23T15:30:00Z,2,2,False,0,0,0,0,0,0,0,0,0,0,0,9,5.8,1.4,0.0,0.7,0,1,2,3,0,0.00,0.01,0.01,1.07,55,0,151941,0,0
curtis_jones,Liverpool,MD,5.5,1,Newcastle,False,0,0,373,9,2026-08-23T15:30:00Z,2,2,False,0,0,0,0,0,0,0,0,0,0,0,0,0.0,0.0,0.0,0.0,0,0,0,0,0,0.00,0.00,0.00,0.00,55,0,4822,0,0
endo_wataru,Liverpool,MD,5.0,1,Newcastle,False,0,0,374,9,2026-08-23T15:30:00Z,2,2,False,0,0,0,0,0,0,0,0,0,0,0,0,0.0,0.0,0.0,0.0,0,0,0,0,0,0.00,0.00,0.00,0.00,50,0,5090,0,0
trey_nyoni,Liverpool,MD,5.0,1,Newcastle,False,0,0,375,9,2026-08-23T15:30:00Z,2,2,False,0,0,0,0,0,0,0,0,0,0,0,0,0.0,0.0,0.0,0.0,0,0,0,0,0,0.00,0.00,0.00,0.00,50,0,3729,0,0
stefan_bajčetić maquieira,Liverpool,MD,5.0,1,Newcastle,False,0,0,376,9,2026-08-23T15:30:00Z,2,2,False,0,0,0,0,0,0,0,0,0,0,0,0,0.0,0.0,0.0,0.0,0,0,0,0,0,0.00,0.00,0.00,0.00,50,0,157,0,0
victor_munoz,Liverpool,MD,6.5,1,Newcastle,False,27,4,377,9,2026-08-23T15:30:00Z,2,2,False,0,1,0,0,0,0,0,0,0,0,0,15,4.0,8.9,14.0,2.7,0,0,0,0,0,0.10,0.04,0.14,1.07,65,0,48042,0,0
james_mcconnell,Liverpool,MD,4.5,1,Newcastle,False,0,0,378,9,2026-08-23T15:30:00Z,2,2,False,0,0,0,0,0,0,0,0,0,0,0,0,0.0,0.0,0.0,0.0,0,0,0,0,0,0.00,0.00,0.00,0.00,45,0,24189,0,0
alexander_isak,Liverpool,FW,9.0,1,Newcastle,False,90,2,379,9,2026-08-23T15:30:00Z,2,2,False,0,0,0,2,0,0,0,0,0,0,0,6,11.4,14.6,66.0,9.2,1,0,0,1,1,1.09,0.01,1.10,1.58,90,0,1493302,0,0
hugo_ekitiké,Liverpool,FW,7.5,1,Newcastle,False,0,0,380,9,2026-08-23T15:30:00Z,2,2,False,0,0,0,0,0,0,0,0,0,0,0,0,0.0,0.0,0.0,0.0,0,0,0,0,0,0.00,0.00,0.00,0.00,75,0,14410,0,0
lewis_koumas,Liverpool,MD,5.0,1,Newcastle,False,12,1,381,9,2026-08-23T15:30:00Z,2,2,False,0,0,0,0,0,0,0,0,0,0,0,4,1.2,0.5,7.0,0.9,0,1,0,1,0,0.03,0.00,0.03,0.48,50,0,1626,0,0
jayden_danns,Liverpool,FW,4.5,1,Newcastle,False,0,0,382,9,2026-08-23T15:30:00Z,2,2,False,0,0,0,0,0,0,0,0,0,0,0,0,0.0,0.0,0.0,0.0,0,0,0,0,0,0.00,0.00,0.00,0.00,45,0,3221,0,0
harvey_elliott,Liverpool,MD,5.5,1,Newcastle,False,0,0,383,9,2026-08-23T15:30:00Z,2,2,False,0,0,0,0,0,0,0,0,0,0,0,0,0.0,0.0,0.0,0.0,0,0,0,0,0,0.00,0.00,0.00,0.00,55,0,6399,0,0
ronald_araujo,Liverpool,DF,5.5,1,Newcastle,False,20,1,579,9,2026-08-23T15:30:00Z,2,2,False,0,0,0,0,0,0,0,0,0,0,0,3,13.2,1.2,0.0,1.4,3,1,1,4,0,0.00,0.03,0.03,0.54,55,0,211388,0,0
enzo_fernández,Man City,MD,7.0,1,Fulham,False,25,1,155,10,2026-08-24T19:00:00Z,2,3,False,0,0,0,0,0,0,0,0,0,0,0,6,3.4,12.0,0.0,1.5,0,3,0,3,0,0.00,0.02,0.02,0.28,70,0,442051,0,0
iliman_ndiaye,Man City,MD,6.0,1,Crystal Palace,True,90,9,237,3,2026-08-22T14:00:00Z,2,0,False,0,1,1,0,0,0,0,0,0,0,1,36,40.8,39.8,48.0,12.9,0,8,4,12,1,0.24,0.32,0.56,1.96,60,0,1434152,0,0
gianluigi_donnarumma,Man City,GK,5.5,1,Bournemouth,True,90,3,384,8,2026-08-23T13:00:00Z,2,1,False,0,0,0,1,0,0,0,0,0,3,0,12,26.8,0.0,0.0,2.7,1,4,0,0,1,0.00,0.00,0.00,0.65,55,0,722204,0,0
marcus_bettinelli,Man City,GK,4.5,1,Bournemouth,True,0,0,386,8,2026-08-23T13:00:00Z,2,1,False,0,0,0,0,0,0,0,0,0,0,0,0,0.0,0.0,0.0,0.0,0,0,0,0,0,0.00,0.00,0.00,0.00,45,0,2479,0,0
nico_o'reilly,Man City,DF,6.5,1,Bournemouth,True,62,2,387,8,2026-08-23T13:00:00Z,2,1,False,0,0,0,1,0,0,0,0,0,0,0,5,8.8,30.4,11.0,5.0,1,5,1,2,1,0.07,0.41,0.48,0.55,65,0,1877660,0,0
marc_guéhi,Man City,DF,6.0,1,Bournemouth,True,90,10,388,8,2026-08-23T13:00:00Z,2,1,False,1,0,0,1,0,0,0,0,0,0,2,31,43.6,17.5,28.0,8.9,1,4,3,4,1,0.89,0.32,1.21,0.65,60,0,1521853,0,0
matheus_nunes,Man City,DF,6.0,1,Bournemouth,True,33,1,389,8,2026-08-23T13:00:00Z,2,1,False,0,0,0,0,0,0,0,0,0,0,0,4,3.8,1.5,4.0,0.9,1,2,0,1,0,0.00,0.04,0.04,0.10,60,0,123928,0,0
rúben_dos santos gato alves dias,Man City,DF,5.5,1,Bournemouth,True,90,2,390,8,2026-08-23T13:00:00Z,2,1,False,0,0,0,1,0,0,0,0,0,0,0,11,24.4,17.9,2.0,4.4,6,8,0,6,1,0.00,0.14,0.14,0.65,55,0,148709,0,0
joško_gvardiol,Man City,DF,5.5,1,Bournemouth,True,90,9,391,8,2026-08-23T13:00:00Z,2,1,False,1,0,0,1,0,0,0,0,0,0,1,28,47.6,13.3,17.0,7.8,5,5,2,7,1,0.19,0.05,0.24,0.65,55,0,980214,0,0
rayan_aït-nouri,Man City,DF,5.5,1,Bournemouth,True,0,0,392,8,2026-08-23T13:00:00Z,2,1,False,0,0,0,0,0,0,0,0,0,0,0,0,0.0,0.0,0.0,0.0,0,0,0,0,0,0.00,0.00,0.00,0.00,55,0,79425,0,0
abdukodir_khusanov,Man City,DF,5.5,1,Bournemouth,True,90,2,393,8,2026-08-23T13:00:00Z,2,1,False,0,0,0,1,0,0,0,0,0,0,0,14,17.0,3.4,0.0,2.0,2,6,2,4,1,0.00,0.02,0.02,0.65,55,0,147622,0,0
max_alleyne,Man City,DF,5.0,1,Bournemouth,True,0,0,394,8,2026-08-23T13:00:00Z,2,1,False,0,0,0,0,0,0,0,0,0,0,0,0,0.0,0.0,0.0,0.0,0,0,0,0,0,0.00,0.00,0.00,0.00,50,0,1089,0,0
rico_lewis,Man City,DF,4.5,1,Bournemouth,True,56,1,395,8,2026-08-23T13:00:00Z,2,1,False,0,0,0,1,0,0,0,0,0,0,0,-1,3.8,3.8,39.0,4.7,2,0,0,2,1,0.17,0.02,0.19,0.55,45,0,18491,0,0
vitor_de oliveira nunes dos reis,Man City,DF,4.5,1,Bournemouth,True,0,0,396,8,2026-08-23T13:00:00Z,2,1,False,0,0,0,0,0,0,0,0,0,0,0,0,0.0,0.0,0.0,0.0,0,0,0,0,0,0.00,0.00,0.00,0.00,45,0,1856,0,0
antoine_semenyo,Man City,MD,8.5,1,Bournemouth,True,90,2,397,8,2026-08-23T13:00:00Z,2,1,False,0,0,0,1,0,0,0,0,0,0,0,16,5.8,8.9,31.0,4.6,0,4,1,5,1,0.06,0.02,0.08,0.65,85,0,2354040,0,0
phil_foden,Man City,MD,7.0,1,Bournemouth,True,81,1,398,8,2026-08-23T13:00:00Z,2,1,False,0,0,0,1,0,0,0,1,0,0,0,15,10.4,49.6,15.0,7.5,0,3,3,6,1,0.12,0.40,0.52,0.65,70,0,387178,0,0
rayan_cherki,Man City,MD,7.5,1,Bournemouth,True,27,8,399,8,2026-08-23T13:00:00Z,2,1,False,0,2,0,0,0,0,0,0,0,0,1,28,39.2,48.8,4.0,9.2,0,0,0,0,0,0.00,0.50,0.50,0.10,75,0,679336,0,0
jérémy_doku,Man City,MD,7.5,1,Bournemouth,True,0,0,400,8,2026-08-23T13:00:00Z,2,1,False,0,0,0,0,0,0,0,0,0,0,0,0,0.0,0.0,0.0,0.0,0,0,0,0,0,0.00,0.00,0.00,0.00,75,0,191182,0,0
rodrigo 'rodri'_hernandez cascante,Man City,MD,6.5,1,Bournemouth,True,0,0,402,8,2026-08-23T13:00:00Z,2,1,False,0,0,0,0,0,0,0,0,0,0,0,0,0.0,0.0,0.0,0.0,0,0,0,0,0,0.00,0.00,0.00,0.00,65,0,2341,0,0
tijjani_reijnders,Man City,MD,6.0,1,Bournemouth,True,0,0,404,8,2026-08-23T13:00:00Z,2,1,False,0,0,0,0,0,0,0,0,0,0,0,0,0.0,0.0,0.0,0.0,0,0,0,0,0,0.00,0.00,0.00,0.00,60,0,11692,0,0
mateo_kovačić,Man City,MD,5.5,1,Bournemouth,True,27,1,406,8,2026-08-23T13:00:00Z,2,1,False,0,0,0,0,0,0,0,0,0,0,0,3,2.2,2.1,0.0,0.4,0,2,0,2,0,0.00,0.01,0.01,0.10,55,0,6303,0,0
claudio_echeverri,Man City,MD,5.0,1,Bournemouth,True,0,0,407,8,2026-08-23T13:00:00Z,2,1,False,0,0,0,0,0,0,0,0,0,0,0,0,0.0,0.0,0.0,0.0,0,0,0,0,0,0.00,0.00,0.00,0.00,50,0,1572,0,0
kalvin_phillips,Man City,MD,5.0,1,Bournemouth,True,0,0,408,8,2026-08-23T13:00:00Z,2,1,False,0,0,0,0,0,0,0,0,0,0,0,0,0.0,0.0,0.0,0.0,0,0,0,0,0,0.00,0.00,0.00,0.00,50,0,1073,0,0
divine_mukasa,Man City,MD,4.5,1,Bournemouth,True,0,0,409,8,2026-08-23T13:00:00Z,2,1,False,0,0,0,0,0,0,0,0,0,0,0,0,0.0,0.0,0.0,0.0,0,0,0,0,0,0.00,0.00,0.00,0.00,45,0,16621,0,0
jeremy_monga,Man City,MD,5.0,1,Bournemouth,True,0,0,410,8,2026-08-23T13:00:00Z,2,1,False,0,0,0,0,0,0,0,0,0,0,0,0,0.0,0.0,0.0,0.0,0,0,0,0,0,0.00,0.00,0.00,0.00,50,0,1505,0,0
erling_haaland,Man City,FW,15.5,1,Bournemouth,True,90,2,411,8,2026-08-23T13:00:00Z,2,1,False,0,0,0,1,0,0,0,0,0,0,0,6,3.8,5.2,50.0,5.9,0,3,0,3,1,0.74,0.02,0.76,0.65,155,0,6209794,0,0
elliot_anderson,Man City,MD,6.5,1,Bournemouth,True,62,2,481,8,2026-08-23T13:00:00Z,2,1,False,0,0,0,1,0,0,0,0,0,0,0,14,7.2,20.8,0.0,2.8,1,3,2,6,1,0.00,0.25,0.25,0.55,65,0,707651,0,0
gerónimo_rulli,Man City,GK,5.0,1,Bournemouth,True,0,0,587,8,2026-08-23T13:00:00Z,2,1,False,0,0,0,0,0,0,0,0,0,0,0,0,0.0,0.0,0.0,0.0,0,0,0,0,0,0.00,0.00,0.00,0.00,50,0,1589,0,0
youri_tielemans,Man Utd,MD,6.0,1,Hull City,False,66,2,43,4,2026-08-22T11:30:00Z,2,0,False,0,0,0,2,0,0,0,0,0,0,0,13,5.0,11.3,4.0,2.0,0,5,0,5,1,0.04,0.11,0.15,0.94,60,0,224637,0,0
carlos_baleba,Man Utd,MD,5.0,1,Aston Villa,True,0,0,131,7,2026-08-23T13:00:00Z,4,0,False,0,0,0,0,0,0,0,0,0,0,0,0,0.0,0.0,0.0,0.0,0,0,0,0,0,0.00,0.00,0.00,0.00,50,0,17798,0,0
andrey_nascimento dos santos,Man Utd,MD,5.0,1,Hull City,False,66,2,162,4,2026-08-22T11:30:00Z,2,0,False,0,0,0,2,0,0,0,0,0,0,0,17,11.4,4.2,2.0,1.8,3,5,1,9,1,0.00,0.23,0.23,0.94,50,0,93940,0,0
karl_darlow,Man Utd,GK,4.5,1,Hull City,False,0,0,325,4,2026-08-22T11:30:00Z,2,0,False,0,0,0,0,0,0,0,0,0,0,0,0,0.0,0.0,0.0,0.0,0,0,0,0,0,0.00,0.00,0.00,0.00,45,0,3043,0,0
senne_lammens,Man Utd,GK,5.0,1,Hull City,False,90,1,412,4,2026-08-22T11:30:00Z,2,0,False,0,0,0,2,0,0,0,0,0,2,0,7,20.2,0.0,0.0,2.0,2,8,0,0,1,0.00,0.00,0.00,1.01,50,0,1497029,0,0
altay_bayındır,Man Utd,GK,4.5,1,Hull City,False,0,0,413,4,2026-08-22T11:30:00Z,2,0,False,0,0,0,0,0,0,0,0,0,0,0,0,0.0,0.0,0.0,0.0,0,0,0,0,0,0.00,0.00,0.00,0.00,45,0,2353,0,0
tom_heaton,Man Utd,GK,4.0,1,Hull City,False,0,0,414,4,2026-08-22T11:30:00Z,2,0,False,0,0,0,0,0,0,0,0,0,0,0,0,0.0,0.0,0.0,0.0,0,0,0,0,0,0.00,0.00,0.00,0.00,40,0,9078,0,0
patrick_dorgu,Man Utd,MD,6.0,1,Hull City,False,45,0,415,4,2026-08-22T11:30:00Z,2,0,False,0,0,0,2,0,0,0,1,0,0,0,-11,0.0,1.2,16.0,0.7,1,0,0,1,1,0.47,0.03,0.50,0.92,60,0,121744,0,0
matthijs_de ligt,Man Utd,DF,5.0,1,Hull City,False,0,0,416,4,2026-08-22T11:30:00Z,2,0,False,0,0,0,0,0,0,0,0,0,0,0,0,0.0,0.0,0.0,0.0,0,0,0,0,0,0.00,0.00,0.00,0.00,50,0,2274,0,0
diogo_dalot teixeira,Man Utd,DF,5.0,1,Hull City,False,10,1,417,4,2026-08-22T11:30:00Z,2,0,False,0,0,0,0,0,0,0,0,0,0,0,6,7.6,11.3,0.0,1.9,1,1,2,3,0,0.00,0.00,0.00,0.00,50,0,246316,0,0
harry_maguire,Man Utd,DF,5.0,1,Hull City,False,90,1,418,4,2026-08-22T11:30:00Z,2,0,False,0,0,0,2,0,0,0,0,0,0,0,15,25.4,28.6,19.0,7.3,4,5,0,4,1,0.04,0.40,0.44,1.01,50,0,1650905,0,0
lisandro_martínez,Man Utd,DF,5.0,1,Hull City,False,0,0,419,4,2026-08-22T11:30:00Z,2,0,False,0,0,0,0,0,0,0,0,0,0,0,0,0.0,0.0,0.0,0.0,0,0,0,0,0,0.00,0.00,0.00,0.00,50,0,115360,0,0
leny_yoro,Man Utd,DF,5.0,1,Hull City,False,0,0,420,4,2026-08-22T11:30:00Z,2,0,False,0,0,0,0,0,0,0,0,0,0,0,0,0.0,0.0,0.0,0.0,0,0,0,0,0,0.00,0.00,0.00,0.00,50,0,62047,0,0
ayden_heaven,Man Utd,DF,4.5,1,Hull City,False,90,1,421,4,2026-08-22T11:30:00Z,2,0,False,0,0,0,2,0,0,0,0,0,0,0,5,6.8,2.6,11.0,2.0,1,4,1,2,1,0.12,0.04,0.16,1.01,45,0,33647,0,0
noussair_mazraoui,Man Utd,DF,4.5,1,Hull City,False,79,1,422,4,2026-08-22T11:30:00Z,2,0,False,0,0,0,2,0,0,0,0,0,0,0,8,17.4,29.4,9.0,5.6,4,3,1,5,1,0.22,0.05,0.27,1.01,45,0,56217,0,0
luke_shaw,Man Utd,DF,4.5,1,Hull City,False,90,1,423,4,2026-08-22T11:30:00Z,2,0,False,0,0,0,2,0,0,0,0,0,0,0,13,25.2,59.2,6.0,9.0,3,3,1,4,1,0.00,0.26,0.26,1.01,45,0,1947696,0,0
harry_amass,Man Utd,DF,4.0,1,Hull City,False,0,0,424,4,2026-08-22T11:30:00Z,2,0,False,0,0,0,0,0,0,0,0,0,0,0,0,0.0,0.0,0.0,0.0,0,0,0,0,0,0.00,0.00,0.00,0.00,40,0,18310,0,0
tyler_fredricson,Man Utd,DF,4.0,1,Hull City,False,0,0,425,4,2026-08-22T11:30:00Z,2,0,False,0,0,0,0,0,0,0,0,0,0,0,0,0.0,0.0,0.0,0.0,0,0,0,0,0,0.00,0.00,0.00,0.00,40,0,2582,0,0
bruno_borges fernandes,Man Utd,MD,12.0,1,Hull City,False,90,2,426,4,2026-08-22T11:30:00Z,2,0,False,0,0,0,2,0,0,0,0,0,0,0,18,20.2,55.4,17.0,9.3,1,5,0,6,1,0.08,0.26,0.34,1.01,120,0,4653303,0,0
bryan_mbeumo,Man Utd,MD,8.0,1,Hull City,False,90,2,427,4,2026-08-22T11:30:00Z,2,0,False,0,0,0,2,0,0,0,0,0,0,0,12,9.6,28.1,49.0,8.7,0,4,0,4,1,0.50,0.23,0.73,1.01,80,0,3492739,0,0
matheus_santos carneiro da cunha,Man Utd,MD,8.0,1,Hull City,False,79,2,428,4,2026-08-22T11:30:00Z,2,0,False,0,0,0,2,0,0,0,0,0,0,0,14,5.4,28.2,35.0,6.9,0,3,0,3,1,0.24,0.21,0.45,1.01,80,0,901042,0,0
marcus_rashford,Man Utd,MD,7.0,1,Hull City,False,45,1,429,4,2026-08-22T11:30:00Z,2,0,False,0,0,0,0,0,0,0,0,0,0,0,9,11.6,48.6,4.0,6.4,0,1,0,1,0,0.00,0.10,0.10,0.09,70,0,134653,0,0
mason_mount,Man Utd,MD,5.5,1,Hull City,False,0,0,430,4,2026-08-22T11:30:00Z,2,0,False,0,0,0,0,0,0,0,0,0,0,0,0,0.0,0.0,0.0,0.0,0,0,0,0,0,0.00,0.00,0.00,0.00,55,0,3202,0,0
amad_diallo,Man Utd,MD,6.0,1,Hull City,False,0,0,431,4,2026-08-22T11:30:00Z,2,0,False,0,0,0,0,0,0,0,0,0,0,0,0,0.0,0.0,0.0,0.0,0,0,0,0,0,0.00,0.00,0.00,0.00,60,0,145627,0,0
kobbie_mainoo,Man Utd,MD,5.5,1,Hull City,False,23,1,432,4,2026-08-22T11:30:00Z,2,0,False,0,0,0,0,0,0,0,0,0,0,0,7,2.8,2.5,2.0,0.7,0,1,0,1,0,0.07,0.01,0.08,0.07,55,0,89014,0,0
manuel_ugarte ribeiro,Man Utd,MD,5.0,1,Hull City,False,0,0,433,4,2026-08-22T11:30:00Z,2,0,False,0,0,0,0,0,0,0,0,0,0,0,0,0.0,0.0,0.0,0.0,0,0,0,0,0,0.00,0.00,0.00,0.00,50,0,333,0,0
jack_fletcher,Man Utd,MD,5.0,1,Hull City,False,0,0,434,4,2026-08-22T11:30:00Z,2,0,False,0,0,0,0,0,0,0,0,0,0,0,0,0.0,0.0,0.0,0.0,0,0,0,0,0,0.00,0.00,0.00,0.00,50,0,1008,0,0
shea_lacey,Man Utd,MD,5.0,1,Hull City,False,10,1,435,4,2026-08-22T11:30:00Z,2,0,False,0,0,0,0,0,0,0,0,0,0,0,3,0.2,0.6,0.0,0.1,0,1,0,1,0,0.00,0.00,0.00,0.00,50,0,4147,0,0
toby_collyer,Man Utd,MD,5.0,1,Hull City,False,0,0,436,4,2026-08-22T11:30:00Z,2,0,False,0,0,0,0,0,0,0,0,0,0,0,0,0.0,0.0,0.0,0.0,0,0,0,0,0,0.00,0.00,0.00,0.00,50,0,1568,0,0
bendito_mantato,Man Utd,MD,4.5,1,Hull City,False,0,0,437,4,2026-08-22T11:30:00Z,2,0,False,0,0,0,0,0,0,0,0,0,0,0,0,0.0,0.0,0.0,0.0,0,0,0,0,0,0.00,0.00,0.00,0.00,45,0,16079,0,0
tyler_fletcher,Man Utd,MD,4.5,1,Hull City,False,0,0,438,4,2026-08-22T11:30:00Z,2,0,False,0,0,0,0,0,0,0,0,0,0,0,0,0.0,0.0,0.0,0.0,0,0,0,0,0,0.00,0.00,0.00,0.00,45,0,31336,0,0
benjamin_sesko,Man Utd,FW,7.0,1,Hull City,False,23,1,439,4,2026-08-22T11:30:00Z,2,0,False,0,0,0,0,0,0,0,0,0,0,0,2,0.0,0.5,9.0,0.9,0,0,0,0,0,0.04,0.00,0.04,0.07,70,0,114788,0,0
joshua_zirkzee,Man Utd,FW,5.5,1,Hull City,False,0,0,440,4,2026-08-22T11:30:00Z,2,0,False,0,0,0,0,0,0,0,0,0,0,0,0,0.0,0.0,0.0,0.0,0,0,0,0,0,0.00,0.00,0.00,0.00,55,0,56060,0,0
chido_obi,Man Utd,FW,4.5,1,Hull City,False,0,0,441,4,2026-08-22T11:30:00Z,2,0,False,0,0,0,0,0,0,0,0,0,0,0,0,0.0,0.0,0.0,0.0,0,0,0,0,0,0.00,0.00,0.00,0.00,45,0,100521,0,0
nico_gonzález iglesias,Newcastle,MD,5.5,1,Bournemouth,True,0,0,405,8,2026-08-23T13:00:00Z,2,1,False,0,0,0,0,0,0,0,0,0,0,0,0,0.0,0.0,0.0,0.0,0,0,0,0,0,0.00,0.00,0.00,0.00,55,0,11878,0,0
nick_pope,Newcastle,GK,5.0,1,Liverpool,True,0,0,442,9,2026-08-23T15:30:00Z,2,2,False,0,0,0,0,0,0,0,0,0,0,0,0,0.0,0.0,0.0,0.0,0,0,0,0,0,0.00,0.00,0.00,0.00,50,0,113822,0,0
mark_gillespie,Newcastle,GK,4.5,1,Liverpool,True,0,0,443,9,2026-08-23T15:30:00Z,2,2,False,0,0,0,0,0,0,0,0,0,0,0,0,0.0,0.0,0.0,0.0,0,0,0,0,0,0.00,0.00,0.00,0.00,45,0,2989,0,0
ewen_jaouen,Newcastle,GK,4.5,1,Liverpool,True,0,0,444,9,2026-08-23T15:30:00Z,2,2,False,0,0,0,0,0,0,0,0,0,0,0,0,0.0,0.0,0.0,0.0,0,0,0,0,0,0.00,0.00,0.00,0.00,45,0,2666,0,0
malick_thiaw,Newcastle,DF,5.0,1,Liverpool,True,90,3,445,9,2026-08-23T15:30:00Z,2,2,False,0,0,0,2,0,0,0,0,0,0,0,0,37.8,0.2,0.0,3.8,15,2,0,15,1,0.00,0.00,0.00,2.98,50,0,146838,0,0
fabian_schär,Newcastle,DF,5.0,1,Liverpool,True,1,1,446,9,2026-08-23T15:30:00Z,2,2,False,0,0,0,1,0,0,0,0,0,0,0,-1,0.0,0.0,0.0,0.0,0,0,0,0,0,0.00,0.00,0.00,0.79,50,0,20496,0,0
sven_botman,Newcastle,DF,5.0,1,Liverpool,True,90,3,447,9,2026-08-23T15:30:00Z,2,2,False,0,0,0,2,0,0,0,0,0,0,0,4,32.4,0.3,0.0,3.3,10,2,0,10,1,0.00,0.01,0.01,2.98,50,0,34765,0,0
dan_burn,Newcastle,DF,5.0,1,Liverpool,True,0,0,448,9,2026-08-23T15:30:00Z,2,2,False,0,0,0,0,0,0,0,0,0,0,0,0,0.0,0.0,0.0,0.0,0,0,0,0,0,0.00,0.00,0.00,0.00,50,0,213973,0,0
lewis_hall,Newcastle,DF,5.0,1,Liverpool,True,90,3,449,9,2026-08-23T15:30:00Z,2,2,False,0,0,0,2,0,0,0,0,0,0,0,8,22.0,15.2,0.0,3.7,6,8,5,11,1,0.00,0.35,0.35,2.98,50,0,310247,0,0
tino_livramento,Newcastle,DF,5.0,1,Liverpool,True,0,0,450,9,2026-08-23T15:30:00Z,2,2,False,0,0,0,0,0,0,0,0,0,0,0,0,0.0,0.0,0.0,0.0,0,0,0,0,0,0.00,0.00,0.00,0.00,50,0,4326,0,0
alex_murphy,Newcastle,DF,4.0,1,Liverpool,True,0,0,451,9,2026-08-23T15:30:00Z,2,2,False,0,0,0,0,0,0,0,0,0,0,0,0,0.0,0.0,0.0,0.0,0,0,0,0,0,0.00,0.00,0.00,0.00,40,0,12873,0,0
harvey_barnes,Newcastle,MD,6.0,1,Liverpool,True,90,2,453,9,2026-08-23T15:30:00Z,2,2,False,0,0,0,2,0,0,0,0,0,0,0,12,5.2,2.4,9.0,1.7,3,4,1,8,1,0.07,0.02,0.09,2.98,60,0,95531,0,0
anthony_elanga,Newcastle,MD,6.0,1,Liverpool,True,75,9,454,9,2026-08-23T15:30:00Z,2,2,False,1,0,0,1,0,0,0,0,0,0,2,31,37.4,3.5,28.0,6.9,1,1,0,2,1,0.22,0.01,0.23,1.94,60,0,64591,0,0
jacob_ramsey,Newcastle,MD,5.0,1,Liverpool,True,34,0,456,9,2026-08-23T15:30:00Z,2,2,False,0,0,0,1,0,0,0,1,0,0,0,1,7.8,1.3,4.0,1.3,3,1,2,6,0,0.06,0.01,0.07,1.50,50,0,34032,0,0
jacob_murphy,Newcastle,MD,6.0,1,Liverpool,True,14,0,457,9,2026-08-23T15:30:00Z,2,2,False,0,0,0,1,0,0,0,1,0,0,0,-1,0.0,0.1,2.0,0.1,1,1,0,2,0,0.00,0.00,0.00,1.04,60,0,14816,0,0
joelinton cássio_apolinário de lira,Newcastle,MD,5.5,1,Liverpool,True,0,0,458,9,2026-08-23T15:30:00Z,2,2,False,0,0,0,0,0,0,0,0,0,0,0,0,0.0,0.0,0.0,0.0,0,0,0,0,0,0.00,0.00,0.00,0.00,55,0,3620,0,0
lewis_miley,Newcastle,MD,5.5,1,Liverpool,True,75,3,459,9,2026-08-23T15:30:00Z,2,2,False,0,0,0,1,0,0,0,1,0,0,0,13,15.6,21.4,3.0,4.0,6,6,1,13,1,0.05,0.01,0.06,1.94,55,0,4093,0,0
joe_willock,Newcastle,MD,5.0,1,Liverpool,True,34,6,460,9,2026-08-23T15:30:00Z,2,2,False,1,0,0,1,0,0,0,0,0,0,0,28,38.4,13.9,9.0,6.1,0,1,2,3,0,0.09,0.17,0.26,1.50,50,0,10181,0,0
bazoumana_touré,Newcastle,MD,6.0,1,Liverpool,True,0,0,461,9,2026-08-23T15:30:00Z,2,2,False,0,0,0,0,0,0,0,0,0,0,0,0,0.0,0.0,0.0,0.0,0,0,0,0,0,0.00,0.00,0.00,0.00,60,0,22780,0,0
sean_steur,Newcastle,MD,5.0,1,Liverpool,True,55,1,462,9,2026-08-23T15:30:00Z,2,2,False,0,0,0,1,0,0,0,0,0,0,0,3,0.4,1.2,0.0,0.2,0,2,0,2,1,0.00,0.00,0.00,1.48,50,0,9830,0,0
nick_woltemade,Newcastle,FW,6.0,1,Liverpool,True,0,0,463,9,2026-08-23T15:30:00Z,2,2,False,0,0,0,0,0,0,0,0,0,0,0,0,0.0,0.0,0.0,0.0,0,0,0,0,0,0.00,0.00,0.00,0.00,60,0,151424,0,0
yoane_wissa,Newcastle,FW,6.0,1,Liverpool,True,90,4,464,9,2026-08-23T15:30:00Z,2,2,False,0,1,0,1,0,0,0,1,0,0,0,7,20.0,16.3,28.0,6.4,1,3,4,8,1,1.00,0.02,1.02,2.19,60,0,142989,0,0
william_osula,Newcastle,FW,6.0,1,Liverpool,True,55,4,465,9,2026-08-23T15:30:00Z,2,2,False,0,1,0,1,0,0,0,0,0,0,0,18,28.2,13.7,8.0,5.0,2,2,1,5,1,0.06,0.14,0.20,1.48,60,0,83021,0,0
sean_neave,Newcastle,FW,4.5,1,Liverpool,True,0,0,466,9,2026-08-23T15:30:00Z,2,2,False,0,0,0,0,0,0,0,0,0,0,0,0,0.0,0.0,0.0,0.0,0,0,0,0,0,0.00,0.00,0.00,0.00,45,0,66588,0,0
aladji_bamba,Newcastle,MD,5.0,1,Liverpool,True,14,1,559,9,2026-08-23T15:30:00Z,2,2,False,0,0,0,1,0,0,0,0,0,0,0,5,4.0,0.0,0.0,0.4,1,0,1,2,0,0.00,0.00,0.00,1.04,50,0,12608,0,0
lukás_hornícek,Newcastle,GK,5.0,1,Liverpool,True,90,1,567,9,2026-08-23T15:30:00Z,2,2,False,0,0,0,2,0,0,0,1,0,5,0,12,41.2,0.0,0.0,4.1,3,5,0,0,1,0.00,0.00,0.00,2.98,50,0,55382,0,0
amar_dedic,Newcastle,DF,4.5,1,Liverpool,True,90,1,593,9,2026-08-23T15:30:00Z,2,2,False,0,0,0,2,0,0,0,0,0,0,0,-1,16.4,1.2,5.0,2.3,7,2,2,9,1,0.03,0.00,0.03,2.98,45,0,20712,0,0
leo_shahar,Newcastle,DF,4.0,1,Liverpool,True,0,0,609,9,2026-08-23T15:30:00Z,2,2,False,0,0,0,0,0,0,0,0,0,0,0,0,0.0,0.0,0.0,0.0,0,0,0,0,0,0.00,0.00,0.00,0.00,40,0,0,0,0
liam_delap,Nott'm Forest,FW,5.5,1,Fulham,False,0,0,167,10,2026-08-24T19:00:00Z,2,3,False,0,0,0,0,0,0,0,0,0,0,0,0,0.0,0.0,0.0,0.0,0,0,0,0,0,0.00,0.00,0.00,0.00,55,0,40156,0,0
daniel_muñoz mejía,Nott'm Forest,DF,5.5,1,Everton,False,54,0,201,3,2026-08-22T14:00:00Z,2,0,False,0,0,0,2,0,0,0,0,0,0,0,-4,1.2,1.8,21.0,2.4,3,1,1,4,1,0.23,0.01,0.24,0.84,55,0,873015,0,0
matz_sels,Nott'm Forest,GK,5.0,1,Leeds,True,90,2,467,6,2026-08-22T14:00:00Z,0,1,False,0,0,0,1,0,0,0,0,0,2,0,11,14.2,0.0,0.0,1.4,0,9,0,0,1,0.00,0.00,0.00,0.47,50,0,140711,0,0
john victor_maciel furtado,Nott'm Forest,GK,4.5,1,Leeds,True,0,0,468,6,2026-08-22T14:00:00Z,0,1,False,0,0,0,0,0,0,0,0,0,0,0,0,0.0,0.0,0.0,0.0,0,0,0,0,0,0.00,0.00,0.00,0.00,45,0,5970,0,0
neco_williams,Nott'm Forest,DF,5.0,1,Leeds,True,90,2,469,6,2026-08-22T14:00:00Z,0,1,False,0,0,0,1,0,0,0,0,0,0,0,13,15.2,5.8,6.0,2.7,3,10,3,6,1,0.00,0.02,0.02,0.47,50,0,924685,0,0
felipe_rodrigues da silva,Nott'm Forest,DF,5.0,1,Leeds,True,0,0,470,6,2026-08-22T14:00:00Z,0,1,False,0,0,0,0,0,0,0,0,0,0,0,0,0.0,0.0,0.0,0.0,0,0,0,0,0,0.00,0.00,0.00,0.00,50,0,4345,0,0
nikola_milenković,Nott'm Forest,DF,5.5,1,Leeds,True,90,2,471,6,2026-08-22T14:00:00Z,0,1,False,0,0,0,1,0,0,0,0,0,0,0,4,7.6,0.6,14.0,2.2,7,6,0,7,1,0.11,0.02,0.13,0.47,55,0,173511,0,0
murillo_costa dos santos,Nott'm Forest,DF,5.5,1,Leeds,True,90,4,472,6,2026-08-22T14:00:00Z,0,1,False,0,0,0,1,0,0,0,0,0,0,0,15,32.2,25.9,0.0,5.8,12,3,2,14,1,0.00,0.28,0.28,0.47,55,0,134909,0,0
ola_aina,Nott'm Forest,DF,4.5,1,Leeds,True,73,5,473,6,2026-08-22T14:00:00Z,0,1,False,0,0,1,0,0,0,0,1,0,0,0,24,16.0,35.6,11.0,6.3,2,4,0,2,1,0.04,0.17,0.21,0.34,45,0,328883,0,0
jair_paula da cunha filho,Nott'm Forest,DF,4.5,1,Leeds,True,90,1,474,6,2026-08-22T14:00:00Z,0,1,False,0,0,0,1,0,0,0,1,0,0,0,5,20.8,1.3,0.0,2.2,7,0,1,8,1,0.00,0.00,0.00,0.47,45,0,19663,0,0
nicolò_savona,Nott'm Forest,DF,4.5,1,Leeds,True,0,0,475,6,2026-08-22T14:00:00Z,0,1,False,0,0,0,0,0,0,0,0,0,0,0,0,0.0,0.0,0.0,0.0,0,0,0,0,0,0.00,0.00,0.00,0.00,45,0,209,0,0
omar_richards,Nott'm Forest,DF,4.0,1,Leeds,True,0,0,476,6,2026-08-22T14:00:00Z,0,1,False,0,0,0,0,0,0,0,0,0,0,0,0,0.0,0.0,0.0,0.0,0,0,0,0,0,0.00,0.00,0.00,0.00,40,0,23191,0,0
zach_abbott,Nott'm Forest,DF,4.0,1,Leeds,True,0,0,477,6,2026-08-22T14:00:00Z,0,1,False,0,0,0,0,0,0,0,0,0,0,0,0,0.0,0.0,0.0,0.0,0,0,0,0,0,0.00,0.00,0.00,0.00,40,0,23851,0,0
luca_netz,Nott'm Forest,DF,4.5,1,Leeds,True,16,1,478,6,2026-08-22T14:00:00Z,0,1,False,0,0,0,1,0,0,0,0,0,0,0,-2,0.0,0.9,0.0,0.1,0,1,0,0,0,0.00,0.00,0.00,0.13,45,0,2322,0,0
tyler_bindon,Nott'm Forest,DF,4.0,1,Leeds,True,0,0,479,6,2026-08-22T14:00:00Z,0,1,False,0,0,0,0,0,0,0,0,0,0,0,0,0.0,0.0,0.0,0.0,0,0,0,0,0,0.00,0.00,0.00,0.00,40,0,18342,0,0
morgan_gibbs-white,Nott'm Forest,MD,8.0,1,Leeds,True,90,2,480,6,2026-08-22T14:00:00Z,0,1,False,0,0,0,1,0,0,0,0,0,0,0,10,0.0,9.3,16.0,2.4,1,2,0,3,1,0.13,0.06,0.19,0.47,80,0,1039647,0,0
callum_hudson-odoi,Nott'm Forest,MD,6.0,1,Leeds,True,0,0,482,6,2026-08-22T14:00:00Z,0,1,False,0,0,0,0,0,0,0,0,0,0,0,0,0.0,0.0,0.0,0.0,0,0,0,0,0,0.00,0.00,0.00,0.00,60,0,23579,0,0
dan_ndoye,Nott'm Forest,MD,5.5,1,Leeds,True,61,3,483,6,2026-08-22T14:00:00Z,0,1,False,0,0,1,0,0,0,0,0,0,0,0,5,1.4,2.5,0.0,0.4,1,1,1,3,1,0.00,0.00,0.00,0.25,55,0,39539,0,0
omari_hutchinson,Nott'm Forest,MD,5.5,1,Leeds,True,0,0,484,6,2026-08-22T14:00:00Z,0,1,False,0,0,0,0,0,0,0,0,0,0,0,0,0.0,0.0,0.0,0.0,0,0,0,0,0,0.00,0.00,0.00,0.00,55,0,15797,0,0
dilane_bakwa,Nott'm Forest,MD,5.5,1,Leeds,True,0,0,485,6,2026-08-22T14:00:00Z,0,1,False,0,0,0,0,0,0,0,0,0,0,0,0,0.0,0.0,0.0,0.0,0,0,0,0,0,0.00,0.00,0.00,0.00,55,0,1373,0,0
james_mcatee,Nott'm Forest,MD,5.5,1,Leeds,True,73,3,486,6,2026-08-22T14:00:00Z,0,1,False,0,0,1,0,0,0,0,0,0,0,0,18,11.6,42.5,0.0,5.4,2,5,1,8,1,0.00,0.16,0.16,0.34,55,0,3147,0,0
nicolás_domínguez,Nott'm Forest,MD,5.0,1,Leeds,True,0,0,487,6,2026-08-22T14:00:00Z,0,1,False,0,0,0,0,0,0,0,0,0,0,0,0,0.0,0.0,0.0,0.0,0,0,0,0,0,0.00,0.00,0.00,0.00,50,0,7576,0,0
ibrahim_sangaré,Nott'm Forest,MD,5.0,1,Leeds,True,90,2,488,6,2026-08-22T14:00:00Z,0,1,False,0,0,0,1,0,0,0,0,0,0,0,10,17.8,13.0,3.0,3.4,3,3,0,6,1,0.03,0.01,0.04,0.47,50,0,100536,0,0
ryan_yates,Nott'm Forest,MD,4.5,1,Leeds,True,0,0,489,6,2026-08-22T14:00:00Z,0,1,False,0,0,0,0,0,0,0,0,0,0,0,0,0.0,0.0,0.0,0.0,0,0,0,0,0,0.00,0.00,0.00,0.00,45,0,177323,0,0
chris_wood,Nott'm Forest,FW,6.0,1,Leeds,True,28,1,490,6,2026-08-22T14:00:00Z,0,1,False,0,0,0,1,0,0,0,0,0,0,0,3,0.0,2.4,3.0,0.4,0,1,0,1,0,0.12,0.01,0.13,0.22,60,0,159951,0,0
igor jesus_maciel da cruz,Nott'm Forest,FW,6.0,1,Leeds,True,90,2,491,6,2026-08-22T14:00:00Z,0,1,False,0,0,0,1,0,0,0,0,0,0,0,8,5.2,6.8,31.0,4.3,2,1,0,3,1,0.22,0.02,0.24,0.47,60,0,389784,0,0
arnaud_kalimuendo,Nott'm Forest,FW,5.5,1,Leeds,True,1,1,493,6,2026-08-22T14:00:00Z,0,1,False,0,0,0,0,0,0,0,0,0,0,0,3,0.0,0.0,0.0,0.0,0,0,0,0,0,0.00,0.00,0.00,0.00,55,0,4138,0,0
xaver_schlager,Nott'm Forest,MD,5.0,1,Leeds,True,16,1,558,6,2026-08-22T14:00:00Z,0,1,False,0,0,0,1,0,0,0,0,0,0,0,3,0.6,1.0,2.0,0.4,0,1,0,1,0,0.00,0.00,0.00,0.13,50,0,10065,0,0
ousmane_diomande,Nott'm Forest,DF,5.5,1,Leeds,True,0,0,581,6,2026-08-22T14:00:00Z,0,1,False,0,0,0,0,0,0,0,0,0,0,0,0,0.0,0.0,0.0,0.0,0,0,0,0,0,0.00,0.00,0.00,0.00,55,0,67092,0,0
steven_benda,Nott'm Forest,GK,4.5,1,Leeds,True,0,0,590,6,2026-08-22T14:00:00Z,0,1,False,0,0,0,0,0,0,0,0,0,0,0,0,0.0,0.0,0.0,0.0,0,0,0,0,0,0.00,0.00,0.00,0.00,45,0,5245,0,0
jan paul_van hecke,Spurs,DF,5.0,1,Brentford,False,90,1,112,2,2026-08-22T16:30:00Z,3,0,False,0,0,0,3,0,0,0,0,0,0,0,3,28.2,2.8,2.0,3.3,7,3,2,9,1,0.00,0.03,0.03,3.87,50,0,955905,0,0
tosin_adarabioyo,Spurs,DF,4.5,1,Fulham,False,0,0,147,10,2026-08-24T19:00:00Z,2,3,False,0,0,0,0,0,0,0,0,0,0,0,0,0.0,0.0,0.0,0.0,0,0,0,0,0,0.00,0.00,0.00,0.00,45,0,18070,0,0
omar_marmoush,Spurs,FW,7.0,1,Bournemouth,True,0,0,401,8,2026-08-23T13:00:00Z,2,1,False,0,0,0,0,0,0,0,0,0,0,0,0,0.0,0.0,0.0,0.0,0,0,0,0,0,0.00,0.00,0.00,0.00,70,0,80421,0,0
sávio_moreira de oliveira,Spurs,MD,6.5,1,Bournemouth,True,0,0,403,8,2026-08-23T13:00:00Z,2,1,False,0,0,0,0,0,0,0,0,0,0,0,0,0.0,0.0,0.0,0.0,0,0,0,0,0,0.00,0.00,0.00,0.00,65,0,23783,0,0
sandro_tonali,Spurs,MD,5.5,1,Brentford,False,90,2,455,2,2026-08-22T16:30:00Z,3,0,False,0,0,0,3,0,0,0,0,0,0,0,14,6.2,6.4,8.0,2.1,0,3,1,4,1,0.04,0.06,0.10,3.87,55,0,376914,0,0
guglielmo_vicario,Spurs,GK,4.5,1,Brentford,False,0,0,494,2,2026-08-22T16:30:00Z,3,0,False,0,0,0,0,0,0,0,0,0,0,0,0,0.0,0.0,0.0,0.0,0,0,0,0,0,0.00,0.00,0.00,0.00,45,0,35657,0,0
brandon_austin,Spurs,GK,4.0,1,Brentford,False,0,0,495,2,2026-08-22T16:30:00Z,3,0,False,0,0,0,0,0,0,0,0,0,0,0,0,0.0,0.0,0.0,0.0,0,0,0,0,0,0.00,0.00,0.00,0.00,40,0,78400,0,0
antonín_kinský,Spurs,GK,4.5,1,Brentford,False,90,2,496,2,2026-08-22T16:30:00Z,3,0,False,0,0,0,3,0,0,0,0,0,5,0,15,43.6,0.0,0.0,4.4,4,12,0,0,1,0.00,0.00,0.00,3.87,45,0,2208330,0,0
martin_dubravka,Spurs,GK,4.0,1,Brentford,False,0,0,497,2,2026-08-22T16:30:00Z,3,0,False,0,0,0,0,0,0,0,0,0,0,0,0,0.0,0.0,0.0,0.0,0,0,0,0,0,0.00,0.00,0.00,0.00,40,0,1778139,0,0
marcos_senesi barón,Spurs,DF,6.0,1,Brentford,False,90,3,498,2,2026-08-22T16:30:00Z,3,0,False,0,0,0,3,0,0,0,0,0,0,0,10,36.6,2.2,0.0,3.9,11,2,5,16,1,0.00,0.02,0.02,3.87,60,0,724252,0,0
pedro_porro sauceda,Spurs,DF,5.5,1,Brentford,False,0,0,499,2,2026-08-22T16:30:00Z,3,0,False,0,0,0,0,0,0,0,0,0,0,0,0,0.0,0.0,0.0,0.0,0,0,0,0,0,0.00,0.00,0.00,0.00,55,0,1595087,0,0
cristian_romero,Spurs,DF,5.0,1,Brentford,False,0,0,500,2,2026-08-22T16:30:00Z,3,0,False,0,0,0,0,0,0,0,0,0,0,0,0,0.0,0.0,0.0,0.0,0,0,0,0,0,0.00,0.00,0.00,0.00,50,0,25814,0,0
andrew_robertson,Spurs,DF,4.5,1,Brentford,False,90,3,502,2,2026-08-22T16:30:00Z,3,0,False,0,0,0,3,0,0,0,0,0,0,0,13,31.8,19.2,2.0,5.3,9,3,2,11,1,0.00,0.06,0.06,3.87,45,0,350993,0,0
micky_van de ven,Spurs,DF,5.0,1,Brentford,False,0,0,503,2,2026-08-22T16:30:00Z,3,0,False,0,0,0,0,0,0,0,0,0,0,0,0,0.0,0.0,0.0,0.0,0,0,0,0,0,0.00,0.00,0.00,0.00,50,0,522301,0,0
djed_spence,Spurs,DF,4.5,1,Brentford,False,0,0,505,2,2026-08-22T16:30:00Z,3,0,False,0,0,0,0,0,0,0,0,0,0,0,0,0.0,0.0,0.0,0.0,0,0,0,0,0,0.00,0.00,0.00,0.00,45,0,93085,0,0
destiny_udogie,Spurs,DF,4.5,1,Brentford,False,4,1,506,2,2026-08-22T16:30:00Z,3,0,False,0,0,0,0,0,0,0,0,0,0,0,3,0.0,0.7,0.0,0.0,0,2,0,0,0,0.00,0.02,0.02,0.44,45,0,43741,0,0
ashley_phillips,Spurs,DF,4.5,1,Brentford,False,0,0,507,2,2026-08-22T16:30:00Z,3,0,False,0,0,0,0,0,0,0,0,0,0,0,0,0.0,0.0,0.0,0.0,0,0,0,0,0,0.00,0.00,0.00,0.00,45,0,2583,0,0
ben_davies,Spurs,DF,4.0,1,Brentford,False,0,0,508,2,2026-08-22T16:30:00Z,3,0,False,0,0,0,0,0,0,0,0,0,0,0,0,0.0,0.0,0.0,0.0,0,0,0,0,0,0.00,0.00,0.00,0.00,40,0,99420,0,0
jun'ai_byfield,Spurs,DF,4.0,1,Brentford,False,0,0,509,2,2026-08-22T16:30:00Z,3,0,False,0,0,0,0,0,0,0,0,0,0,0,0,0.0,0.0,0.0,0.0,0,0,0,0,0,0.00,0.00,0.00,0.00,40,0,4794,0,0
james_rowswell,Spurs,DF,4.0,1,Brentford,False,0,0,510,2,2026-08-22T16:30:00Z,3,0,False,0,0,0,0,0,0,0,0,0,0,0,0,0.0,0.0,0.0,0.0,0,0,0,0,0,0.00,0.00,0.00,0.00,40,0,7021,0,0
joão victor_de souza menezes,Spurs,DF,4.0,1,Brentford,False,0,0,511,2,2026-08-22T16:30:00Z,3,0,False,0,0,0,0,0,0,0,0,0,0,0,0,0.0,0.0,0.0,0.0,0,0,0,0,0,0.00,0.00,0.00,0.00,40,0,27254,0,0
mohammed_kudus,Spurs,MD,6.5,1,Brentford,False,0,0,512,2,2026-08-22T16:30:00Z,3,0,False,0,0,0,0,0,0,0,0,0,0,0,0,0.0,0.0,0.0,0.0,0,0,0,0,0,0.00,0.00,0.00,0.00,65,0,8272,0,0
xavi_simons,Spurs,MD,6.0,1,Brentford,False,0,0,513,2,2026-08-22T16:30:00Z,3,0,False,0,0,0,0,0,0,0,0,0,0,0,0,0.0,0.0,0.0,0.0,0,0,0,0,0,0.00,0.00,0.00,0.00,60,0,1345,0,0
mathys_tel,Spurs,MD,6.0,1,Brentford,False,90,2,514,2,2026-08-22T16:30:00Z,3,0,False,0,0,0,3,0,0,0,0,0,0,0,17,10.4,26.0,9.0,4.5,1,7,0,8,1,0.06,0.06,0.12,3.87,60,0,50995,0,0
james_maddison,Spurs,MD,6.5,1,Brentford,False,22,1,515,2,2026-08-22T16:30:00Z,3,0,False,0,0,0,0,0,0,0,0,0,0,0,6,4.4,8.3,8.0,2.1,1,1,0,2,0,0.00,0.01,0.01,0.85,65,0,119410,0,0
rodrigo_bentancur,Spurs,MD,5.5,1,Brentford,False,45,1,516,2,2026-08-22T16:30:00Z,3,0,False,0,0,0,1,0,0,0,0,0,0,0,8,2.0,14.7,0.0,1.7,0,2,3,5,0,0.00,0.01,0.01,2.18,55,0,17403,0,0
wilson_odobert,Spurs,MD,5.5,1,Brentford,False,0,0,517,2,2026-08-22T16:30:00Z,3,0,False,0,0,0,0,0,0,0,0,0,0,0,0,0.0,0.0,0.0,0.0,0,0,0,0,0,0.00,0.00,0.00,0.00,55,0,100,0,0
pape matar_sarr,Spurs,MD,5.0,1,Brentford,False,0,0,518,2,2026-08-22T16:30:00Z,3,0,False,0,0,0,0,0,0,0,0,0,0,0,0,0.0,0.0,0.0,0.0,0,0,0,0,0,0.00,0.00,0.00,0.00,50,0,25576,0,0
conor_gallagher,Spurs,MD,5.5,1,Brentford,False,45,0,519,2,2026-08-22T16:30:00Z,3,0,False,0,0,0,2,0,0,0,1,0,0,0,1,0.0,5.5,1.0,0.5,0,2,1,3,1,0.02,0.06,0.08,1.70,55,0,26860,0,0
lucas_bergvall,Spurs,MD,5.5,1,Brentford,False,45,1,520,2,2026-08-22T16:30:00Z,3,0,False,0,0,0,2,0,0,0,0,0,0,0,2,0.0,2.0,2.0,0.0,0,7,1,8,1,0.00,0.01,0.01,1.70,55,0,18443,0,0
dejan_kulusevski,Spurs,MD,6.5,1,Brentford,False,0,0,521,2,2026-08-22T16:30:00Z,3,0,False,0,0,0,0,0,0,0,0,0,0,0,0,0.0,0.0,0.0,0.0,0,0,0,0,0,0.00,0.00,0.00,0.00,65,0,949,0,0
archie_gray,Spurs,MD,5.0,1,Brentford,False,85,2,522,2,2026-08-22T16:30:00Z,3,0,False,0,0,0,3,0,0,0,0,0,0,0,15,6.2,3.3,0.0,1.0,2,2,1,5,1,0.00,0.01,0.01,3.43,50,0,19767,0,0
mikey_moore,Spurs,MD,5.0,1,Brentford,False,67,2,523,2,2026-08-22T16:30:00Z,3,0,False,0,0,0,3,0,0,0,0,0,0,0,10,14.2,5.9,55.0,7.5,0,1,1,2,1,0.38,0.02,0.40,3.02,50,0,17505,0,0
callum_olusesi,Spurs,MD,4.5,1,Brentford,False,0,0,524,2,2026-08-22T16:30:00Z,3,0,False,0,0,0,0,0,0,0,0,0,0,0,0,0.0,0.0,0.0,0.0,0,0,0,0,0,0.00,0.00,0.00,0.00,45,0,79913,0,0
mateus_fernandes,Spurs,MD,6.0,1,Brentford,False,45,1,525,2,2026-08-22T16:30:00Z,3,0,False,0,0,0,1,0,0,0,0,0,0,0,16,7.2,27.2,2.0,3.6,0,1,1,2,0,0.00,0.06,0.06,2.18,60,0,178624,0,0
dominic_solanke-mitchell,Spurs,FW,6.0,1,Brentford,False,22,1,526,2,2026-08-22T16:30:00Z,3,0,False,0,0,0,0,0,0,0,0,0,0,0,3,0.0,0.0,5.0,0.5,0,0,0,0,0,0.07,0.00,0.07,0.85,60,0,126667,0,0
richarlison_de andrade,Spurs,FW,6.0,1,Brentford,False,67,2,527,2,2026-08-22T16:30:00Z,3,0,False,0,0,0,3,0,0,0,0,0,0,0,6,0.0,2.2,0.0,0.2,1,0,0,1,1,0.00,0.00,0.00,3.02,60,0,283639,0,0
dane_scarlett,Spurs,FW,4.5,1,Brentford,False,0,0,528,2,2026-08-22T16:30:00Z,3,0,False,0,0,0,0,0,0,0,0,0,0,0,0,0.0,0.0,0.0,0.0,0,0,0,0,0,0.00,0.00,0.00,0.00,45,0,149807,0,0
mykhailo_mudryk,Spurs,MD,5.5,1,Fulham,False,0,0,578,10,2026-08-24T19:00:00Z,2,3,False,0,0,0,0,0,0,0,0,0,0,0,0,0.0,0.0,0.0,0.0,0,0,0,0,0,0.00,0.00,0.00,0.00,55,0,3847,0,0
luca_williams-barnett,Spurs,MD,4.5,1,Brentford,False,0,0,601,2,2026-08-22T16:30:00Z,3,0,False,0,0,0,0,0,0,0,0,0,0,0,0,0.0,0.0,0.0,0.0,0,0,0,0,0,0.00,0.00,0.00,0.00,45,0,0,0,0
kevin_danso,Sunderland,DF,5.0,1,Brentford,False,0,0,501,2,2026-08-22T16:30:00Z,3,0,False,0,0,0,0,0,0,0,0,0,0,0,0,0.0,0.0,0.0,0.0,0,0,0,0,0,0.00,0.00,0.00,0.00,50,0,15516,0,0
robin_roefs,Sunderland,GK,5.0,1,Ipswich Town,False,90,1,529,5,2026-08-22T14:00:00Z,2,1,False,0,0,0,2,0,0,0,0,0,1,0,7,15.2,0.0,0.0,1.5,1,8,0,0,1,0.00,0.00,0.00,1.80,50,0,397315,0,0
anthony_patterson,Sunderland,GK,4.0,1,Ipswich Town,False,0,0,530,5,2026-08-22T14:00:00Z,2,1,False,0,0,0,0,0,0,0,0,0,0,0,0,0.0,0.0,0.0,0.0,0,0,0,0,0,0.00,0.00,0.00,0.00,40,0,18557,0,0
melker_ellborg,Sunderland,GK,4.5,1,Ipswich Town,False,0,0,531,5,2026-08-22T14:00:00Z,2,1,False,0,0,0,0,0,0,0,0,0,0,0,0,0.0,0.0,0.0,0.0,0,0,0,0,0,0.00,0.00,0.00,0.00,45,0,8630,0,0
daniel_ballard,Sunderland,DF,5.0,1,Ipswich Town,False,90,0,532,5,2026-08-22T14:00:00Z,2,1,False,0,0,0,2,0,0,0,1,0,0,0,4,18.2,1.2,0.0,1.9,7,0,2,9,1,0.00,0.01,0.01,1.80,50,0,518741,0,0
nordi_mukiele,Sunderland,DF,5.5,1,Ipswich Town,False,0,0,533,5,2026-08-22T14:00:00Z,2,1,False,0,0,0,0,0,0,0,0,0,0,0,0,0.0,0.0,0.0,0.0,0,0,0,0,0,0.00,0.00,0.00,0.00,55,0,257772,0,0
trai_hume,Sunderland,DF,4.5,1,Ipswich Town,False,79,2,534,5,2026-08-22T14:00:00Z,2,1,False,0,0,0,1,0,0,0,0,0,0,0,14,9.4,39.4,13.0,6.2,1,6,3,4,1,0.04,0.27,0.31,1.69,45,0,641436,0,0
omar_alderete,Sunderland,DF,5.0,1,Ipswich Town,False,23,1,535,5,2026-08-22T14:00:00Z,2,1,False,0,0,0,1,0,0,0,0,0,0,0,2,0.0,0.6,0.0,0.0,0,2,0,0,0,0.00,0.01,0.01,0.10,50,0,41929,0,0
reinildo_mandava,Sunderland,DF,4.5,1,Ipswich Town,False,90,1,536,5,2026-08-22T14:00:00Z,2,1,False,0,0,0,2,0,0,0,0,0,0,0,9,23.0,27.5,4.0,5.5,5,5,3,8,1,0.00,0.29,0.29,1.80,45,0,43515,0,0
jenson_seelt,Sunderland,DF,4.5,1,Ipswich Town,False,0,0,537,5,2026-08-22T14:00:00Z,2,1,False,0,0,0,0,0,0,0,0,0,0,0,0,0.0,0.0,0.0,0.0,0,0,0,0,0,0.00,0.00,0.00,0.00,45,0,941,0,0
leo fuhr_hjelde,Sunderland,DF,4.0,1,Ipswich Town,False,0,0,538,5,2026-08-22T14:00:00Z,2,1,False,0,0,0,0,0,0,0,0,0,0,0,0,0.0,0.0,0.0,0.0,0,0,0,0,0,0.00,0.00,0.00,0.00,40,0,6220,0,0
luke_o'nien,Sunderland,DF,4.0,1,Ipswich Town,False,66,1,539,5,2026-08-22T14:00:00Z,2,1,False,0,0,0,1,0,0,0,1,0,0,0,1,11.4,1.4,4.0,1.7,4,4,1,5,1,0.01,0.01,0.02,1.69,40,0,332959,0,0
arthur_masuaku,Sunderland,DF,4.0,1,Ipswich Town,False,0,0,540,5,2026-08-22T14:00:00Z,2,1,False,0,0,0,0,0,0,0,0,0,0,0,0,0.0,0.0,0.0,0.0,0,0,0,0,0,0.00,0.00,0.00,0.00,40,0,25578,0,0
thomas_meunier,Sunderland,DF,4.5,1,Ipswich Town,False,90,1,541,5,2026-08-22T14:00:00Z,2,1,False,0,0,0,2,0,0,0,0,0,0,0,5,13.8,5.3,11.0,3.0,2,3,2,4,1,0.08,0.08,0.16,1.80,45,0,26928,0,0
enzo_le fée,Sunderland,MD,6.0,1,Ipswich Town,False,79,2,542,5,2026-08-22T14:00:00Z,2,1,False,0,0,0,1,0,0,0,0,0,0,0,13,4.6,9.9,0.0,1.5,0,1,1,2,1,0.00,0.03,0.03,1.69,60,0,942702,0,0
habib_diarra,Sunderland,MD,5.5,1,Ipswich Town,False,10,1,543,5,2026-08-22T14:00:00Z,2,1,False,0,0,0,1,0,0,0,0,0,0,0,3,0.4,0.6,2.0,0.3,0,0,0,0,0,0.03,0.00,0.03,0.10,55,0,6286,0,0
granit_xhaka,Sunderland,MD,5.5,1,Ipswich Town,False,90,9,544,5,2026-08-22T14:00:00Z,2,1,False,0,1,0,2,0,0,0,0,0,0,2,31,18.8,31.4,0.0,5.0,2,8,3,13,1,0.00,0.09,0.09,1.80,55,0,392611,0,0
noah_sadiki,Sunderland,MD,5.0,1,Ipswich Town,False,90,2,545,5,2026-08-22T14:00:00Z,2,1,False,0,0,0,2,0,0,0,0,0,0,0,18,14.6,32.1,25.0,7.2,0,2,0,2,1,0.06,0.03,0.09,1.80,50,0,32634,0,0
simon_adingra,Sunderland,MD,5.0,1,Ipswich Town,False,0,0,546,5,2026-08-22T14:00:00Z,2,1,False,0,0,0,0,0,0,0,0,0,0,0,0,0.0,0.0,0.0,0.0,0,0,0,0,0,0.00,0.00,0.00,0.00,50,0,9551,0,0
romaine_mundle,Sunderland,MD,5.0,1,Ipswich Town,False,0,0,547,5,2026-08-22T14:00:00Z,2,1,False,0,0,0,0,0,0,0,0,0,0,0,0,0.0,0.0,0.0,0.0,0,0,0,0,0,0.00,0.00,0.00,0.00,50,0,801,0,0
chris_rigg,Sunderland,MD,5.0,1,Ipswich Town,False,10,1,548,5,2026-08-22T14:00:00Z,2,1,False,0,0,0,1,0,0,0,0,0,0,0,3,0.0,0.3,0.0,0.0,0,1,0,1,0,0.00,0.00,0.00,0.10,50,0,6214,0,0
chemsdine_talbi,Sunderland,MD,5.5,1,Ipswich Town,False,31,1,549,5,2026-08-22T14:00:00Z,2,1,False,0,0,0,1,0,0,0,0,0,0,0,1,0.0,0.9,0.0,0.0,0,2,0,2,0,0.00,0.00,0.00,0.14,55,0,20822,0,0
djiamgone jocelin ta_bi,Sunderland,MD,5.0,1,Ipswich Town,False,0,0,550,5,2026-08-22T14:00:00Z,2,1,False,0,0,0,0,0,0,0,0,0,0,0,0,0.0,0.0,0.0,0.0,0,0,0,0,0,0.00,0.00,0.00,0.00,50,0,501,0,0
nilson_angulo,Sunderland,MD,5.0,1,Ipswich Town,False,58,5,551,5,2026-08-22T14:00:00Z,2,1,False,1,0,0,1,0,0,0,1,0,0,0,23,32.8,3.3,16.0,5.2,1,5,1,7,1,0.15,0.01,0.16,1.66,50,0,5260,0,0
brian_brobbey,Sunderland,FW,6.0,1,Ipswich Town,False,66,2,552,5,2026-08-22T14:00:00Z,2,1,False,0,0,0,1,0,0,0,0,0,0,0,1,0.0,1.5,9.0,1.1,0,0,0,0,1,0.30,0.00,0.30,1.69,60,0,1279847,0,0
wilson_isidor,Sunderland,FW,5.5,1,Ipswich Town,False,23,1,553,5,2026-08-22T14:00:00Z,2,1,False,0,0,0,1,0,0,0,0,0,0,0,3,0.0,0.2,0.0,0.0,0,0,0,0,0,0.00,0.00,0.00,0.10,55,0,90196,0,0
