full_name,team,Position,Price,round,opponent_team,was_home,minutes,total_points,element,fixture,kickoff_time,team_h_score,team_a_score,modified,goals_scored,assists,clean_sheets,goals_conceded,own_goals,penalties_saved,penalties_missed,yellow_cards,red_cards,saves,bonus,bps,influence,creativity,threat,ict_index,clearances_blocks_interceptions,recoveries,tackles,defensive_contribution,starts,expected_goals,expected_assists,expected_goal_involvements,expected_goals_conceded,value,transfers_balance,selected,transfers_in,transfers_out
david_raya martín,Arsenal,GK,6.0,2,Aston Villa,False,90,6,1,20,2026-08-31T19:00:00Z,0,1,False,0,0,1,0,0,0,0,0,0,0,0,21,5.6,0.0,0.0,0.6,1,11,0,0,1,0.00,0.00,0.00,0.33,60,24756,3801300,106734,81978
kepa_arrizabalaga revuelta,Arsenal,GK,5.0,2,Aston Villa,False,0,0,2,20,2026-08-31T19:00:00Z,0,1,False,0,0,0,0,0,0,0,0,0,0,0,0,0.0,0.0,0.0,0.0,0,0,0,0,0,0.00,0.00,0.00,0.00,50,-1067,7844,322,1389
illan_meslier,Arsenal,GK,5.0,2,Aston Villa,False,0,0,3,20,2026-08-31T19:00:00Z,0,1,False,0,0,0,0,0,0,0,0,0,0,0,0,0.0,0.0,0.0,0.0,0,0,0,0,0,0.00,0.00,0.00,0.00,50,-391,3125,101,492
gabriel_dos santos magalhães,Arsenal,DF,8.0,2,Aston Villa,False,90,8,4,20,2026-08-31T19:00:00Z,0,1,False,0,0,1,0,0,0,0,0,0,0,0,23,18.2,3.2,6.0,2.7,8,5,2,10,1,0.13,0.02,0.15,0.33,80,-65343,2878770,58765,124108
jurriën_timber,Arsenal,DF,6.5,2,Aston Villa,False,0,0,5,20,2026-08-31T19:00:00Z,0,1,False,0,0,0,0,0,0,0,0,0,0,0,0,0.0,0.0,0.0,0.0,0,0,0,0,0,0.00,0.00,0.00,0.00,65,-2703,9810,401,3104
william_saliba,Arsenal,DF,6.0,2,Aston Villa,False,0,0,6,20,2026-08-31T19:00:00Z,0,1,False,0,0,0,0,0,0,0,0,0,0,0,0,0.0,0.0,0.0,0.0,0,0,0,0,0,0.00,0.00,0.00,0.00,60,-5970,25581,846,6816
myles_lewis-skelly,Arsenal,MD,5.5,2,Aston Villa,False,70,3,7,20,2026-08-31T19:00:00Z,0,1,False,0,0,1,0,0,0,0,0,0,0,0,15,10.6,3.2,5.0,1.9,4,1,0,5,1,0.07,0.02,0.09,0.33,55,642,70615,9693,9051
riccardo_calafiori,Arsenal,DF,5.6,2,Aston Villa,False,90,11,8,20,2026-08-31T19:00:00Z,0,1,False,0,1,1,0,0,0,0,0,0,0,2,30,21.2,11.9,9.0,4.2,2,4,1,3,1,0.11,0.46,0.57,0.33,56,268472,4150694,310105,41633
piero_hincapié,Arsenal,DF,5.4,2,Aston Villa,False,0,0,9,20,2026-08-31T19:00:00Z,0,1,False,0,0,0,0,0,0,0,0,0,0,0,0,0.0,0.0,0.0,0.0,0,0,0,0,0,0.00,0.00,0.00,0.00,54,-37136,145234,3910,41046
benjamin_white,Arsenal,DF,5.5,2,Aston Villa,False,90,7,10,20,2026-08-31T19:00:00Z,0,1,False,0,0,1,0,0,0,0,0,0,0,1,26,16.4,20.3,0.0,3.7,3,2,1,4,1,0.00,0.05,0.05,0.33,55,119886,683136,144941,25055
cristhian_mosquera,Arsenal,DF,5.5,2,Aston Villa,False,78,6,11,20,2026-08-31T19:00:00Z,0,1,False,0,0,1,0,0,0,0,0,0,0,0,25,10.2,1.4,0.0,1.2,4,0,0,4,1,0.00,0.01,0.01,0.33,55,-30539,566006,15410,45949
bukayo_saka,Arsenal,MD,9.5,2,Aston Villa,False,90,11,12,20,2026-08-31T19:00:00Z,0,1,False,1,0,1,0,0,0,0,0,0,0,3,46,41.0,8.0,44.0,9.3,3,6,2,11,1,0.63,0.04,0.67,0.33,95,53683,1039189,88913,35230
declan_rice,Arsenal,MD,7.5,2,Aston Villa,False,84,5,13,20,2026-08-31T19:00:00Z,0,1,False,0,0,1,0,0,0,0,0,0,0,0,19,24.0,27.6,0.0,5.2,2,7,3,12,1,0.00,0.10,0.10,0.33,75,-122235,1662633,35487,157722
eberechi_eze,Arsenal,MD,6.5,2,Aston Villa,False,45,1,14,20,2026-08-31T19:00:00Z,0,1,False,0,0,0,0,0,0,0,0,0,0,0,6,1.6,2.0,2.0,0.6,0,3,0,3,0,0.00,0.07,0.07,0.24,65,-38776,169814,5716,44492
martin_ødegaard,Arsenal,MD,6.6,2,Aston Villa,False,70,3,15,20,2026-08-31T19:00:00Z,0,1,False,0,0,1,0,0,0,0,0,0,0,0,13,6.8,6.8,5.0,1.9,2,1,2,5,1,0.08,0.07,0.15,0.33,66,252699,1174125,289559,36860
noni_madueke,Arsenal,MD,6.4,2,Aston Villa,False,0,0,16,20,2026-08-31T19:00:00Z,0,1,False,0,0,0,0,0,0,0,0,0,0,0,0,0.0,0.0,0.0,0.0,0,0,0,0,0,0.00,0.00,0.00,0.00,64,-6819,29476,1412,8231
mikel_merino zazón,Arsenal,MD,6.0,2,Aston Villa,False,19,1,17,20,2026-08-31T19:00:00Z,0,1,False,0,0,0,0,0,0,0,0,0,0,0,7,2.8,1.0,0.0,0.4,0,4,0,4,0,0.00,0.00,0.00,0.00,60,-12835,58253,2422,15257
gabriel_martinelli silva,Arsenal,MD,6.4,2,Aston Villa,False,0,0,18,20,2026-08-31T19:00:00Z,0,1,False,0,0,0,0,0,0,0,0,0,0,0,0,0.0,0.0,0.0,0.0,0,0,0,0,0,0.00,0.00,0.00,0.00,64,-5718,19331,1318,7036
martín_zubimendi ibáñez,Arsenal,MD,5.5,2,Aston Villa,False,5,1,19,20,2026-08-31T19:00:00Z,0,1,False,0,0,0,0,0,0,0,0,0,0,0,5,4.8,0.9,0.0,0.6,0,0,2,2,0,0.00,0.00,0.00,0.00,55,-19013,94430,1579,20592
max_dowman,Arsenal,MD,5.4,2,Aston Villa,False,0,0,20,20,2026-08-31T19:00:00Z,0,1,False,0,0,0,0,0,0,0,0,0,0,0,0,0.0,0.0,0.0,0.0,0,0,0,0,0,0.00,0.00,0.00,0.00,54,-1857,8233,473,2330
ethan_nwaneri,Arsenal,MD,5.5,2,Aston Villa,False,0,0,22,20,2026-08-31T19:00:00Z,0,1,False,0,0,0,0,0,0,0,0,0,0,0,0,0.0,0.0,0.0,0.0,0,0,0,0,0,0.00,0.00,0.00,0.00,55,-248,1254,76,324
fábio_ferreira vieira,Arsenal,MD,5.5,2,Aston Villa,False,0,0,23,20,2026-08-31T19:00:00Z,0,1,False,0,0,0,0,0,0,0,0,0,0,0,0,0.0,0.0,0.0,0.0,0,0,0,0,0,0.00,0.00,0.00,0.00,55,-135,979,80,215
reiss_nelson,Arsenal,MD,5.5,2,Aston Villa,False,0,0,24,20,2026-08-31T19:00:00Z,0,1,False,0,0,0,0,0,0,0,0,0,0,0,0,0.0,0.0,0.0,0.0,0,0,0,0,0,0.00,0.00,0.00,0.00,55,-108,966,64,172
viktor_gyökeres,Arsenal,FW,7.4,2,Aston Villa,False,0,0,25,20,2026-08-31T19:00:00Z,0,1,False,0,0,0,0,0,0,0,0,0,0,0,0,0.0,0.0,0.0,0.0,0,0,0,0,0,0.00,0.00,0.00,0.00,74,-229353,650596,8776,238129
kai_havertz,Arsenal,FW,7.5,2,Aston Villa,False,90,2,26,20,2026-08-31T19:00:00Z,0,1,False,0,0,1,0,0,0,0,0,0,0,0,5,2.4,3.4,23.0,2.9,0,5,0,5,1,0.02,0.03,0.05,0.33,75,148783,752082,187608,38825
gabriel_fernando de jesus,Arsenal,FW,6.0,2,Aston Villa,False,0,0,27,20,2026-08-31T19:00:00Z,0,1,False,0,0,0,0,0,0,0,0,0,0,0,0,0.0,0.0,0.0,0.0,0,0,0,0,0,0.00,0.00,0.00,0.00,60,-5264,32779,1914,7178
ezri_konsa ngoyo,Arsenal,DF,4.5,2,Aston Villa,False,11,1,31,20,2026-08-31T19:00:00Z,0,1,False,0,0,0,0,0,0,0,0,0,0,0,3,3.2,0.1,0.0,0.3,1,0,0,1,0,0.00,0.00,0.00,0.00,45,-179766,1061562,49821,229587
bruno_guimarães rodriguez moura,Arsenal,MD,6.9,2,Aston Villa,False,19,1,452,20,2026-08-31T19:00:00Z,0,1,False,0,0,0,0,0,0,0,0,0,0,0,4,1.4,0.8,2.0,0.4,0,3,0,3,0,0.00,0.01,0.01,0.00,69,-125705,265263,850,126555
christos_tzolis,Arsenal,MD,6.5,2,Aston Villa,False,45,0,557,20,2026-08-31T19:00:00Z,0,1,False,0,0,0,0,0,0,0,1,0,0,0,1,0.0,11.8,4.0,1.6,1,2,0,3,1,0.00,0.01,0.01,0.10,65,180987,2597617,236687,55700
marco_bizot,Aston Villa,GK,4.5,2,Arsenal,True,0,0,29,20,2026-08-31T19:00:00Z,0,1,False,0,0,0,0,0,0,0,0,0,0,0,0,0.0,0.0,0.0,0.0,0,0,0,0,0,0.00,0.00,0.00,0.00,45,-36,13320,845,881
lucas_digne,Aston Villa,DF,4.5,2,Arsenal,True,0,0,30,20,2026-08-31T19:00:00Z,0,1,False,0,0,0,0,0,0,0,0,0,0,0,0,0.0,0.0,0.0,0.0,0,0,0,0,0,0.00,0.00,0.00,0.00,45,-4977,8690,0,4977
matty_cash,Aston Villa,DF,4.5,2,Arsenal,True,77,2,32,20,2026-08-31T19:00:00Z,0,1,False,0,0,0,1,0,0,0,0,0,0,0,8,14.0,1.8,7.0,2.3,2,1,4,6,1,0.15,0.01,0.16,1.04,45,-79349,749133,26978,106327
tyrone_mings,Aston Villa,DF,4.5,2,Arsenal,True,0,0,33,20,2026-08-31T19:00:00Z,0,1,False,0,0,0,0,0,0,0,0,0,0,0,0,0.0,0.0,0.0,0.0,0,0,0,0,0,0.00,0.00,0.00,0.00,45,-254,38144,3253,3507
pau_torres,Aston Villa,DF,4.5,2,Arsenal,True,90,2,34,20,2026-08-31T19:00:00Z,0,1,False,0,0,0,1,0,0,0,0,0,0,0,6,11.0,0.8,0.0,1.2,3,8,1,4,1,0.00,0.01,0.01,1.04,45,-3229,41549,1831,5060
lamare_bogarde,Aston Villa,MD,5.0,2,Arsenal,True,0,0,35,20,2026-08-31T19:00:00Z,0,1,False,0,0,0,0,0,0,0,0,0,0,0,0,0.0,0.0,0.0,0.0,0,0,0,0,0,0.00,0.00,0.00,0.00,50,-349,6973,636,985
ian_maatsen,Aston Villa,DF,4.5,2,Arsenal,True,90,1,36,20,2026-08-31T19:00:00Z,0,1,False,0,0,0,1,0,0,0,1,0,0,0,-5,4.8,0.5,12.0,1.7,5,2,3,8,1,0.07,0.00,0.07,1.04,45,-6312,72655,2546,8858
victor_lindelöf,Aston Villa,DF,4.5,2,Arsenal,True,90,2,37,20,2026-08-31T19:00:00Z,0,1,False,0,0,0,1,0,0,0,0,0,0,0,10,15.0,1.2,0.0,1.6,6,1,1,7,1,0.00,0.08,0.08,1.04,45,-2236,27172,1775,4011
andrés_garcía,Aston Villa,DF,4.0,2,Arsenal,True,0,0,38,20,2026-08-31T19:00:00Z,0,1,False,0,0,0,0,0,0,0,0,0,0,0,0,0.0,0.0,0.0,0.0,0,0,0,0,0,0.00,0.00,0.00,0.00,40,-6584,167046,7339,13923
kosta_nedeljkovic,Aston Villa,DF,4.0,2,Arsenal,True,0,0,39,20,2026-08-31T19:00:00Z,0,1,False,0,0,0,0,0,0,0,0,0,0,0,0,0.0,0.0,0.0,0.0,0,0,0,0,0,0.00,0.00,0.00,0.00,40,-7238,21591,0,7238
emiliano_buendía stati,Aston Villa,MD,6.0,2,Arsenal,True,90,2,41,20,2026-08-31T19:00:00Z,0,1,False,0,0,0,1,0,0,0,0,0,0,0,9,5.0,13.2,9.0,2.7,0,4,1,5,1,0.04,0.02,0.06,1.04,60,-16866,114718,5020,21886
leon_bailey,Aston Villa,MD,5.5,2,Arsenal,True,0,0,44,20,2026-08-31T19:00:00Z,0,1,False,0,0,0,0,0,0,0,0,0,0,0,0,0.0,0.0,0.0,0.0,0,0,0,0,0,0.00,0.00,0.00,0.00,55,-1655,14192,1002,2657
john_mcginn,Aston Villa,MD,5.5,2,Arsenal,True,90,1,45,20,2026-08-31T19:00:00Z,0,1,False,0,0,0,1,0,0,0,1,0,0,0,2,0.0,12.0,10.0,1.7,1,2,1,4,1,0.05,0.05,0.10,1.04,55,-37047,274653,7606,44653
ross_barkley,Aston Villa,MD,5.0,2,Arsenal,True,77,2,46,20,2026-08-31T19:00:00Z,0,1,False,0,0,0,1,0,0,0,0,0,0,0,23,12.8,23.3,2.0,3.8,1,6,3,10,1,0.03,0.02,0.05,1.04,50,-841,23246,1875,2716
boubacar_kamara,Aston Villa,MD,5.0,2,Arsenal,True,90,2,47,20,2026-08-31T19:00:00Z,0,1,False,0,0,0,1,0,0,0,0,0,0,0,13,10.6,14.2,0.0,2.5,3,4,1,8,1,0.00,0.03,0.03,1.04,50,-2250,33591,2489,4739
amadou_onana,Aston Villa,MD,5.0,2,Arsenal,True,0,0,48,20,2026-08-31T19:00:00Z,0,1,False,0,0,0,0,0,0,0,0,0,0,0,0,0.0,0.0,0.0,0.0,0,0,0,0,0,0.00,0.00,0.00,0.00,50,-372,2156,157,529
samuel_iling-junior,Aston Villa,MD,5.0,2,Arsenal,True,0,0,49,20,2026-08-31T19:00:00Z,0,1,False,0,0,0,0,0,0,0,0,0,0,0,0,0.0,0.0,0.0,0.0,0,0,0,0,0,0.00,0.00,0.00,0.00,50,-120,271,0,120
bradley_burrowes,Aston Villa,MD,4.5,2,Arsenal,True,0,0,50,20,2026-08-31T19:00:00Z,0,1,False,0,0,0,0,0,0,0,0,0,0,0,0,0.0,0.0,0.0,0.0,0,0,0,0,0,0.00,0.00,0.00,0.00,45,-3255,64781,3513,6768
george_hemmings,Aston Villa,MD,4.5,2,Arsenal,True,70,2,51,20,2026-08-31T19:00:00Z,0,1,False,0,0,0,1,0,0,0,0,0,0,0,5,1.8,4.3,0.0,0.6,0,4,2,6,1,0.00,0.01,0.01,1.01,45,3259,72550,8743,5484
alysson edward franco_da rocha dos santos,Aston Villa,MD,5.0,2,Arsenal,True,19,0,52,20,2026-08-31T19:00:00Z,0,1,False,0,0,0,0,0,0,0,1,0,0,0,2,1.2,0.8,2.0,0.4,0,1,1,2,0,0.00,0.00,0.00,0.02,50,-253,4426,343,596
johan_manzambi,Aston Villa,MD,6.0,2,Arsenal,True,0,0,53,20,2026-08-31T19:00:00Z,0,1,False,0,0,0,0,0,0,0,0,0,0,0,0,0.0,0.0,0.0,0.0,0,0,0,0,0,0.00,0.00,0.00,0.00,60,-8558,18618,232,8790
joao_gomes,Aston Villa,MD,5.5,2,Arsenal,True,0,0,54,20,2026-08-31T19:00:00Z,0,1,False,0,0,0,0,0,0,0,0,0,0,0,0,0.0,0.0,0.0,0.0,0,0,0,0,0,0.00,0.00,0.00,0.00,55,-1729,5096,154,1883
ollie_watkins,Aston Villa,FW,7.9,2,Arsenal,True,0,0,55,20,2026-08-31T19:00:00Z,0,1,False,0,0,0,0,0,0,0,0,0,0,0,0,0.0,0.0,0.0,0.0,0,0,0,0,0,0.00,0.00,0.00,0.00,79,-265828,734872,10632,276460
tammy_abraham,Aston Villa,FW,5.5,2,Arsenal,True,19,1,56,20,2026-08-31T19:00:00Z,0,1,False,0,0,0,0,0,0,0,0,0,0,0,3,0.0,1.3,0.0,0.1,0,0,0,0,0,0.00,0.00,0.00,0.02,55,-2086,10592,597,2683
alejandro_garnacho ferreyra,Aston Villa,MD,6.0,2,Arsenal,True,12,1,160,20,2026-08-31T19:00:00Z,0,1,False,0,0,0,0,0,0,0,0,0,0,0,3,0.2,2.0,0.0,0.2,0,2,0,2,0,0.00,0.00,0.00,0.00,60,-8554,53506,2021,10575
nicolas_jackson,Aston Villa,FW,6.5,2,Arsenal,True,70,2,166,20,2026-08-31T19:00:00Z,0,1,False,0,0,0,1,0,0,0,0,0,0,0,11,4.2,5.9,2.0,1.2,0,3,0,3,1,0.00,0.10,0.10,1.01,65,-2878,63340,26989,5175
brian_madjo,Aston Villa,FW,5.5,2,Arsenal,True,0,0,582,20,2026-08-31T19:00:00Z,0,1,False,0,0,0,0,0,0,0,0,0,0,0,0,0.0,0.0,0.0,0.0,0,0,0,0,0,0.00,0.00,0.00,0.00,55,-7757,40291,1166,8923
matteo_ruggeri,Aston Villa,DF,4.5,2,Arsenal,True,0,0,596,20,2026-08-31T19:00:00Z,0,1,False,0,0,0,0,0,0,0,0,0,0,0,0,0.0,0.0,0.0,0.0,0,0,0,0,0,0.00,0.00,0.00,0.00,45,-243,10673,856,1099
zion_suzuki,Aston Villa,GK,5.0,2,Arsenal,True,90,2,597,20,2026-08-31T19:00:00Z,0,1,False,0,0,0,1,0,0,0,0,0,1,0,8,13.6,0.0,0.0,1.4,2,9,0,0,1,0.00,0.00,0.00,1.04,50,-2542,82325,4229,6771
triston_rowe,Aston Villa,DF,4.0,2,Arsenal,True,0,0,606,20,2026-08-31T19:00:00Z,0,1,False,0,0,0,0,0,0,0,0,0,0,0,0,0.0,0.0,0.0,0.0,0,0,0,0,0,0.00,0.00,0.00,0.00,40,1314,5947,1560,246
luka_lynch,Aston Villa,MD,4.5,2,Arsenal,True,0,0,607,20,2026-08-31T19:00:00Z,0,1,False,0,0,0,0,0,0,0,0,0,0,0,0,0.0,0.0,0.0,0.0,0,0,0,0,0,0.00,0.00,0.00,0.00,45,2771,8874,3603,832
aaron_wan-bissaka,Aston Villa,DF,4.5,2,Arsenal,True,12,1,611,20,2026-08-31T19:00:00Z,0,1,False,0,0,0,0,0,0,0,0,0,0,0,4,3.6,0.8,0.0,0.4,0,0,2,2,0,0.00,0.00,0.00,0.00,45,1383,4588,1549,166
leon_goretzka,Aston Villa,MD,6.0,2,Arsenal,True,0,0,618,20,2026-08-31T19:00:00Z,0,1,False,0,0,0,0,0,0,0,0,0,0,0,0,0.0,0.0,0.0,0.0,0,0,0,0,0,0.00,0.00,0.00,0.00,60,205,386,212,7
đorđe_petrović,Bournemouth,GK,4.5,2,Everton,True,90,3,57,12,2026-08-29T14:00:00Z,1,1,False,0,0,0,1,0,0,0,0,0,5,0,20,33.8,0.0,0.0,3.4,3,8,0,0,1,0.00,0.00,0.00,1.84,45,11325,332768,25378,14053
fraser_forster,Bournemouth,GK,4.0,2,Everton,True,0,0,58,12,2026-08-29T14:00:00Z,1,1,False,0,0,0,0,0,0,0,0,0,0,0,0,0.0,0.0,0.0,0.0,0,0,0,0,0,0.00,0.00,0.00,0.00,40,-1091,317899,9562,10653
will_dennis,Bournemouth,GK,4.0,2,Everton,True,0,0,59,12,2026-08-29T14:00:00Z,1,1,False,0,0,0,0,0,0,0,0,0,0,0,0,0.0,0.0,0.0,0.0,0,0,0,0,0,0.00,0.00,0.00,0.00,40,-384,18847,1133,1517
james_hill,Bournemouth,DF,5.5,2,Everton,True,90,4,60,12,2026-08-29T14:00:00Z,1,1,False,0,0,0,1,0,0,0,0,0,0,0,19,25.6,21.0,4.0,5.1,9,3,3,12,1,0.00,0.74,0.74,1.84,55,2412,89428,9153,6741
adrien_truffert,Bournemouth,DF,5.5,2,Everton,True,90,4,61,12,2026-08-29T14:00:00Z,1,1,False,0,0,0,1,0,0,0,0,0,0,2,27,27.8,23.7,4.0,5.6,7,6,2,9,1,0.00,0.07,0.07,1.84,55,-5220,417325,20601,25821
bafodé_diakité,Bournemouth,DF,5.0,2,Everton,True,0,0,62,12,2026-08-29T14:00:00Z,1,1,False,0,0,0,0,0,0,0,0,0,0,0,0,0.0,0.0,0.0,0.0,0,0,0,0,0,0.00,0.00,0.00,0.00,50,401,19940,2722,2321
veljko_milosavljevic,Bournemouth,DF,5.0,2,Everton,True,0,0,63,12,2026-08-29T14:00:00Z,1,1,False,0,0,0,0,0,0,0,0,0,0,0,0,0.0,0.0,0.0,0.0,0,0,0,0,0,0.00,0.00,0.00,0.00,50,-222,1026,74,296
adam_smith,Bournemouth,DF,4.5,2,Everton,True,90,1,64,12,2026-08-29T14:00:00Z,1,1,False,0,0,0,1,0,0,0,1,0,0,0,5,15.6,15.7,0.0,3.1,4,0,2,6,1,0.00,0.02,0.02,1.84,45,1827,13789,2845,1018
julián_araujo zúñiga,Bournemouth,DF,4.5,2,Everton,True,0,0,65,12,2026-08-29T14:00:00Z,1,1,False,0,0,0,0,0,0,0,0,0,0,0,0,0.0,0.0,0.0,0.0,0,0,0,0,0,0.00,0.00,0.00,0.00,45,-418,1571,88,506
julio_soler barreto,Bournemouth,DF,4.0,2,Everton,True,0,0,66,12,2026-08-29T14:00:00Z,1,1,False,0,0,0,0,0,0,0,0,0,0,0,0,0.0,0.0,0.0,0.0,0,0,0,0,0,0.00,0.00,0.00,0.00,40,-2011,18565,416,2427
rayan vitor_simplício rocha,Bournemouth,MD,6.5,2,Everton,True,90,2,67,12,2026-08-29T14:00:00Z,1,1,False,0,0,0,1,0,0,0,0,0,0,0,4,8.6,3.5,44.0,5.6,1,3,1,5,1,0.40,0.02,0.42,1.84,65,1501,276541,23680,22179
marcus_tavernier,Bournemouth,MD,6.0,2,Everton,True,90,1,68,12,2026-08-29T14:00:00Z,1,1,False,0,0,0,1,0,0,0,1,0,0,0,20,15.0,38.3,11.0,6.4,1,6,4,11,1,0.09,0.21,0.30,1.84,60,74776,254437,87207,12431
alex_scott,Bournemouth,MD,6.0,2,Everton,True,86,12,69,12,2026-08-29T14:00:00Z,1,1,False,1,0,1,0,0,0,0,1,0,0,3,39,47.6,32.1,21.0,10.1,3,9,3,15,1,0.26,0.27,0.53,1.71,60,-4366,145926,8520,12886
justin_kluivert,Bournemouth,MD,6.0,2,Everton,True,80,3,70,12,2026-08-29T14:00:00Z,1,1,False,0,0,1,0,0,0,0,0,0,0,0,12,11.2,26.9,57.0,9.5,0,5,0,5,1,0.61,0.05,0.66,1.67,60,6731,123176,16321,9590
lewis_cook,Bournemouth,MD,5.0,2,Everton,True,68,3,71,12,2026-08-29T14:00:00Z,1,1,False,0,0,1,0,0,0,0,0,0,0,0,13,3.8,12.8,0.0,1.7,0,2,0,2,1,0.00,0.01,0.01,1.67,50,1552,18237,3259,1707
ben_gannon-doak,Bournemouth,MD,5.0,2,Everton,True,0,0,72,12,2026-08-29T14:00:00Z,1,1,False,0,0,0,0,0,0,0,0,0,0,0,0,0.0,0.0,0.0,0.0,0,0,0,0,0,0.00,0.00,0.00,0.00,50,-468,8171,365,833
tyler_adams,Bournemouth,MD,5.0,2,Everton,True,21,1,73,12,2026-08-29T14:00:00Z,1,1,False,0,0,0,1,0,0,0,0,0,0,0,4,1.6,1.3,0.0,0.3,0,3,0,3,0,0.00,0.00,0.00,0.16,50,177,22708,3032,2855
david_brooks,Bournemouth,MD,5.0,2,Everton,True,9,1,74,12,2026-08-29T14:00:00Z,1,1,False,0,0,0,1,0,0,0,0,0,0,0,3,0.0,1.6,0.0,0.1,0,0,0,0,0,0.00,0.01,0.01,0.16,50,-93,5133,602,695
ryan_christie,Bournemouth,MD,5.0,2,Everton,True,3,1,75,12,2026-08-29T14:00:00Z,1,1,False,0,0,0,1,0,0,0,0,0,0,0,5,2.8,0.3,0.0,0.3,0,1,1,2,0,0.00,0.00,0.00,0.13,50,364,1962,560,196
alex_tóth,Bournemouth,MD,5.0,2,Everton,True,0,0,76,12,2026-08-29T14:00:00Z,1,1,False,0,0,0,0,0,0,0,0,0,0,0,0,0.0,0.0,0.0,0.0,0,0,0,0,0,0.00,0.00,0.00,0.00,50,-46,1576,100,146
amine_adli,Bournemouth,MD,5.0,2,Everton,True,0,0,77,12,2026-08-29T14:00:00Z,1,1,False,0,0,0,0,0,0,0,0,0,0,0,0,0.0,0.0,0.0,0.0,0,0,0,0,0,0.00,0.00,0.00,0.00,50,-922,2226,54,976
junior_kroupi,Bournemouth,MD,7.5,2,Everton,True,0,0,78,12,2026-08-29T14:00:00Z,1,1,False,0,0,0,0,0,0,0,0,0,0,0,0,0.0,0.0,0.0,0.0,0,0,0,0,0,0.00,0.00,0.00,0.00,75,-12946,30734,462,13408
francisco evanilson_de lima barbosa,Bournemouth,FW,6.0,2,Everton,True,80,5,79,12,2026-08-29T14:00:00Z,1,1,False,0,1,1,0,0,0,0,0,0,0,0,11,15.0,22.2,22.0,5.9,1,2,0,3,1,0.58,0.04,0.62,1.67,60,53599,300527,72625,19026
enes_ünal,Bournemouth,FW,5.5,2,Everton,True,0,0,80,12,2026-08-29T14:00:00Z,1,1,False,0,0,0,0,0,0,0,0,0,0,0,0,0.0,0.0,0.0,0.0,0,0,0,0,0,0.00,0.00,0.00,0.00,55,-1070,2487,0,1070
álvaro_rodríguez,Bournemouth,FW,6.0,2,Everton,True,9,1,81,12,2026-08-29T14:00:00Z,1,1,False,0,0,0,1,0,0,0,0,0,0,0,4,0.0,0.0,0.0,0.0,0,1,0,1,0,0.00,0.00,0.00,0.16,60,-182,11569,1000,1182
antónio joão_pereira de albuquerque tavares da silva,Bournemouth,DF,5.0,2,Everton,True,90,4,566,12,2026-08-29T14:00:00Z,1,1,False,0,0,0,1,0,0,0,0,0,0,0,11,18.6,1.8,13.0,3.3,8,4,2,10,1,0.25,0.03,0.28,1.84,50,5175,36812,7365,2190
juanlu_sánchez,Bournemouth,DF,4.5,2,Everton,True,0,0,573,12,2026-08-29T14:00:00Z,1,1,False,0,0,0,0,0,0,0,0,0,0,0,0,0.0,0.0,0.0,0.0,0,0,0,0,0,0.00,0.00,0.00,0.00,45,-1013,21445,452,1465
daniel_jebbison,Bournemouth,FW,5.0,2,Everton,True,0,0,608,12,2026-08-29T14:00:00Z,1,1,False,0,0,0,0,0,0,0,0,0,0,0,0,0.0,0.0,0.0,0.0,0,0,0,0,0,0.00,0.00,0.00,0.00,50,2056,4738,2477,421
michele_di gregorio,Bournemouth,GK,4.5,2,Everton,True,0,0,615,12,2026-08-29T14:00:00Z,1,1,False,0,0,0,0,0,0,0,0,0,0,0,0,0.0,0.0,0.0,0.0,0,0,0,0,0,0.00,0.00,0.00,0.00,45,214,593,241,27
caoimhín_kelleher,Brentford,GK,5.0,2,Leeds,False,90,2,82,17,2026-08-30T13:00:00Z,1,1,False,0,0,0,1,0,0,0,0,0,1,0,7,9.4,0.0,0.0,0.9,2,4,0,0,1,0.00,0.00,0.00,1.46,50,54510,649790,74434,19924
hákon rafn_valdimarsson,Brentford,GK,4.5,2,Leeds,False,0,0,83,17,2026-08-30T13:00:00Z,1,1,False,0,0,0,0,0,0,0,0,0,0,0,0,0.0,0.0,0.0,0.0,0,0,0,0,0,0.00,0.00,0.00,0.00,45,-248,10896,642,890
nathan_collins,Brentford,DF,5.5,2,Leeds,False,90,3,84,17,2026-08-30T13:00:00Z,1,1,False,0,0,0,1,0,0,0,1,0,0,0,14,28.0,0.9,34.0,6.3,11,8,2,13,1,0.17,0.01,0.18,1.46,55,15716,207535,25089,9373
sepp_van den berg,Brentford,DF,5.0,2,Leeds,False,0,0,85,17,2026-08-30T13:00:00Z,1,1,False,0,0,0,0,0,0,0,0,0,0,0,0,0.0,0.0,0.0,0.0,0,0,0,0,0,0.00,0.00,0.00,0.00,50,-3978,10710,145,4123
keane_lewis-potter,Brentford,MD,5.5,2,Leeds,False,87,6,86,17,2026-08-30T13:00:00Z,1,1,False,0,1,0,1,0,0,0,0,0,0,1,29,38.4,31.6,2.0,7.2,3,6,2,11,1,0.02,0.13,0.15,1.46,55,45826,116486,52542,6716
kristoffer_ajer,Brentford,DF,4.5,2,Leeds,False,90,3,87,17,2026-08-30T13:00:00Z,1,1,False,0,0,0,1,0,0,0,1,0,0,0,7,37.8,21.0,2.0,6.1,17,2,0,17,1,0.00,0.01,0.01,1.46,45,56076,412431,69978,13902
michael_kayode,Brentford,DF,4.6,2,Leeds,False,87,2,88,17,2026-08-30T13:00:00Z,1,1,False,0,0,0,1,0,0,0,0,0,0,0,9,14.4,16.0,8.0,3.8,3,4,1,4,1,0.02,0.21,0.23,1.46,46,289643,778776,310803,21160
rico_henry,Brentford,DF,4.5,2,Leeds,False,2,1,89,17,2026-08-30T13:00:00Z,1,1,False,0,0,0,0,0,0,0,0,0,0,0,3,0.0,0.0,0.0,0.0,0,0,0,0,0,0.00,0.00,0.00,0.00,45,-1602,24226,544,2146
aaron_hickey,Brentford,DF,4.5,2,Leeds,False,2,1,90,17,2026-08-30T13:00:00Z,1,1,False,0,0,0,0,0,0,0,0,0,0,0,6,4.0,4.1,0.0,0.8,0,0,1,1,0,0.00,0.02,0.02,0.00,45,83,7643,623,540
kim_ji-soo,Brentford,DF,4.5,2,Leeds,False,0,0,92,17,2026-08-30T13:00:00Z,1,1,False,0,0,0,0,0,0,0,0,0,0,0,0,0.0,0.0,0.0,0.0,0,0,0,0,0,0.00,0.00,0.00,0.00,45,-86,1940,112,198
jannik_schuster,Brentford,DF,4.5,2,Leeds,False,0,0,93,17,2026-08-30T13:00:00Z,1,1,False,0,0,0,0,0,0,0,0,0,0,0,0,0.0,0.0,0.0,0.0,0,0,0,0,0,0.00,0.00,0.00,0.00,45,-1064,16511,142,1206
kevin_schade,Brentford,MD,6.0,2,Leeds,False,87,10,94,17,2026-08-30T13:00:00Z,1,1,False,1,0,0,1,0,0,0,0,0,0,3,34,45.6,11.1,34.0,9.1,3,4,2,9,1,0.25,0.02,0.27,1.46,60,-791,344201,24998,25789
dango_ouattara,Brentford,MD,6.5,2,Leeds,False,29,1,95,17,2026-08-30T13:00:00Z,1,1,False,0,0,0,1,0,0,0,0,0,0,0,16,15.4,15.5,2.0,3.3,3,3,1,7,0,0.02,0.08,0.10,1.36,65,-3604,110686,7348,10952
mikkel_damsgaard,Brentford,MD,5.5,2,Leeds,False,68,3,96,17,2026-08-30T13:00:00Z,1,1,False,0,0,1,0,0,0,0,0,0,0,0,20,16.6,32.4,25.0,7.4,2,5,2,9,1,0.03,0.13,0.16,0.13,55,-5226,52568,2318,7544
mathias_jensen,Brentford,MD,5.5,2,Leeds,False,0,0,97,17,2026-08-30T13:00:00Z,1,1,False,0,0,0,0,0,0,0,0,0,0,0,0,0.0,0.0,0.0,0.0,0,0,0,0,0,0.00,0.00,0.00,0.00,55,2521,22961,3858,1337
vitaly_janelt,Brentford,MD,5.0,2,Leeds,False,90,1,98,17,2026-08-30T13:00:00Z,1,1,False,0,0,0,1,0,0,0,1,0,0,0,11,16.4,35.4,4.0,5.6,5,2,3,10,1,0.00,0.14,0.14,1.46,50,29474,49684,33759,4285
antoni_milambo,Brentford,MD,5.0,2,Leeds,False,0,0,99,17,2026-08-30T13:00:00Z,1,1,False,0,0,0,0,0,0,0,0,0,0,0,0,0.0,0.0,0.0,0.0,0,0,0,0,0,0.00,0.00,0.00,0.00,50,-17,190,28,45
fábio_freitas gouveia carvalho,Brentford,MD,5.0,2,Leeds,False,0,0,100,17,2026-08-30T13:00:00Z,1,1,False,0,0,0,0,0,0,0,0,0,0,0,0,0.0,0.0,0.0,0.0,0,0,0,0,0,0.00,0.00,0.00,0.00,50,-91,1624,155,246
yehor_yarmoliuk,Brentford,MD,5.0,2,Leeds,False,21,1,102,17,2026-08-30T13:00:00Z,1,1,False,0,0,0,1,0,0,0,0,0,0,0,4,3.0,12.5,4.0,2.0,0,0,0,0,0,0.00,0.01,0.01,1.32,50,-12434,112295,745,13179
josh_dasilva,Brentford,MD,5.0,2,Leeds,False,0,0,103,17,2026-08-30T13:00:00Z,1,1,False,0,0,0,0,0,0,0,0,0,0,0,0,0.0,0.0,0.0,0.0,0,0,0,0,0,0.00,0.00,0.00,0.00,50,-189,2549,164,353
jaidon_anthony,Brentford,MD,6.0,2,Leeds,False,60,2,105,17,2026-08-30T13:00:00Z,1,1,False,0,0,1,0,0,0,0,1,0,0,0,4,3.2,25.9,15.0,4.4,0,1,0,1,1,0.11,0.06,0.17,0.09,60,-433,16949,1958,2391
igor thiago_nascimento rodrigues,Brentford,FW,8.0,2,Leeds,False,90,2,106,17,2026-08-30T13:00:00Z,1,1,False,0,0,0,1,0,0,0,0,0,0,0,2,2.4,6.2,55.0,6.4,0,3,1,4,1,0.80,0.01,0.81,1.46,80,-49395,1635017,91772,141167
kaye_furo,Brentford,FW,4.5,2,Leeds,False,0,0,107,17,2026-08-30T13:00:00Z,1,1,False,0,0,0,0,0,0,0,0,0,0,0,0,0.0,0.0,0.0,0.0,0,0,0,0,0,0.00,0.00,0.00,0.00,45,-252,89302,8191,8443
callum_wilson,Brentford,FW,5.5,2,Leeds,False,2,1,108,17,2026-08-30T13:00:00Z,1,1,False,0,0,0,0,0,0,0,0,0,0,0,3,0.0,0.1,7.0,0.7,0,1,0,1,0,0.04,0.00,0.04,0.00,55,-457,37634,4351,4808
mamadou_sangaré,Brentford,MD,5.6,2,Leeds,False,90,4,565,17,2026-08-30T13:00:00Z,1,1,False,0,0,0,1,0,0,0,0,0,0,0,16,24.4,25.3,11.0,6.1,5,5,4,14,1,0.21,0.03,0.24,1.46,56,420422,902725,443762,23340
el hadji malick_diouf,Brentford,DF,4.5,2,Leeds,False,0,0,620,17,2026-08-30T13:00:00Z,1,1,False,0,0,0,0,0,0,0,0,0,0,0,0,0.0,0.0,0.0,0.0,0,0,0,0,0,0.00,0.00,0.00,0.00,45,563,817,600,37
bart_verbruggen,Brighton,GK,4.5,2,Chelsea,False,90,0,109,16,2026-08-30T13:00:00Z,4,3,False,0,0,0,4,0,0,0,0,0,1,0,-1,10.2,0.0,0.0,1.0,0,14,0,0,1,0.00,0.00,0.00,2.93,45,39276,2133814,84756,45480
jason_steele,Brighton,GK,4.0,2,Chelsea,False,0,0,111,16,2026-08-30T13:00:00Z,4,3,False,0,0,0,0,0,0,0,0,0,0,0,0,0.0,0.0,0.0,0.0,0,0,0,0,0,0.00,0.00,0.00,0.00,40,-3330,398691,10714,14044
ferdi_kadıoğlu,Brighton,DF,4.5,2,Chelsea,False,90,0,113,16,2026-08-30T13:00:00Z,4,3,False,0,0,0,4,0,0,0,0,0,0,0,-4,2.8,16.7,8.0,2.8,0,2,0,0,1,0.02,0.01,0.03,2.93,45,-48824,221172,2580,51404
olivier_boscagli,Brighton,DF,4.5,2,Chelsea,False,90,-1,114,16,2026-08-30T13:00:00Z,4,3,False,0,0,0,4,0,0,0,1,0,0,0,-2,16.8,26.6,11.0,5.4,3,2,0,3,1,0.05,0.11,0.16,2.93,45,2544,26909,4103,1559
maxim_de cuyper,Brighton,DF,4.6,2,Chelsea,False,90,0,115,16,2026-08-30T13:00:00Z,4,3,False,0,0,0,4,0,0,0,0,0,0,0,-2,8.8,23.7,5.0,3.8,2,3,0,2,1,0.03,0.05,0.08,2.93,46,473840,847829,494998,21158
lewis_dunk,Brighton,DF,4.5,2,Chelsea,False,90,-1,116,16,2026-08-30T13:00:00Z,4,3,False,0,0,0,4,0,0,0,1,0,0,0,-4,14.8,2.0,0.0,1.7,2,4,1,3,1,0.00,0.01,0.01,2.93,45,8033,118436,13343,5310
diego_coppola,Brighton,DF,4.5,2,Chelsea,False,0,0,117,16,2026-08-30T13:00:00Z,4,3,False,0,0,0,0,0,0,0,0,0,0,0,0,0.0,0.0,0.0,0.0,0,0,0,0,0,0.00,0.00,0.00,0.00,45,-33,1892,191,224
igor julio_dos santos de paulo,Brighton,DF,4.5,2,Chelsea,False,0,0,118,16,2026-08-30T13:00:00Z,4,3,False,0,0,0,0,0,0,0,0,0,0,0,0,0.0,0.0,0.0,0.0,0,0,0,0,0,0.00,0.00,0.00,0.00,45,-404,8240,471,875
joão pedro_loureiro da costa,Brighton,DF,4.5,2,Chelsea,False,10,0,119,16,2026-08-30T13:00:00Z,4,3,False,0,0,0,0,0,0,0,1,0,0,0,-1,0.0,0.3,0.0,0.0,0,0,0,0,0,0.00,0.00,0.00,0.04,45,59,3512,285,226
michael_svoboda,Brighton,DF,5.0,2,Chelsea,False,0,0,120,16,2026-08-30T13:00:00Z,4,3,False,0,0,0,0,0,0,0,0,0,0,0,0,0.0,0.0,0.0,0.0,0,0,0,0,0,0.00,0.00,0.00,0.00,50,84,5185,768,684
mitoma_kaoru,Brighton,MD,6.0,2,Chelsea,False,0,0,121,16,2026-08-30T13:00:00Z,4,3,False,0,0,0,0,0,0,0,0,0,0,0,0,0.0,0.0,0.0,0.0,0,0,0,0,0,0.00,0.00,0.00,0.00,60,-1078,4114,159,1237
yankuba_minteh,Brighton,MD,6.0,2,Chelsea,False,0,0,122,16,2026-08-30T13:00:00Z,4,3,False,0,0,0,0,0,0,0,0,0,0,0,0,0.0,0.0,0.0,0.0,0,0,0,0,0,0.00,0.00,0.00,0.00,60,-3381,6199,140,3521
jack_hinshelwood,Brighton,MD,6.0,2,Chelsea,False,0,0,123,16,2026-08-30T13:00:00Z,4,3,False,0,0,0,0,0,0,0,0,0,0,0,0,0.0,0.0,0.0,0.0,0,0,0,0,0,0.00,0.00,0.00,0.00,60,101743,230171,139828,38085
pascal_groß,Brighton,MD,5.5,2,Chelsea,False,90,13,124,16,2026-08-30T13:00:00Z,4,3,False,1,1,0,4,0,0,0,0,0,0,3,46,47.8,33.2,23.0,10.4,2,3,1,6,1,0.05,0.11,0.16,2.93,55,-81694,1268429,24179,105873
georginio_rutter,Brighton,FW,5.5,2,Chelsea,False,0,0,125,16,2026-08-30T13:00:00Z,4,3,False,0,0,0,0,0,0,0,0,0,0,0,0,0.0,0.0,0.0,0.0,0,0,0,0,0,0.00,0.00,0.00,0.00,55,8880,98683,23887,15007
matt_o'riley,Brighton,MD,5.5,2,Chelsea,False,0,0,126,16,2026-08-30T13:00:00Z,4,3,False,0,0,0,0,0,0,0,0,0,0,0,0,0.0,0.0,0.0,0.0,0,0,0,0,0,0.00,0.00,0.00,0.00,55,-696,10143,656,1352
diego_gómez amarilla,Brighton,MD,5.0,2,Chelsea,False,90,5,127,16,2026-08-30T13:00:00Z,4,3,False,0,1,0,4,0,0,0,0,0,0,0,15,4.6,20.3,42.0,6.7,1,2,2,5,1,0.38,0.17,0.55,2.93,50,7080,380491,23952,16872
facundo_buonanotte,Brighton,MD,5.0,2,Chelsea,False,0,0,128,16,2026-08-30T13:00:00Z,4,3,False,0,0,0,0,0,0,0,0,0,0,0,0,0.0,0.0,0.0,0.0,0,0,0,0,0,0.00,0.00,0.00,0.00,50,-173,346,0,173
yasin_ayari,Brighton,MD,5.5,2,Chelsea,False,0,0,129,16,2026-08-30T13:00:00Z,4,3,False,0,0,0,0,0,0,0,0,0,0,0,0,0.0,0.0,0.0,0.0,0,0,0,0,0,0.00,0.00,0.00,0.00,55,-4277,62632,3334,7611
mats_wieffer,Brighton,DF,5.0,2,Chelsea,False,79,0,130,16,2026-08-30T13:00:00Z,4,3,False,0,0,0,4,0,0,0,0,0,0,0,6,20.4,9.2,4.0,3.4,7,4,0,7,1,0.03,0.08,0.11,2.89,50,10371,43921,13428,3057
harry_howell,Brighton,MD,4.5,2,Chelsea,False,0,0,132,16,2026-08-30T13:00:00Z,4,3,False,0,0,0,0,0,0,0,0,0,0,0,0,0.0,0.0,0.0,0.0,0,0,0,0,0,0.00,0.00,0.00,0.00,45,-1532,5161,0,1532
tom_watson,Brighton,MD,5.0,2,Chelsea,False,0,0,133,16,2026-08-30T13:00:00Z,4,3,False,0,0,0,0,0,0,0,0,0,0,0,0,0.0,0.0,0.0,0.0,0,0,0,0,0,0.00,0.00,0.00,0.00,50,-56,182,0,56
nehemiah_oriola,Brighton,MD,4.5,2,Chelsea,False,0,0,134,16,2026-08-30T13:00:00Z,4,3,False,0,0,0,0,0,0,0,0,0,0,0,0,0.0,0.0,0.0,0.0,0,0,0,0,0,0.00,0.00,0.00,0.00,45,-1072,27277,1708,2780
zadok_yohanna,Brighton,MD,5.0,2,Chelsea,False,0,0,135,16,2026-08-30T13:00:00Z,4,3,False,0,0,0,0,0,0,0,0,0,0,0,0,0.0,0.0,0.0,0.0,0,0,0,0,0,0.00,0.00,0.00,0.00,50,-506,6909,373,879
stefanos_tzimas,Brighton,FW,5.5,2,Chelsea,False,0,0,137,16,2026-08-30T13:00:00Z,4,3,False,0,0,0,0,0,0,0,0,0,0,0,0,0.0,0.0,0.0,0.0,0,0,0,0,0,0.00,0.00,0.00,0.00,55,-168,839,84,252
charalampos_kostoulas,Brighton,FW,5.5,2,Chelsea,False,79,5,138,16,2026-08-30T13:00:00Z,4,3,False,0,1,0,4,0,0,0,0,0,0,0,17,5.0,15.1,17.0,3.7,0,6,0,6,1,0.17,0.02,0.19,2.89,55,-767,22097,1384,2151
evan_ferguson,Brighton,FW,5.0,2,Chelsea,False,0,0,139,16,2026-08-30T13:00:00Z,4,3,False,0,0,0,0,0,0,0,0,0,0,0,0,0.0,0.0,0.0,0.0,0,0,0,0,0,0.00,0.00,0.00,0.00,50,-305,3163,318,623
pascal_struijk,Brighton,DF,5.0,2,Chelsea,False,0,0,328,16,2026-08-30T13:00:00Z,4,3,False,0,0,0,0,0,0,0,0,0,0,0,0,0.0,0.0,0.0,0.0,0,0,0,0,0,0.00,0.00,0.00,0.00,50,-1138,22519,1416,2554
luka_vušković,Brighton,DF,5.0,2,Chelsea,False,90,0,504,16,2026-08-30T13:00:00Z,4,3,False,0,0,0,4,0,0,0,0,0,0,0,-2,22.8,8.3,5.0,3.6,7,3,1,8,1,0.03,0.02,0.05,2.93,50,8839,250629,21186,12347
promise_david,Brighton,FW,6.0,2,Chelsea,False,10,1,594,16,2026-08-30T13:00:00Z,4,3,False,0,0,0,0,0,0,0,0,0,0,0,3,0.0,3.7,0.0,0.4,0,0,0,0,0,0.00,0.00,0.00,0.04,60,-1622,25435,2519,4141
ibrahim_osman,Brighton,MD,5.0,2,Chelsea,False,16,1,600,16,2026-08-30T13:00:00Z,4,3,False,0,0,0,1,0,0,0,0,0,0,0,6,3.0,1.3,2.0,0.6,0,0,1,1,0,0.00,0.01,0.01,0.10,50,75,1521,218,143
malick_yalcouyé,Brighton,MD,4.5,2,Chelsea,False,73,8,605,16,2026-08-30T13:00:00Z,4,3,False,1,0,0,3,0,0,0,0,0,0,1,39,50.8,20.1,42.0,11.3,2,2,3,7,1,0.70,0.16,0.86,2.83,45,3387,9806,4339,952
jaouen_hadjam,Brighton,DF,4.5,2,Chelsea,False,0,0,614,16,2026-08-30T13:00:00Z,4,3,False,0,0,0,0,0,0,0,0,0,0,0,0,0.0,0.0,0.0,0.0,0,0,0,0,0,0.00,0.00,0.00,0.00,45,952,1839,1006,54
amario_cozier-duberry,Brighton,MD,5.0,2,Chelsea,False,0,0,624,16,2026-08-30T13:00:00Z,4,3,False,0,0,0,0,0,0,0,0,0,0,0,0,0.0,0.0,0.0,0.0,0,0,0,0,0,0.00,0.00,0.00,0.00,50,0,0,0,0
emiliano_martínez romero,Chelsea,GK,5.0,2,Brighton,True,90,2,28,16,2026-08-30T13:00:00Z,4,3,False,0,0,0,3,0,0,0,0,0,4,0,18,36.2,20.0,0.0,5.6,1,13,0,0,1,0.00,0.01,0.01,1.41,50,-42289,419555,14876,8115
morgan_rogers,Chelsea,MD,7.5,2,Brighton,True,90,5,40,16,2026-08-30T13:00:00Z,4,3,False,0,1,0,3,0,0,0,0,0,0,0,28,26.8,46.5,23.0,9.6,1,3,1,5,1,0.14,1.01,1.15,1.41,75,180102,2607781,251851,71749
jordan_henderson,Chelsea,MD,5.0,2,Brighton,True,0,0,101,16,2026-08-30T13:00:00Z,4,3,False,0,0,0,0,0,0,0,0,0,0,0,0,0.0,0.0,0.0,0.0,0,0,0,0,0,0.00,0.00,0.00,0.00,50,-477,3715,214,691
danny_welbeck,Chelsea,FW,6.0,2,Brighton,True,0,0,136,16,2026-08-30T13:00:00Z,4,3,False,0,0,0,0,0,0,0,0,0,0,0,0,0.0,0.0,0.0,0.0,0,0,0,0,0,0.00,0.00,0.00,0.00,60,-19289,96753,3136,22425
robert_lynch sánchez,Chelsea,GK,5.0,2,Brighton,True,0,0,140,16,2026-08-30T13:00:00Z,4,3,False,0,0,0,0,0,0,0,0,0,0,0,0,0.0,0.0,0.0,0.0,0,0,0,0,0,0.00,0.00,0.00,0.00,50,-18267,217448,8924,27191
filip_jörgensen,Chelsea,GK,5.0,2,Brighton,True,0,0,141,16,2026-08-30T13:00:00Z,4,3,False,0,0,0,0,0,0,0,0,0,0,0,0,0.0,0.0,0.0,0.0,0,0,0,0,0,0.00,0.00,0.00,0.00,50,-501,1280,0,501
reece_james,Chelsea,DF,5.5,2,Brighton,True,22,1,142,16,2026-08-30T13:00:00Z,4,3,False,0,0,0,1,0,0,0,0,0,0,0,-1,0.4,0.4,2.0,0.3,0,1,0,0,0,0.00,0.00,0.00,0.14,55,-18793,987947,62525,81318
trevoh_chalobah,Chelsea,DF,5.5,2,Brighton,True,0,0,143,16,2026-08-30T13:00:00Z,4,3,False,0,0,0,0,0,0,0,0,0,0,0,0,0.0,0.0,0.0,0.0,0,0,0,0,0,0.00,0.00,0.00,0.00,55,-8058,12877,0,8058
malo_gusto,Chelsea,DF,5.0,2,Brighton,True,90,1,144,16,2026-08-30T13:00:00Z,4,3,False,0,0,0,3,0,0,0,0,0,0,0,-1,7.8,0.7,0.0,0.9,4,3,1,5,1,0.00,0.01,0.01,1.41,50,2378,122291,13325,10947
wesley_fofana,Chelsea,DF,5.0,2,Brighton,True,67,0,145,16,2026-08-30T13:00:00Z,4,3,False,0,0,0,2,0,0,0,1,0,0,0,-2,19.4,0.9,0.0,2.0,9,0,0,9,1,0.00,0.01,0.01,1.26,50,552,3489,813,261
benoît_badiashile mukinayi,Chelsea,DF,4.5,2,Brighton,True,0,0,146,16,2026-08-30T13:00:00Z,4,3,False,0,0,0,0,0,0,0,0,0,0,0,0,0.0,0.0,0.0,0.0,0,0,0,0,0,0.00,0.00,0.00,0.00,45,-568,2126,232,800
jorrel_hato,Chelsea,DF,4.5,2,Brighton,True,90,4,148,16,2026-08-30T13:00:00Z,4,3,False,0,1,0,3,0,0,0,0,0,0,0,12,30.0,20.7,0.0,5.1,4,3,2,6,1,0.00,0.06,0.06,1.41,45,-126,47286,4358,4484
levi_samuels colwill,Chelsea,DF,5.0,2,Brighton,True,71,1,149,16,2026-08-30T13:00:00Z,4,3,False,0,0,0,2,0,0,0,0,0,0,0,2,13.2,0.4,0.0,1.4,8,2,1,9,1,0.00,0.00,0.00,1.31,50,-7208,150119,10571,17779
mamadou_sarr,Chelsea,DF,4.5,2,Brighton,True,0,0,150,16,2026-08-30T13:00:00Z,4,3,False,0,0,0,0,0,0,0,0,0,0,0,0,0.0,0.0,0.0,0.0,0,0,0,0,0,0.00,0.00,0.00,0.00,45,-544,7741,405,949
josh_acheampong,Chelsea,DF,4.5,2,Brighton,True,22,1,151,16,2026-08-30T13:00:00Z,4,3,False,0,0,0,1,0,0,0,0,0,0,0,-1,6.2,0.1,0.0,0.6,2,0,1,3,0,0.00,0.00,0.00,0.14,45,4931,37116,8065,3134
marco_palestra,Chelsea,DF,5.5,2,Brighton,True,0,0,152,16,2026-08-30T13:00:00Z,4,3,False,0,0,0,0,0,0,0,0,0,0,0,0,0.0,0.0,0.0,0.0,0,0,0,0,0,0.00,0.00,0.00,0.00,55,-64977,209865,4960,69937
cole_palmer,Chelsea,MD,9.5,2,Brighton,True,90,7,154,16,2026-08-30T13:00:00Z,4,3,False,1,0,0,3,0,0,0,0,0,0,0,28,40.8,25.3,26.0,9.2,2,4,2,8,1,0.66,0.13,0.79,1.41,95,344912,1644351,376872,31960
pedro_lomba neto,Chelsea,MD,6.5,2,Brighton,True,67,7,156,16,2026-08-30T13:00:00Z,4,3,False,1,0,0,2,0,0,0,0,0,0,0,32,45.2,25.6,38.0,10.9,3,1,0,4,1,0.41,0.33,0.74,1.26,65,-17727,117566,5635,23362
estêvão_almeida de oliveira gonçalves,Chelsea,MD,6.5,2,Brighton,True,0,0,157,16,2026-08-30T13:00:00Z,4,3,False,0,0,0,0,0,0,0,0,0,0,0,0,0.0,0.0,0.0,0.0,0,0,0,0,0,0.00,0.00,0.00,0.00,65,-18220,111448,5564,23784
jamie_bynoe-gittens,Chelsea,MD,6.0,2,Brighton,True,0,0,158,16,2026-08-30T13:00:00Z,4,3,False,0,0,0,0,0,0,0,0,0,0,0,0,0.0,0.0,0.0,0.0,0,0,0,0,0,0.00,0.00,0.00,0.00,60,-502,3391,271,773
moisés_caicedo corozo,Chelsea,MD,5.5,2,Brighton,True,13,1,159,16,2026-08-30T13:00:00Z,4,3,False,0,0,0,0,0,0,0,0,0,0,0,3,0.0,0.1,0.0,0.0,0,0,0,0,0,0.00,0.00,0.00,0.07,55,-88842,282404,9481,98323
roméo_lavia,Chelsea,MD,5.0,2,Brighton,True,67,7,161,16,2026-08-30T13:00:00Z,4,3,False,1,0,0,2,0,0,0,0,0,0,0,32,39.0,0.8,33.0,7.3,3,3,1,7,1,0.54,0.00,0.54,1.26,50,254,6337,1173,919
dário_luís essugo,Chelsea,MD,4.5,2,Brighton,True,0,0,163,16,2026-08-30T13:00:00Z,4,3,False,0,0,0,0,0,0,0,0,0,0,0,0,0.0,0.0,0.0,0.0,0,0,0,0,0,0.00,0.00,0.00,0.00,45,-1635,18847,1252,2887
geovany_quenda,Chelsea,MD,5.5,2,Brighton,True,0,0,164,16,2026-08-30T13:00:00Z,4,3,False,0,0,0,0,0,0,0,0,0,0,0,0,0.0,0.0,0.0,0.0,0,0,0,0,0,0.00,0.00,0.00,0.00,55,-589,4061,231,820
joão pedro_junqueira de jesus,Chelsea,FW,7.6,2,Brighton,True,90,9,165,16,2026-08-30T13:00:00Z,4,3,False,1,1,0,3,1,0,0,0,0,0,2,44,52.8,22.5,46.0,12.1,0,2,1,3,1,1.23,0.04,1.27,1.41,76,377023,6802308,405188,28165
marc_guiu paz,Chelsea,FW,5.0,2,Brighton,True,0,0,168,16,2026-08-30T13:00:00Z,4,3,False,0,0,0,0,0,0,0,0,0,0,0,0,0.0,0.0,0.0,0.0,0,0,0,0,0,0.00,0.00,0.00,0.00,50,-3968,43955,2178,6146
shumaira_mheuka,Chelsea,FW,4.5,2,Brighton,True,0,0,169,16,2026-08-30T13:00:00Z,4,3,False,0,0,0,0,0,0,0,0,0,0,0,0,0.0,0.0,0.0,0.0,0,0,0,0,0,0.00,0.00,0.00,0.00,45,-1480,34265,2929,4409
emmanuel_emegha,Chelsea,FW,5.0,2,Brighton,True,0,0,170,16,2026-08-30T13:00:00Z,4,3,False,0,0,0,0,0,0,0,0,0,0,0,0,0.0,0.0,0.0,0.0,0,0,0,0,0,0.00,0.00,0.00,0.00,50,-884,14647,1450,2334
maxence_lacroix,Chelsea,DF,6.0,2,Brighton,True,90,1,200,16,2026-08-30T13:00:00Z,4,3,False,0,0,0,3,0,0,0,0,0,0,0,-3,13.0,0.1,6.0,1.9,8,1,1,9,1,0.02,0.00,0.02,1.41,60,18715,946023,63522,44807
mike_penders,Chelsea,GK,4.5,2,Brighton,True,0,0,560,16,2026-08-30T13:00:00Z,4,3,False,0,0,0,0,0,0,0,0,0,0,0,0,0.0,0.0,0.0,0.0,0,0,0,0,0,0.00,0.00,0.00,0.00,45,-370,7073,395,765
aaron_anselmino,Chelsea,DF,4.5,2,Brighton,True,0,0,561,16,2026-08-30T13:00:00Z,4,3,False,0,0,0,0,0,0,0,0,0,0,0,0,0.0,0.0,0.0,0.0,0,0,0,0,0,0.00,0.00,0.00,0.00,45,-324,1737,122,446
valentín_barco,Chelsea,MD,5.5,2,Brighton,True,8,1,568,16,2026-08-30T13:00:00Z,4,3,False,0,0,0,1,0,0,0,0,0,0,0,1,0.0,0.0,4.0,0.2,1,0,0,1,0,0.04,0.00,0.04,0.07,55,-1133,13561,528,1661
pep_chavarría,Chelsea,DF,5.0,2,Brighton,True,18,1,583,16,2026-08-30T13:00:00Z,4,3,False,0,0,0,1,0,0,0,0,0,0,0,1,6.4,0.3,0.0,0.7,2,1,1,3,0,0.00,0.02,0.02,0.09,50,-1477,19574,1081,2558
ethan_pinnock,Coventry City,DF,4.5,2,Hull City,True,12,1,91,13,2026-08-29T14:00:00Z,0,1,False,0,0,0,1,0,0,0,0,0,0,0,-1,3.8,0.7,0.0,0.5,2,0,0,2,0,0.00,0.00,0.00,0.54,45,-397,7757,574,971
frank_onyeka,Coventry City,MD,5.0,2,Hull City,True,0,0,104,13,2026-08-29T14:00:00Z,0,1,False,0,0,0,0,0,0,0,0,0,0,0,0,0.0,0.0,0.0,0.0,0,0,0,0,0,0.00,0.00,0.00,0.00,50,856,16442,2456,1600
carl_rushworth,Coventry City,GK,4.5,2,Hull City,True,90,2,110,13,2026-08-29T14:00:00Z,0,1,False,0,0,0,1,0,0,0,0,0,1,0,10,10.6,0.0,0.0,1.1,1,13,0,0,1,0.00,0.00,0.00,0.72,45,7259,122624,11931,4672
oliver_dovin,Coventry City,GK,4.0,2,Hull City,True,0,0,171,13,2026-08-29T14:00:00Z,0,1,False,0,0,0,0,0,0,0,0,0,0,0,0,0.0,0.0,0.0,0.0,0,0,0,0,0,0.00,0.00,0.00,0.00,40,-3777,152756,2634,6411
ben_wilson,Coventry City,GK,4.5,2,Hull City,True,0,0,172,13,2026-08-29T14:00:00Z,0,1,False,0,0,0,0,0,0,0,0,0,0,0,0,0.0,0.0,0.0,0.0,0,0,0,0,0,0.00,0.00,0.00,0.00,45,-3213,45549,227,3440
bobby_thomas,Coventry City,DF,4.0,2,Hull City,True,77,8,173,13,2026-08-29T14:00:00Z,0,1,False,0,0,1,0,0,0,0,0,0,0,2,28,17.0,0.7,0.0,1.8,9,6,0,9,1,0.00,0.01,0.01,0.18,40,14221,791028,38111,23890
liam_kitching,Coventry City,DF,4.0,2,Hull City,True,0,0,174,13,2026-08-29T14:00:00Z,0,1,False,0,0,0,0,0,0,0,0,0,0,0,0,0.0,0.0,0.0,0.0,0,0,0,0,0,0.00,0.00,0.00,0.00,40,-4266,64130,520,4786
milan_van ewijk,Coventry City,DF,4.0,2,Hull City,True,90,2,175,13,2026-08-29T14:00:00Z,0,1,False,0,0,0,1,0,0,0,0,0,0,0,15,15.4,33.9,6.0,5.5,1,3,1,2,1,0.00,0.19,0.19,0.72,40,-15407,1295672,34451,49858
jay_dasilva,Coventry City,DF,4.0,2,Hull City,True,90,2,176,13,2026-08-29T14:00:00Z,0,1,False,0,0,0,1,0,0,0,0,0,0,0,15,15.2,7.3,17.0,4.0,1,3,2,3,1,0.18,0.05,0.23,0.72,40,-830,82832,3224,4054
kaine_kesler-hayden,Coventry City,DF,4.0,2,Hull City,True,0,0,177,13,2026-08-29T14:00:00Z,0,1,False,0,0,0,0,0,0,0,0,0,0,0,0,0.0,0.0,0.0,0.0,0,0,0,0,0,0.00,0.00,0.00,0.00,40,-582,5764,168,750
jake_bidwell,Coventry City,DF,4.0,2,Hull City,True,0,0,178,13,2026-08-29T14:00:00Z,0,1,False,0,0,0,0,0,0,0,0,0,0,0,0,0.0,0.0,0.0,0.0,0,0,0,0,0,0.00,0.00,0.00,0.00,40,-238,8500,506,744
joel_latibeaudiere,Coventry City,DF,4.0,2,Hull City,True,0,0,179,13,2026-08-29T14:00:00Z,0,1,False,0,0,0,0,0,0,0,0,0,0,0,0,0.0,0.0,0.0,0.0,0,0,0,0,0,0.00,0.00,0.00,0.00,40,-260,3984,160,420
luke_woolfenden,Coventry City,DF,4.0,2,Hull City,True,0,0,180,13,2026-08-29T14:00:00Z,0,1,False,0,0,0,0,0,0,0,0,0,0,0,0,0.0,0.0,0.0,0.0,0,0,0,0,0,0.00,0.00,0.00,0.00,40,-1282,16943,946,2228
miguel_brau,Coventry City,DF,4.0,2,Hull City,True,0,0,181,13,2026-08-29T14:00:00Z,0,1,False,0,0,0,0,0,0,0,0,0,0,0,0,0.0,0.0,0.0,0.0,0,0,0,0,0,0.00,0.00,0.00,0.00,40,-82,4079,256,338
aurèle_amenda,Coventry City,DF,4.0,2,Hull City,True,90,1,182,13,2026-08-29T14:00:00Z,0,1,False,0,0,0,1,0,0,0,1,0,0,0,4,11.4,2.1,5.0,1.9,4,1,0,4,1,0.02,0.04,0.06,0.72,40,-1183,84795,3328,4511
jack_rudoni,Coventry City,MD,5.0,2,Hull City,True,70,3,183,13,2026-08-29T14:00:00Z,0,1,False,0,0,1,0,0,0,0,0,0,0,0,12,6.8,27.7,4.0,3.9,1,4,1,6,1,0.06,0.09,0.15,0.02,50,-49,14191,1250,1299
matt_grimes,Coventry City,MD,5.0,2,Hull City,True,90,2,184,13,2026-08-29T14:00:00Z,0,1,False,0,0,0,1,0,0,0,0,0,0,0,14,14.2,20.9,2.0,3.7,1,9,0,10,1,0.01,0.04,0.05,0.72,50,674,20154,2290,1616
tatsuhiro_sakamoto,Coventry City,MD,5.0,2,Hull City,True,31,1,185,13,2026-08-29T14:00:00Z,0,1,False,0,0,0,1,0,0,0,0,0,0,0,8,6.2,5.9,7.0,1.9,0,2,2,4,0,0.02,0.02,0.04,0.69,50,-1318,9710,137,1455
ephron_mason-clark,Coventry City,MD,5.5,2,Hull City,True,57,1,186,13,2026-08-29T14:00:00Z,0,1,False,0,0,0,0,0,0,0,0,0,0,0,4,4.2,16.0,0.0,2.0,2,2,0,4,1,0.00,0.06,0.06,0.02,55,-1089,12149,489,1578
josh_eccles,Coventry City,MD,5.0,2,Hull City,True,0,0,187,13,2026-08-29T14:00:00Z,0,1,False,0,0,0,0,0,0,0,0,0,0,0,0,0.0,0.0,0.0,0.0,0,0,0,0,0,0.00,0.00,0.00,0.00,50,-230,1391,69,299
victor_torp,Coventry City,MD,5.5,2,Hull City,True,19,1,188,13,2026-08-29T14:00:00Z,0,1,False,0,0,0,1,0,0,0,0,0,0,0,2,0.0,3.6,0.0,0.3,0,2,0,2,0,0.00,0.01,0.01,0.69,55,-1275,16221,549,1824
george_shepherd,Coventry City,MD,4.5,2,Hull City,True,0,0,189,13,2026-08-29T14:00:00Z,0,1,False,0,0,0,0,0,0,0,0,0,0,0,0,0.0,0.0,0.0,0.0,0,0,0,0,0,0.00,0.00,0.00,0.00,45,-2158,28459,1013,3171
loum_tchaouna,Coventry City,MD,5.5,2,Hull City,True,58,1,190,13,2026-08-29T14:00:00Z,0,1,False,0,0,0,0,0,0,0,0,0,0,0,7,7.0,18.5,5.0,3.1,2,3,1,6,1,0.05,0.13,0.18,0.02,55,1311,16325,2762,1451
raphael_borges rodrigues,Coventry City,MD,4.5,2,Hull City,True,0,0,191,13,2026-08-29T14:00:00Z,0,1,False,0,0,0,0,0,0,0,0,0,0,0,0,0.0,0.0,0.0,0.0,0,0,0,0,0,0.00,0.00,0.00,0.00,45,-1193,16655,680,1873
kai_andrews,Coventry City,MD,4.5,2,Hull City,True,0,0,192,13,2026-08-29T14:00:00Z,0,1,False,0,0,0,0,0,0,0,0,0,0,0,0,0.0,0.0,0.0,0.0,0,0,0,0,0,0.00,0.00,0.00,0.00,45,-4618,62913,2576,7194
haji_wright,Coventry City,FW,5.5,2,Hull City,True,0,0,193,13,2026-08-29T14:00:00Z,0,1,False,0,0,0,0,0,0,0,0,0,0,0,0,0.0,0.0,0.0,0.0,0,0,0,0,0,0.00,0.00,0.00,0.00,55,-5318,13634,107,5425
brandon_thomas-asante,Coventry City,FW,5.0,2,Hull City,True,32,1,194,13,2026-08-29T14:00:00Z,0,1,False,0,0,0,1,0,0,0,0,0,0,0,5,1.2,2.0,2.0,0.5,0,2,0,2,0,0.00,0.00,0.00,0.69,50,6706,83366,14594,7888
ellis_simms,Coventry City,FW,5.0,2,Hull City,True,0,0,195,13,2026-08-29T14:00:00Z,0,1,False,0,0,0,0,0,0,0,0,0,0,0,0,0.0,0.0,0.0,0.0,0,0,0,0,0,0.00,0.00,0.00,0.00,50,10333,100916,19936,9603
jahnoah_markelo,Coventry City,FW,5.0,2,Hull City,True,0,0,196,13,2026-08-29T14:00:00Z,0,1,False,0,0,0,0,0,0,0,0,0,0,0,0,0.0,0.0,0.0,0.0,0,0,0,0,0,0.00,0.00,0.00,0.00,50,-590,1206,0,590
norman_bassette,Coventry City,FW,4.5,2,Hull City,True,0,0,197,13,2026-08-29T14:00:00Z,0,1,False,0,0,0,0,0,0,0,0,0,0,0,0,0.0,0.0,0.0,0.0,0,0,0,0,0,0.00,0.00,0.00,0.00,45,-788,3783,0,788
taiwo_awoniyi,Coventry City,FW,5.5,2,Hull City,True,90,2,492,13,2026-08-29T14:00:00Z,0,1,False,0,0,0,1,0,0,0,0,0,0,0,6,10.0,23.6,65.0,9.9,1,2,0,3,1,0.93,0.03,0.96,0.72,55,-639,83094,8654,9293
caleb_yirenkyi,Coventry City,MD,5.0,2,Hull City,True,70,3,575,13,2026-08-29T14:00:00Z,0,1,False,0,0,1,0,0,0,0,0,0,0,0,17,9.4,16.0,7.0,3.2,3,4,0,7,1,0.03,0.13,0.16,0.02,50,-1578,23711,997,2575
gustavo_hamer,Coventry City,MD,5.5,2,Hull City,True,19,1,584,13,2026-08-29T14:00:00Z,0,1,False,0,0,0,1,0,0,0,0,0,0,0,2,0.2,1.5,0.0,0.2,0,0,0,0,0,0.00,0.02,0.02,0.69,55,-1042,13996,386,1428
sidiki_cherif,Coventry City,FW,5.0,2,Hull City,True,0,0,599,13,2026-08-29T14:00:00Z,0,1,False,0,0,0,0,0,0,0,0,0,0,0,0,0.0,0.0,0.0,0.0,0,0,0,0,0,0.00,0.00,0.00,0.00,50,330,9736,1724,1394
dan_bentley,Coventry City,GK,4.0,2,Hull City,True,0,0,623,13,2026-08-29T14:00:00Z,0,1,False,0,0,0,0,0,0,0,0,0,0,0,0,0.0,0.0,0.0,0.0,0,0,0,0,0,0.00,0.00,0.00,0.00,40,0,0,0,0
evann_guessand,Crystal Palace,MD,5.5,2,Man City,True,27,1,42,11,2026-08-28T19:00:00Z,1,4,False,0,0,0,1,0,0,0,0,0,0,0,3,2.2,0.3,0.0,0.3,1,0,0,1,0,0.00,0.01,0.01,0.20,55,-140,4594,483,623
axel_disasi,Crystal Palace,DF,4.5,2,Man City,True,16,1,153,11,2026-08-28T19:00:00Z,1,4,False,0,0,0,1,0,0,0,0,0,0,0,-2,1.2,0.0,0.0,0.1,0,1,1,1,0,0.00,0.00,0.00,0.20,45,-323,6037,525,848
dean_henderson,Crystal Palace,GK,5.0,2,Man City,True,90,1,198,11,2026-08-28T19:00:00Z,1,4,False,0,0,0,4,0,0,0,0,0,4,0,4,30.2,0.0,0.0,3.0,2,11,0,0,1,0.00,0.00,0.00,2.21,50,-7870,182716,5904,13774
walter_benítez,Crystal Palace,GK,4.5,2,Man City,True,0,0,199,11,2026-08-28T19:00:00Z,1,4,False,0,0,0,0,0,0,0,0,0,0,0,0,0.0,0.0,0.0,0.0,0,0,0,0,0,0.00,0.00,0.00,0.00,45,-908,11403,468,1376
chris_richards,Crystal Palace,DF,5.0,2,Man City,True,90,0,202,11,2026-08-28T19:00:00Z,1,4,False,0,0,0,4,0,0,0,0,0,0,0,-4,15.0,0.1,17.0,3.2,4,2,2,6,1,0.04,0.00,0.04,2.21,50,-2246,71981,4208,6454
jaydee_canvot,Crystal Palace,DF,5.0,2,Man City,True,90,0,203,11,2026-08-28T19:00:00Z,1,4,False,0,0,0,4,0,0,0,0,0,0,0,-1,22.8,0.5,0.0,2.3,6,1,1,7,1,0.00,0.00,0.00,2.21,50,-3200,29914,821,4021
tyrick_mitchell,Crystal Palace,DF,4.5,2,Man City,True,90,0,204,11,2026-08-28T19:00:00Z,1,4,False,0,0,0,4,0,0,0,0,0,0,0,-8,11.6,21.6,7.0,4.0,3,1,2,5,1,0.11,0.16,0.27,2.21,45,-44374,548942,5965,50339
borna_sosa,Crystal Palace,DF,4.5,2,Man City,True,0,0,205,11,2026-08-28T19:00:00Z,1,4,False,0,0,0,0,0,0,0,0,0,0,0,0,0.0,0.0,0.0,0.0,0,0,0,0,0,0.00,0.00,0.00,0.00,45,-226,3040,126,352
chadi_riad dnanou,Crystal Palace,DF,4.5,2,Man City,True,0,0,206,11,2026-08-28T19:00:00Z,1,4,False,0,0,0,0,0,0,0,0,0,0,0,0,0.0,0.0,0.0,0.0,0,0,0,0,0,0.00,0.00,0.00,0.00,45,-2523,4410,320,2843
oscar_mingueza,Crystal Palace,DF,4.5,2,Man City,True,15,1,207,11,2026-08-28T19:00:00Z,1,4,False,0,0,0,1,0,0,0,0,0,0,0,1,2.2,0.1,0.0,0.2,0,0,1,1,0,0.00,0.00,0.00,0.20,45,-1081,7384,199,1280
ismaïla_sarr,Crystal Palace,MD,6.4,2,Man City,True,0,0,208,11,2026-08-28T19:00:00Z,1,4,False,0,0,0,0,0,0,0,0,0,0,0,0,0.0,0.0,0.0,0.0,0,0,0,0,0,0.00,0.00,0.00,0.00,64,-204476,227391,2102,206578
adam_wharton,Crystal Palace,MD,5.5,2,Man City,True,90,2,210,11,2026-08-28T19:00:00Z,1,4,False,0,0,0,4,0,0,0,0,0,0,0,21,16.2,24.7,0.0,4.1,0,3,4,7,1,0.00,0.07,0.07,2.21,55,-1090,88998,6710,7800
yéremy_pino santos,Crystal Palace,MD,5.5,2,Man City,True,67,5,211,11,2026-08-28T19:00:00Z,1,4,False,0,1,0,3,0,0,0,0,0,0,0,27,10.8,34.2,9.0,5.4,2,6,2,10,1,0.05,0.07,0.12,2.01,55,-2144,18326,314,2458
will_hughes,Crystal Palace,MD,4.5,2,Man City,True,0,0,212,11,2026-08-28T19:00:00Z,1,4,False,0,0,0,0,0,0,0,0,0,0,0,0,0.0,0.0,0.0,0.0,0,0,0,0,0,0.00,0.00,0.00,0.00,45,-69998,1064673,20182,90180
jefferson_lerma solís,Crystal Palace,MD,5.0,2,Man City,True,0,0,213,11,2026-08-28T19:00:00Z,1,4,False,0,0,0,0,0,0,0,0,0,0,0,0,0.0,0.0,0.0,0.0,0,0,0,0,0,0.00,0.00,0.00,0.00,50,-1246,10302,204,1450
daichi_kamada,Crystal Palace,MD,5.0,2,Man City,True,90,2,214,11,2026-08-28T19:00:00Z,1,4,False,0,0,0,4,0,0,0,0,0,0,0,21,17.6,2.8,7.0,2.7,1,2,6,9,1,0.05,0.02,0.07,2.21,50,-1150,27191,1944,3094
justin_devenny,Crystal Palace,MD,5.0,2,Man City,True,0,0,215,11,2026-08-28T19:00:00Z,1,4,False,0,0,0,0,0,0,0,0,0,0,0,0,0.0,0.0,0.0,0.0,0,0,0,0,0,0.00,0.00,0.00,0.00,50,-107,1141,69,176
romain_esse,Crystal Palace,MD,5.0,2,Man City,True,0,0,216,11,2026-08-28T19:00:00Z,1,4,False,0,0,0,0,0,0,0,0,0,0,0,0,0.0,0.0,0.0,0.0,0,0,0,0,0,0.00,0.00,0.00,0.00,50,-379,3956,211,590
matheus_frança de oliveira,Crystal Palace,MD,5.0,2,Man City,True,0,0,217,11,2026-08-28T19:00:00Z,1,4,False,0,0,0,0,0,0,0,0,0,0,0,0,0.0,0.0,0.0,0.0,0,0,0,0,0,0.00,0.00,0.00,0.00,50,-697,2546,17,714
cheick_doucouré,Crystal Palace,MD,5.0,2,Man City,True,0,0,218,11,2026-08-28T19:00:00Z,1,4,False,0,0,0,0,0,0,0,0,0,0,0,0,0.0,0.0,0.0,0.0,0,0,0,0,0,0.00,0.00,0.00,0.00,50,-811,6115,248,1059
jesurun_rak-sakyi,Crystal Palace,MD,5.0,2,Man City,True,0,0,219,11,2026-08-28T19:00:00Z,1,4,False,0,0,0,0,0,0,0,0,0,0,0,0,0.0,0.0,0.0,0.0,0,0,0,0,0,0.00,0.00,0.00,0.00,50,-51,578,39,90
rio_cardines,Crystal Palace,DF,4.5,2,Man City,True,0,0,220,11,2026-08-28T19:00:00Z,1,4,False,0,0,0,0,0,0,0,0,0,0,0,0,0.0,0.0,0.0,0.0,0,0,0,0,0,0.00,0.00,0.00,0.00,45,-65,187,0,65
joél_drakes-thomas,Crystal Palace,MD,4.5,2,Man City,True,0,0,221,11,2026-08-28T19:00:00Z,1,4,False,0,0,0,0,0,0,0,0,0,0,0,0,0.0,0.0,0.0,0.0,0,0,0,0,0,0.00,0.00,0.00,0.00,45,-589,8204,399,988
jørgen_strand larsen,Crystal Palace,FW,6.0,2,Man City,True,62,2,222,11,2026-08-28T19:00:00Z,1,4,False,0,0,0,3,0,0,0,0,0,0,0,13,5.2,0.3,4.0,1.0,2,1,1,4,1,0.05,0.00,0.05,2.01,60,-6261,50504,1510,7771
jean-philippe_mateta,Crystal Palace,FW,6.5,2,Man City,True,0,0,223,11,2026-08-28T19:00:00Z,1,4,False,0,0,0,0,0,0,0,0,0,0,0,0,0.0,0.0,0.0,0.0,0,0,0,0,0,0.00,0.00,0.00,0.00,65,-48482,510630,23951,72433
eddie_nketiah,Crystal Palace,FW,5.5,2,Man City,True,67,2,224,11,2026-08-28T19:00:00Z,1,4,False,0,0,0,3,0,0,0,0,0,0,0,8,2.6,10.6,8.0,2.1,1,3,2,6,1,0.36,0.00,0.36,2.01,55,-2517,47953,3263,5780
christantus_uche,Crystal Palace,FW,5.0,2,Man City,True,0,0,225,11,2026-08-28T19:00:00Z,1,4,False,0,0,0,0,0,0,0,0,0,0,0,0,0.0,0.0,0.0,0.0,0,0,0,0,0,0.00,0.00,0.00,0.00,50,0,0,0,0
dwight_mcneil,Crystal Palace,MD,5.5,2,Man City,True,22,1,241,11,2026-08-28T19:00:00Z,1,4,False,0,0,0,1,0,0,0,0,0,0,0,2,0.4,0.3,0.0,0.1,1,1,0,2,0,0.00,0.00,0.00,0.20,55,-1356,16698,472,1828
remi_matthews,Crystal Palace,GK,4.0,2,Man City,True,0,0,555,11,2026-08-28T19:00:00Z,1,4,False,0,0,0,0,0,0,0,0,0,0,0,0,0.0,0.0,0.0,0.0,0,0,0,0,0,0.00,0.00,0.00,0.00,40,-290,183203,5945,6235
takehiro_tomiyasu,Crystal Palace,DF,4.5,2,Man City,True,73,1,577,11,2026-08-28T19:00:00Z,1,4,False,0,0,0,3,0,0,0,0,0,0,0,-3,12.6,1.3,2.0,1.6,7,3,1,8,1,0.00,0.00,0.00,2.01,45,-1838,34647,829,2667
anan_khalaili,Crystal Palace,DF,5.0,2,Man City,True,74,2,588,11,2026-08-28T19:00:00Z,1,4,False,0,0,0,3,0,0,0,1,0,0,0,9,26.4,1.5,3.0,3.1,4,5,10,14,1,0.02,0.00,0.02,2.01,50,-365,10199,462,827
zavier_gozo,Crystal Palace,MD,5.0,2,Man City,True,22,1,595,11,2026-08-28T19:00:00Z,1,4,False,0,0,0,1,0,0,0,0,0,0,0,3,1.4,1.3,0.0,0.3,0,0,1,1,0,0.00,0.00,0.00,0.20,50,-72,1414,101,173
christian_nørgaard,Everton,MD,5.0,2,Bournemouth,False,0,0,21,12,2026-08-29T14:00:00Z,1,1,False,0,0,0,0,0,0,0,0,0,0,0,0,0.0,0.0,0.0,0.0,0,0,0,0,0,0.00,0.00,0.00,0.00,50,-2764,8315,102,2866
brennan_johnson,Everton,MD,6.0,2,Bournemouth,False,28,1,209,12,2026-08-29T14:00:00Z,1,1,False,0,0,0,0,0,0,0,0,0,0,0,1,1.2,0.0,0.0,0.1,0,1,1,2,0,0.00,0.00,0.00,1.58,60,-1848,15402,732,2580
jordan_pickford,Everton,GK,5.5,2,Bournemouth,False,90,3,226,12,2026-08-29T14:00:00Z,1,1,False,0,0,0,1,0,0,0,0,0,4,0,22,31.6,0.0,0.0,3.2,4,11,0,0,1,0.00,0.00,0.00,2.16,55,35349,878157,63539,28190
mark_travers,Everton,GK,5.0,2,Bournemouth,False,0,0,227,12,2026-08-29T14:00:00Z,1,1,False,0,0,0,0,0,0,0,0,0,0,0,0,0.0,0.0,0.0,0.0,0,0,0,0,0,0.00,0.00,0.00,0.00,50,-113,3593,290,403
tom_king,Everton,GK,4.5,2,Bournemouth,False,0,0,228,12,2026-08-29T14:00:00Z,1,1,False,0,0,0,0,0,0,0,0,0,0,0,0,0.0,0.0,0.0,0.0,0,0,0,0,0,0.00,0.00,0.00,0.00,45,-136,4235,243,379
james_tarkowski,Everton,DF,6.0,2,Bournemouth,False,90,12,229,12,2026-08-29T14:00:00Z,1,1,False,1,0,0,1,0,0,0,0,0,0,2,27,54.8,11.3,19.0,8.5,9,3,1,10,1,0.10,0.01,0.11,2.16,60,5670,861719,42736,37066
jarrad_branthwaite,Everton,DF,5.5,2,Bournemouth,False,90,4,230,12,2026-08-29T14:00:00Z,1,1,False,0,0,0,1,0,0,0,0,0,0,0,6,22.6,1.5,33.0,5.7,11,3,1,12,1,0.09,0.01,0.10,2.16,55,10185,183710,19103,8918
michael_keane,Everton,DF,5.0,2,Bournemouth,False,0,0,231,12,2026-08-29T14:00:00Z,1,1,False,0,0,0,0,0,0,0,0,0,0,0,0,0.0,0.0,0.0,0.0,0,0,0,0,0,0.00,0.00,0.00,0.00,50,-21625,136213,3260,24885
jake_o'brien,Everton,DF,5.0,2,Bournemouth,False,0,0,232,12,2026-08-29T14:00:00Z,1,1,False,0,0,0,0,0,0,0,0,0,0,0,0,0.0,0.0,0.0,0.0,0,0,0,0,0,0.00,0.00,0.00,0.00,50,-6326,42208,1403,7729
vitalii_mykolenko,Everton,DF,4.5,2,Bournemouth,False,90,4,233,12,2026-08-29T14:00:00Z,1,1,False,0,0,0,1,0,0,0,0,0,0,0,7,36.8,1.0,0.0,3.8,11,7,1,12,1,0.00,0.01,0.01,2.16,45,12714,164056,21784,9070
nathan_patterson,Everton,DF,4.5,2,Bournemouth,False,0,0,234,12,2026-08-29T14:00:00Z,1,1,False,0,0,0,0,0,0,0,0,0,0,0,0,0.0,0.0,0.0,0.0,0,0,0,0,0,0.00,0.00,0.00,0.00,45,-162,3302,207,369
adam_aznou,Everton,DF,4.0,2,Bournemouth,False,0,0,235,12,2026-08-29T14:00:00Z,1,1,False,0,0,0,0,0,0,0,0,0,0,0,0,0.0,0.0,0.0,0.0,0,0,0,0,0,0.00,0.00,0.00,0.00,40,-679,18113,1009,1688
kiernan_dewsbury-hall,Everton,MD,6.5,2,Bournemouth,False,90,2,236,12,2026-08-29T14:00:00Z,1,1,False,0,0,0,1,0,0,0,0,0,0,0,24,19.4,52.3,9.0,8.1,0,7,3,10,1,0.06,0.16,0.22,2.16,65,105696,473030,132647,26951
jack_grealish,Everton,MD,6.5,2,Crystal Palace,False,0,0,238,11,2026-08-28T19:00:00Z,1,4,False,0,0,0,0,0,0,0,0,0,0,0,0,0.0,0.0,0.0,0.0,0,0,0,0,0,0.00,0.00,0.00,0.00,65,-1201,21085,1202,2403
james_garner,Everton,MD,6.0,2,Bournemouth,False,61,1,239,12,2026-08-29T14:00:00Z,1,1,False,0,0,0,1,0,0,0,1,0,0,0,9,3.4,1.1,0.0,0.5,0,7,3,10,1,0.00,0.00,0.00,0.58,60,-116,13621,1533,1649
tyrique_george,Everton,MD,5.5,2,Bournemouth,False,61,2,242,12,2026-08-29T14:00:00Z,1,1,False,0,0,0,1,0,0,0,0,0,0,0,12,6.0,12.2,16.0,3.4,0,1,1,2,1,0.05,0.01,0.06,0.58,55,-209,28043,2273,2482
carlos_alcaraz durán,Everton,MD,5.0,2,Bournemouth,False,4,0,243,12,2026-08-29T14:00:00Z,1,1,False,0,0,0,0,0,0,0,1,0,0,0,-2,0.0,0.5,8.0,0.5,0,0,0,0,0,0.03,0.02,0.05,0.00,50,-385,9333,753,1138
harrison_armstrong,Everton,MD,5.0,2,Bournemouth,False,86,2,244,12,2026-08-29T14:00:00Z,1,1,False,0,0,0,1,0,0,0,0,0,0,0,12,11.2,12.3,0.0,2.4,3,3,3,9,1,0.00,0.03,0.03,2.16,50,10319,24656,12786,2467
tyler_dibling,Everton,MD,5.5,2,Bournemouth,False,0,0,245,12,2026-08-29T14:00:00Z,1,1,False,0,0,0,0,0,0,0,0,0,0,0,0,0.0,0.0,0.0,0.0,0,0,0,0,0,0.00,0.00,0.00,0.00,55,-550,3529,201,751
merlin_röhl,Everton,MD,5.0,2,Bournemouth,False,85,2,246,12,2026-08-29T14:00:00Z,1,1,False,0,0,0,1,0,0,0,0,0,0,0,13,8.4,2.3,0.0,1.1,2,4,3,9,1,0.00,0.01,0.01,2.16,50,-118,5759,518,636
hayden_hackney,Everton,MD,5.5,2,Bournemouth,False,28,1,247,12,2026-08-29T14:00:00Z,1,1,False,0,0,0,0,0,0,0,0,0,0,0,3,7.8,1.4,2.0,1.1,2,1,0,3,0,0.00,0.01,0.01,1.58,55,-2358,24628,844,3202
norberto bercique_gomes betuncal,Everton,FW,5.5,2,Bournemouth,False,20,1,248,12,2026-08-29T14:00:00Z,1,1,False,0,0,0,0,0,0,0,0,0,0,0,2,3.0,0.3,3.0,0.6,1,0,0,1,0,0.04,0.00,0.04,1.58,55,-35102,227543,7709,42811
thierno_barry,Everton,FW,5.5,2,Bournemouth,False,69,2,249,12,2026-08-29T14:00:00Z,1,1,False,0,0,0,1,0,0,0,0,0,0,0,6,10.0,11.7,58.0,8.0,2,1,0,3,1,1.48,0.00,1.48,0.58,55,127837,352239,150265,22428
bernd_leno,Fulham,GK,4.5,2,Sunderland,False,90,3,250,19,2026-08-30T13:00:00Z,1,0,False,0,0,0,1,0,0,0,0,0,3,0,11,19.2,0.0,0.0,1.9,2,8,0,0,1,0.00,0.00,0.00,2.02,45,645,300981,12174,11529
benjamin_lecomte,Fulham,GK,4.0,2,Sunderland,False,0,0,251,19,2026-08-30T13:00:00Z,1,0,False,0,0,0,0,0,0,0,0,0,0,0,0,0.0,0.0,0.0,0.0,0,0,0,0,0,0.00,0.00,0.00,0.00,40,-2636,117798,1492,4128
alfie_mcnally,Fulham,GK,4.0,2,Sunderland,False,0,0,252,19,2026-08-30T13:00:00Z,1,0,False,0,0,0,0,0,0,0,0,0,0,0,0,0.0,0.0,0.0,0.0,0,0,0,0,0,0.00,0.00,0.00,0.00,40,185,15794,805,620
joachim_andersen,Fulham,DF,5.0,2,Sunderland,False,90,1,253,19,2026-08-30T13:00:00Z,1,0,False,0,0,0,1,0,0,0,1,0,0,0,4,17.8,12.9,2.0,3.3,8,2,0,8,1,0.00,0.04,0.04,2.02,50,1684,7735,2314,630
antonee_robinson,Fulham,DF,4.5,2,Sunderland,False,90,2,254,19,2026-08-30T13:00:00Z,1,0,False,0,0,0,1,0,0,0,0,0,0,0,10,9.8,4.6,0.0,1.4,0,2,3,3,1,0.00,0.02,0.02,2.02,45,1752,165662,11181,9429
jorge_cuenca barreno,Fulham,DF,4.5,2,Sunderland,False,0,0,255,19,2026-08-30T13:00:00Z,1,0,False,0,0,0,0,0,0,0,0,0,0,0,0,0.0,0.0,0.0,0.0,0,0,0,0,0,0.00,0.00,0.00,0.00,45,522,3423,781,259
kenny_tete,Fulham,DF,4.5,2,Sunderland,False,0,0,256,19,2026-08-30T13:00:00Z,1,0,False,0,0,0,0,0,0,0,0,0,0,0,0,0.0,0.0,0.0,0.0,0,0,0,0,0,0.00,0.00,0.00,0.00,45,-1723,25956,338,2061
calvin_bassey,Fulham,DF,4.5,2,Sunderland,False,90,2,257,19,2026-08-30T13:00:00Z,1,0,False,0,0,0,1,0,0,0,0,0,0,0,13,19.4,2.6,0.0,2.2,6,6,1,7,1,0.00,0.01,0.01,2.02,45,821,75885,6863,6042
timothy_castagne,Fulham,DF,4.5,2,Sunderland,False,67,6,258,19,2026-08-30T13:00:00Z,1,0,False,0,0,1,0,0,0,0,0,0,0,0,18,0.0,0.7,0.0,0.0,1,2,1,2,1,0.00,0.00,0.00,0.26,45,9481,45933,12096,2615
alex_iwobi,Fulham,MD,5.5,2,Sunderland,False,90,2,261,19,2026-08-30T13:00:00Z,1,0,False,0,0,0,1,0,0,0,0,0,0,0,20,12.0,35.5,2.0,5.0,1,2,1,4,1,0.01,0.40,0.41,2.02,55,-3301,95898,6095,9396
emile_smith rowe,Fulham,MD,5.5,2,Sunderland,False,14,1,262,19,2026-08-30T13:00:00Z,1,0,False,0,0,0,0,0,0,0,0,0,0,0,5,5.2,22.8,7.0,3.5,0,1,0,1,0,0.06,0.02,0.08,0.41,55,-3334,36765,1414,4748
kevin_santos lopes de macedo,Fulham,MD,5.5,2,Sunderland,False,7,1,263,19,2026-08-30T13:00:00Z,1,0,False,0,0,0,0,0,0,0,0,0,0,0,2,0.0,1.5,0.0,0.1,0,0,0,0,0,0.00,0.04,0.04,0.17,55,-443,5495,419,862
oscar_bobb,Fulham,MD,5.5,2,Sunderland,False,67,3,264,19,2026-08-30T13:00:00Z,1,0,False,0,0,1,0,0,0,0,0,0,0,0,8,7.0,12.4,6.0,2.5,1,2,2,5,1,0.00,0.01,0.01,0.26,55,1523,33606,4520,2997
sander_berge,Fulham,MD,5.0,2,Sunderland,False,82,2,265,19,2026-08-30T13:00:00Z,1,0,False,0,0,0,1,0,0,0,0,0,0,0,14,6.0,27.9,2.0,3.6,0,2,0,2,1,0.00,0.20,0.20,1.85,50,-1868,38868,1465,3333
tom_cairney,Fulham,MD,5.0,2,Sunderland,False,0,0,266,19,2026-08-30T13:00:00Z,1,0,False,0,0,0,0,0,0,0,0,0,0,0,0,0.0,0.0,0.0,0.0,0,0,0,0,0,0.00,0.00,0.00,0.00,50,-103,379,12,115
josh_king,Fulham,MD,5.5,2,Sunderland,False,90,2,268,19,2026-08-30T13:00:00Z,1,0,False,0,0,0,1,0,0,0,0,0,0,0,8,10.6,4.5,21.0,3.6,1,1,2,4,1,0.47,0.03,0.50,2.02,55,30519,59498,34683,4164
ryan_sessegnon,Fulham,DF,4.5,2,Sunderland,False,22,1,269,19,2026-08-30T13:00:00Z,1,0,False,0,0,0,1,0,0,0,0,0,0,0,3,8.6,11.0,8.0,2.8,0,1,1,1,0,0.02,0.12,0.14,1.77,45,-2055,41879,959,3014
harrison_reed,Fulham,MD,4.5,2,Sunderland,False,0,0,270,19,2026-08-30T13:00:00Z,1,0,False,0,0,0,0,0,0,0,0,0,0,0,0,0.0,0.0,0.0,0.0,0,0,0,0,0,0.00,0.00,0.00,0.00,45,-8921,141446,5582,14503
rodrigo_muniz carvalho,Fulham,FW,5.5,2,Sunderland,False,0,0,271,19,2026-08-30T13:00:00Z,1,0,False,0,0,0,0,0,0,0,0,0,0,0,0,0.0,0.0,0.0,0.0,0,0,0,0,0,0.00,0.00,0.00,0.00,55,-4078,54718,2812,6890
jonah_kusi-asare,Fulham,FW,4.5,2,Sunderland,False,0,0,272,19,2026-08-30T13:00:00Z,1,0,False,0,0,0,0,0,0,0,0,0,0,0,0,0.0,0.0,0.0,0.0,0,0,0,0,0,0.00,0.00,0.00,0.00,45,-20589,685336,23688,44277
gonzalo_garcía,Fulham,FW,6.0,2,Sunderland,False,90,2,569,19,2026-08-30T13:00:00Z,1,0,False,0,0,0,1,0,0,0,0,0,0,0,2,5.6,2.8,24.0,3.2,2,2,0,4,1,0.27,0.01,0.28,2.02,60,135011,399587,152218,17207
césar_palacios,Fulham,MD,5.5,2,Sunderland,False,75,1,570,19,2026-08-30T13:00:00Z,1,0,False,0,0,0,1,0,0,0,1,0,0,0,6,3.0,1.3,3.0,0.7,3,6,0,9,1,0.02,0.00,0.02,1.62,55,-874,20418,910,1784
shea_charles,Fulham,MD,5.0,2,Sunderland,False,22,1,580,19,2026-08-30T13:00:00Z,1,0,False,0,0,0,1,0,0,0,0,0,0,0,2,0.6,2.8,6.0,0.9,1,1,0,2,0,0.09,0.03,0.12,1.77,50,-449,8645,359,808
luc_de fougerolles,Fulham,DF,4.0,2,Sunderland,False,0,0,610,19,2026-08-30T13:00:00Z,1,0,False,0,0,0,0,0,0,0,0,0,0,0,0,0.0,0.0,0.0,0.0,0,0,0,0,0,0.00,0.00,0.00,0.00,40,2577,7950,3051,474
macauley_zepa,Fulham,MD,4.5,2,Sunderland,False,0,0,626,19,2026-08-30T13:00:00Z,1,0,False,0,0,0,0,0,0,0,0,0,0,0,0,0.0,0.0,0.0,0.0,0,0,0,0,0,0.00,0.00,0.00,0.00,45,0,0,0,0
tim_iroegbunam,Hull City,MD,5.0,2,Bournemouth,False,4,1,240,12,2026-08-29T14:00:00Z,1,1,False,0,0,0,0,0,0,0,0,0,0,0,2,0.0,0.0,0.0,0.0,0,0,0,0,0,0.00,0.00,0.00,0.00,50,-327,1093,21,348
dillon_phillips,Hull City,GK,4.0,2,Coventry City,False,0,0,273,13,2026-08-29T14:00:00Z,0,1,False,0,0,0,0,0,0,0,0,0,0,0,0,0.0,0.0,0.0,0.0,0,0,0,0,0,0.00,0.00,0.00,0.00,40,-3979,150763,3115,7094
jack_butland,Hull City,GK,4.5,2,Coventry City,False,0,0,274,13,2026-08-29T14:00:00Z,0,1,False,0,0,0,0,0,0,0,0,0,0,0,0,0.0,0.0,0.0,0.0,0,0,0,0,0,0.00,0.00,0.00,0.00,45,-1614,9646,124,1738
harvey_cartwright,Hull City,GK,4.0,2,Coventry City,False,0,0,275,13,2026-08-29T14:00:00Z,0,1,False,0,0,0,0,0,0,0,0,0,0,0,0,0.0,0.0,0.0,0.0,0,0,0,0,0,0.00,0.00,0.00,0.00,40,-111,909,0,111
thimothée_lo-tutala,Hull City,GK,4.0,2,Coventry City,False,0,0,276,13,2026-08-29T14:00:00Z,0,1,False,0,0,0,0,0,0,0,0,0,0,0,0,0.0,0.0,0.0,0.0,0,0,0,0,0,0.00,0.00,0.00,0.00,40,-383,3116,0,383
john_egan,Hull City,DF,4.0,2,Coventry City,False,90,9,277,13,2026-08-29T14:00:00Z,0,1,False,0,0,1,0,0,0,0,0,0,0,1,25,23.8,0.4,0.0,2.4,12,1,1,13,1,0.00,0.00,0.00,1.29,40,31730,197783,42937,11207
charlie_hughes,Hull City,DF,4.0,2,Coventry City,False,0,0,278,13,2026-08-29T14:00:00Z,0,1,False,0,0,0,0,0,0,0,0,0,0,0,0,0.0,0.0,0.0,0.0,0,0,0,0,0,0.00,0.00,0.00,0.00,40,-2221,10606,99,2320
semi_ajayi,Hull City,DF,4.0,2,Coventry City,False,90,6,279,13,2026-08-29T14:00:00Z,0,1,False,0,0,1,0,0,0,0,0,0,0,0,24,15.6,0.8,0.0,1.6,5,5,2,7,1,0.00,0.00,0.00,1.29,40,63813,200860,79406,15593
lewie_coyle,Hull City,DF,4.0,2,Coventry City,False,45,0,280,13,2026-08-29T14:00:00Z,0,1,False,0,0,0,0,0,0,0,1,0,0,0,2,4.6,0.3,0.0,0.5,4,1,0,4,1,0.00,0.00,0.00,1.09,40,-2458,62770,2623,5081
cody_drameh,Hull City,DF,4.0,2,Coventry City,False,45,1,281,13,2026-08-29T14:00:00Z,0,1,False,0,0,0,0,0,0,0,0,0,0,0,4,4.2,0.4,0.0,0.5,3,2,0,3,0,0.00,0.00,0.00,0.20,40,695,7175,1108,413
ryan_giles,Hull City,DF,4.0,2,Coventry City,False,90,6,282,13,2026-08-29T14:00:00Z,0,1,False,0,0,1,0,0,0,0,0,0,0,0,21,9.6,15.0,2.0,2.7,1,4,1,2,1,0.00,0.07,0.07,1.29,40,8701,90479,12892,4191
matty_jacob,Hull City,DF,4.0,2,Coventry City,False,0,0,283,13,2026-08-29T14:00:00Z,0,1,False,0,0,0,0,0,0,0,0,0,0,0,0,0.0,0.0,0.0,0.0,0,0,0,0,0,0.00,0.00,0.00,0.00,40,-171,1177,57,228
cathal_mccarthy,Hull City,DF,4.0,2,Coventry City,False,0,0,284,13,2026-08-29T14:00:00Z,0,1,False,0,0,0,0,0,0,0,0,0,0,0,0,0.0,0.0,0.0,0.0,0,0,0,0,0,0.00,0.00,0.00,0.00,40,-284,8232,675,959
paddy_mcnair,Hull City,DF,4.0,2,Coventry City,False,0,0,285,13,2026-08-29T14:00:00Z,0,1,False,0,0,0,0,0,0,0,0,0,0,0,0,0.0,0.0,0.0,0.0,0,0,0,0,0,0.00,0.00,0.00,0.00,40,-44,13083,646,690
mohamed_belloumi,Hull City,MD,5.0,2,Coventry City,False,82,6,286,13,2026-08-29T14:00:00Z,0,1,False,0,1,1,0,0,0,0,0,0,0,0,23,23.2,12.1,11.0,4.6,3,5,2,10,1,0.12,0.02,0.14,1.11,50,9859,63814,13890,4031
liam_millar,Hull City,MD,5.0,2,Coventry City,False,31,6,287,13,2026-08-29T14:00:00Z,0,1,False,1,0,0,0,0,0,0,0,0,0,0,24,34.0,0.8,13.0,4.8,1,0,0,1,0,0.58,0.00,0.58,0.20,50,-682,6233,305,987
kieran_dowell,Hull City,MD,4.5,2,Coventry City,False,0,0,288,13,2026-08-29T14:00:00Z,0,1,False,0,0,0,0,0,0,0,0,0,0,0,0,0.0,0.0,0.0,0.0,0,0,0,0,0,0.00,0.00,0.00,0.00,45,-2542,35966,1716,4258
matt_crooks,Hull City,MD,4.5,2,Coventry City,False,0,0,289,13,2026-08-29T14:00:00Z,0,1,False,0,0,0,0,0,0,0,0,0,0,0,0,0.0,0.0,0.0,0.0,0,0,0,0,0,0.00,0.00,0.00,0.00,45,4451,71261,10141,5690
regan_slater,Hull City,MD,4.5,2,Coventry City,False,90,2,290,13,2026-08-29T14:00:00Z,0,1,False,0,0,1,0,0,0,0,1,0,0,0,6,9.8,2.8,2.0,1.5,2,4,4,10,1,0.00,0.01,0.01,1.29,45,69997,391444,92371,22374
eliot_matazo,Hull City,MD,4.5,2,Coventry City,False,0,0,291,13,2026-08-29T14:00:00Z,0,1,False,0,0,0,0,0,0,0,0,0,0,0,0,0.0,0.0,0.0,0.0,0,0,0,0,0,0.00,0.00,0.00,0.00,45,-32,625,64,96
abdülkadir_ömür,Hull City,MD,5.0,2,Coventry City,False,0,0,292,13,2026-08-29T14:00:00Z,0,1,False,0,0,0,0,0,0,0,0,0,0,0,0,0.0,0.0,0.0,0.0,0,0,0,0,0,0.00,0.00,0.00,0.00,50,-178,1668,209,387
abu_kamara,Hull City,MD,5.0,2,Coventry City,False,0,0,293,13,2026-08-29T14:00:00Z,0,1,False,0,0,0,0,0,0,0,0,0,0,0,0,0.0,0.0,0.0,0.0,0,0,0,0,0,0.00,0.00,0.00,0.00,50,-197,353,0,197
óscar_zambrano,Hull City,MD,4.5,2,Coventry City,False,0,0,294,13,2026-08-29T14:00:00Z,0,1,False,0,0,0,0,0,0,0,0,0,0,0,0,0.0,0.0,0.0,0.0,0,0,0,0,0,0.00,0.00,0.00,0.00,45,-1658,10090,491,2149
oli_mcburnie,Hull City,FW,5.5,2,Coventry City,False,90,1,295,13,2026-08-29T14:00:00Z,0,1,False,0,0,1,0,0,0,0,1,0,0,0,7,0.8,13.3,8.0,2.2,0,4,0,4,1,0.00,0.01,0.01,1.29,55,66700,219548,82641,15941
david_akintola,Hull City,MD,5.0,2,Coventry City,False,0,0,296,13,2026-08-29T14:00:00Z,0,1,False,0,0,0,0,0,0,0,0,0,0,0,0,0.0,0.0,0.0,0.0,0,0,0,0,0,0.00,0.00,0.00,0.00,50,-26,4113,914,940
darko_gyabi,Hull City,MD,4.5,2,Coventry City,False,0,0,297,13,2026-08-29T14:00:00Z,0,1,False,0,0,0,0,0,0,0,0,0,0,0,0,0.0,0.0,0.0,0.0,0,0,0,0,0,0.00,0.00,0.00,0.00,45,-462,2377,64,526
enis_destan,Hull City,FW,4.5,2,Coventry City,False,0,0,298,13,2026-08-29T14:00:00Z,0,1,False,0,0,0,0,0,0,0,0,0,0,0,0,0.0,0.0,0.0,0.0,0,0,0,0,0,0.00,0.00,0.00,0.00,45,-8866,31698,0,8866
mason_burstow,Hull City,FW,4.5,2,Coventry City,False,0,0,299,13,2026-08-29T14:00:00Z,0,1,False,0,0,0,0,0,0,0,0,0,0,0,0,0.0,0.0,0.0,0.0,0,0,0,0,0,0.00,0.00,0.00,0.00,45,-1210,5122,0,1210
joe_gelhardt,Hull City,MD,5.0,2,Coventry City,False,0,0,340,13,2026-08-29T14:00:00Z,0,1,False,0,0,0,0,0,0,0,0,0,0,0,0,0.0,0.0,0.0,0.0,0,0,0,0,0,0.00,0.00,0.00,0.00,50,-243,1160,45,288
matt_targett,Hull City,DF,4.0,2,Coventry City,False,0,0,556,13,2026-08-29T14:00:00Z,0,1,False,0,0,0,0,0,0,0,0,0,0,0,0,0.0,0.0,0.0,0.0,0,0,0,0,0,0.00,0.00,0.00,0.00,40,-10048,224749,5393,15441
hidemasa_morita,Hull City,MD,5.0,2,Coventry City,False,45,1,563,13,2026-08-29T14:00:00Z,0,1,False,0,0,0,0,0,0,0,0,0,0,0,6,11.0,13.4,0.0,2.4,2,1,0,3,1,0.00,0.00,0.00,1.09,50,-210,2129,118,328
konstantinos_tzolakis,Hull City,GK,4.5,2,Coventry City,False,90,10,572,13,2026-08-29T14:00:00Z,0,1,False,0,0,1,0,0,0,0,0,0,3,3,32,26.2,0.0,0.0,2.6,0,11,0,0,1,0.00,0.00,0.00,1.29,45,89555,301344,101970,12415
jens_hjertø-dahl,Hull City,MD,5.0,2,Coventry City,False,0,0,574,13,2026-08-29T14:00:00Z,0,1,False,0,0,0,0,0,0,0,0,0,0,0,0,0.0,0.0,0.0,0.0,0,0,0,0,0,0.00,0.00,0.00,0.00,50,-662,7716,307,969
elliot_stroud,Hull City,MD,5.0,2,Coventry City,False,58,0,576,13,2026-08-29T14:00:00Z,0,1,False,0,0,0,0,0,0,0,1,0,0,0,-2,0.0,4.3,7.0,0.9,2,5,0,7,1,0.01,0.01,0.02,1.09,50,833,9465,1430,597
lucas_herrington,Hull City,DF,4.0,2,Coventry City,False,31,1,585,13,2026-08-29T14:00:00Z,0,1,False,0,0,0,0,0,0,0,0,0,0,0,3,3.0,0.2,0.0,0.3,1,0,0,1,0,0.00,0.00,0.00,0.20,40,-831,63919,2771,3602
nobel_mendy,Hull City,DF,4.0,2,Coventry City,False,58,1,586,13,2026-08-29T14:00:00Z,0,1,False,0,0,0,0,0,0,0,0,0,0,0,9,27.6,0.0,7.0,3.5,7,2,2,9,1,0.01,0.00,0.01,1.09,40,160120,418634,179580,19460
lucas_gourna-douath,Hull City,MD,5.0,2,Coventry City,False,45,1,589,13,2026-08-29T14:00:00Z,0,1,False,0,0,0,0,0,0,0,0,0,0,0,6,12.8,0.9,0.0,1.4,1,2,3,6,0,0.00,0.01,0.01,0.20,50,-178,2781,135,313
mohamed-ali_cho,Hull City,MD,5.0,2,Coventry City,False,7,1,617,13,2026-08-29T14:00:00Z,0,1,False,0,0,0,0,0,0,0,0,0,0,0,3,0.4,0.3,0.0,0.1,0,0,0,0,0,0.00,0.00,0.00,0.18,50,23,49,25,2
issa_diop,Ipswich Town,DF,4.0,2,Man Utd,False,90,2,259,18,2026-08-30T15:30:00Z,5,2,False,0,0,0,5,0,0,0,0,0,0,0,7,40.8,0.3,0.0,4.1,12,4,0,12,1,0.00,0.00,0.00,4.77,40,-44411,1683238,26513,70924
saša_lukić,Ipswich Town,MD,5.0,2,Man Utd,False,72,1,267,18,2026-08-30T15:30:00Z,5,2,False,0,0,0,4,0,0,0,1,0,0,0,11,17.4,11.9,2.0,3.1,7,1,3,11,1,0.02,0.02,0.04,3.91,50,-167,12592,1178,1345
christian_walton,Ipswich Town,GK,4.5,2,Man Utd,False,0,0,300,18,2026-08-30T15:30:00Z,5,2,False,0,0,0,0,0,0,0,0,0,0,0,0,0.0,0.0,0.0,0.0,0,0,0,0,0,0.00,0.00,0.00,0.00,45,-4363,48759,209,4572
alex_palmer,Ipswich Town,GK,4.0,2,Man Utd,False,0,0,301,18,2026-08-30T15:30:00Z,5,2,False,0,0,0,0,0,0,0,0,0,0,0,0,0.0,0.0,0.0,0.0,0,0,0,0,0,0.00,0.00,0.00,0.00,40,-9662,442454,7686,17348
david_button,Ipswich Town,GK,4.0,2,Man Utd,False,0,0,302,18,2026-08-30T15:30:00Z,5,2,False,0,0,0,0,0,0,0,0,0,0,0,0,0.0,0.0,0.0,0.0,0,0,0,0,0,0.00,0.00,0.00,0.00,40,140,44640,1959,1819
cédric_kipré,Ipswich Town,DF,4.0,2,Man Utd,False,0,0,303,18,2026-08-30T15:30:00Z,5,2,False,0,0,0,0,0,0,0,0,0,0,0,0,0.0,0.0,0.0,0.0,0,0,0,0,0,0.00,0.00,0.00,0.00,40,-4615,60443,332,4947
dara_o'shea,Ipswich Town,DF,4.0,2,Man Utd,False,90,0,304,18,2026-08-30T15:30:00Z,5,2,False,0,0,0,5,0,0,0,0,0,0,0,-14,0.0,0.8,9.0,0.9,1,2,0,1,1,0.07,0.01,0.08,4.77,40,1655,338381,15639,13984
leif_davis,Ipswich Town,DF,4.0,2,Man Utd,False,90,6,305,18,2026-08-30T15:30:00Z,5,2,False,1,0,0,5,0,0,0,0,0,0,0,1,47.0,14.7,50.0,11.2,4,1,0,4,1,0.54,0.12,0.66,4.77,40,-13968,482824,7322,21290
jacob_greaves,Ipswich Town,DF,4.0,2,Man Utd,False,90,-1,306,18,2026-08-30T15:30:00Z,5,2,False,0,0,0,5,1,0,0,1,0,0,0,-13,18.4,1.3,0.0,2.0,9,4,1,10,1,0.00,0.01,0.01,4.77,40,-4475,141835,1636,6111
ben_johnson,Ipswich Town,DF,4.0,2,Man Utd,False,0,0,307,18,2026-08-30T15:30:00Z,5,2,False,0,0,0,0,0,0,0,0,0,0,0,0,0.0,0.0,0.0,0.0,0,0,0,0,0,0.00,0.00,0.00,0.00,40,-595,10501,427,1022
darnell_furlong,Ipswich Town,DF,4.0,2,Man Utd,False,17,1,308,18,2026-08-30T15:30:00Z,5,2,False,0,0,0,1,0,0,0,0,0,0,0,-1,5.0,0.5,0.0,0.6,2,0,1,3,0,0.00,0.00,0.00,0.86,40,-4147,59266,269,4416
marcelino_núñez,Ipswich Town,MD,5.0,2,Man Utd,False,61,2,309,18,2026-08-30T15:30:00Z,5,2,False,0,0,0,3,0,0,0,0,0,0,0,6,11.6,12.1,2.0,2.6,4,4,1,9,1,0.00,0.02,0.02,2.85,50,-196,14039,1197,1393
azor_matusiwa,Ipswich Town,MD,5.0,2,Man Utd,False,0,0,310,18,2026-08-30T15:30:00Z,5,2,False,0,0,0,0,0,0,0,0,0,0,0,0,0.0,0.0,0.0,0.0,0,0,0,0,0,0.00,0.00,0.00,0.00,50,-104,328,8,112
wes_burns,Ipswich Town,MD,5.0,2,Man Utd,False,0,0,311,18,2026-08-30T15:30:00Z,5,2,False,0,0,0,0,0,0,0,0,0,0,0,0,0.0,0.0,0.0,0.0,0,0,0,0,0,0.00,0.00,0.00,0.00,50,-191,366,0,191
jack_taylor,Ipswich Town,MD,4.5,2,Man Utd,False,0,0,312,18,2026-08-30T15:30:00Z,5,2,False,0,0,0,0,0,0,0,0,0,0,0,0,0.0,0.0,0.0,0.0,0,0,0,0,0,0.00,0.00,0.00,0.00,45,-772,3887,111,883
jack_clarke,Ipswich Town,MD,5.5,2,Man Utd,False,0,0,313,18,2026-08-30T15:30:00Z,5,2,False,0,0,0,0,0,0,0,0,0,0,0,0,0.0,0.0,0.0,0.0,0,0,0,0,0,0.00,0.00,0.00,0.00,55,759,29170,3202,2443
chiedozie_ogbene,Ipswich Town,MD,5.0,2,Man Utd,False,0,0,314,18,2026-08-30T15:30:00Z,5,2,False,0,0,0,0,0,0,0,0,0,0,0,0,0.0,0.0,0.0,0.0,0,0,0,0,0,0.00,0.00,0.00,0.00,50,-206,1468,37,243
abdul_fatawu,Ipswich Town,MD,5.5,2,Man Utd,False,82,4,315,18,2026-08-30T15:30:00Z,5,2,False,0,1,0,5,0,0,0,1,0,0,0,25,26.6,42.3,2.0,7.1,1,2,1,4,1,0.00,0.22,0.22,4.59,55,-2198,21573,570,2768
emersonn_correia da silva,Ipswich Town,FW,5.5,2,Man Utd,False,45,1,316,18,2026-08-30T15:30:00Z,5,2,False,0,0,0,1,0,0,0,0,0,0,0,7,1.0,11.1,2.0,1.4,1,0,0,1,1,0.00,0.00,0.00,0.77,55,59997,182058,76807,16810
george_hirst,Ipswich Town,FW,5.0,2,Man Utd,False,0,0,317,18,2026-08-30T15:30:00Z,5,2,False,0,0,0,0,0,0,0,0,0,0,0,0,0.0,0.0,0.0,0.0,0,0,0,0,0,0.00,0.00,0.00,0.00,50,-8695,16241,0,8695
jaden_philogene,Ipswich Town,MD,5.5,2,Man Utd,False,0,0,318,18,2026-08-30T15:30:00Z,5,2,False,0,0,0,0,0,0,0,0,0,0,0,0,0.0,0.0,0.0,0.0,0,0,0,0,0,0.00,0.00,0.00,0.00,55,-3822,12592,106,3928
sam_szmodics,Ipswich Town,MD,5.0,2,Man Utd,False,0,0,319,18,2026-08-30T15:30:00Z,5,2,False,0,0,0,0,0,0,0,0,0,0,0,0,0.0,0.0,0.0,0.0,0,0,0,0,0,0.00,0.00,0.00,0.00,50,-409,615,0,409
chuba_akpom,Ipswich Town,FW,5.0,2,Man Utd,False,45,5,320,18,2026-08-30T15:30:00Z,5,2,False,1,0,0,4,0,0,0,0,0,0,0,30,33.2,1.7,17.0,5.2,0,0,0,0,0,0.97,0.00,0.97,4.01,50,-1625,52422,4625,6250
sindre_walle egeli,Ipswich Town,FW,4.5,2,Man Utd,False,0,0,321,18,2026-08-30T15:30:00Z,5,2,False,0,0,0,0,0,0,0,0,0,0,0,0,0.0,0.0,0.0,0.0,0,0,0,0,0,0.00,0.00,0.00,0.00,45,17271,247770,40712,23441
ali_al-hamadi,Ipswich Town,FW,5.0,2,Man Utd,False,0,0,322,18,2026-08-30T15:30:00Z,5,2,False,0,0,0,0,0,0,0,0,0,0,0,0,0.0,0.0,0.0,0.0,0,0,0,0,0,0.00,0.00,0.00,0.00,50,-2247,12213,755,3002
kasey_mcateer,Ipswich Town,MD,4.5,2,Man Utd,False,7,1,323,18,2026-08-30T15:30:00Z,5,2,False,0,0,0,0,0,0,0,0,0,0,0,3,0.2,0.0,0.0,0.0,0,1,0,1,0,0.00,0.00,0.00,0.18,45,-5950,133761,5615,11565
anis_mehmeti,Ipswich Town,MD,5.0,2,Man Utd,False,0,0,324,18,2026-08-30T15:30:00Z,5,2,False,0,0,0,0,0,0,0,0,0,0,0,0,0.0,0.0,0.0,0.0,0,0,0,0,0,0.00,0.00,0.00,0.00,50,-639,4692,47,686
kayne_van oevelen,Ipswich Town,GK,4.5,2,Man Utd,False,0,0,554,18,2026-08-30T15:30:00Z,5,2,False,0,0,0,0,0,0,0,0,0,0,0,0,0.0,0.0,0.0,0.0,0,0,0,0,0,0.00,0.00,0.00,0.00,45,-583,3085,54,637
daizen_maeda,Ipswich Town,MD,5.5,2,Man Utd,False,72,2,562,18,2026-08-30T15:30:00Z,5,2,False,0,0,0,4,0,0,0,0,0,0,0,10,8.0,1.4,19.0,2.8,3,1,1,5,1,0.06,0.01,0.07,3.91,55,-3302,37115,740,4042
kjell_scherpen,Ipswich Town,GK,4.5,2,Man Utd,False,90,2,564,18,2026-08-30T15:30:00Z,5,2,False,0,0,0,5,0,0,0,0,0,6,0,9,46.4,0.0,0.0,4.6,4,13,0,0,1,0.00,0.01,0.01,4.77,45,-2247,62701,1329,3576
florentino ibrain_morris luís,Ipswich Town,MD,5.0,2,Man Utd,False,0,0,571,18,2026-08-30T15:30:00Z,5,2,False,0,0,0,0,0,0,0,0,0,0,0,0,0.0,0.0,0.0,0.0,0,0,0,0,0,0.00,0.00,0.00,0.00,50,-1993,11870,214,2207
julio_enciso,Ipswich Town,MD,5.5,2,Man Utd,False,90,5,591,18,2026-08-30T15:30:00Z,5,2,False,0,1,0,5,0,0,0,0,0,0,0,25,21.8,12.4,21.0,5.5,0,7,1,8,1,0.40,0.31,0.71,4.77,55,13215,48266,17669,4454
abdoul_ouattara,Ipswich Town,DF,4.0,2,Man Utd,False,17,1,592,18,2026-08-30T15:30:00Z,5,2,False,0,0,0,1,0,0,0,0,0,0,0,-1,0.6,0.6,0.0,0.1,0,1,0,0,0,0.00,0.00,0.00,0.86,40,-3097,99458,2769,5866
cameron_humphreys,Ipswich Town,MD,4.5,2,Man Utd,False,0,0,602,18,2026-08-30T15:30:00Z,5,2,False,0,0,0,0,0,0,0,0,0,0,0,0,0.0,0.0,0.0,0.0,0,0,0,0,0,0.00,0.00,0.00,0.00,45,942,3086,1275,333
exequiel_palacios,Ipswich Town,MD,5.0,2,Man Utd,False,28,1,619,18,2026-08-30T15:30:00Z,5,2,False,0,0,0,2,0,0,0,0,0,0,0,11,7.2,12.0,2.0,2.1,2,3,1,6,0,0.00,0.01,0.01,1.92,50,84,127,89,5
harry_wilson,Leeds,MD,6.5,2,Brentford,True,45,1,260,17,2026-08-30T13:00:00Z,1,1,False,0,0,0,0,0,0,0,0,0,0,0,7,8.4,12.1,6.0,2.7,2,3,1,6,0,0.01,0.04,0.05,1.13,65,-42839,557212,14929,57768
lucas estella_perri,Leeds,GK,4.5,2,Brentford,True,0,0,326,17,2026-08-30T13:00:00Z,1,1,False,0,0,0,0,0,0,0,0,0,0,0,0,0.0,0.0,0.0,0.0,0,0,0,0,0,0.00,0.00,0.00,0.00,45,-5031,54468,328,5359
jaka_bijol,Leeds,DF,5.0,2,Brentford,True,45,1,327,17,2026-08-30T13:00:00Z,1,1,False,0,0,0,1,0,0,0,0,0,0,0,0,8.4,0.2,0.0,0.9,5,2,0,5,1,0.00,0.00,0.00,0.55,50,37035,96315,45219,8184
joe_rodon,Leeds,DF,4.5,2,Brentford,True,33,1,329,17,2026-08-30T13:00:00Z,1,1,False,0,0,0,0,0,0,0,0,0,0,0,4,8.6,0.3,2.0,1.1,4,1,0,4,1,0.00,0.00,0.00,0.35,45,9026,358288,21600,12574
jayden_bogle,Leeds,DF,4.5,2,Brentford,True,67,2,330,17,2026-08-30T13:00:00Z,1,1,False,0,0,0,1,0,0,0,0,0,0,0,9,18.6,11.3,4.0,3.4,5,5,2,7,1,0.00,0.01,0.01,0.74,45,2801,54809,5925,3124
gabriel_gudmundsson,Leeds,DF,4.5,2,Brentford,True,0,0,331,17,2026-08-30T13:00:00Z,1,1,False,0,0,0,0,0,0,0,0,0,0,0,0,0.0,0.0,0.0,0.0,0,0,0,0,0,0.00,0.00,0.00,0.00,45,-926,4329,66,992
james_justin,Leeds,DF,4.5,2,Brentford,True,90,2,332,17,2026-08-30T13:00:00Z,1,1,False,0,0,0,1,0,0,0,0,0,0,0,12,24.6,11.8,9.0,4.5,6,3,2,8,1,0.03,0.01,0.04,1.67,45,34143,121554,43534,9391
sebastiaan_bornauw,Leeds,DF,4.5,2,Brentford,True,0,0,333,17,2026-08-30T13:00:00Z,1,1,False,0,0,0,0,0,0,0,0,0,0,0,0,0.0,0.0,0.0,0.0,0,0,0,0,0,0.00,0.00,0.00,0.00,45,-170,335,0,170
tarik_muharemović,Leeds,DF,5.0,2,Brentford,True,90,4,334,17,2026-08-30T13:00:00Z,1,1,False,0,0,0,1,0,0,0,0,0,0,0,17,51.6,0.8,2.0,5.4,17,3,2,19,1,0.00,0.01,0.01,1.67,50,9697,336009,21539,11842
anton_stach,Leeds,MD,6.0,2,Brentford,True,90,4,335,17,2026-08-30T13:00:00Z,1,1,False,0,0,0,1,0,0,0,0,0,0,0,13,24.6,17.0,4.0,4.6,8,4,4,16,1,0.07,0.01,0.08,1.67,60,67665,255319,81344,13679
noah_okafor,Leeds,MD,6.0,2,Brentford,True,68,2,336,17,2026-08-30T13:00:00Z,1,1,False,0,0,0,1,0,0,0,0,0,0,0,11,6.4,7.5,10.0,2.4,1,0,1,2,1,0.08,0.01,0.09,0.74,60,-7813,40559,1355,9168
brenden_aaronson,Leeds,MD,5.5,2,Brentford,True,45,1,337,17,2026-08-30T13:00:00Z,1,1,False,0,0,0,1,0,0,0,0,0,0,0,6,2.2,0.6,0.0,0.3,1,1,1,3,1,0.00,0.01,0.01,0.55,55,-5840,85405,2593,8433
ethan_ampadu,Leeds,MD,5.5,2,Brentford,True,90,2,338,17,2026-08-30T13:00:00Z,1,1,False,0,0,0,1,0,0,0,0,0,0,0,12,19.6,16.6,1.0,3.7,5,3,2,10,1,0.01,0.09,0.10,1.67,55,-4850,133624,4591,9441
sean_longstaff,Leeds,MD,5.0,2,Brentford,True,0,0,339,17,2026-08-30T13:00:00Z,1,1,False,0,0,0,0,0,0,0,0,0,0,0,0,0.0,0.0,0.0,0.0,0,0,0,0,0,0.00,0.00,0.00,0.00,50,-1056,12723,575,1631
wilfried_gnonto,Leeds,MD,5.0,2,Brentford,True,0,0,341,17,2026-08-30T13:00:00Z,1,1,False,0,0,0,0,0,0,0,0,0,0,0,0,0.0,0.0,0.0,0.0,0,0,0,0,0,0.00,0.00,0.00,0.00,50,-678,1522,18,696
jack_harrison,Leeds,MD,5.0,2,Brentford,True,0,0,342,17,2026-08-30T13:00:00Z,1,1,False,0,0,0,0,0,0,0,0,0,0,0,0,0.0,0.0,0.0,0.0,0,0,0,0,0,0.00,0.00,0.00,0.00,50,-36,98,0,36
daniel_james,Leeds,MD,5.0,2,Brentford,True,22,1,343,17,2026-08-30T13:00:00Z,1,1,False,0,0,0,0,0,0,0,0,0,0,0,2,0.0,1.1,12.0,1.1,0,2,0,2,0,0.24,0.01,0.25,0.93,50,-873,11703,863,1736
ilia_gruev,Leeds,MD,5.0,2,Brentford,True,0,0,344,17,2026-08-30T13:00:00Z,1,1,False,0,0,0,0,0,0,0,0,0,0,0,0,0.0,0.0,0.0,0.0,0,0,0,0,0,0.00,0.00,0.00,0.00,50,-120,362,9,129
tanaka_ao,Leeds,MD,5.0,2,Brentford,True,45,1,345,17,2026-08-30T13:00:00Z,1,1,False,0,0,0,0,0,0,0,0,0,0,0,6,20.0,1.8,0.0,2.2,5,3,3,11,0,0.00,0.01,0.01,1.13,50,-3334,21386,899,4233
dominic_calvert-lewin,Leeds,FW,6.0,2,Brentford,True,90,8,346,17,2026-08-30T13:00:00Z,1,1,False,1,0,0,1,0,0,0,0,0,0,2,31,38.4,4.0,35.0,7.7,3,1,0,4,1,0.92,0.02,0.94,1.67,60,-104622,2823193,84314,188936
lukas_nmecha,Leeds,FW,5.5,2,Brentford,True,21,4,347,17,2026-08-30T13:00:00Z,1,1,False,0,1,0,0,0,0,0,0,0,0,0,18,18.2,20.3,6.0,4.5,0,1,0,1,0,0.10,0.00,0.10,0.93,55,-7627,51231,1917,9544
joël_piroe,Leeds,FW,5.0,2,Brentford,True,0,0,348,17,2026-08-30T13:00:00Z,1,1,False,0,0,0,0,0,0,0,0,0,0,0,0,0.0,0.0,0.0,0.0,0,0,0,0,0,0.00,0.00,0.00,0.00,50,-5351,11733,0,5351
mateo_joseph fernández-regatillo,Leeds,FW,4.5,2,Brentford,True,0,0,349,17,2026-08-30T13:00:00Z,1,1,False,0,0,0,0,0,0,0,0,0,0,0,0,0.0,0.0,0.0,0.0,0,0,0,0,0,0.00,0.00,0.00,0.00,45,-726,5489,325,1051
james_trafford,Leeds,GK,5.0,2,Brentford,True,90,3,385,17,2026-08-30T13:00:00Z,1,1,False,0,0,0,1,0,0,0,0,0,4,0,20,37.6,0.0,0.0,3.8,0,11,0,0,1,0.00,0.00,0.00,1.67,50,48690,437245,63794,15104
nico_elvedi,Leeds,DF,4.5,2,Brentford,True,56,1,598,17,2026-08-30T13:00:00Z,1,1,False,0,0,0,1,0,0,0,0,0,0,0,9,16.0,1.1,6.0,2.3,5,4,1,6,0,0.00,0.00,0.00,1.32,45,75,2511,354,279
jayden_lienou,Leeds,DF,4.0,2,Brentford,True,0,0,603,17,2026-08-30T13:00:00Z,1,1,False,0,0,0,0,0,0,0,0,0,0,0,0,0.0,0.0,0.0,0.0,0,0,0,0,0,0.00,0.00,0.00,0.00,40,1169,7187,1488,319
alfie_cresswell,Leeds,MD,4.5,2,Brentford,True,0,0,604,17,2026-08-30T13:00:00Z,1,1,False,0,0,0,0,0,0,0,0,0,0,0,0,0.0,0.0,0.0,0.0,0,0,0,0,0,0.00,0.00,0.00,0.00,45,2319,7215,3029,710
alex_cairns,Leeds,GK,4.0,2,Brentford,True,0,0,625,17,2026-08-30T13:00:00Z,1,1,False,0,0,0,0,0,0,0,0,0,0,0,0,0.0,0.0,0.0,0.0,0,0,0,0,0,0.00,0.00,0.00,0.00,40,0,0,0,0
alisson_becker,Liverpool,GK,5.5,2,Nott'm Forest,True,90,0,350,14,2026-08-29T11:30:00Z,2,2,False,0,0,0,2,0,0,0,1,0,1,0,-5,7.6,0.0,0.0,0.8,2,4,0,0,1,0.00,0.00,0.00,2.30,55,4084,377543,25307,21223
giorgi_mamardashvili,Liverpool,GK,5.0,2,Nott'm Forest,True,0,0,351,14,2026-08-29T11:30:00Z,2,2,False,0,0,0,0,0,0,0,0,0,0,0,0,0.0,0.0,0.0,0.0,0,0,0,0,0,0.00,0.00,0.00,0.00,50,-1380,15032,658,2038
freddie_woodman,Liverpool,GK,4.0,2,Nott'm Forest,True,0,0,352,14,2026-08-29T11:30:00Z,2,2,False,0,0,0,0,0,0,0,0,0,0,0,0,0.0,0.0,0.0,0.0,0,0,0,0,0,0.00,0.00,0.00,0.00,40,-2260,107195,3263,5523
armin_pecsi,Liverpool,GK,4.0,2,Nott'm Forest,True,0,0,353,14,2026-08-29T11:30:00Z,2,2,False,0,0,0,0,0,0,0,0,0,0,0,0,0.0,0.0,0.0,0.0,0,0,0,0,0,0.00,0.00,0.00,0.00,40,-448,2467,0,448
vitezslav_jaros,Liverpool,GK,4.0,2,Nott'm Forest,True,0,0,354,14,2026-08-29T11:30:00Z,2,2,False,0,0,0,0,0,0,0,0,0,0,0,0,0.0,0.0,0.0,0.0,0,0,0,0,0,0.00,0.00,0.00,0.00,40,-16,1453,163,179
harvey_davies,Liverpool,GK,4.0,2,Nott'm Forest,True,0,0,355,14,2026-08-29T11:30:00Z,2,2,False,0,0,0,0,0,0,0,0,0,0,0,0,0.0,0.0,0.0,0.0,0,0,0,0,0,0.00,0.00,0.00,0.00,40,-69,13945,644,713
virgil_van dijk,Liverpool,DF,6.5,2,Nott'm Forest,True,90,1,356,14,2026-08-29T11:30:00Z,2,2,False,0,0,0,2,0,0,0,0,0,0,0,5,24.6,4.3,2.0,3.1,7,5,0,7,1,0.00,0.03,0.03,2.30,65,-4506,1939518,74614,79120
jeremie_frimpong,Liverpool,DF,5.5,2,Nott'm Forest,True,70,1,357,14,2026-08-29T11:30:00Z,2,2,False,0,0,0,2,0,0,0,0,0,0,0,9,12.8,13.8,4.0,3.1,4,3,2,6,1,0.00,0.02,0.02,2.23,55,-9049,339802,24520,33569
milos_kerkez,Liverpool,DF,5.5,2,Nott'm Forest,True,70,1,358,14,2026-08-29T11:30:00Z,2,2,False,0,0,0,2,0,0,0,0,0,0,0,9,24.0,12.8,0.0,3.7,7,4,1,8,1,0.00,0.01,0.01,2.23,55,-18742,347978,15645,34387
joe_gomez,Liverpool,DF,5.0,2,Nott'm Forest,True,0,0,359,14,2026-08-29T11:30:00Z,2,2,False,0,0,0,0,0,0,0,0,0,0,0,0,0.0,0.0,0.0,0.0,0,0,0,0,0,0.00,0.00,0.00,0.00,50,-330,1606,79,409
conor_bradley,Liverpool,DF,5.0,2,Nott'm Forest,True,0,0,360,14,2026-08-29T11:30:00Z,2,2,False,0,0,0,0,0,0,0,0,0,0,0,0,0.0,0.0,0.0,0.0,0,0,0,0,0,0.00,0.00,0.00,0.00,50,-140,1023,79,219
wellity_lucky,Liverpool,DF,4.0,2,Nott'm Forest,True,0,0,361,14,2026-08-29T11:30:00Z,2,2,False,0,0,0,0,0,0,0,0,0,0,0,0,0.0,0.0,0.0,0.0,0,0,0,0,0,0.00,0.00,0.00,0.00,40,-529,11947,608,1137
jeremy_jacquet,Liverpool,DF,5.0,2,Nott'm Forest,True,76,3,362,14,2026-08-29T11:30:00Z,2,2,False,0,0,0,2,0,0,0,0,0,0,0,13,30.8,15.1,2.0,4.8,8,4,3,11,1,0.00,0.05,0.05,2.23,50,4556,235410,22712,18156
giovanni_leoni,Liverpool,DF,4.0,2,Nott'm Forest,True,0,0,363,14,2026-08-29T11:30:00Z,2,2,False,0,0,0,0,0,0,0,0,0,0,0,0,0.0,0.0,0.0,0.0,0,0,0,0,0,0.00,0.00,0.00,0.00,40,-337,4039,182,519
kostas_tsimikas,Liverpool,DF,5.0,2,Nott'm Forest,True,19,1,364,14,2026-08-29T11:30:00Z,2,2,False,0,0,0,0,0,0,0,0,0,0,0,4,3.6,1.3,9.0,1.4,0,0,0,0,0,0.04,0.01,0.05,0.07,50,-643,7352,339,982
calvin_ramsay,Liverpool,DF,4.0,2,Nott'm Forest,True,0,0,365,14,2026-08-29T11:30:00Z,2,2,False,0,0,0,0,0,0,0,0,0,0,0,0,0.0,0.0,0.0,0.0,0,0,0,0,0,0.00,0.00,0.00,0.00,40,-3114,18344,638,3752
florian_wirtz,Liverpool,MD,7.5,2,Nott'm Forest,True,90,4,366,14,2026-08-29T11:30:00Z,2,2,False,0,1,0,2,0,0,0,1,0,0,0,23,27.8,24.3,22.0,7.4,0,7,3,10,1,0.23,0.20,0.43,2.30,75,-98339,1118328,24923,123262
cody_gakpo,Liverpool,MD,7.0,2,Nott'm Forest,True,70,5,367,14,2026-08-29T11:30:00Z,2,2,False,0,1,0,2,0,0,0,0,0,0,0,21,23.2,27.8,6.0,5.7,1,2,0,3,1,0.00,0.65,0.65,2.23,70,177953,653797,205704,27751
dominik_szoboszlai,Liverpool,MD,7.0,2,Nott'm Forest,True,90,4,368,14,2026-08-29T11:30:00Z,2,2,False,0,0,0,2,0,0,0,0,0,0,0,24,21.4,40.7,4.0,6.6,3,7,3,13,1,0.16,0.17,0.33,2.30,70,177598,4309636,245003,67405
rio_ngumoha,Liverpool,MD,6.0,2,Nott'm Forest,True,19,1,369,14,2026-08-29T11:30:00Z,2,2,False,0,0,0,0,0,0,0,0,0,0,0,5,2.0,1.3,2.0,0.5,0,0,0,0,0,0.00,0.03,0.03,0.07,60,-9330,106917,5547,14877
federico_chiesa,Liverpool,MD,5.5,2,Nott'm Forest,True,0,0,370,14,2026-08-29T11:30:00Z,2,2,False,0,0,0,0,0,0,0,0,0,0,0,0,0.0,0.0,0.0,0.0,0,0,0,0,0,0.00,0.00,0.00,0.00,55,-2965,10863,585,3550
ryan_gravenberch,Liverpool,MD,6.0,2,Nott'm Forest,True,19,1,371,14,2026-08-29T11:30:00Z,2,2,False,0,0,0,0,0,0,0,0,0,0,0,7,4.4,12.1,0.0,1.7,0,0,1,1,0,0.00,0.01,0.01,0.07,60,-178,196536,15005,15183
alexis_mac allister,Liverpool,MD,5.5,2,Nott'm Forest,True,76,2,372,14,2026-08-29T11:30:00Z,2,2,False,0,0,0,2,0,0,0,0,0,0,0,10,12.6,7.7,0.0,2.0,2,5,3,10,1,0.00,0.39,0.39,2.23,55,-14941,156781,6567,21508
curtis_jones,Liverpool,MD,5.5,2,Nott'm Forest,True,0,0,373,14,2026-08-29T11:30:00Z,2,2,False,0,0,0,0,0,0,0,0,0,0,0,0,0.0,0.0,0.0,0.0,0,0,0,0,0,0.00,0.00,0.00,0.00,55,-1095,3769,33,1128
endo_wataru,Liverpool,MD,5.0,2,Nott'm Forest,True,0,0,374,14,2026-08-29T11:30:00Z,2,2,False,0,0,0,0,0,0,0,0,0,0,0,0,0.0,0.0,0.0,0.0,0,0,0,0,0,0.00,0.00,0.00,0.00,50,-500,6389,485,985
trey_nyoni,Liverpool,MD,5.0,2,Nott'm Forest,True,13,1,375,14,2026-08-29T11:30:00Z,2,2,False,0,0,0,0,0,0,0,0,0,0,0,3,6.4,2.2,0.0,0.9,1,2,2,5,0,0.00,0.00,0.00,0.07,50,-534,3607,139,673
stefan_bajčetić maquieira,Liverpool,MD,5.0,2,Nott'm Forest,True,0,0,376,14,2026-08-29T11:30:00Z,2,2,False,0,0,0,0,0,0,0,0,0,0,0,0,0.0,0.0,0.0,0.0,0,0,0,0,0,0.00,0.00,0.00,0.00,50,-21,173,8,29
victor_munoz,Liverpool,MD,6.5,2,Nott'm Forest,True,90,6,377,14,2026-08-29T11:30:00Z,2,2,False,1,0,0,2,0,0,0,1,0,0,0,24,42.2,16.8,29.0,8.8,4,1,2,7,1,0.32,0.19,0.51,2.30,65,573,60184,6486,5913
james_mcconnell,Liverpool,MD,4.5,2,Nott'm Forest,True,0,0,378,14,2026-08-29T11:30:00Z,2,2,False,0,0,0,0,0,0,0,0,0,0,0,0,0.0,0.0,0.0,0.0,0,0,0,0,0,0.00,0.00,0.00,0.00,45,-2017,25168,883,2900
alexander_isak,Liverpool,FW,9.0,2,Nott'm Forest,True,90,8,379,14,2026-08-29T11:30:00Z,2,2,False,1,0,0,2,0,0,0,0,0,0,2,30,34.0,10.3,48.0,9.2,0,0,1,1,1,0.99,0.00,0.99,2.30,90,-28097,1629014,73036,101133
hugo_ekitiké,Liverpool,FW,7.5,2,Nott'm Forest,True,0,0,380,14,2026-08-29T11:30:00Z,2,2,False,0,0,0,0,0,0,0,0,0,0,0,0,0.0,0.0,0.0,0.0,0,0,0,0,0,0.00,0.00,0.00,0.00,75,-3098,14299,709,3807
lewis_koumas,Liverpool,MD,5.0,2,Nott'm Forest,True,0,0,381,14,2026-08-29T11:30:00Z,2,2,False,0,0,0,0,0,0,0,0,0,0,0,0,0.0,0.0,0.0,0.0,0,0,0,0,0,0.00,0.00,0.00,0.00,50,-54,2137,156,210
jayden_danns,Liverpool,FW,4.5,2,Nott'm Forest,True,0,0,382,14,2026-08-29T11:30:00Z,2,2,False,0,0,0,0,0,0,0,0,0,0,0,0,0.0,0.0,0.0,0.0,0,0,0,0,0,0.00,0.00,0.00,0.00,45,-253,3423,309,562
harvey_elliott,Liverpool,MD,5.5,2,Nott'm Forest,True,0,0,383,14,2026-08-29T11:30:00Z,2,2,False,0,0,0,0,0,0,0,0,0,0,0,0,0.0,0.0,0.0,0.0,0,0,0,0,0,0.00,0.00,0.00,0.00,55,-836,7117,380,1216
ronald_araujo,Liverpool,DF,5.5,2,Nott'm Forest,True,13,0,579,14,2026-08-29T11:30:00Z,2,2,False,0,0,0,0,0,0,0,1,0,0,0,-1,5.8,2.3,0.0,0.8,1,2,0,1,0,0.00,0.01,0.01,0.07,55,-9867,267054,23907,33774
enzo_fernández,Man City,MD,7.0,2,Brighton,True,0,0,155,16,2026-08-30T13:00:00Z,4,3,False,0,0,0,0,0,0,0,0,0,0,0,0,0.0,0.0,0.0,0.0,0,0,0,0,0,0.00,0.00,0.00,0.00,70,-74211,430662,14954,89165
iliman_ndiaye,Man City,MD,6.0,2,Bournemouth,False,90,4,237,12,2026-08-29T14:00:00Z,1,1,False,0,0,0,1,0,0,0,0,0,0,0,16,12.6,14.5,10.0,3.7,5,7,1,13,1,0.02,0.07,0.09,2.16,60,62668,1595715,122688,60020
gianluigi_donnarumma,Man City,GK,5.5,2,Crystal Palace,False,90,0,384,11,2026-08-28T19:00:00Z,1,4,False,0,0,0,1,1,0,0,0,0,1,0,5,6.8,0.0,0.0,0.7,0,8,0,0,1,0.00,0.00,0.00,0.66,55,-10944,828113,34008,44952
marcus_bettinelli,Man City,GK,4.5,2,Crystal Palace,False,0,0,386,11,2026-08-28T19:00:00Z,1,4,False,0,0,0,0,0,0,0,0,0,0,0,0,0.0,0.0,0.0,0.0,0,0,0,0,0,0.00,0.00,0.00,0.00,45,-101,2853,135,236
nico_o'reilly,Man City,DF,6.5,2,Crystal Palace,False,88,2,387,11,2026-08-28T19:00:00Z,1,4,False,0,0,0,1,0,0,0,0,0,0,0,11,3.6,7.8,5.0,1.6,0,2,1,1,1,0.02,0.02,0.04,0.66,65,-38546,2068744,68784,107330
marc_guéhi,Man City,DF,6.0,2,Crystal Palace,False,90,2,388,11,2026-08-28T19:00:00Z,1,4,False,0,0,0,1,0,0,0,0,0,0,0,12,24.2,15.8,0.0,4.0,5,4,0,5,1,0.00,0.04,0.04,0.66,60,140987,1952448,182745,41758
matheus_nunes,Man City,DF,6.0,2,Crystal Palace,False,0,0,389,11,2026-08-28T19:00:00Z,1,4,False,0,0,0,0,0,0,0,0,0,0,0,0,0.0,0.0,0.0,0.0,0,0,0,0,0,0.00,0.00,0.00,0.00,60,-14462,142089,3031,17493
rúben_dos santos gato alves dias,Man City,DF,5.5,2,Crystal Palace,False,90,2,390,11,2026-08-28T19:00:00Z,1,4,False,0,0,0,1,0,0,0,0,0,0,0,19,27.0,22.3,35.0,8.4,5,6,1,6,1,0.09,0.57,0.66,0.66,55,-2699,176387,9858,12557
joško_gvardiol,Man City,DF,5.5,2,Crystal Palace,False,74,5,391,11,2026-08-28T19:00:00Z,1,4,False,0,1,0,1,0,0,0,0,0,0,0,18,27.6,30.8,2.0,6.0,1,0,1,2,1,0.00,0.04,0.04,0.66,55,193061,1383738,228418,35357
rayan_aït-nouri,Man City,DF,5.5,2,Crystal Palace,False,0,0,392,11,2026-08-28T19:00:00Z,1,4,False,0,0,0,0,0,0,0,0,0,0,0,0,0.0,0.0,0.0,0.0,0,0,0,0,0,0.00,0.00,0.00,0.00,55,-14163,77633,2616,16779
abdukodir_khusanov,Man City,DF,5.5,2,Crystal Palace,False,88,2,393,11,2026-08-28T19:00:00Z,1,4,False,0,0,0,1,0,0,0,0,0,0,0,17,21.0,5.3,4.0,3.0,3,3,4,7,1,0.00,0.02,0.02,0.66,55,-8451,170855,6086,14537
max_alleyne,Man City,DF,5.0,2,Crystal Palace,False,0,0,394,11,2026-08-28T19:00:00Z,1,4,False,0,0,0,0,0,0,0,0,0,0,0,0,0.0,0.0,0.0,0.0,0,0,0,0,0,0.00,0.00,0.00,0.00,50,-357,720,0,357
rico_lewis,Man City,DF,4.5,2,Crystal Palace,False,0,0,395,11,2026-08-28T19:00:00Z,1,4,False,0,0,0,0,0,0,0,0,0,0,0,0,0.0,0.0,0.0,0.0,0,0,0,0,0,0.00,0.00,0.00,0.00,45,1097,25045,3620,2523
vitor_de oliveira nunes dos reis,Man City,DF,4.5,2,Crystal Palace,False,1,1,396,11,2026-08-28T19:00:00Z,1,4,False,0,0,0,0,0,0,0,0,0,0,0,3,1.2,0.9,0.0,0.2,0,0,0,0,0,0.00,0.00,0.00,0.00,45,-138,2034,102,240
antoine_semenyo,Man City,MD,8.5,2,Crystal Palace,False,90,5,397,11,2026-08-28T19:00:00Z,1,4,False,0,1,0,1,0,0,0,0,0,0,0,33,29.2,43.0,40.0,11.2,0,2,1,3,1,0.06,0.57,0.63,0.66,85,-124110,2377196,49100,173210
phil_foden,Man City,MD,7.0,2,Crystal Palace,False,90,9,398,11,2026-08-28T19:00:00Z,1,4,False,0,2,0,1,0,0,0,0,0,0,1,38,42.8,45.8,17.0,10.6,2,4,1,7,1,0.87,0.45,1.32,0.66,70,-26374,400716,20147,46521
rayan_cherki,Man City,MD,7.5,2,Crystal Palace,False,81,14,399,11,2026-08-28T19:00:00Z,1,4,False,2,0,0,1,0,0,0,1,0,0,3,60,74.8,47.8,49.0,17.2,0,3,0,3,1,0.35,0.55,0.90,0.66,75,161916,1073154,203318,41402
jérémy_doku,Man City,MD,7.5,2,Crystal Palace,False,0,0,400,11,2026-08-28T19:00:00Z,1,4,False,0,0,0,0,0,0,0,0,0,0,0,0,0.0,0.0,0.0,0.0,0,0,0,0,0,0.00,0.00,0.00,0.00,75,-69521,122950,494,70015
rodrigo 'rodri'_hernandez cascante,Man City,MD,6.5,2,Crystal Palace,False,0,0,402,11,2026-08-28T19:00:00Z,1,4,False,0,0,0,0,0,0,0,0,0,0,0,0,0.0,0.0,0.0,0.0,0,0,0,0,0,0.00,0.00,0.00,0.00,65,-796,1526,0,796
tijjani_reijnders,Man City,MD,6.0,2,Crystal Palace,False,0,0,404,11,2026-08-28T19:00:00Z,1,4,False,0,0,0,0,0,0,0,0,0,0,0,0,0.0,0.0,0.0,0.0,0,0,0,0,0,0.00,0.00,0.00,0.00,60,-5624,5966,0,5624
mateo_kovačić,Man City,MD,5.5,2,Crystal Palace,False,15,1,406,11,2026-08-28T19:00:00Z,1,4,False,0,0,0,0,0,0,0,0,0,0,0,9,2.0,3.1,0.0,0.5,0,0,0,0,0,0.00,0.01,0.01,0.00,55,-460,8589,829,1289
claudio_echeverri,Man City,MD,5.0,2,Crystal Palace,False,0,0,407,11,2026-08-28T19:00:00Z,1,4,False,0,0,0,0,0,0,0,0,0,0,0,0,0.0,0.0,0.0,0.0,0,0,0,0,0,0.00,0.00,0.00,0.00,50,-204,1653,93,297
kalvin_phillips,Man City,MD,5.0,2,Crystal Palace,False,0,0,408,11,2026-08-28T19:00:00Z,1,4,False,0,0,0,0,0,0,0,0,0,0,0,0,0.0,0.0,0.0,0.0,0,0,0,0,0,0.00,0.00,0.00,0.00,50,-305,762,0,305
divine_mukasa,Man City,MD,4.5,2,Crystal Palace,False,0,0,409,11,2026-08-28T19:00:00Z,1,4,False,0,0,0,0,0,0,0,0,0,0,0,0,0.0,0.0,0.0,0.0,0,0,0,0,0,0.00,0.00,0.00,0.00,45,-1559,17482,927,2486
jeremy_monga,Man City,MD,5.0,2,Crystal Palace,False,0,0,410,11,2026-08-28T19:00:00Z,1,4,False,0,0,0,0,0,0,0,0,0,0,0,0,0.0,0.0,0.0,0.0,0,0,0,0,0,0.00,0.00,0.00,0.00,50,-207,1523,76,283
erling_haaland,Man City,FW,15.5,2,Crystal Palace,False,90,13,411,11,2026-08-28T19:00:00Z,1,4,False,2,0,0,1,0,0,0,0,0,0,3,60,69.0,0.1,51.0,12.0,3,2,0,5,1,0.66,0.00,0.66,0.66,155,-34247,6731685,69605,103852
elliot_anderson,Man City,MD,6.4,2,Crystal Palace,False,81,3,481,11,2026-08-28T19:00:00Z,1,4,False,0,0,0,1,0,0,0,1,0,0,0,25,25.0,20.2,13.0,5.8,4,5,5,14,1,0.07,0.22,0.29,0.66,64,-143069,597491,10236,153305
gerónimo_rulli,Man City,GK,5.0,2,Crystal Palace,False,0,0,587,11,2026-08-28T19:00:00Z,1,4,False,0,0,0,0,0,0,0,0,0,0,0,0,0.0,0.0,0.0,0.0,0,0,0,0,0,0.00,0.00,0.00,0.00,50,-130,2020,94,224
ayyoub_bouaddi,Man City,MD,5.5,2,Crystal Palace,False,8,1,616,11,2026-08-28T19:00:00Z,1,4,False,0,0,0,0,0,0,0,0,0,0,0,3,1.8,4.3,0.0,0.6,1,0,0,1,0,0.00,0.12,0.12,0.00,55,2706,4327,3055,349
ryan_mcaidoo,Man City,MD,4.5,2,Crystal Palace,False,8,1,621,11,2026-08-28T19:00:00Z,1,4,False,0,0,0,0,0,0,0,0,0,0,0,3,0.0,0.5,1.0,0.1,0,0,0,0,0,0.10,0.00,0.10,0.00,45,0,0,0,0
kaden_braithwaite,Man City,DF,4.0,2,Crystal Palace,False,1,1,622,11,2026-08-28T19:00:00Z,1,4,False,0,0,0,0,0,0,0,0,0,0,0,3,0.6,0.8,0.0,0.1,0,1,0,0,0,0.00,0.00,0.00,0.00,40,0,0,0,0
youri_tielemans,Man Utd,MD,6.0,2,Ipswich Town,True,90,4,43,18,2026-08-30T15:30:00Z,5,2,False,0,0,0,2,0,0,0,0,0,0,0,26,33.2,46.3,20.0,10.0,4,7,2,13,1,0.47,0.11,0.58,2.06,60,-23073,232262,12631,35704
carlos_baleba,Man Utd,MD,5.0,2,Ipswich Town,True,0,0,131,18,2026-08-30T15:30:00Z,5,2,False,0,0,0,0,0,0,0,0,0,0,0,0,0.0,0.0,0.0,0.0,0,0,0,0,0,0.00,0.00,0.00,0.00,50,-2097,17743,2324,4421
andrey_nascimento dos santos,Man Utd,MD,5.0,2,Ipswich Town,True,10,1,162,18,2026-08-30T15:30:00Z,5,2,False,0,0,0,1,0,0,0,0,0,0,0,2,6.2,0.7,0.0,0.7,0,2,3,5,0,0.00,0.00,0.00,1.00,50,-7693,96490,7456,15149
karl_darlow,Man Utd,GK,4.5,2,Ipswich Town,True,0,0,325,18,2026-08-30T15:30:00Z,5,2,False,0,0,0,0,0,0,0,0,0,0,0,0,0.0,0.0,0.0,0.0,0,0,0,0,0,0.00,0.00,0.00,0.00,45,-15,3863,242,257
senne_lammens,Man Utd,GK,5.0,2,Ipswich Town,True,90,2,412,18,2026-08-30T15:30:00Z,5,2,False,0,0,0,2,0,0,0,0,0,3,0,11,27.0,0.0,0.0,2.7,1,6,0,0,1,0.00,0.00,0.00,2.06,50,-53896,1543070,34714,88610
altay_bayındır,Man Utd,GK,4.5,2,Ipswich Town,True,0,0,413,18,2026-08-30T15:30:00Z,5,2,False,0,0,0,0,0,0,0,0,0,0,0,0,0.0,0.0,0.0,0.0,0,0,0,0,0,0.00,0.00,0.00,0.00,45,-588,1739,0,588
tom_heaton,Man Utd,GK,4.0,2,Ipswich Town,True,0,0,414,18,2026-08-30T15:30:00Z,5,2,False,0,0,0,0,0,0,0,0,0,0,0,0,0.0,0.0,0.0,0.0,0,0,0,0,0,0.00,0.00,0.00,0.00,40,-790,8703,215,1005
patrick_dorgu,Man Utd,MD,6.0,2,Ipswich Town,True,10,1,415,18,2026-08-30T15:30:00Z,5,2,False,0,0,0,1,0,0,0,0,0,0,0,4,7.0,11.7,39.0,5.8,1,0,1,2,0,0.18,0.01,0.19,1.00,60,-23853,107542,4808,28661
matthijs_de ligt,Man Utd,DF,5.0,2,Ipswich Town,True,0,0,416,18,2026-08-30T15:30:00Z,5,2,False,0,0,0,0,0,0,0,0,0,0,0,0,0.0,0.0,0.0,0.0,0,0,0,0,0,0.00,0.00,0.00,0.00,50,-381,2498,117,498
diogo_dalot teixeira,Man Utd,DF,5.0,2,Ipswich Town,True,73,2,417,18,2026-08-30T15:30:00Z,5,2,False,0,0,0,1,0,0,0,0,0,0,0,12,16.4,42.2,33.0,9.2,4,1,0,4,1,0.15,0.12,0.27,1.06,50,-25442,242125,8190,33632
harry_maguire,Man Utd,DF,5.0,2,Ipswich Town,True,90,4,418,18,2026-08-30T15:30:00Z,5,2,False,0,1,0,2,0,0,0,0,0,0,0,13,7.2,1.5,6.0,1.5,4,4,1,5,1,0.03,0.01,0.04,2.06,50,-53358,1686850,52953,106311
lisandro_martínez,Man Utd,DF,5.0,2,Ipswich Town,True,90,1,419,18,2026-08-30T15:30:00Z,5,2,False,0,0,0,2,0,0,0,0,0,0,0,2,4.8,1.8,3.0,1.0,0,6,0,0,1,0.03,0.06,0.09,2.06,50,-12800,127444,6775,19575
leny_yoro,Man Utd,DF,5.0,2,Ipswich Town,True,16,1,420,18,2026-08-30T15:30:00Z,5,2,False,0,0,0,1,0,0,0,0,0,0,0,-2,1.8,1.8,0.0,0.4,2,1,0,2,0,0.00,0.01,0.01,1.00,50,-9208,62806,1536,10744
ayden_heaven,Man Utd,DF,4.5,2,Ipswich Town,True,0,0,421,18,2026-08-30T15:30:00Z,5,2,False,0,0,0,0,0,0,0,0,0,0,0,0,0.0,0.0,0.0,0.0,0,0,0,0,0,0.00,0.00,0.00,0.00,45,-1103,40184,3088,4191
noussair_mazraoui,Man Utd,DF,4.5,2,Ipswich Town,True,17,1,422,18,2026-08-30T15:30:00Z,5,2,False,0,0,0,1,0,0,0,0,0,0,0,-1,1.4,1.3,0.0,0.3,0,0,0,0,0,0.00,0.00,0.00,1.00,45,-238,70057,5854,6092
luke_shaw,Man Utd,DF,4.5,2,Ipswich Town,True,72,2,423,18,2026-08-30T15:30:00Z,5,2,False,0,0,0,1,0,0,0,0,0,0,0,12,18.4,1.6,4.0,2.4,4,2,4,8,1,0.00,0.02,0.02,1.06,45,-74162,1935721,42927,117089
harry_amass,Man Utd,DF,4.0,2,Ipswich Town,True,0,0,424,18,2026-08-30T15:30:00Z,5,2,False,0,0,0,0,0,0,0,0,0,0,0,0,0.0,0.0,0.0,0.0,0,0,0,0,0,0.00,0.00,0.00,0.00,40,-1093,19337,888,1981
tyler_fredricson,Man Utd,DF,4.0,2,Ipswich Town,True,0,0,425,18,2026-08-30T15:30:00Z,5,2,False,0,0,0,0,0,0,0,0,0,0,0,0,0.0,0.0,0.0,0.0,0,0,0,0,0,0.00,0.00,0.00,0.00,40,-680,1885,0,680
bruno_borges fernandes,Man Utd,MD,12.0,2,Ipswich Town,True,90,23,426,18,2026-08-30T15:30:00Z,5,2,False,3,1,0,2,0,0,0,0,0,0,3,87,132.4,62.5,66.0,26.1,1,5,2,8,1,2.02,0.48,2.50,2.06,120,-180062,4770471,48518,228580
bryan_mbeumo,Man Utd,MD,8.0,2,Ipswich Town,True,90,11,427,18,2026-08-30T15:30:00Z,5,2,False,1,1,0,2,0,0,0,1,0,0,2,37,45.6,43.3,35.0,12.4,0,2,3,5,1,1.76,0.21,1.97,2.06,80,-137963,3537164,82225,220188
matheus_santos carneiro da cunha,Man Utd,MD,8.0,2,Ipswich Town,True,79,9,428,18,2026-08-30T15:30:00Z,5,2,False,0,2,0,1,0,0,0,0,0,0,1,31,20.0,27.6,28.0,7.6,0,2,0,2,1,0.11,0.15,0.26,1.06,80,-66103,924196,26854,92957
marcus_rashford,Man Utd,MD,7.0,2,Ipswich Town,True,79,2,429,18,2026-08-30T15:30:00Z,5,2,False,0,0,0,1,0,0,0,0,0,0,0,17,16.0,34.3,58.0,10.8,0,3,3,6,1,0.26,0.05,0.31,1.06,70,-7014,165554,15064,22078
mason_mount,Man Utd,MD,5.5,2,Ipswich Town,True,0,0,430,18,2026-08-30T15:30:00Z,5,2,False,0,0,0,0,0,0,0,0,0,0,0,0,0.0,0.0,0.0,0.0,0,0,0,0,0,0.00,0.00,0.00,0.00,55,-660,2752,35,695
amad_diallo,Man Utd,MD,5.9,2,Ipswich Town,True,0,0,431,18,2026-08-30T15:30:00Z,5,2,False,0,0,0,0,0,0,0,0,0,0,0,0,0.0,0.0,0.0,0.0,0,0,0,0,0,0.00,0.00,0.00,0.00,59,-57883,91945,1576,59459
kobbie_mainoo,Man Utd,MD,5.5,2,Ipswich Town,True,79,4,432,18,2026-08-30T15:30:00Z,5,2,False,0,0,0,1,0,0,0,0,0,0,0,25,15.2,7.2,9.0,3.1,2,10,3,15,1,0.14,0.27,0.41,1.06,55,-10233,93316,3460,13693
manuel_ugarte ribeiro,Man Utd,MD,5.0,2,Ipswich Town,True,0,0,433,18,2026-08-30T15:30:00Z,5,2,False,0,0,0,0,0,0,0,0,0,0,0,0,0.0,0.0,0.0,0.0,0,0,0,0,0,0.00,0.00,0.00,0.00,50,-64,348,24,88
jack_fletcher,Man Utd,MD,5.0,2,Ipswich Town,True,0,0,434,18,2026-08-30T15:30:00Z,5,2,False,0,0,0,0,0,0,0,0,0,0,0,0,0.0,0.0,0.0,0.0,0,0,0,0,0,0.00,0.00,0.00,0.00,50,-128,1094,41,169
shea_lacey,Man Utd,MD,5.0,2,Ipswich Town,True,0,0,435,18,2026-08-30T15:30:00Z,5,2,False,0,0,0,0,0,0,0,0,0,0,0,0,0.0,0.0,0.0,0.0,0,0,0,0,0,0.00,0.00,0.00,0.00,50,-263,4851,327,590
toby_collyer,Man Utd,MD,5.0,2,Ipswich Town,True,0,0,436,18,2026-08-30T15:30:00Z,5,2,False,0,0,0,0,0,0,0,0,0,0,0,0,0.0,0.0,0.0,0.0,0,0,0,0,0,0.00,0.00,0.00,0.00,50,-174,1667,60,234
bendito_mantato,Man Utd,MD,4.5,2,Ipswich Town,True,0,0,437,18,2026-08-30T15:30:00Z,5,2,False,0,0,0,0,0,0,0,0,0,0,0,0,0.0,0.0,0.0,0.0,0,0,0,0,0,0.00,0.00,0.00,0.00,45,-1410,17670,961,2371
tyler_fletcher,Man Utd,MD,4.5,2,Ipswich Town,True,0,0,438,18,2026-08-30T15:30:00Z,5,2,False,0,0,0,0,0,0,0,0,0,0,0,0,0.0,0.0,0.0,0.0,0,0,0,0,0,0.00,0.00,0.00,0.00,45,-2656,32667,1328,3984
benjamin_sesko,Man Utd,FW,7.0,2,Ipswich Town,True,10,1,439,18,2026-08-30T15:30:00Z,5,2,False,0,0,0,1,0,0,0,0,0,0,0,5,2.2,10.5,2.0,1.5,0,3,0,3,0,0.00,0.01,0.01,1.00,70,15428,181866,30554,15126
joshua_zirkzee,Man Utd,FW,5.5,2,Ipswich Town,True,0,0,440,18,2026-08-30T15:30:00Z,5,2,False,0,0,0,0,0,0,0,0,0,0,0,0,0.0,0.0,0.0,0.0,0,0,0,0,0,0.00,0.00,0.00,0.00,55,-11086,51589,2045,13131
chido_obi,Man Utd,FW,4.5,2,Ipswich Town,True,0,0,441,18,2026-08-30T15:30:00Z,5,2,False,0,0,0,0,0,0,0,0,0,0,0,0,0.0,0.0,0.0,0.0,0,0,0,0,0,0.00,0.00,0.00,0.00,45,-5253,109991,6316,11569
nico_gonzález iglesias,Newcastle,MD,5.5,2,Spurs,False,70,2,405,15,2026-08-29T16:30:00Z,0,2,False,0,0,1,0,0,0,0,1,0,0,0,9,7.2,29.5,0.0,3.7,2,2,0,4,1,0.00,0.20,0.20,0.74,55,645,15669,2387,1742
nick_pope,Newcastle,GK,5.0,2,Spurs,False,0,0,442,15,2026-08-29T16:30:00Z,0,2,False,0,0,0,0,0,0,0,0,0,0,0,0,0.0,0.0,0.0,0.0,0,0,0,0,0,0.00,0.00,0.00,0.00,50,-9598,124934,2706,12304
mark_gillespie,Newcastle,GK,4.5,2,Spurs,False,0,0,443,15,2026-08-29T16:30:00Z,0,2,False,0,0,0,0,0,0,0,0,0,0,0,0,0.0,0.0,0.0,0.0,0,0,0,0,0,0.00,0.00,0.00,0.00,45,-69,3435,162,231
ewen_jaouen,Newcastle,GK,4.5,2,Spurs,False,0,0,444,15,2026-08-29T16:30:00Z,0,2,False,0,0,0,0,0,0,0,0,0,0,0,0,0.0,0.0,0.0,0.0,0,0,0,0,0,0.00,0.00,0.00,0.00,45,-224,2775,124,348
malick_thiaw,Newcastle,DF,5.0,2,Spurs,False,90,6,445,15,2026-08-29T16:30:00Z,0,2,False,0,0,1,0,0,0,0,0,0,0,0,25,6.8,1.5,0.0,0.8,3,1,0,3,1,0.00,0.02,0.02,1.12,50,8900,175248,19798,10898
fabian_schär,Newcastle,DF,5.0,2,Spurs,False,0,0,446,15,2026-08-29T16:30:00Z,0,2,False,0,0,0,0,0,0,0,0,0,0,0,0,0.0,0.0,0.0,0.0,0,0,0,0,0,0.00,0.00,0.00,0.00,50,10,26250,1895,1885
sven_botman,Newcastle,DF,5.0,2,Spurs,False,90,5,447,15,2026-08-29T16:30:00Z,0,2,False,0,0,1,0,0,0,0,1,0,0,0,22,11.2,1.8,2.0,1.5,4,4,1,5,1,0.01,0.00,0.01,1.12,50,5603,52947,8885,3282
dan_burn,Newcastle,DF,5.0,2,Spurs,False,0,0,448,15,2026-08-29T16:30:00Z,0,2,False,0,0,0,0,0,0,0,0,0,0,0,0,0.0,0.0,0.0,0.0,0,0,0,0,0,0.00,0.00,0.00,0.00,50,-69064,159459,6247,75311
lewis_hall,Newcastle,DF,5.0,2,Spurs,False,90,11,449,15,2026-08-29T16:30:00Z,0,2,False,0,0,1,0,0,0,0,0,0,0,3,52,39.0,27.3,4.0,7.0,11,6,2,13,1,0.03,0.31,0.34,1.12,50,33265,411061,52701,19436
tino_livramento,Newcastle,DF,5.0,2,Spurs,False,0,0,450,15,2026-08-29T16:30:00Z,0,2,False,0,0,0,0,0,0,0,0,0,0,0,0,0.0,0.0,0.0,0.0,0,0,0,0,0,0.00,0.00,0.00,0.00,50,-1137,3475,91,1228
alex_murphy,Newcastle,DF,4.0,2,Spurs,False,0,0,451,15,2026-08-29T16:30:00Z,0,2,False,0,0,0,0,0,0,0,0,0,0,0,0,0.0,0.0,0.0,0.0,0,0,0,0,0,0.00,0.00,0.00,0.00,40,-3276,9468,0,3276
harvey_barnes,Newcastle,MD,6.0,2,Spurs,False,90,3,453,15,2026-08-29T16:30:00Z,0,2,False,0,0,1,0,0,0,0,0,0,0,0,9,7.2,22.1,7.0,3.6,2,0,2,4,1,0.04,0.01,0.05,1.12,60,4665,113402,14995,10330
anthony_elanga,Newcastle,MD,6.0,2,Spurs,False,81,8,454,15,2026-08-29T16:30:00Z,0,2,False,1,0,1,0,0,0,0,0,0,0,0,32,36.8,15.3,29.0,8.1,0,1,2,3,1,0.20,0.10,0.30,0.74,60,83568,215548,95441,11873
jacob_ramsey,Newcastle,MD,5.0,2,Spurs,False,8,1,456,15,2026-08-29T16:30:00Z,0,2,False,0,0,0,0,0,0,0,0,0,0,0,3,0.2,4.2,0.0,0.4,0,1,0,1,0,0.00,0.13,0.13,0.38,50,-3238,34073,1442,4680
jacob_murphy,Newcastle,MD,6.0,2,Spurs,False,8,1,457,15,2026-08-29T16:30:00Z,0,2,False,0,0,0,0,0,0,0,0,0,0,0,3,2.2,3.1,2.0,0.7,0,2,1,3,0,0.00,0.20,0.20,0.38,60,-1965,15641,717,2682
joelinton cássio_apolinário de lira,Newcastle,MD,5.5,2,Spurs,False,0,0,458,15,2026-08-29T16:30:00Z,0,2,False,0,0,0,0,0,0,0,0,0,0,0,0,0.0,0.0,0.0,0.0,0,0,0,0,0,0.00,0.00,0.00,0.00,55,-1020,2722,48,1068
lewis_miley,Newcastle,MD,5.5,2,Spurs,False,90,3,459,15,2026-08-29T16:30:00Z,0,2,False,0,0,1,0,0,0,0,0,0,0,0,16,11.2,14.7,0.0,2.6,3,6,0,9,1,0.00,0.04,0.04,1.12,55,857,6985,1391,534
joe_willock,Newcastle,MD,5.0,2,Spurs,False,70,3,460,15,2026-08-29T16:30:00Z,0,2,False,0,0,1,0,0,0,0,0,0,0,0,0,0.0,4.3,8.0,0.5,1,1,0,2,1,0.07,0.02,0.09,0.74,50,6831,24746,8763,1932
bazoumana_touré,Newcastle,MD,6.0,2,Spurs,False,1,1,461,15,2026-08-29T16:30:00Z,0,2,False,0,0,0,0,0,0,0,0,0,0,0,3,0.0,0.0,0.0,0.0,0,0,0,0,0,0.00,0.00,0.00,0.00,60,-3945,20967,513,4458
sean_steur,Newcastle,MD,5.0,2,Spurs,False,19,1,462,15,2026-08-29T16:30:00Z,0,2,False,0,0,0,0,0,0,0,0,0,0,0,4,5.0,0.0,0.0,0.5,3,0,0,3,0,0.00,0.00,0.00,0.38,50,-238,10539,762,1000
nick_woltemade,Newcastle,FW,6.0,2,Spurs,False,19,4,463,15,2026-08-29T16:30:00Z,0,2,False,0,1,0,0,0,0,0,0,0,0,0,18,18.2,10.5,11.0,4.0,0,0,0,0,0,0.02,0.01,0.03,0.38,60,-23591,150038,7193,30784
yoane_wissa,Newcastle,FW,6.0,2,Spurs,False,81,8,464,15,2026-08-29T16:30:00Z,0,2,False,1,0,1,0,0,0,0,0,0,0,2,37,35.6,10.3,46.0,9.2,1,4,1,6,1,0.35,0.00,0.35,0.74,60,134869,359321,158957,24088
william_osula,Newcastle,FW,6.0,2,Spurs,False,0,0,465,15,2026-08-29T16:30:00Z,0,2,False,0,0,0,0,0,0,0,0,0,0,0,0,0.0,0.0,0.0,0.0,0,0,0,0,0,0.00,0.00,0.00,0.00,60,-6163,90550,20344,26507
sean_neave,Newcastle,FW,4.5,2,Spurs,False,0,0,466,15,2026-08-29T16:30:00Z,0,2,False,0,0,0,0,0,0,0,0,0,0,0,0,0.0,0.0,0.0,0.0,0,0,0,0,0,0.00,0.00,0.00,0.00,45,-1647,75688,6478,8125
aladji_bamba,Newcastle,MD,5.0,2,Spurs,False,0,0,559,15,2026-08-29T16:30:00Z,0,2,False,0,0,0,0,0,0,0,0,0,0,0,0,0.0,0.0,0.0,0.0,0,0,0,0,0,0.00,0.00,0.00,0.00,50,-977,13188,690,1667
lukás_hornícek,Newcastle,GK,5.0,2,Spurs,False,90,7,567,15,2026-08-29T16:30:00Z,0,2,False,0,0,1,0,0,0,0,0,0,4,0,32,34.6,0.0,0.0,3.5,2,4,0,0,1,0.00,0.00,0.00,1.12,50,1279,70807,5537,4258
amar_dedic,Newcastle,DF,4.5,2,Spurs,False,90,11,593,15,2026-08-29T16:30:00Z,0,2,False,0,1,1,0,0,0,0,0,0,0,2,37,42.6,30.4,0.0,7.3,5,5,3,8,1,0.00,0.06,0.06,1.12,45,8203,36928,10359,2156
leo_shahar,Newcastle,DF,4.0,2,Spurs,False,0,0,609,15,2026-08-29T16:30:00Z,0,2,False,0,0,0,0,0,0,0,0,0,0,0,0,0.0,0.0,0.0,0.0,0,0,0,0,0,0.00,0.00,0.00,0.00,40,3348,11777,3993,645
liam_delap,Nott'm Forest,FW,5.5,2,Liverpool,False,24,1,167,14,2026-08-29T11:30:00Z,2,2,False,0,0,0,1,0,0,0,0,0,0,0,9,4.0,10.1,7.0,2.1,0,0,0,0,0,0.07,0.00,0.07,0.33,55,175,48067,7740,7565
daniel_muñoz mejía,Nott'm Forest,DF,5.5,2,Man City,True,0,0,201,11,2026-08-28T19:00:00Z,1,4,False,0,0,0,0,0,0,0,0,0,0,0,0,0.0,0.0,0.0,0.0,0,0,0,0,0,0.00,0.00,0.00,0.00,55,-109781,815530,15645,125426
matz_sels,Nott'm Forest,GK,5.0,2,Liverpool,False,90,1,467,14,2026-08-29T11:30:00Z,2,2,False,0,0,0,2,0,0,0,0,0,2,0,6,16.6,0.0,0.0,1.7,3,6,0,0,1,0.00,0.01,0.01,1.75,50,-8396,148147,3350,11746
john victor_maciel furtado,Nott'm Forest,GK,4.5,2,Liverpool,False,0,0,468,14,2026-08-29T11:30:00Z,2,2,False,0,0,0,0,0,0,0,0,0,0,0,0,0.0,0.0,0.0,0.0,0,0,0,0,0,0.00,0.00,0.00,0.00,45,-288,6338,178,466
neco_williams,Nott'm Forest,DF,5.0,2,Liverpool,False,90,6,469,14,2026-08-29T11:30:00Z,2,2,False,0,1,0,2,0,0,0,0,0,0,0,16,34.4,25.3,6.0,6.6,6,1,6,12,1,0.12,0.15,0.27,1.75,50,-67984,880209,14150,82134
felipe_rodrigues da silva,Nott'm Forest,DF,5.0,2,Liverpool,False,0,0,470,14,2026-08-29T11:30:00Z,2,2,False,0,0,0,0,0,0,0,0,0,0,0,0,0.0,0.0,0.0,0.0,0,0,0,0,0,0.00,0.00,0.00,0.00,50,-437,4633,230,667
nikola_milenković,Nott'm Forest,DF,5.5,2,Liverpool,False,90,3,471,14,2026-08-29T11:30:00Z,2,2,False,0,0,0,2,0,0,0,0,0,0,0,3,17.0,0.0,0.0,1.7,10,3,3,13,1,0.00,0.00,0.00,1.75,55,-14450,176049,2591,17041
murillo_costa dos santos,Nott'm Forest,DF,5.5,2,Liverpool,False,90,1,472,14,2026-08-29T11:30:00Z,2,2,False,0,0,0,2,0,0,0,0,0,0,0,2,11.2,0.3,8.0,2.0,6,3,0,6,1,0.18,0.00,0.18,1.75,55,-3257,162661,8580,11837
ola_aina,Nott'm Forest,DF,4.5,2,Liverpool,False,85,0,473,14,2026-08-29T11:30:00Z,2,2,False,0,0,0,2,0,0,0,1,0,0,0,2,11.8,15.5,4.0,3.1,3,4,2,5,1,0.00,0.35,0.35,1.75,45,-5067,345943,17770,22837
jair_paula da cunha filho,Nott'm Forest,DF,4.5,2,Liverpool,False,90,1,474,14,2026-08-29T11:30:00Z,2,2,False,0,0,0,2,0,0,0,0,0,0,0,6,14.6,0.4,0.0,1.5,6,3,2,8,1,0.00,0.00,0.00,1.75,45,-1300,21029,259,1559
nicolò_savona,Nott'm Forest,DF,4.5,2,Liverpool,False,0,0,475,14,2026-08-29T11:30:00Z,2,2,False,0,0,0,0,0,0,0,0,0,0,0,0,0.0,0.0,0.0,0.0,0,0,0,0,0,0.00,0.00,0.00,0.00,45,65,304,113,48
omar_richards,Nott'm Forest,DF,4.0,2,Liverpool,False,0,0,476,14,2026-08-29T11:30:00Z,2,2,False,0,0,0,0,0,0,0,0,0,0,0,0,0.0,0.0,0.0,0.0,0,0,0,0,0,0.00,0.00,0.00,0.00,40,-1513,23167,495,2008
zach_abbott,Nott'm Forest,DF,4.0,2,Liverpool,False,0,0,477,14,2026-08-29T11:30:00Z,2,2,False,0,0,0,0,0,0,0,0,0,0,0,0,0.0,0.0,0.0,0.0,0,0,0,0,0,0.00,0.00,0.00,0.00,40,-1227,24822,996,2223
luca_netz,Nott'm Forest,DF,4.5,2,Liverpool,False,4,1,478,14,2026-08-29T11:30:00Z,2,2,False,0,0,0,0,0,0,0,0,0,0,0,5,2.0,0.0,0.0,0.2,0,0,1,1,0,0.00,0.00,0.00,0.00,45,-176,3516,112,288
tyler_bindon,Nott'm Forest,DF,4.0,2,Liverpool,False,0,0,479,14,2026-08-29T11:30:00Z,2,2,False,0,0,0,0,0,0,0,0,0,0,0,0,0.0,0.0,0.0,0.0,0,0,0,0,0,0.00,0.00,0.00,0.00,40,-1052,18138,365,1417
morgan_gibbs-white,Nott'm Forest,MD,8.0,2,Liverpool,False,90,13,480,14,2026-08-29T11:30:00Z,2,2,False,1,1,0,2,0,0,0,0,0,0,3,36,56.4,12.5,17.0,8.6,1,2,2,5,1,0.79,0.04,0.83,1.75,80,-274313,815842,8780,283093
callum_hudson-odoi,Nott'm Forest,MD,6.0,2,Liverpool,False,1,1,482,14,2026-08-29T11:30:00Z,2,2,False,0,0,0,0,0,0,0,0,0,0,0,2,0.0,0.3,0.0,0.0,0,0,0,0,0,0.00,0.00,0.00,0.00,60,-4758,21667,726,5484
dan_ndoye,Nott'm Forest,MD,5.5,2,Liverpool,False,65,9,483,14,2026-08-29T11:30:00Z,2,2,False,1,0,0,1,0,0,0,0,0,0,2,30,35.8,23.0,36.0,9.5,1,8,0,9,1,0.35,0.63,0.98,1.42,55,-3771,39501,1491,5262
omari_hutchinson,Nott'm Forest,MD,5.5,2,Liverpool,False,0,0,484,14,2026-08-29T11:30:00Z,2,2,False,0,0,0,0,0,0,0,0,0,0,0,0,0.0,0.0,0.0,0.0,0,0,0,0,0,0.00,0.00,0.00,0.00,55,-2032,15837,214,2246
dilane_bakwa,Nott'm Forest,MD,5.5,2,Liverpool,False,0,0,485,14,2026-08-29T11:30:00Z,2,2,False,0,0,0,0,0,0,0,0,0,0,0,0,0.0,0.0,0.0,0.0,0,0,0,0,0,0.00,0.00,0.00,0.00,55,-298,1297,107,405
james_mcatee,Nott'm Forest,MD,5.5,2,Liverpool,False,90,2,486,14,2026-08-29T11:30:00Z,2,2,False,0,0,0,2,0,0,0,0,0,0,0,16,8.2,18.5,0.0,2.7,2,5,1,8,1,0.00,0.16,0.16,1.75,55,199,5218,674,475
nicolás_domínguez,Nott'm Forest,MD,5.0,2,Liverpool,False,1,1,487,14,2026-08-29T11:30:00Z,2,2,False,0,0,0,0,0,0,0,0,0,0,0,3,0.2,0.0,0.0,0.0,0,0,0,0,0,0.00,0.00,0.00,0.00,50,-848,7613,214,1062
ibrahim_sangaré,Nott'm Forest,MD,5.0,2,Liverpool,False,0,0,488,14,2026-08-29T11:30:00Z,2,2,False,0,0,0,0,0,0,0,0,0,0,0,0,0.0,0.0,0.0,0.0,0,0,0,0,0,0.00,0.00,0.00,0.00,50,-15127,88298,2850,17977
ryan_yates,Nott'm Forest,MD,4.5,2,Liverpool,False,0,0,489,14,2026-08-29T11:30:00Z,2,2,False,0,0,0,0,0,0,0,0,0,0,0,0,0.0,0.0,0.0,0.0,0,0,0,0,0,0.00,0.00,0.00,0.00,45,-35340,142945,1743,37083
chris_wood,Nott'm Forest,FW,6.0,2,Liverpool,False,0,0,490,14,2026-08-29T11:30:00Z,2,2,False,0,0,0,0,0,0,0,0,0,0,0,0,0.0,0.0,0.0,0.0,0,0,0,0,0,0.00,0.00,0.00,0.00,60,-24782,152998,4569,29351
igor jesus_maciel da cruz,Nott'm Forest,FW,6.0,2,Liverpool,False,90,1,491,14,2026-08-29T11:30:00Z,2,2,False,0,0,0,2,0,0,0,1,0,0,0,4,8.6,13.3,38.0,6.0,3,1,1,5,1,0.74,0.04,0.78,1.75,60,-48313,361702,10237,58550
arnaud_kalimuendo,Nott'm Forest,FW,5.5,2,Liverpool,False,0,0,493,14,2026-08-29T11:30:00Z,2,2,False,0,0,0,0,0,0,0,0,0,0,0,0,0.0,0.0,0.0,0.0,0,0,0,0,0,0.00,0.00,0.00,0.00,55,-418,5177,339,757
xaver_schlager,Nott'm Forest,MD,5.0,2,Liverpool,False,90,4,558,14,2026-08-29T11:30:00Z,2,2,False,0,0,0,2,0,0,0,0,0,0,0,15,21.2,0.7,7.0,2.9,3,7,5,15,1,0.05,0.00,0.05,1.75,50,-986,9781,158,1144
ousmane_diomande,Nott'm Forest,DF,5.5,2,Liverpool,False,0,0,581,14,2026-08-29T11:30:00Z,2,2,False,0,0,0,0,0,0,0,0,0,0,0,0,0.0,0.0,0.0,0.0,0,0,0,0,0,0.00,0.00,0.00,0.00,55,-8617,71062,3484,12101
steven_benda,Nott'm Forest,GK,4.5,2,Liverpool,False,0,0,590,14,2026-08-29T11:30:00Z,2,2,False,0,0,0,0,0,0,0,0,0,0,0,0,0.0,0.0,0.0,0.0,0,0,0,0,0,0.00,0.00,0.00,0.00,45,81,6630,625,544
jan paul_van hecke,Spurs,DF,5.0,2,Newcastle,True,90,1,112,15,2026-08-29T16:30:00Z,0,2,False,0,0,0,2,0,0,0,0,0,0,0,9,26.6,13.7,33.0,7.3,6,4,2,8,1,0.11,0.03,0.14,0.72,50,-62164,945549,36604,98768
tosin_adarabioyo,Spurs,DF,4.5,2,Brighton,True,0,0,147,16,2026-08-30T13:00:00Z,4,3,False,0,0,0,0,0,0,0,0,0,0,0,0,0.0,0.0,0.0,0.0,0,0,0,0,0,0.00,0.00,0.00,0.00,45,-1857,19280,263,2120
omar_marmoush,Spurs,FW,7.0,2,Newcastle,True,90,2,401,15,2026-08-29T16:30:00Z,0,2,False,0,0,0,2,0,0,0,0,0,0,0,14,9.2,35.1,28.0,7.2,0,3,1,4,1,0.17,0.07,0.24,0.72,70,20447,131884,39808,19361
sávio_moreira de oliveira,Spurs,MD,6.5,2,Newcastle,True,0,0,403,15,2026-08-29T16:30:00Z,0,2,False,0,0,0,0,0,0,0,0,0,0,0,0,0.0,0.0,0.0,0.0,0,0,0,0,0,0.00,0.00,0.00,0.00,65,48883,92925,55747,6864
sandro_tonali,Spurs,MD,5.5,2,Newcastle,True,74,2,455,15,2026-08-29T16:30:00Z,0,2,False,0,0,0,2,0,0,0,0,0,0,0,16,5.0,26.3,4.0,3.5,1,3,0,4,1,0.05,0.02,0.07,0.72,55,-38097,369291,14119,52216
guglielmo_vicario,Spurs,GK,4.5,2,Newcastle,True,0,0,494,15,2026-08-29T16:30:00Z,0,2,False,0,0,0,0,0,0,0,0,0,0,0,0,0.0,0.0,0.0,0.0,0,0,0,0,0,0.00,0.00,0.00,0.00,45,-11437,23872,0,11437
brandon_austin,Spurs,GK,4.0,2,Newcastle,True,0,0,495,15,2026-08-29T16:30:00Z,0,2,False,0,0,0,0,0,0,0,0,0,0,0,0,0.0,0.0,0.0,0.0,0,0,0,0,0,0.00,0.00,0.00,0.00,40,-490,88358,3212,3702
antonín_kinský,Spurs,GK,4.5,2,Newcastle,True,90,1,496,15,2026-08-29T16:30:00Z,0,2,False,0,0,0,2,0,0,0,0,0,0,0,4,3.8,0.0,0.0,0.4,0,6,0,0,1,0.00,0.00,0.00,0.72,45,-41526,2247365,40625,82151
martin_dubravka,Spurs,GK,4.0,2,Newcastle,True,0,0,497,15,2026-08-29T16:30:00Z,0,2,False,0,0,0,0,0,0,0,0,0,0,0,0,0.0,0.0,0.0,0.0,0,0,0,0,0,0.00,0.00,0.00,0.00,40,-28731,1835588,35086,63817
marcos_senesi barón,Spurs,DF,6.0,2,Newcastle,True,0,0,498,15,2026-08-29T16:30:00Z,0,2,False,0,0,0,0,0,0,0,0,0,0,0,0,0.0,0.0,0.0,0.0,0,0,0,0,0,0.00,0.00,0.00,0.00,60,-48293,746751,15942,64235
pedro_porro sauceda,Spurs,DF,5.5,2,Newcastle,True,90,1,499,15,2026-08-29T16:30:00Z,0,2,False,0,0,0,2,0,0,0,0,0,0,0,1,9.4,7.9,21.0,3.8,3,2,1,4,1,0.33,0.10,0.43,0.72,55,-296944,1331308,20574,317518
cristian_romero,Spurs,DF,5.0,2,Newcastle,True,0,0,500,15,2026-08-29T16:30:00Z,0,2,False,0,0,0,0,0,0,0,0,0,0,0,0,0.0,0.0,0.0,0.0,0,0,0,0,0,0.00,0.00,0.00,0.00,50,-10779,14805,0,10779
andrew_robertson,Spurs,DF,4.5,2,Newcastle,True,67,2,502,15,2026-08-29T16:30:00Z,0,2,False,0,0,0,1,0,0,0,0,0,0,0,7,11.2,16.8,25.0,5.3,2,1,1,3,1,0.06,0.02,0.08,0.48,45,-1127,379457,22171,23298
micky_van de ven,Spurs,DF,5.0,2,Newcastle,True,90,0,503,15,2026-08-29T16:30:00Z,0,2,False,0,0,0,2,0,0,0,1,0,0,0,5,15.2,2.1,0.0,1.7,7,4,1,8,1,0.00,0.02,0.02,0.72,50,-116329,422798,8374,124703
djed_spence,Spurs,DF,4.5,2,Newcastle,True,0,0,505,15,2026-08-29T16:30:00Z,0,2,False,0,0,0,0,0,0,0,0,0,0,0,0,0.0,0.0,0.0,0.0,0,0,0,0,0,0.00,0.00,0.00,0.00,45,-45782,46576,0,45782
destiny_udogie,Spurs,DF,4.5,2,Newcastle,True,22,1,506,15,2026-08-29T16:30:00Z,0,2,False,0,0,0,1,0,0,0,0,0,0,0,2,5.2,11.5,2.0,1.9,0,1,1,1,0,0.00,0.19,0.19,0.24,45,-3007,47523,1685,4692
ashley_phillips,Spurs,DF,4.5,2,Newcastle,True,0,0,507,15,2026-08-29T16:30:00Z,0,2,False,0,0,0,0,0,0,0,0,0,0,0,0,0.0,0.0,0.0,0.0,0,0,0,0,0,0.00,0.00,0.00,0.00,45,-658,1903,0,658
ben_davies,Spurs,DF,4.0,2,Newcastle,True,0,0,508,15,2026-08-29T16:30:00Z,0,2,False,0,0,0,0,0,0,0,0,0,0,0,0,0.0,0.0,0.0,0.0,0,0,0,0,0,0.00,0.00,0.00,0.00,40,-6106,102932,2877,8983
jun'ai_byfield,Spurs,DF,4.0,2,Newcastle,True,0,0,509,15,2026-08-29T16:30:00Z,0,2,False,0,0,0,0,0,0,0,0,0,0,0,0,0.0,0.0,0.0,0.0,0,0,0,0,0,0.00,0.00,0.00,0.00,40,-239,5341,319,558
james_rowswell,Spurs,DF,4.0,2,Newcastle,True,0,0,510,15,2026-08-29T16:30:00Z,0,2,False,0,0,0,0,0,0,0,0,0,0,0,0,0.0,0.0,0.0,0.0,0,0,0,0,0,0.00,0.00,0.00,0.00,40,-360,7895,335,695
joão victor_de souza menezes,Spurs,DF,4.0,2,Newcastle,True,0,0,511,15,2026-08-29T16:30:00Z,0,2,False,0,0,0,0,0,0,0,0,0,0,0,0,0.0,0.0,0.0,0.0,0,0,0,0,0,0.00,0.00,0.00,0.00,40,-1501,29162,1193,2694
mohammed_kudus,Spurs,MD,6.5,2,Newcastle,True,22,1,512,15,2026-08-29T16:30:00Z,0,2,False,0,0,0,1,0,0,0,0,0,0,0,4,1.2,3.3,11.0,1.6,0,2,0,2,0,0.04,0.01,0.05,0.24,65,-2137,6789,269,2406
xavi_simons,Spurs,MD,6.0,2,Newcastle,True,0,0,513,15,2026-08-29T16:30:00Z,0,2,False,0,0,0,0,0,0,0,0,0,0,0,0,0.0,0.0,0.0,0.0,0,0,0,0,0,0.00,0.00,0.00,0.00,60,-279,1453,77,356
mathys_tel,Spurs,MD,6.0,2,Newcastle,True,67,2,514,15,2026-08-29T16:30:00Z,0,2,False,0,0,0,1,0,0,0,0,0,0,0,10,3.8,3.3,34.0,4.1,0,2,1,3,1,0.14,0.03,0.17,0.48,60,-6287,48495,4174,10461
james_maddison,Spurs,MD,6.5,2,Newcastle,True,0,0,515,15,2026-08-29T16:30:00Z,0,2,False,0,0,0,0,0,0,0,0,0,0,0,0,0.0,0.0,0.0,0.0,0,0,0,0,0,0.00,0.00,0.00,0.00,65,-34300,96409,2686,36986
rodrigo_bentancur,Spurs,MD,5.5,2,Newcastle,True,90,2,516,15,2026-08-29T16:30:00Z,0,2,False,0,0,0,2,0,0,0,0,0,0,0,17,15.4,7.1,0.0,2.3,3,6,2,11,1,0.00,0.02,0.02,0.72,55,-1429,18887,602,2031
wilson_odobert,Spurs,MD,5.5,2,Newcastle,True,0,0,517,15,2026-08-29T16:30:00Z,0,2,False,0,0,0,0,0,0,0,0,0,0,0,0,0.0,0.0,0.0,0.0,0,0,0,0,0,0.00,0.00,0.00,0.00,55,-3,121,16,19
pape matar_sarr,Spurs,MD,4.9,2,Newcastle,True,0,0,518,15,2026-08-29T16:30:00Z,0,2,False,0,0,0,0,0,0,0,0,0,0,0,0,0.0,0.0,0.0,0.0,0,0,0,0,0,0.00,0.00,0.00,0.00,49,-10351,15118,113,10464
conor_gallagher,Spurs,MD,5.5,2,Newcastle,True,0,0,519,15,2026-08-29T16:30:00Z,0,2,False,0,0,0,0,0,0,0,0,0,0,0,0,0.0,0.0,0.0,0.0,0,0,0,0,0,0.00,0.00,0.00,0.00,55,-3439,27438,1208,4647
lucas_bergvall,Spurs,MD,5.5,2,Newcastle,True,0,0,520,15,2026-08-29T16:30:00Z,0,2,False,0,0,0,0,0,0,0,0,0,0,0,0,0.0,0.0,0.0,0.0,0,0,0,0,0,0.00,0.00,0.00,0.00,55,-1564,20234,635,2199
dejan_kulusevski,Spurs,MD,6.5,2,Newcastle,True,0,0,521,15,2026-08-29T16:30:00Z,0,2,False,0,0,0,0,0,0,0,0,0,0,0,0,0.0,0.0,0.0,0.0,0,0,0,0,0,0.00,0.00,0.00,0.00,65,-166,939,75,241
archie_gray,Spurs,MD,5.0,2,Newcastle,True,67,2,522,15,2026-08-29T16:30:00Z,0,2,False,0,0,0,1,0,0,0,0,0,0,0,9,1.8,1.5,0.0,0.3,3,3,0,6,1,0.00,0.00,0.00,0.48,50,-833,22329,1711,2544
mikey_moore,Spurs,MD,5.0,2,Newcastle,True,22,1,523,15,2026-08-29T16:30:00Z,0,2,False,0,0,0,1,0,0,0,0,0,0,0,1,0.0,0.4,1.0,0.0,0,1,0,1,0,0.02,0.00,0.02,0.24,50,-107,19021,2419,2526
callum_olusesi,Spurs,MD,4.5,2,Newcastle,True,0,0,524,15,2026-08-29T16:30:00Z,0,2,False,0,0,0,0,0,0,0,0,0,0,0,0,0.0,0.0,0.0,0.0,0,0,0,0,0,0.00,0.00,0.00,0.00,45,-7298,79923,2014,9312
mateus_fernandes,Spurs,MD,6.0,2,Newcastle,True,90,2,525,15,2026-08-29T16:30:00Z,0,2,False,0,0,0,2,0,0,0,0,0,0,0,18,14.0,46.3,1.0,6.1,0,5,3,8,1,0.01,0.17,0.18,0.72,60,-26800,160253,4529,31329
dominic_solanke-mitchell,Spurs,FW,6.0,2,Newcastle,True,15,1,526,15,2026-08-29T16:30:00Z,0,2,False,0,0,0,0,0,0,0,0,0,0,0,6,3.2,0.3,6.0,1.0,0,0,0,0,0,0.20,0.00,0.20,0.00,60,-12606,131276,8212,20818
richarlison_de andrade,Spurs,FW,6.0,2,Newcastle,True,0,0,527,15,2026-08-29T16:30:00Z,0,2,False,0,0,0,0,0,0,0,0,0,0,0,0,0.0,0.0,0.0,0.0,0,0,0,0,0,0.00,0.00,0.00,0.00,60,-31748,275481,14723,46471
dane_scarlett,Spurs,FW,4.5,2,Newcastle,True,0,0,528,15,2026-08-29T16:30:00Z,0,2,False,0,0,0,0,0,0,0,0,0,0,0,0,0.0,0.0,0.0,0.0,0,0,0,0,0,0.00,0.00,0.00,0.00,45,-3996,172295,13184,17180
mykhailo_mudryk,Spurs,MD,5.5,2,Brighton,True,0,0,578,16,2026-08-30T13:00:00Z,4,3,False,0,0,0,0,0,0,0,0,0,0,0,0,0.0,0.0,0.0,0.0,0,0,0,0,0,0.00,0.00,0.00,0.00,55,-742,4222,234,976
luca_williams-barnett,Spurs,MD,4.5,2,Newcastle,True,0,0,601,15,2026-08-29T16:30:00Z,0,2,False,0,0,0,0,0,0,0,0,0,0,0,0,0.0,0.0,0.0,0.0,0,0,0,0,0,0.00,0.00,0.00,0.00,45,2052,7704,2636,584
kevin_danso,Sunderland,DF,5.0,2,Newcastle,True,0,0,501,15,2026-08-29T16:30:00Z,0,2,False,0,0,0,0,0,0,0,0,0,0,0,0,0.0,0.0,0.0,0.0,0,0,0,0,0,0.00,0.00,0.00,0.00,50,-1412,17484,1020,2432
robin_roefs,Sunderland,GK,5.0,2,Fulham,True,90,6,529,19,2026-08-30T13:00:00Z,1,0,False,0,0,1,0,0,0,0,0,0,0,0,22,4.0,0.0,0.0,0.4,2,7,0,0,1,0.00,0.00,0.00,0.95,50,-25568,389022,4766,30334
anthony_patterson,Sunderland,GK,4.0,2,Fulham,True,0,0,530,19,2026-08-30T13:00:00Z,1,0,False,0,0,0,0,0,0,0,0,0,0,0,0,0.0,0.0,0.0,0.0,0,0,0,0,0,0.00,0.00,0.00,0.00,40,-2307,16075,0,2307
melker_ellborg,Sunderland,GK,4.5,2,Fulham,True,0,0,531,19,2026-08-30T13:00:00Z,1,0,False,0,0,0,0,0,0,0,0,0,0,0,0,0.0,0.0,0.0,0.0,0,0,0,0,0,0.00,0.00,0.00,0.00,45,-645,8877,209,854
daniel_ballard,Sunderland,DF,5.0,2,Fulham,True,90,8,532,19,2026-08-30T13:00:00Z,1,0,False,0,0,1,0,0,0,0,0,0,0,0,27,23.6,1.2,7.0,3.2,9,1,1,10,1,0.03,0.00,0.03,0.95,50,-36906,495946,12798,49704
nordi_mukiele,Sunderland,DF,5.5,2,Fulham,True,90,9,533,19,2026-08-30T13:00:00Z,1,0,False,0,0,1,0,0,0,0,0,0,0,1,28,42.6,8.0,2.0,5.3,17,4,2,19,1,0.00,0.01,0.01,0.95,55,-32999,244003,5588,38587
trai_hume,Sunderland,DF,4.5,2,Fulham,True,90,6,534,19,2026-08-30T13:00:00Z,1,0,False,0,0,1,0,0,0,0,0,0,0,0,24,18.6,19.1,2.0,4.0,2,4,4,6,1,0.00,0.01,0.01,0.95,45,-23752,631620,13619,37371
omar_alderete,Sunderland,DF,5.0,2,Fulham,True,0,0,535,19,2026-08-30T13:00:00Z,1,0,False,0,0,0,0,0,0,0,0,0,0,0,0,0.0,0.0,0.0,0.0,0,0,0,0,0,0.00,0.00,0.00,0.00,50,-2667,43620,2597,5264
reinildo_mandava,Sunderland,DF,4.5,2,Fulham,True,90,6,536,19,2026-08-30T13:00:00Z,1,0,False,0,0,1,0,0,0,0,0,0,0,0,26,16.4,6.0,2.0,2.4,6,3,1,7,1,0.00,0.01,0.01,0.95,45,-2603,44204,975,3578
jenson_seelt,Sunderland,DF,4.5,2,Fulham,True,0,0,537,19,2026-08-30T13:00:00Z,1,0,False,0,0,0,0,0,0,0,0,0,0,0,0,0.0,0.0,0.0,0.0,0,0,0,0,0,0.00,0.00,0.00,0.00,45,-69,1055,58,127
leo fuhr_hjelde,Sunderland,DF,4.0,2,Fulham,True,0,0,538,19,2026-08-30T13:00:00Z,1,0,False,0,0,0,0,0,0,0,0,0,0,0,0,0.0,0.0,0.0,0.0,0,0,0,0,0,0.00,0.00,0.00,0.00,40,-990,5174,0,990
luke_o'nien,Sunderland,DF,4.0,2,Fulham,True,0,0,539,19,2026-08-30T13:00:00Z,1,0,False,0,0,0,0,0,0,0,0,0,0,0,0,0.0,0.0,0.0,0.0,0,0,0,0,0,0.00,0.00,0.00,0.00,40,-12937,338160,4602,17539
arthur_masuaku,Sunderland,DF,4.0,2,Fulham,True,0,0,540,19,2026-08-30T13:00:00Z,1,0,False,0,0,0,0,0,0,0,0,0,0,0,0,0.0,0.0,0.0,0.0,0,0,0,0,0,0.00,0.00,0.00,0.00,40,-4868,20421,0,4868
thomas_meunier,Sunderland,DF,4.5,2,Fulham,True,90,6,541,19,2026-08-30T13:00:00Z,1,0,False,0,0,1,0,0,0,0,0,0,0,0,27,22.6,20.0,9.0,5.2,8,5,0,8,1,0.02,0.05,0.07,0.95,45,-708,29834,1010,1718
enzo_le fée,Sunderland,MD,6.0,2,Fulham,True,89,3,542,19,2026-08-30T13:00:00Z,1,0,False,0,0,1,0,0,0,0,0,0,0,0,13,3.4,21.2,30.0,5.5,1,4,1,6,1,0.37,0.17,0.54,0.86,60,-103724,853085,11386,115110
habib_diarra,Sunderland,MD,5.5,2,Fulham,True,18,4,543,19,2026-08-30T13:00:00Z,1,0,False,0,1,0,0,0,0,0,0,0,0,0,15,15.2,10.3,0.0,2.6,0,0,0,0,0,0.00,0.16,0.16,0.02,55,-842,6801,335,1177
granit_xhaka,Sunderland,MD,5.5,2,Fulham,True,90,6,544,19,2026-08-30T13:00:00Z,1,0,False,0,0,1,0,0,0,0,0,0,0,3,29,20.4,57.9,0.0,7.8,1,6,0,7,1,0.00,0.36,0.36,0.95,55,24566,464299,42781,18215
noah_sadiki,Sunderland,MD,5.0,2,Fulham,True,90,3,545,19,2026-08-30T13:00:00Z,1,0,False,0,0,1,0,0,0,0,0,0,0,0,21,18.4,7.8,6.0,3.2,6,2,3,11,1,0.02,0.02,0.04,0.95,50,-2332,32341,1165,3497
simon_adingra,Sunderland,MD,5.0,2,Fulham,True,0,0,546,19,2026-08-30T13:00:00Z,1,0,False,0,0,0,0,0,0,0,0,0,0,0,0,0.0,0.0,0.0,0.0,0,0,0,0,0,0.00,0.00,0.00,0.00,50,-3506,6042,53,3559
romaine_mundle,Sunderland,MD,5.0,2,Fulham,True,1,1,547,19,2026-08-30T13:00:00Z,1,0,False,0,0,0,0,0,0,0,0,0,0,0,2,8.0,0.1,17.0,2.5,1,0,0,1,0,0.17,0.00,0.17,0.09,50,-110,822,40,150
chris_rigg,Sunderland,MD,5.0,2,Fulham,True,7,1,548,19,2026-08-30T13:00:00Z,1,0,False,0,0,0,0,0,0,0,0,0,0,0,3,0.0,0.0,0.0,0.0,0,0,0,0,0,0.00,0.00,0.00,0.34,50,-521,6409,99,620
chemsdine_talbi,Sunderland,MD,5.5,2,Fulham,True,0,0,549,19,2026-08-30T13:00:00Z,1,0,False,0,0,0,0,0,0,0,0,0,0,0,0,0.0,0.0,0.0,0.0,0,0,0,0,0,0.00,0.00,0.00,0.00,55,-2560,20684,284,2844
djiamgone jocelin ta_bi,Sunderland,MD,5.0,2,Fulham,True,0,0,550,19,2026-08-30T13:00:00Z,1,0,False,0,0,0,0,0,0,0,0,0,0,0,0,0.0,0.0,0.0,0.0,0,0,0,0,0,0.00,0.00,0.00,0.00,50,-50,569,51,101
nilson_angulo,Sunderland,MD,5.0,2,Fulham,True,64,3,551,19,2026-08-30T13:00:00Z,1,0,False,0,0,1,0,0,0,0,0,0,0,0,13,7.2,16.7,0.0,2.4,0,4,1,5,1,0.00,0.04,0.04,0.58,50,3964,13112,5343,1379
brian_brobbey,Sunderland,FW,6.0,2,Fulham,True,63,2,552,19,2026-08-30T13:00:00Z,1,0,False,0,0,1,0,0,0,0,0,0,0,0,5,0.0,2.8,6.0,0.7,1,3,0,4,1,0.03,0.00,0.03,0.58,60,-81358,1261093,38269,119627
wilson_isidor,Sunderland,FW,5.5,2,Fulham,True,26,8,553,19,2026-08-30T13:00:00Z,1,0,False,1,0,0,0,0,0,0,0,0,0,3,29,29.2,0.1,25.0,5.4,0,0,0,0,0,1.39,0.00,1.39,0.37,55,-10451,85703,2470,12921
dayann_méthalie,Sunderland,DF,4.5,2,Fulham,True,0,0,612,19,2026-08-30T13:00:00Z,1,0,False,0,0,0,0,0,0,0,0,0,0,0,0,0.0,0.0,0.0,0.0,0,0,0,0,0,0.00,0.00,0.00,0.00,45,68,156,95,27
jules_ahoka,Sunderland,MD,4.5,2,Fulham,True,0,0,613,19,2026-08-30T13:00:00Z,1,0,False,0,0,0,0,0,0,0,0,0,0,0,0,0.0,0.0,0.0,0.0,0,0,0,0,0,0.00,0.00,0.00,0.00,45,2077,6052,2475,398
