full_name,team,Position,Price,round,opponent_team,was_home,minutes,total_points,element,fixture,kickoff_time,team_h_score,team_a_score,modified,goals_scored,assists,clean_sheets,goals_conceded,own_goals,penalties_saved,penalties_missed,yellow_cards,red_cards,saves,bonus,bps,influence,creativity,threat,ict_index,clearances_blocks_interceptions,recoveries,tackles,defensive_contribution,starts,expected_goals,expected_assists,expected_goal_involvements,expected_goals_conceded,value,transfers_balance,selected,transfers_in,transfers_out
david_raya martín,Arsenal,GK,6.0,3,Chelsea,True,90,3,1,29,2026-09-06T15:30:00Z,2,1,False,0,0,0,1,0,0,0,0,0,4,0,15,28.8,0.0,0.0,2.9,2,11,0,0,1,0.00,0.01,0.01,0.39,60,-23780,3887669,204948,228728
kepa_arrizabalaga revuelta,Arsenal,GK,5.0,3,Chelsea,True,0,0,2,29,2026-09-06T15:30:00Z,2,1,False,0,0,0,0,0,0,0,0,0,0,0,0,0.0,0.0,0.0,0.0,0,0,0,0,0,0.00,0.00,0.00,0.00,50,-615,8025,599,1214
illan_meslier,Arsenal,GK,5.0,3,Chelsea,True,0,0,3,29,2026-09-06T15:30:00Z,2,1,False,0,0,0,0,0,0,0,0,0,0,0,0,0.0,0.0,0.0,0.0,0,0,0,0,0,0.00,0.00,0.00,0.00,50,-287,3143,172,459
gabriel_dos santos magalhães,Arsenal,DF,8.0,3,Chelsea,True,90,2,4,29,2026-09-06T15:30:00Z,2,1,False,0,0,0,1,0,0,0,0,0,0,0,10,23.6,2.4,76.0,10.2,7,4,0,7,1,0.31,0.02,0.33,0.39,80,-298759,2590027,46883,345642
jurriën_timber,Arsenal,DF,6.5,3,Chelsea,True,0,0,5,29,2026-09-06T15:30:00Z,2,1,False,0,0,0,0,0,0,0,0,0,0,0,0,0.0,0.0,0.0,0.0,0,0,0,0,0,0.00,0.00,0.00,0.00,65,-1892,8594,549,2441
william_saliba,Arsenal,DF,6.0,3,Chelsea,True,0,0,6,29,2026-09-06T15:30:00Z,2,1,False,0,0,0,0,0,0,0,0,0,0,0,0,0.0,0.0,0.0,0.0,0,0,0,0,0,0.00,0.00,0.00,0.00,60,-4380,23846,1102,5482
myles_lewis-skelly,Arsenal,MD,5.5,3,Chelsea,True,66,2,7,29,2026-09-06T15:30:00Z,2,1,False,0,0,0,1,0,0,0,0,0,0,0,5,0.0,12.7,4.0,1.0,0,2,0,2,1,0.03,0.10,0.13,0.26,55,-4641,71335,8849,13490
riccardo_calafiori,Arsenal,DF,5.7,3,Chelsea,True,66,2,8,29,2026-09-06T15:30:00Z,2,1,False,0,0,0,1,0,0,0,0,0,0,0,0,4.4,3.2,26.0,3.4,0,1,1,1,1,0.39,0.03,0.42,0.26,57,396923,4639050,515479,118556
piero_hincapié,Arsenal,DF,5.4,3,Chelsea,True,23,1,9,29,2026-09-06T15:30:00Z,2,1,False,0,0,0,0,0,0,0,0,0,0,0,3,6.0,0.5,2.0,0.9,2,0,1,3,0,0.00,0.00,0.00,0.13,54,-31216,119369,4425,35641
benjamin_white,Arsenal,DF,5.5,3,Chelsea,True,90,2,10,29,2026-09-06T15:30:00Z,2,1,False,0,0,0,1,0,0,0,0,0,0,0,11,15.8,5.1,10.0,3.1,4,4,2,6,1,0.00,0.03,0.03,0.39,55,45919,745511,163295,117376
cristhian_mosquera,Arsenal,DF,5.5,3,Chelsea,True,0,0,11,29,2026-09-06T15:30:00Z,2,1,False,0,0,0,0,0,0,0,0,0,0,0,0,0.0,0.0,0.0,0.0,0,0,0,0,0,0.00,0.00,0.00,0.00,55,-114822,438589,13546,128368
bukayo_saka,Arsenal,MD,9.5,3,Chelsea,True,89,2,12,29,2026-09-06T15:30:00Z,2,1,False,0,0,0,1,0,0,0,0,0,0,0,13,10.6,27.8,70.0,10.8,1,2,1,4,1,0.23,0.23,0.46,0.39,95,55091,1160318,156377,101286
declan_rice,Arsenal,MD,7.5,3,Chelsea,True,90,5,13,29,2026-09-06T15:30:00Z,2,1,False,0,1,0,1,0,0,0,0,0,0,0,22,33.8,19.9,2.0,5.6,5,1,0,6,1,0.03,0.08,0.11,0.39,75,-227106,1465517,21785,248891
eberechi_eze,Arsenal,MD,6.4,3,Chelsea,True,0,0,14,29,2026-09-06T15:30:00Z,2,1,False,0,0,0,0,0,0,0,0,0,0,0,0,0.0,0.0,0.0,0.0,0,0,0,0,0,0.00,0.00,0.00,0.00,64,-32301,146059,8271,40572
martin_ødegaard,Arsenal,MD,6.6,3,Chelsea,True,76,10,15,29,2026-09-06T15:30:00Z,2,1,False,1,0,0,1,0,0,0,0,0,0,3,47,45.0,54.2,30.0,12.9,0,3,0,3,1,0.72,0.88,1.60,0.27,66,-52949,1130521,119653,172602
noni_madueke,Arsenal,MD,6.3,3,Chelsea,True,1,1,16,29,2026-09-06T15:30:00Z,2,1,False,0,0,0,0,0,0,0,0,0,0,0,3,2.2,0.8,0.0,0.3,0,0,1,1,0,0.00,0.01,0.01,0.00,63,-6797,24885,1276,8073
mikel_merino zazón,Arsenal,MD,5.9,3,Chelsea,True,13,0,17,29,2026-09-06T15:30:00Z,2,1,False,0,0,0,0,0,0,0,1,0,0,0,0,0.0,1.1,0.0,0.1,0,0,0,0,0,0.00,0.00,0.00,0.11,59,-10808,51449,3061,13869
gabriel_martinelli silva,Arsenal,MD,6.3,3,Chelsea,True,0,0,18,29,2026-09-06T15:30:00Z,2,1,False,0,0,0,0,0,0,0,0,0,0,0,0,0.0,0.0,0.0,0.0,0,0,0,0,0,0.00,0.00,0.00,0.00,63,-5441,15232,1165,6606
martín_zubimendi ibáñez,Arsenal,MD,5.4,3,Chelsea,True,23,1,19,29,2026-09-06T15:30:00Z,2,1,False,0,0,0,0,0,0,0,0,0,0,0,1,1.4,0.8,11.0,1.3,4,0,0,4,0,0.08,0.02,0.10,0.13,54,-16532,80922,3485,20017
max_dowman,Arsenal,MD,5.4,3,Chelsea,True,0,0,20,29,2026-09-06T15:30:00Z,2,1,False,0,0,0,0,0,0,0,0,0,0,0,0,0.0,0.0,0.0,0.0,0,0,0,0,0,0.00,0.00,0.00,0.00,54,-1389,7381,608,1997
ethan_nwaneri,Arsenal,MD,5.4,3,Chelsea,True,0,0,22,29,2026-09-06T15:30:00Z,2,1,False,0,0,0,0,0,0,0,0,0,0,0,0,0.0,0.0,0.0,0.0,0,0,0,0,0,0.00,0.00,0.00,0.00,54,-270,1107,157,427
fábio_ferreira vieira,Arsenal,MD,5.5,3,Chelsea,True,0,0,23,29,2026-09-06T15:30:00Z,2,1,False,0,0,0,0,0,0,0,0,0,0,0,0,0.0,0.0,0.0,0.0,0,0,0,0,0,0.00,0.00,0.00,0.00,55,-136,972,175,311
reiss_nelson,Arsenal,MD,5.5,3,Chelsea,True,0,0,24,29,2026-09-06T15:30:00Z,2,1,False,0,0,0,0,0,0,0,0,0,0,0,0,0.0,0.0,0.0,0.0,0,0,0,0,0,0.00,0.00,0.00,0.00,55,-299,662,4,303
viktor_gyökeres,Arsenal,FW,7.3,3,Chelsea,True,12,1,25,29,2026-09-06T15:30:00Z,2,1,False,0,0,0,0,0,0,0,0,0,0,0,2,0.0,0.1,0.0,0.0,0,1,0,1,0,0.00,0.00,0.00,0.11,73,-192830,466852,8161,200991
kai_havertz,Arsenal,FW,7.5,3,Chelsea,True,77,8,26,29,2026-09-06T15:30:00Z,2,1,False,1,0,0,1,0,0,0,0,0,0,2,38,43.0,37.0,57.0,13.7,1,0,0,1,1,0.27,0.27,0.54,0.27,75,-68870,686572,72519,141389
gabriel_fernando de jesus,Arsenal,FW,5.9,3,Chelsea,True,0,0,27,29,2026-09-06T15:30:00Z,2,1,False,0,0,0,0,0,0,0,0,0,0,0,0,0.0,0.0,0.0,0.0,0,0,0,0,0,0.00,0.00,0.00,0.00,59,-8859,26101,2250,11109
ezri_konsa ngoyo,Arsenal,DF,4.4,3,Chelsea,True,90,4,31,29,2026-09-06T15:30:00Z,2,1,False,0,0,0,1,0,0,0,0,0,0,0,15,19.4,1.4,4.0,2.5,7,5,3,10,1,0.00,0.01,0.01,0.39,44,71726,1139279,270872,199146
bruno_guimarães rodriguez moura,Arsenal,MD,6.8,3,Chelsea,True,0,0,452,29,2026-09-06T15:30:00Z,2,1,False,0,0,0,0,0,0,0,0,0,0,0,0,0.0,0.0,0.0,0.0,0,0,0,0,0,0.00,0.00,0.00,0.00,68,-57236,212586,5546,62782
christos_tzolis,Arsenal,MD,6.5,3,Chelsea,True,90,5,557,29,2026-09-06T15:30:00Z,2,1,False,0,1,0,1,0,0,0,1,0,0,1,31,30.6,50.0,4.0,8.5,2,5,1,8,1,0.00,0.20,0.20,0.39,65,-601940,1889271,91384,693324
marco_bizot,Aston Villa,GK,4.5,3,Hull City,False,0,0,29,25,2026-09-05T16:30:00Z,0,0,False,0,0,0,0,0,0,0,0,0,0,0,0,0.0,0.0,0.0,0.0,0,0,0,0,0,0.00,0.00,0.00,0.00,45,-69,14920,2306,2375
lucas_digne,Aston Villa,DF,4.5,3,Hull City,False,0,0,30,25,2026-09-05T16:30:00Z,0,0,False,0,0,0,0,0,0,0,0,0,0,0,0,0.0,0.0,0.0,0.0,0,0,0,0,0,0.00,0.00,0.00,0.00,45,-2071,6725,0,2071
matty_cash,Aston Villa,DF,4.5,3,Hull City,False,84,6,32,25,2026-09-05T16:30:00Z,0,0,False,0,0,1,0,0,0,0,0,0,0,0,23,6.4,16.3,6.0,2.9,1,1,0,1,1,0.00,0.03,0.03,0.22,45,-35679,731987,41628,77307
tyrone_mings,Aston Villa,DF,4.5,3,Hull City,False,90,6,33,25,2026-09-05T16:30:00Z,0,0,False,0,0,1,0,0,0,0,0,0,0,0,28,14.8,4.4,13.0,3.2,4,2,1,5,1,0.11,0.02,0.13,0.57,45,-2214,38099,2622,4836
pau_torres,Aston Villa,DF,4.5,3,Hull City,False,0,0,34,25,2026-09-05T16:30:00Z,0,0,False,0,0,0,0,0,0,0,0,0,0,0,0,0.0,0.0,0.0,0.0,0,0,0,0,0,0.00,0.00,0.00,0.00,45,919,46943,5255,4336
lamare_bogarde,Aston Villa,MD,5.0,3,Hull City,False,0,0,35,25,2026-09-05T16:30:00Z,0,0,False,0,0,0,0,0,0,0,0,0,0,0,0,0.0,0.0,0.0,0.0,0,0,0,0,0,0.00,0.00,0.00,0.00,50,-311,7284,945,1256
ian_maatsen,Aston Villa,DF,4.5,3,Hull City,False,74,7,36,25,2026-09-05T16:30:00Z,0,0,False,0,0,1,0,0,0,0,0,0,0,1,29,10.6,19.8,4.0,3.4,2,0,1,3,1,0.00,0.42,0.42,0.22,45,2667,83194,11292,8625
victor_lindelöf,Aston Villa,DF,4.5,3,Hull City,False,90,6,37,25,2026-09-05T16:30:00Z,0,0,False,0,0,1,0,0,0,0,0,0,0,0,28,22.4,24.9,2.0,4.9,4,3,0,4,1,0.00,0.08,0.08,0.57,45,216,29725,3211,2995
andrés_garcía,Aston Villa,DF,4.0,3,Hull City,False,0,0,38,25,2026-09-05T16:30:00Z,0,0,False,0,0,0,0,0,0,0,0,0,0,0,0,0.0,0.0,0.0,0.0,0,0,0,0,0,0.00,0.00,0.00,0.00,40,-506,187661,16171,16677
kosta_nedeljkovic,Aston Villa,DF,4.0,3,Hull City,False,0,0,39,25,2026-09-05T16:30:00Z,0,0,False,0,0,0,0,0,0,0,0,0,0,0,0,0.0,0.0,0.0,0.0,0,0,0,0,0,0.00,0.00,0.00,0.00,40,-3988,17687,0,3988
emiliano_buendía stati,Aston Villa,MD,6.0,3,Hull City,False,74,3,41,25,2026-09-05T16:30:00Z,0,0,False,0,0,1,0,0,0,0,0,0,0,0,2,0.0,10.8,7.0,1.4,0,2,0,2,1,0.61,0.05,0.66,0.22,60,-3519,128636,20598,24117
leon_bailey,Aston Villa,MD,5.4,3,Hull City,False,0,0,44,25,2026-09-05T16:30:00Z,0,0,False,0,0,0,0,0,0,0,0,0,0,0,0,0.0,0.0,0.0,0.0,0,0,0,0,0,0.00,0.00,0.00,0.00,54,-2630,12237,1094,3724
john_mcginn,Aston Villa,MD,5.4,3,Hull City,False,90,3,45,25,2026-09-05T16:30:00Z,0,0,False,0,0,1,0,0,0,0,0,0,0,0,6,1.4,5.6,4.0,1.1,1,2,2,5,1,0.68,0.03,0.71,0.57,54,-27591,252885,16891,44482
ross_barkley,Aston Villa,MD,5.0,3,Hull City,False,90,3,46,25,2026-09-05T16:30:00Z,0,0,False,0,0,1,0,0,0,0,0,0,0,0,15,13.6,34.1,15.0,6.3,2,4,0,6,1,0.22,0.09,0.31,0.57,50,1735,27497,5744,4009
boubacar_kamara,Aston Villa,MD,5.0,3,Hull City,False,90,3,47,25,2026-09-05T16:30:00Z,0,0,False,0,0,1,0,0,0,0,0,0,0,0,20,13.6,26.2,0.0,4.0,3,6,1,10,1,0.00,0.07,0.07,0.57,50,-720,35132,5061,5781
amadou_onana,Aston Villa,MD,5.0,3,Hull City,False,0,0,48,25,2026-09-05T16:30:00Z,0,0,False,0,0,0,0,0,0,0,0,0,0,0,0,0.0,0.0,0.0,0.0,0,0,0,0,0,0.00,0.00,0.00,0.00,50,-430,1852,140,570
samuel_iling-junior,Aston Villa,MD,5.0,3,Hull City,False,0,0,49,25,2026-09-05T16:30:00Z,0,0,False,0,0,0,0,0,0,0,0,0,0,0,0,0.0,0.0,0.0,0.0,0,0,0,0,0,0.00,0.00,0.00,0.00,50,-63,211,0,63
bradley_burrowes,Aston Villa,MD,4.5,3,Hull City,False,0,0,50,25,2026-09-05T16:30:00Z,0,0,False,0,0,0,0,0,0,0,0,0,0,0,0,0.0,0.0,0.0,0.0,0,0,0,0,0,0.00,0.00,0.00,0.00,45,-408,72806,8705,9113
george_hemmings,Aston Villa,MD,4.5,3,Hull City,False,74,3,51,25,2026-09-05T16:30:00Z,0,0,False,0,0,1,0,0,0,0,0,0,0,0,12,10.8,13.5,21.0,4.5,2,4,1,7,1,0.07,0.14,0.21,0.22,45,21970,110782,36405,14435
alysson edward franco_da rocha dos santos,Aston Villa,MD,5.0,3,Hull City,False,15,1,52,25,2026-09-05T16:30:00Z,0,0,False,0,0,0,0,0,0,0,0,0,0,0,3,0.2,1.8,0.0,0.2,0,1,0,1,0,0.00,0.00,0.00,0.35,50,-102,4733,827,929
johan_manzambi,Aston Villa,MD,5.9,3,Hull City,False,0,0,53,25,2026-09-05T16:30:00Z,0,0,False,0,0,0,0,0,0,0,0,0,0,0,0,0.0,0.0,0.0,0.0,0,0,0,0,0,0.00,0.00,0.00,0.00,59,-4708,14230,341,5049
joao_gomes,Aston Villa,MD,5.5,3,Hull City,False,0,0,54,25,2026-09-05T16:30:00Z,0,0,False,0,0,0,0,0,0,0,0,0,0,0,0,0.0,0.0,0.0,0.0,0,0,0,0,0,0.00,0.00,0.00,0.00,55,-1095,4112,90,1185
ollie_watkins,Aston Villa,FW,7.8,3,Hull City,False,0,0,55,25,2026-09-05T16:30:00Z,0,0,False,0,0,0,0,0,0,0,0,0,0,0,0,0.0,0.0,0.0,0.0,0,0,0,0,0,0.00,0.00,0.00,0.00,78,-305129,433685,4250,309379
tammy_abraham,Aston Villa,FW,5.5,3,Hull City,False,5,1,56,25,2026-09-05T16:30:00Z,0,0,False,0,0,0,0,0,0,0,0,0,0,0,3,2.0,1.0,0.0,0.3,0,0,1,1,0,0.00,0.00,0.00,0.35,55,2174,14917,4925,2751
alejandro_garnacho ferreyra,Aston Villa,MD,5.9,3,Hull City,False,15,1,160,25,2026-09-05T16:30:00Z,0,0,False,0,0,0,0,0,0,0,0,0,0,0,4,1.0,1.6,0.0,0.3,0,0,0,0,0,0.00,0.00,0.00,0.35,59,-9524,46064,2557,12081
nicolas_jackson,Aston Villa,FW,6.5,3,Hull City,False,84,2,166,25,2026-09-05T16:30:00Z,0,0,False,0,0,1,0,0,0,0,0,0,0,0,10,1.2,17.5,20.0,3.9,0,2,0,2,1,0.24,0.44,0.68,0.22,65,37834,115958,46877,9043
brian_madjo,Aston Villa,FW,5.5,3,Hull City,False,0,0,582,25,2026-09-05T16:30:00Z,0,0,False,0,0,0,0,0,0,0,0,0,0,0,0,0.0,0.0,0.0,0.0,0,0,0,0,0,0.00,0.00,0.00,0.00,55,-8463,31743,894,9357
matteo_ruggeri,Aston Villa,DF,4.5,3,Hull City,False,15,1,596,25,2026-09-05T16:30:00Z,0,0,False,0,0,0,0,0,0,0,0,0,0,0,3,2.6,2.6,0.0,0.5,1,2,0,1,0,0.00,0.01,0.01,0.35,45,-990,10240,736,1726
zion_suzuki,Aston Villa,GK,5.0,3,Hull City,False,90,10,597,25,2026-09-05T16:30:00Z,0,0,False,0,0,1,0,0,0,0,0,0,4,3,38,27.2,0.0,0.0,2.7,1,13,0,0,1,0.00,0.00,0.00,0.57,50,21820,144003,33094,11274
triston_rowe,Aston Villa,DF,4.0,3,Hull City,False,0,0,606,25,2026-09-05T16:30:00Z,0,0,False,0,0,0,0,0,0,0,0,0,0,0,0,0.0,0.0,0.0,0.0,0,0,0,0,0,0.00,0.00,0.00,0.00,40,4717,18767,6400,1683
luka_lynch,Aston Villa,MD,4.5,3,Hull City,False,0,0,607,25,2026-09-05T16:30:00Z,0,0,False,0,0,0,0,0,0,0,0,0,0,0,0,0.0,0.0,0.0,0.0,0,0,0,0,0,0.00,0.00,0.00,0.00,45,1177,12683,3500,2323
aaron_wan-bissaka,Aston Villa,DF,4.5,3,Hull City,False,5,1,611,25,2026-09-05T16:30:00Z,0,0,False,0,0,0,0,0,0,0,0,0,0,0,3,2.8,0.9,0.0,0.4,1,0,0,1,0,0.00,0.00,0.00,0.35,45,5012,15829,6633,1621
leon_goretzka,Aston Villa,MD,6.0,3,Hull City,False,0,0,618,25,2026-09-05T16:30:00Z,0,0,False,0,0,0,0,0,0,0,0,0,0,0,0,0.0,0.0,0.0,0.0,0,0,0,0,0,0.00,0.00,0.00,0.00,60,2608,5084,3449,841
taylor_harwood-bellis,Aston Villa,DF,4.5,3,Hull City,False,0,0,630,25,2026-09-05T16:30:00Z,0,0,False,0,0,0,0,0,0,0,0,0,0,0,0,0.0,0.0,0.0,0.0,0,0,0,0,0,0.00,0.00,0.00,0.00,45,755,1010,945,190
ibrahim_mbaye,Aston Villa,MD,6.0,3,Hull City,False,0,0,631,25,2026-09-05T16:30:00Z,0,0,False,0,0,0,0,0,0,0,0,0,0,0,0,0.0,0.0,0.0,0.0,0,0,0,0,0,0.00,0.00,0.00,0.00,60,3426,4421,4056,630
đorđe_petrović,Bournemouth,GK,4.5,3,Newcastle,False,90,1,57,27,2026-09-05T11:30:00Z,2,2,False,0,0,0,2,0,0,0,0,0,0,0,0,3.4,0.0,0.0,0.3,1,8,0,0,1,0.00,0.00,0.00,0.71,45,11030,349425,45982,34952
fraser_forster,Bournemouth,GK,4.0,3,Newcastle,False,0,0,58,27,2026-09-05T11:30:00Z,2,2,False,0,0,0,0,0,0,0,0,0,0,0,0,0.0,0.0,0.0,0.0,0,0,0,0,0,0.00,0.00,0.00,0.00,40,17023,371559,38348,21325
will_dennis,Bournemouth,GK,4.0,3,Newcastle,False,0,0,59,27,2026-09-05T11:30:00Z,2,2,False,0,0,0,0,0,0,0,0,0,0,0,0,0.0,0.0,0.0,0.0,0,0,0,0,0,0.00,0.00,0.00,0.00,40,-2784,15695,0,2784
james_hill,Bournemouth,DF,5.5,3,Newcastle,False,90,1,60,27,2026-09-05T11:30:00Z,2,2,False,0,0,0,2,0,0,0,0,0,0,0,4,16.8,31.5,2.0,5.0,6,1,0,6,1,0.00,0.02,0.02,0.71,55,-4574,87381,7094,11668
adrien_truffert,Bournemouth,DF,5.5,3,Newcastle,False,90,0,61,27,2026-09-05T11:30:00Z,2,2,False,0,0,0,2,0,0,0,1,0,0,0,-3,10.2,15.7,2.0,2.8,3,5,3,6,1,0.01,0.06,0.07,0.71,55,-30205,387734,11879,42084
bafodé_diakité,Bournemouth,DF,5.0,3,Newcastle,False,0,0,62,27,2026-09-05T11:30:00Z,2,2,False,0,0,0,0,0,0,0,0,0,0,0,0,0.0,0.0,0.0,0.0,0,0,0,0,0,0.00,0.00,0.00,0.00,50,-2153,18773,1710,3863
veljko_milosavljevic,Bournemouth,DF,5.0,3,Newcastle,False,0,0,63,27,2026-09-05T11:30:00Z,2,2,False,0,0,0,0,0,0,0,0,0,0,0,0,0.0,0.0,0.0,0.0,0,0,0,0,0,0.00,0.00,0.00,0.00,50,-154,919,88,242
adam_smith,Bournemouth,DF,4.5,3,Newcastle,False,90,0,64,27,2026-09-05T11:30:00Z,2,2,False,0,0,0,2,0,0,0,1,0,0,0,3,9.6,25.3,4.0,3.9,3,6,1,4,1,0.01,0.04,0.05,0.71,45,-461,13869,1630,2091
julián_araujo zúñiga,Bournemouth,DF,4.5,3,Newcastle,False,0,0,65,27,2026-09-05T11:30:00Z,2,2,False,0,0,0,0,0,0,0,0,0,0,0,0,0.0,0.0,0.0,0.0,0,0,0,0,0,0.00,0.00,0.00,0.00,45,-270,1391,96,366
julio_soler barreto,Bournemouth,DF,4.0,3,Newcastle,False,0,0,66,27,2026-09-05T11:30:00Z,2,2,False,0,0,0,0,0,0,0,0,0,0,0,0,0.0,0.0,0.0,0.0,0,0,0,0,0,0.00,0.00,0.00,0.00,40,3691,30657,6046,2355
rayan vitor_simplício rocha,Bournemouth,MD,6.5,3,Newcastle,False,88,2,67,27,2026-09-05T11:30:00Z,2,2,False,0,0,0,2,0,0,0,0,0,0,0,8,1.6,0.9,10.0,1.3,1,0,1,2,1,0.04,0.01,0.05,0.66,65,-48316,230133,11708,60024
marcus_tavernier,Bournemouth,MD,6.0,3,Newcastle,False,88,10,68,27,2026-09-05T11:30:00Z,2,2,False,1,0,0,2,0,0,0,0,0,0,3,43,46.6,13.2,77.0,13.7,0,8,1,9,1,1.01,0.05,1.06,0.66,60,-21585,230783,28263,49848
alex_scott,Bournemouth,MD,6.0,3,Newcastle,False,90,10,69,27,2026-09-05T11:30:00Z,2,2,False,0,2,0,2,0,0,0,0,0,0,2,37,13.4,22.9,12.0,4.8,5,6,0,11,1,0.07,0.02,0.09,0.71,60,39114,210299,56885,17771
justin_kluivert,Bournemouth,MD,6.0,3,Newcastle,False,75,1,70,27,2026-09-05T11:30:00Z,2,2,False,0,0,0,1,0,0,0,1,0,0,0,6,0.0,2.0,3.0,0.2,0,3,1,4,1,0.06,0.01,0.07,0.48,60,-12692,113173,10830,23522
lewis_cook,Bournemouth,MD,5.0,3,Newcastle,False,14,1,71,27,2026-09-05T11:30:00Z,2,2,False,0,0,0,1,0,0,0,0,0,0,0,2,0.0,0.3,0.0,0.0,1,0,0,1,0,0.00,0.00,0.00,0.23,50,2757,23118,6600,3843
ben_gannon-doak,Bournemouth,MD,5.0,3,Newcastle,False,1,1,72,27,2026-09-05T11:30:00Z,2,2,False,0,0,0,0,0,0,0,0,0,0,0,3,2.0,0.5,5.0,0.8,0,1,1,2,0,0.02,0.00,0.02,0.05,50,-1165,7170,384,1549
tyler_adams,Bournemouth,MD,5.0,3,Newcastle,False,75,4,73,27,2026-09-05T11:30:00Z,2,2,False,0,0,0,1,0,0,0,0,0,0,0,15,12.2,11.5,0.0,2.4,1,8,3,12,1,0.00,0.01,0.01,0.48,50,897,26019,5588,4691
david_brooks,Bournemouth,MD,5.0,3,Newcastle,False,14,1,74,27,2026-09-05T11:30:00Z,2,2,False,0,0,0,1,0,0,0,0,0,0,0,2,0.0,0.0,0.0,0.0,0,0,0,0,0,0.00,0.00,0.00,0.23,50,292,5938,1296,1004
ryan_christie,Bournemouth,MD,5.0,3,Newcastle,False,1,1,75,27,2026-09-05T11:30:00Z,2,2,False,0,0,0,0,0,0,0,0,0,0,0,3,0.0,0.0,0.0,0.0,0,0,0,0,0,0.00,0.00,0.00,0.00,50,522,2833,1038,516
alex_tóth,Bournemouth,MD,5.0,3,Newcastle,False,0,0,76,27,2026-09-05T11:30:00Z,2,2,False,0,0,0,0,0,0,0,0,0,0,0,0,0.0,0.0,0.0,0.0,0,0,0,0,0,0.00,0.00,0.00,0.00,50,-108,1563,123,231
amine_adli,Bournemouth,MD,4.9,3,Newcastle,False,0,0,77,27,2026-09-05T11:30:00Z,2,2,False,0,0,0,0,0,0,0,0,0,0,0,0,0.0,0.0,0.0,0.0,0,0,0,0,0,0.00,0.00,0.00,0.00,49,-491,1803,136,627
junior_kroupi,Bournemouth,MD,7.4,3,Newcastle,False,0,0,78,27,2026-09-05T11:30:00Z,2,2,False,0,0,0,0,0,0,0,0,0,0,0,0,0.0,0.0,0.0,0.0,0,0,0,0,0,0.00,0.00,0.00,0.00,74,-7714,23655,246,7960
francisco evanilson_de lima barbosa,Bournemouth,FW,6.0,3,Newcastle,False,90,2,79,27,2026-09-05T11:30:00Z,2,2,False,0,0,0,2,0,0,0,0,0,0,0,4,3.2,5.1,21.0,2.9,4,3,0,7,1,0.13,0.01,0.14,0.71,60,26119,336364,69571,43452
enes_ünal,Bournemouth,FW,5.5,3,Newcastle,False,0,0,80,27,2026-09-05T11:30:00Z,2,2,False,0,0,0,0,0,0,0,0,0,0,0,0,0.0,0.0,0.0,0.0,0,0,0,0,0,0.00,0.00,0.00,0.00,55,-522,1977,0,522
álvaro_rodríguez,Bournemouth,FW,6.0,3,Newcastle,False,0,0,81,27,2026-09-05T11:30:00Z,2,2,False,0,0,0,0,0,0,0,0,0,0,0,0,0.0,0.0,0.0,0.0,0,0,0,0,0,0.00,0.00,0.00,0.00,60,-398,12281,1521,1919
antónio joão_pereira de albuquerque tavares da silva,Bournemouth,DF,5.0,3,Newcastle,False,90,1,566,27,2026-09-05T11:30:00Z,2,2,False,0,0,0,2,0,0,0,0,0,0,0,8,23.8,1.2,17.0,4.2,7,2,1,8,1,0.02,0.01,0.03,0.71,50,3048,43269,9722,6674
juanlu_sánchez,Bournemouth,DF,4.5,3,Newcastle,False,0,0,573,27,2026-09-05T11:30:00Z,2,2,False,0,0,0,0,0,0,0,0,0,0,0,0,0.0,0.0,0.0,0.0,0,0,0,0,0,0.00,0.00,0.00,0.00,45,-1920,19900,369,2289
daniel_jebbison,Bournemouth,FW,5.0,3,Newcastle,False,1,1,608,27,2026-09-05T11:30:00Z,2,2,False,0,0,0,0,0,0,0,0,0,0,0,4,0.0,0.0,0.0,0.0,0,0,0,0,0,0.00,0.00,0.00,0.05,50,2512,9237,4510,1998
michele_di gregorio,Bournemouth,GK,4.5,3,Newcastle,False,0,0,615,27,2026-09-05T11:30:00Z,2,2,False,0,0,0,0,0,0,0,0,0,0,0,0,0.0,0.0,0.0,0.0,0,0,0,0,0,0.00,0.00,0.00,0.00,45,949,2932,1404,455
caoimhín_kelleher,Brentford,GK,5.0,3,Sunderland,True,90,2,82,22,2026-09-05T14:00:00Z,1,1,False,0,0,0,1,0,0,0,0,0,2,0,10,16.8,0.0,0.0,1.7,2,6,0,0,1,0.00,0.00,0.00,1.71,50,54758,832099,113703,58945
hákon rafn_valdimarsson,Brentford,GK,4.5,3,Sunderland,True,0,0,83,22,2026-09-05T14:00:00Z,1,1,False,0,0,0,0,0,0,0,0,0,0,0,0,0.0,0.0,0.0,0.0,0,0,0,0,0,0.00,0.00,0.00,0.00,45,-432,11246,975,1407
nathan_collins,Brentford,DF,5.5,3,Sunderland,True,16,1,84,22,2026-09-05T14:00:00Z,1,1,False,0,0,0,0,0,0,0,0,0,0,0,4,1.0,0.0,0.0,0.1,1,0,0,1,1,0.00,0.00,0.00,0.10,55,11591,271484,32175,20584
sepp_van den berg,Brentford,DF,4.9,3,Sunderland,True,0,0,85,22,2026-09-05T14:00:00Z,1,1,False,0,0,0,0,0,0,0,0,0,0,0,0,0.0,0.0,0.0,0.0,0,0,0,0,0,0.00,0.00,0.00,0.00,49,-2342,8510,121,2463
keane_lewis-potter,Brentford,MD,5.5,3,Sunderland,True,90,2,86,22,2026-09-05T14:00:00Z,1,1,False,0,0,0,1,0,0,0,0,0,0,0,4,8.2,45.1,22.0,7.5,4,1,1,6,1,0.24,0.40,0.64,1.71,55,74882,235201,101209,26327
kristoffer_ajer,Brentford,DF,4.5,3,Sunderland,True,90,2,87,22,2026-09-05T14:00:00Z,1,1,False,0,0,0,1,0,0,0,0,0,0,0,8,11.8,0.3,0.0,1.2,5,2,0,5,1,0.00,0.00,0.00,1.71,45,112523,610187,174453,61930
michael_kayode,Brentford,DF,4.6,3,Sunderland,True,45,1,88,22,2026-09-05T14:00:00Z,1,1,False,0,0,0,0,0,0,0,0,0,0,0,2,7.6,0.3,2.0,1.0,5,2,0,5,1,0.03,0.00,0.03,0.35,46,121903,1044649,201513,79610
rico_henry,Brentford,DF,4.5,3,Sunderland,True,0,0,89,22,2026-09-05T14:00:00Z,1,1,False,0,0,0,0,0,0,0,0,0,0,0,0,0.0,0.0,0.0,0.0,0,0,0,0,0,0.00,0.00,0.00,0.00,45,-1641,22909,561,2202
aaron_hickey,Brentford,DF,4.5,3,Sunderland,True,45,1,90,22,2026-09-05T14:00:00Z,1,1,False,0,0,0,1,0,0,0,0,0,0,0,0,7.6,1.0,0.0,0.9,4,2,1,5,0,0.00,0.00,0.00,1.36,45,-239,7835,653,892
kim_ji-soo,Brentford,DF,4.5,3,Sunderland,True,0,0,92,22,2026-09-05T14:00:00Z,1,1,False,0,0,0,0,0,0,0,0,0,0,0,0,0.0,0.0,0.0,0.0,0,0,0,0,0,0.00,0.00,0.00,0.00,45,-133,1937,151,284
jannik_schuster,Brentford,DF,4.5,3,Sunderland,True,73,4,93,22,2026-09-05T14:00:00Z,1,1,False,0,0,0,1,0,0,0,0,0,0,0,11,17.2,0.2,4.0,2.1,10,0,0,10,0,0.10,0.01,0.11,1.61,45,-1306,15267,166,1472
kevin_schade,Brentford,MD,6.0,3,Sunderland,True,90,2,94,22,2026-09-05T14:00:00Z,1,1,False,0,0,0,1,0,0,0,0,0,0,0,11,4.0,13.3,8.0,2.5,0,5,0,5,1,0.00,0.17,0.17,1.71,60,92782,492340,140288,47506
dango_ouattara,Brentford,MD,6.5,3,Sunderland,True,45,1,95,22,2026-09-05T14:00:00Z,1,1,False,0,0,0,0,0,0,0,0,0,0,0,6,6.8,11.3,0.0,1.8,3,7,1,11,1,0.00,0.01,0.01,0.35,65,-24974,85265,4607,29581
mikkel_damsgaard,Brentford,MD,5.5,3,Sunderland,True,85,8,96,22,2026-09-05T14:00:00Z,1,1,False,0,1,0,1,0,0,0,0,0,0,3,30,10.0,28.5,6.0,4.5,1,3,0,4,1,0.00,0.21,0.21,1.63,55,-3734,49863,3933,7667
mathias_jensen,Brentford,MD,5.5,3,Sunderland,True,0,0,97,22,2026-09-05T14:00:00Z,1,1,False,0,0,0,0,0,0,0,0,0,0,0,0,0.0,0.0,0.0,0.0,0,0,0,0,0,0.00,0.00,0.00,0.00,55,-6340,16413,569,6909
vitaly_janelt,Brentford,MD,5.0,3,Sunderland,True,90,11,98,22,2026-09-05T14:00:00Z,1,1,False,1,0,0,1,0,0,0,1,0,0,3,30,48.0,3.1,17.0,6.8,3,5,4,12,1,0.11,0.01,0.12,1.71,50,16015,69448,29605,13590
antoni_milambo,Brentford,MD,5.0,3,Sunderland,True,0,0,99,22,2026-09-05T14:00:00Z,1,1,False,0,0,0,0,0,0,0,0,0,0,0,0,0.0,0.0,0.0,0.0,0,0,0,0,0,0.00,0.00,0.00,0.00,50,-8,190,34,42
fábio_freitas gouveia carvalho,Brentford,MD,5.0,3,Sunderland,True,0,0,100,22,2026-09-05T14:00:00Z,1,1,False,0,0,0,0,0,0,0,0,0,0,0,0,0.0,0.0,0.0,0.0,0,0,0,0,0,0.00,0.00,0.00,0.00,50,185,2107,543,358
yehor_yarmoliuk,Brentford,MD,4.9,3,Sunderland,True,45,0,102,22,2026-09-05T14:00:00Z,1,1,False,0,0,0,1,0,0,0,1,0,0,0,1,2.4,3.4,2.0,0.8,1,3,1,5,0,0.03,0.02,0.05,1.36,49,-18230,93335,1076,19306
josh_dasilva,Brentford,MD,5.0,3,Sunderland,True,0,0,103,22,2026-09-05T14:00:00Z,1,1,False,0,0,0,0,0,0,0,0,0,0,0,0,0.0,0.0,0.0,0.0,0,0,0,0,0,0.00,0.00,0.00,0.00,50,-369,2280,180,549
jaidon_anthony,Brentford,MD,6.0,3,Sunderland,True,45,1,105,22,2026-09-05T14:00:00Z,1,1,False,0,0,0,1,0,0,0,0,0,0,0,3,0.0,2.2,3.0,0.4,0,4,0,4,0,0.05,0.01,0.06,1.36,60,-1707,16152,1644,3351
igor thiago_nascimento rodrigues,Brentford,FW,8.0,3,Sunderland,True,90,2,106,22,2026-09-05T14:00:00Z,1,1,False,0,0,0,1,0,0,0,0,0,0,0,9,16.0,1.4,43.0,6.0,3,2,1,6,1,0.50,0.01,0.51,1.71,80,-240730,1462107,72058,312788
kaye_furo,Brentford,FW,4.5,3,Sunderland,True,0,0,107,22,2026-09-05T14:00:00Z,1,1,False,0,0,0,0,0,0,0,0,0,0,0,0,0.0,0.0,0.0,0.0,0,0,0,0,0,0.00,0.00,0.00,0.00,45,13495,116698,27280,13785
callum_wilson,Brentford,FW,5.5,3,Sunderland,True,4,1,108,22,2026-09-05T14:00:00Z,1,1,False,0,0,0,0,0,0,0,0,0,0,0,2,1.0,0.0,0.0,0.1,1,0,0,1,0,0.00,0.00,0.00,0.08,55,-1724,38790,5560,7284
mamadou_sangaré,Brentford,MD,5.7,3,Sunderland,True,45,0,565,22,2026-09-05T14:00:00Z,1,1,False,0,0,0,0,0,0,0,1,0,0,0,0,0.0,1.3,8.0,0.6,1,3,1,5,1,0.15,0.01,0.16,0.35,57,509396,1631469,639468,130072
el hadji malick_diouf,Brentford,DF,4.5,3,Sunderland,True,0,0,620,22,2026-09-05T14:00:00Z,1,1,False,0,0,0,0,0,0,0,0,0,0,0,0,0.0,0.0,0.0,0.0,0,0,0,0,0,0.00,0.00,0.00,0.00,45,6560,10083,9542,2982
bart_verbruggen,Brighton,GK,4.5,3,Leeds,True,90,3,109,23,2026-09-05T14:00:00Z,1,1,False,0,0,0,1,0,0,0,0,0,3,0,17,29.2,3.0,0.0,3.2,0,5,0,0,1,0.00,0.20,0.20,2.49,45,114050,2293721,270948,156898
jason_steele,Brighton,GK,4.0,3,Leeds,True,0,0,111,23,2026-09-05T14:00:00Z,1,1,False,0,0,0,0,0,0,0,0,0,0,0,0,0.0,0.0,0.0,0.0,0,0,0,0,0,0.00,0.00,0.00,0.00,40,27834,459848,62093,34259
ferdi_kadıoğlu,Brighton,DF,4.4,3,Leeds,True,77,2,113,23,2026-09-05T14:00:00Z,1,1,False,0,0,0,1,0,0,0,0,0,0,0,8,12.6,12.5,19.0,4.4,4,2,1,5,1,0.06,0.01,0.07,2.40,44,-19909,203285,12724,32633
olivier_boscagli,Brighton,DF,4.5,3,Leeds,True,90,2,114,23,2026-09-05T14:00:00Z,1,1,False,0,0,0,1,0,0,0,0,0,0,0,17,20.6,62.3,0.0,8.3,4,4,0,4,1,0.00,0.33,0.33,2.49,45,2298,31479,6293,3995
maxim_de cuyper,Brighton,DF,4.7,3,Leeds,True,76,4,115,23,2026-09-05T14:00:00Z,1,1,False,0,1,0,1,0,0,0,1,0,0,0,17,19.6,22.1,2.0,4.4,1,4,1,2,1,0.00,0.14,0.14,2.40,47,762031,1978466,871841,109810
lewis_dunk,Brighton,DF,4.5,3,Leeds,True,90,5,116,23,2026-09-05T14:00:00Z,1,1,False,0,0,0,1,0,0,0,0,0,0,1,20,30.8,1.9,4.0,3.7,12,5,0,12,1,0.00,0.01,0.01,2.49,45,6568,133493,20326,13758
diego_coppola,Brighton,DF,4.5,3,Leeds,True,0,0,117,23,2026-09-05T14:00:00Z,1,1,False,0,0,0,0,0,0,0,0,0,0,0,0,0.0,0.0,0.0,0.0,0,0,0,0,0,0.00,0.00,0.00,0.00,45,-35,2029,261,296
igor julio_dos santos de paulo,Brighton,DF,4.5,3,Leeds,True,0,0,118,23,2026-09-05T14:00:00Z,1,1,False,0,0,0,0,0,0,0,0,0,0,0,0,0.0,0.0,0.0,0.0,0,0,0,0,0,0.00,0.00,0.00,0.00,45,-1451,7052,444,1895
joão pedro_loureiro da costa,Brighton,DF,4.5,3,Leeds,True,12,1,119,23,2026-09-05T14:00:00Z,1,1,False,0,0,0,0,0,0,0,0,0,0,0,7,5.8,14.5,0.0,2.0,1,0,0,1,0,0.00,0.16,0.16,0.10,45,-72,3762,400,472
michael_svoboda,Brighton,DF,5.0,3,Leeds,True,0,0,120,23,2026-09-05T14:00:00Z,1,1,False,0,0,0,0,0,0,0,0,0,0,0,0,0.0,0.0,0.0,0.0,0,0,0,0,0,0.00,0.00,0.00,0.00,50,-124,5613,863,987
mitoma_kaoru,Brighton,MD,6.0,3,Leeds,True,0,0,121,23,2026-09-05T14:00:00Z,1,1,False,0,0,0,0,0,0,0,0,0,0,0,0,0.0,0.0,0.0,0.0,0,0,0,0,0,0.00,0.00,0.00,0.00,60,-821,3542,130,951
yankuba_minteh,Brighton,MD,5.9,3,Leeds,True,0,0,122,23,2026-09-05T14:00:00Z,1,1,False,0,0,0,0,0,0,0,0,0,0,0,0,0.0,0.0,0.0,0.0,0,0,0,0,0,0.00,0.00,0.00,0.00,59,-1839,4472,87,1926
jack_hinshelwood,Brighton,MD,6.0,3,Leeds,True,0,0,123,23,2026-09-05T14:00:00Z,1,1,False,0,0,0,0,0,0,0,0,0,0,0,0,0.0,0.0,0.0,0.0,0,0,0,0,0,0.00,0.00,0.00,0.00,60,-92072,129183,6623,98695
pascal_groß,Brighton,MD,5.5,3,Leeds,True,90,1,124,23,2026-09-05T14:00:00Z,1,1,False,0,0,0,1,0,0,0,1,0,0,0,-1,0.0,16.5,19.0,3.2,2,2,0,4,1,0.79,0.04,0.83,2.49,55,341111,1691790,448315,107204
georginio_rutter,Brighton,FW,5.5,3,Leeds,True,0,0,125,23,2026-09-05T14:00:00Z,1,1,False,0,0,0,0,0,0,0,0,0,0,0,0,0.0,0.0,0.0,0.0,0,0,0,0,0,0.00,0.00,0.00,0.00,55,-21930,74079,4546,26476
matt_o'riley,Brighton,MD,5.5,3,Leeds,True,0,0,126,23,2026-09-05T14:00:00Z,1,1,False,0,0,0,0,0,0,0,0,0,0,0,0,0.0,0.0,0.0,0.0,0,0,0,0,0,0.00,0.00,0.00,0.00,55,-909,10276,1040,1949
diego_gómez amarilla,Brighton,MD,5.0,3,Leeds,True,90,2,127,23,2026-09-05T14:00:00Z,1,1,False,0,0,0,1,0,0,0,0,0,0,0,13,15.2,26.4,30.0,7.2,2,4,3,9,1,0.09,0.05,0.14,2.49,50,117389,525464,177501,60112
facundo_buonanotte,Brighton,MD,5.0,3,Leeds,True,0,0,128,23,2026-09-05T14:00:00Z,1,1,False,0,0,0,0,0,0,0,0,0,0,0,0,0.0,0.0,0.0,0.0,0,0,0,0,0,0.00,0.00,0.00,0.00,50,-94,257,0,94
yasin_ayari,Brighton,MD,5.4,3,Leeds,True,90,2,129,23,2026-09-05T14:00:00Z,1,1,False,0,0,0,1,0,0,0,0,0,0,0,18,11.4,14.8,18.0,4.4,1,2,0,3,1,0.17,0.04,0.21,2.49,54,-19892,42114,1443,21335
mats_wieffer,Brighton,DF,5.0,3,Leeds,True,0,0,130,23,2026-09-05T14:00:00Z,1,1,False,0,0,0,0,0,0,0,0,0,0,0,0,0.0,0.0,0.0,0.0,0,0,0,0,0,0.00,0.00,0.00,0.00,50,-473,46414,12362,12835
harry_howell,Brighton,MD,4.5,3,Leeds,True,0,0,132,23,2026-09-05T14:00:00Z,1,1,False,0,0,0,0,0,0,0,0,0,0,0,0,0.0,0.0,0.0,0.0,0,0,0,0,0,0.00,0.00,0.00,0.00,45,-976,4183,0,976
tom_watson,Brighton,MD,5.0,3,Leeds,True,0,0,133,23,2026-09-05T14:00:00Z,1,1,False,0,0,0,0,0,0,0,0,0,0,0,0,0.0,0.0,0.0,0.0,0,0,0,0,0,0.00,0.00,0.00,0.00,50,-46,139,0,46
nehemiah_oriola,Brighton,MD,4.5,3,Leeds,True,0,0,134,23,2026-09-05T14:00:00Z,1,1,False,0,0,0,0,0,0,0,0,0,0,0,0,0.0,0.0,0.0,0.0,0,0,0,0,0,0.00,0.00,0.00,0.00,45,-147,29432,3612,3759
zadok_yohanna,Brighton,MD,5.0,3,Leeds,True,0,0,135,23,2026-09-05T14:00:00Z,1,1,False,0,0,0,0,0,0,0,0,0,0,0,0,0.0,0.0,0.0,0.0,0,0,0,0,0,0.00,0.00,0.00,0.00,50,-1062,6108,517,1579
stefanos_tzimas,Brighton,FW,5.5,3,Leeds,True,0,0,137,23,2026-09-05T14:00:00Z,1,1,False,0,0,0,0,0,0,0,0,0,0,0,0,0.0,0.0,0.0,0.0,0,0,0,0,0,0.00,0.00,0.00,0.00,55,-130,754,80,210
charalampos_kostoulas,Brighton,FW,5.5,3,Leeds,True,90,2,138,23,2026-09-05T14:00:00Z,1,1,False,0,0,0,1,0,0,0,0,0,0,0,9,9.6,5.3,24.0,3.9,3,4,1,8,1,0.43,0.02,0.45,2.49,55,23615,52785,29733,6118
evan_ferguson,Brighton,FW,5.0,3,Leeds,True,0,0,139,23,2026-09-05T14:00:00Z,1,1,False,0,0,0,0,0,0,0,0,0,0,0,0,0.0,0.0,0.0,0.0,0,0,0,0,0,0.00,0.00,0.00,0.00,50,-173,3252,545,718
pascal_struijk,Brighton,DF,5.0,3,Leeds,True,1,1,328,23,2026-09-05T14:00:00Z,1,1,False,0,0,0,0,0,0,0,0,0,0,0,3,0.2,0.1,0.0,0.0,0,0,0,0,0,0.00,0.00,0.00,0.00,50,-2128,21218,1548,3676
luka_vušković,Brighton,DF,5.0,3,Leeds,True,90,12,504,23,2026-09-05T14:00:00Z,1,1,False,1,0,0,1,0,0,0,0,0,0,2,27,56.2,1.8,40.0,9.8,8,4,2,10,1,0.19,0.01,0.20,2.49,50,-9735,244648,22843,32578
promise_david,Brighton,FW,6.0,3,Leeds,True,13,0,594,23,2026-09-05T14:00:00Z,1,1,False,0,0,0,0,0,0,0,1,0,0,0,-7,0.0,0.0,4.0,0.0,0,0,0,0,0,0.42,0.00,0.42,0.10,60,-1278,25799,4444,5722
ibrahim_osman,Brighton,MD,5.0,3,Leeds,True,0,0,600,23,2026-09-05T14:00:00Z,1,1,False,0,0,0,0,0,0,0,0,0,0,0,0,0.0,0.0,0.0,0.0,0,0,0,0,0,0.00,0.00,0.00,0.00,50,30,1841,312,282
malick_yalcouyé,Brighton,MD,4.5,3,Leeds,True,90,2,605,23,2026-09-05T14:00:00Z,1,1,False,0,0,0,1,0,0,0,0,0,0,0,16,8.2,24.4,20.0,5.3,2,3,0,5,1,0.05,0.09,0.14,2.49,45,174780,252653,208413,33633
jaouen_hadjam,Brighton,DF,4.5,3,Leeds,True,0,0,614,23,2026-09-05T14:00:00Z,1,1,False,0,0,0,0,0,0,0,0,0,0,0,0,0.0,0.0,0.0,0.0,0,0,0,0,0,0.00,0.00,0.00,0.00,45,1310,4150,1795,485
amario_cozier-duberry,Brighton,MD,5.0,3,Leeds,True,0,0,624,23,2026-09-05T14:00:00Z,1,1,False,0,0,0,0,0,0,0,0,0,0,0,0,0.0,0.0,0.0,0.0,0,0,0,0,0,0.00,0.00,0.00,0.00,50,61,111,117,56
josé maría_andrés baixauli,Brighton,MD,5.5,3,Leeds,True,0,0,639,23,2026-09-05T14:00:00Z,1,1,False,0,0,0,0,0,0,0,0,0,0,0,0,0.0,0.0,0.0,0.0,0,0,0,0,0,0.00,0.00,0.00,0.00,55,219,345,261,42
femi_azeez,Brighton,MD,5.5,3,Leeds,True,0,0,652,23,2026-09-05T14:00:00Z,1,1,False,0,0,0,0,0,0,0,0,0,0,0,0,0.0,0.0,0.0,0.0,0,0,0,0,0,0.00,0.00,0.00,0.00,55,214,256,248,34
emiliano_martínez romero,Chelsea,GK,5.0,3,Arsenal,False,90,3,28,29,2026-09-06T15:30:00Z,2,1,False,0,0,0,2,0,0,0,0,0,8,0,26,63.2,0.0,0.0,6.3,0,8,0,0,1,0.00,0.00,0.00,2.05,50,13115,459337,68378,55263
morgan_rogers,Chelsea,MD,7.5,3,Arsenal,False,86,6,40,29,2026-09-06T15:30:00Z,2,1,False,1,0,0,2,0,0,0,1,0,0,0,22,30.2,13.6,16.0,6.0,0,5,0,5,1,0.08,0.03,0.11,2.05,75,-110434,2472597,211550,321984
jordan_henderson,Chelsea,MD,5.0,3,Arsenal,False,0,0,101,29,2026-09-06T15:30:00Z,2,1,False,0,0,0,0,0,0,0,0,0,0,0,0,0.0,0.0,0.0,0.0,0,0,0,0,0,0.00,0.00,0.00,0.00,50,-557,3322,209,766
danny_welbeck,Chelsea,FW,5.9,3,Arsenal,False,3,1,136,29,2026-09-06T15:30:00Z,2,1,False,0,0,0,0,0,0,0,0,0,0,0,3,0.0,0.3,2.0,0.2,0,0,0,0,0,0.00,0.00,0.00,0.00,59,-16503,84671,7873,24376
robert_lynch sánchez,Chelsea,GK,4.9,3,Arsenal,False,0,0,140,29,2026-09-06T15:30:00Z,2,1,False,0,0,0,0,0,0,0,0,0,0,0,0,0.0,0.0,0.0,0.0,0,0,0,0,0,0.00,0.00,0.00,0.00,49,-82439,130954,1923,84362
filip_jörgensen,Chelsea,GK,5.0,3,Arsenal,False,0,0,141,29,2026-09-06T15:30:00Z,2,1,False,0,0,0,0,0,0,0,0,0,0,0,0,0.0,0.0,0.0,0.0,0,0,0,0,0,0.00,0.00,0.00,0.00,50,-270,1022,0,270
reece_james,Chelsea,DF,5.5,3,Arsenal,False,90,1,142,29,2026-09-06T15:30:00Z,2,1,False,0,0,0,2,0,0,0,0,0,0,0,9,12.6,15.0,13.0,4.1,3,6,0,3,1,0.07,0.05,0.12,2.05,55,-184123,810910,27039,211162
trevoh_chalobah,Chelsea,DF,5.5,3,Arsenal,False,0,0,143,29,2026-09-06T15:30:00Z,2,1,False,0,0,0,0,0,0,0,0,0,0,0,0,0.0,0.0,0.0,0.0,0,0,0,0,0,0.00,0.00,0.00,0.00,55,-3529,9527,0,3529
malo_gusto,Chelsea,DF,5.0,3,Arsenal,False,30,1,144,29,2026-09-06T15:30:00Z,2,1,False,0,0,0,0,0,0,0,0,0,0,0,4,3.0,3.4,1.0,0.7,0,2,2,2,0,0.04,0.01,0.05,0.14,50,-11595,116347,9926,21521
wesley_fofana,Chelsea,DF,5.0,3,Arsenal,False,90,3,145,29,2026-09-06T15:30:00Z,2,1,False,0,0,0,2,0,0,0,0,0,0,0,16,39.8,22.8,0.0,6.3,14,3,3,17,1,0.00,0.04,0.04,2.05,50,1351,7346,2579,1228
benoît_badiashile mukinayi,Chelsea,DF,4.5,3,Arsenal,False,0,0,146,29,2026-09-06T15:30:00Z,2,1,False,0,0,0,0,0,0,0,0,0,0,0,0,0.0,0.0,0.0,0.0,0,0,0,0,0,0.00,0.00,0.00,0.00,45,-719,1405,0,719
jorrel_hato,Chelsea,DF,4.5,3,Arsenal,False,59,3,148,29,2026-09-06T15:30:00Z,2,1,False,0,1,0,2,0,0,0,0,0,0,0,5,34.8,11.2,2.0,4.8,4,2,2,6,1,0.00,0.02,0.02,1.91,45,12089,65104,22516,10427
levi_samuels colwill,Chelsea,DF,5.0,3,Arsenal,False,0,0,149,29,2026-09-06T15:30:00Z,2,1,False,0,0,0,0,0,0,0,0,0,0,0,0,0.0,0.0,0.0,0.0,0,0,0,0,0,0.00,0.00,0.00,0.00,50,-25878,124492,7720,33598
mamadou_sarr,Chelsea,DF,4.5,3,Arsenal,False,0,0,150,29,2026-09-06T15:30:00Z,2,1,False,0,0,0,0,0,0,0,0,0,0,0,0,0.0,0.0,0.0,0.0,0,0,0,0,0,0.00,0.00,0.00,0.00,45,-3325,4381,24,3349
josh_acheampong,Chelsea,DF,4.5,3,Arsenal,False,90,1,151,29,2026-09-06T15:30:00Z,2,1,False,0,0,0,2,0,0,0,0,0,0,0,-3,2.2,1.8,4.0,0.8,1,1,0,1,1,0.00,0.01,0.01,2.05,45,-1989,38207,4792,6781
marco_palestra,Chelsea,DF,5.4,3,Arsenal,False,0,0,152,29,2026-09-06T15:30:00Z,2,1,False,0,0,0,0,0,0,0,0,0,0,0,0,0.0,0.0,0.0,0.0,0,0,0,0,0,0.00,0.00,0.00,0.00,54,-79182,121873,821,80003
cole_palmer,Chelsea,MD,9.6,3,Arsenal,False,90,1,154,29,2026-09-06T15:30:00Z,2,1,False,0,0,0,2,0,0,0,1,0,0,0,11,7.0,15.8,32.0,5.5,0,3,0,3,1,0.11,0.04,0.15,2.05,96,195102,1912956,387902,192800
pedro_lomba neto,Chelsea,MD,6.5,3,Arsenal,False,80,2,156,29,2026-09-06T15:30:00Z,2,1,False,0,0,0,2,0,0,0,0,0,0,0,10,6.2,23.8,14.0,4.4,2,4,1,7,1,0.03,0.03,0.06,2.05,65,2299,130367,21878,19579
estêvão_almeida de oliveira gonçalves,Chelsea,MD,6.4,3,Arsenal,False,9,1,157,29,2026-09-06T15:30:00Z,2,1,False,0,0,0,0,0,0,0,0,0,0,0,5,3.2,0.4,17.0,2.1,0,0,0,0,0,0.04,0.00,0.04,0.00,64,-31266,84845,3486,34752
jamie_bynoe-gittens,Chelsea,MD,5.9,3,Arsenal,False,0,0,158,29,2026-09-06T15:30:00Z,2,1,False,0,0,0,0,0,0,0,0,0,0,0,0,0.0,0.0,0.0,0.0,0,0,0,0,0,0.00,0.00,0.00,0.00,59,-715,2954,260,975
moisés_caicedo corozo,Chelsea,MD,5.4,3,Arsenal,False,0,0,159,29,2026-09-06T15:30:00Z,2,1,False,0,0,0,0,0,0,0,0,0,0,0,0,0.0,0.0,0.0,0.0,0,0,0,0,0,0.00,0.00,0.00,0.00,54,-88920,192746,3231,92151
roméo_lavia,Chelsea,MD,5.0,3,Arsenal,False,59,1,161,29,2026-09-06T15:30:00Z,2,1,False,0,0,0,2,0,0,0,0,0,0,0,7,5.8,1.5,0.0,0.7,2,3,1,6,1,0.00,0.01,0.01,1.91,50,9966,20847,13724,3758
dário_luís essugo,Chelsea,MD,4.5,3,Arsenal,False,0,0,163,29,2026-09-06T15:30:00Z,2,1,False,0,0,0,0,0,0,0,0,0,0,0,0,0.0,0.0,0.0,0.0,0,0,0,0,0,0.00,0.00,0.00,0.00,45,-3147,16417,1446,4593
geovany_quenda,Chelsea,MD,5.4,3,Arsenal,False,0,0,164,29,2026-09-06T15:30:00Z,2,1,False,0,0,0,0,0,0,0,0,0,0,0,0,0.0,0.0,0.0,0.0,0,0,0,0,0,0.00,0.00,0.00,0.00,54,-904,3704,292,1196
joão pedro_junqueira de jesus,Chelsea,FW,7.7,3,Arsenal,False,90,1,165,29,2026-09-06T15:30:00Z,2,1,False,0,0,0,2,0,0,0,1,0,0,0,8,0.0,28.8,9.0,3.7,0,1,0,1,1,0.02,0.05,0.07,2.05,77,255757,7177659,446528,190771
marc_guiu paz,Chelsea,FW,5.0,3,Arsenal,False,0,0,168,29,2026-09-06T15:30:00Z,2,1,False,0,0,0,0,0,0,0,0,0,0,0,0,0.0,0.0,0.0,0.0,0,0,0,0,0,0.00,0.00,0.00,0.00,50,-10863,33721,1924,12787
shumaira_mheuka,Chelsea,FW,4.5,3,Arsenal,False,0,0,169,29,2026-09-06T15:30:00Z,2,1,False,0,0,0,0,0,0,0,0,0,0,0,0,0.0,0.0,0.0,0.0,0,0,0,0,0,0.00,0.00,0.00,0.00,45,2681,43546,8439,5758
emmanuel_emegha,Chelsea,FW,5.0,3,Arsenal,False,0,0,170,29,2026-09-06T15:30:00Z,2,1,False,0,0,0,0,0,0,0,0,0,0,0,0,0.0,0.0,0.0,0.0,0,0,0,0,0,0.00,0.00,0.00,0.00,50,-539,15735,2709,3248
maxence_lacroix,Chelsea,DF,6.0,3,Arsenal,False,90,2,200,29,2026-09-06T15:30:00Z,2,1,False,0,0,0,2,0,0,0,1,0,0,0,3,26.0,1.3,2.0,2.9,9,2,2,11,1,0.00,0.01,0.01,2.05,60,-117331,839049,32879,150210
mike_penders,Chelsea,GK,4.5,3,Arsenal,False,0,0,560,29,2026-09-06T15:30:00Z,2,1,False,0,0,0,0,0,0,0,0,0,0,0,0,0.0,0.0,0.0,0.0,0,0,0,0,0,0.00,0.00,0.00,0.00,45,-769,6809,363,1132
aaron_anselmino,Chelsea,DF,4.5,3,Arsenal,False,0,0,561,29,2026-09-06T15:30:00Z,2,1,False,0,0,0,0,0,0,0,0,0,0,0,0,0.0,0.0,0.0,0.0,0,0,0,0,0,0.00,0.00,0.00,0.00,45,-49,1971,225,274
valentín_barco,Chelsea,MD,5.5,3,Arsenal,False,0,0,568,29,2026-09-06T15:30:00Z,2,1,False,0,0,0,0,0,0,0,0,0,0,0,0,0.0,0.0,0.0,0.0,0,0,0,0,0,0.00,0.00,0.00,0.00,55,-1018,13655,1055,2073
pep_chavarría,Chelsea,DF,5.0,3,Arsenal,False,30,1,583,29,2026-09-06T15:30:00Z,2,1,False,0,0,0,0,0,0,0,0,0,0,0,2,2.4,2.0,4.0,0.8,1,1,1,2,0,0.00,0.00,0.00,0.14,50,-3413,17402,664,4077
ethan_pinnock,Coventry City,DF,4.5,3,Man City,False,90,3,91,26,2026-09-05T14:00:00Z,1,0,False,0,0,0,1,0,0,0,1,0,0,0,3,18.2,0.0,6.0,2.4,12,2,1,13,1,0.11,0.00,0.11,2.12,45,-811,7182,505,1316
frank_onyeka,Coventry City,MD,5.0,3,Man City,False,62,2,104,26,2026-09-05T14:00:00Z,1,0,False,0,0,0,1,0,0,0,0,0,0,0,5,0.4,0.4,0.0,0.1,0,2,1,3,1,0.00,0.00,0.00,1.17,50,-3826,12452,379,4205
carl_rushworth,Coventry City,GK,4.5,3,Man City,False,90,2,110,26,2026-09-05T14:00:00Z,1,0,False,0,0,0,1,0,0,0,0,0,2,0,13,18.8,0.0,0.0,1.9,1,9,0,0,1,0.00,0.00,0.00,2.12,45,-16015,95482,2938,18953
oliver_dovin,Coventry City,GK,4.0,3,Man City,False,0,0,171,26,2026-09-05T14:00:00Z,1,0,False,0,0,0,0,0,0,0,0,0,0,0,0,0.0,0.0,0.0,0.0,0,0,0,0,0,0.00,0.00,0.00,0.00,40,-12005,141466,6290,18295
ben_wilson,Coventry City,GK,4.5,3,Man City,False,0,0,172,26,2026-09-05T14:00:00Z,1,0,False,0,0,0,0,0,0,0,0,0,0,0,0,0.0,0.0,0.0,0.0,0,0,0,0,0,0.00,0.00,0.00,0.00,45,-3942,41782,265,4207
bobby_thomas,Coventry City,DF,4.0,3,Man City,False,90,4,173,26,2026-09-05T14:00:00Z,1,0,False,0,0,0,1,0,0,0,0,0,0,0,19,20.6,20.8,24.0,6.5,11,3,1,12,1,0.22,0.17,0.39,2.12,40,44441,883716,114108,69667
liam_kitching,Coventry City,DF,4.0,3,Man City,False,0,0,174,26,2026-09-05T14:00:00Z,1,0,False,0,0,0,0,0,0,0,0,0,0,0,0,0.0,0.0,0.0,0.0,0,0,0,0,0,0.00,0.00,0.00,0.00,40,-9976,53997,461,10437
milan_van ewijk,Coventry City,DF,4.0,3,Man City,False,90,3,175,26,2026-09-05T14:00:00Z,1,0,False,0,0,0,1,0,0,0,1,0,0,0,5,16.8,5.2,2.0,2.4,8,4,3,11,1,0.00,0.06,0.06,2.12,40,-80255,1209039,41712,121967
jay_dasilva,Coventry City,DF,4.0,3,Man City,False,84,2,176,26,2026-09-05T14:00:00Z,1,0,False,0,0,0,1,0,0,0,0,0,0,0,10,21.8,14.9,0.0,3.7,5,3,2,7,1,0.00,0.08,0.08,2.12,40,-4522,79293,2664,7186
kaine_kesler-hayden,Coventry City,DF,4.0,3,Man City,False,0,0,177,26,2026-09-05T14:00:00Z,1,0,False,0,0,0,0,0,0,0,0,0,0,0,0,0.0,0.0,0.0,0.0,0,0,0,0,0,0.00,0.00,0.00,0.00,40,-1131,4676,131,1262
jake_bidwell,Coventry City,DF,4.0,3,Man City,False,0,0,178,26,2026-09-05T14:00:00Z,1,0,False,0,0,0,0,0,0,0,0,0,0,0,0,0.0,0.0,0.0,0.0,0,0,0,0,0,0.00,0.00,0.00,0.00,40,-315,8763,663,978
joel_latibeaudiere,Coventry City,DF,4.0,3,Man City,False,0,0,179,26,2026-09-05T14:00:00Z,1,0,False,0,0,0,0,0,0,0,0,0,0,0,0,0.0,0.0,0.0,0.0,0,0,0,0,0,0.00,0.00,0.00,0.00,40,-161,4150,319,480
luke_woolfenden,Coventry City,DF,4.0,3,Man City,False,0,0,180,26,2026-09-05T14:00:00Z,1,0,False,0,0,0,0,0,0,0,0,0,0,0,0,0.0,0.0,0.0,0.0,0,0,0,0,0,0.00,0.00,0.00,0.00,40,-2522,15091,659,3181
miguel_brau,Coventry City,DF,4.0,3,Man City,False,0,0,181,26,2026-09-05T14:00:00Z,1,0,False,0,0,0,0,0,0,0,0,0,0,0,0,0.0,0.0,0.0,0.0,0,0,0,0,0,0.00,0.00,0.00,0.00,40,-956,3074,19,975
aurèle_amenda,Coventry City,DF,4.0,3,Man City,False,90,2,182,26,2026-09-05T14:00:00Z,1,0,False,0,0,0,1,0,0,0,0,0,0,0,4,4.4,1.3,6.0,1.2,2,6,1,3,1,0.00,0.34,0.34,2.12,40,-4953,81029,3124,8077
jack_rudoni,Coventry City,MD,5.0,3,Man City,False,62,2,183,26,2026-09-05T14:00:00Z,1,0,False,0,0,0,1,0,0,0,0,0,0,0,9,14.4,28.5,33.0,7.6,2,2,1,5,1,0.29,0.09,0.38,1.17,50,-1863,12234,706,2569
matt_grimes,Coventry City,MD,5.0,3,Man City,False,90,2,184,26,2026-09-05T14:00:00Z,1,0,False,0,0,0,1,0,0,0,0,0,0,0,8,18.6,2.3,1.0,2.2,3,0,5,8,1,0.04,0.00,0.04,2.12,50,-3443,16127,481,3924
tatsuhiro_sakamoto,Coventry City,MD,4.9,3,Man City,False,0,0,185,26,2026-09-05T14:00:00Z,1,0,False,0,0,0,0,0,0,0,0,0,0,0,0,0.0,0.0,0.0,0.0,0,0,0,0,0,0.00,0.00,0.00,0.00,49,-1339,8559,404,1743
ephron_mason-clark,Coventry City,MD,5.4,3,Man City,False,70,2,186,26,2026-09-05T14:00:00Z,1,0,False,0,0,0,1,0,0,0,0,0,0,0,4,0.0,0.8,2.0,0.1,2,3,0,5,1,0.00,0.00,0.00,1.17,54,-1860,10318,228,2088
josh_eccles,Coventry City,MD,4.9,3,Man City,False,0,0,187,26,2026-09-05T14:00:00Z,1,0,False,0,0,0,0,0,0,0,0,0,0,0,0,0.0,0.0,0.0,0.0,0,0,0,0,0,0.00,0.00,0.00,0.00,49,30,1547,434,404
victor_torp,Coventry City,MD,5.4,3,Man City,False,0,0,188,26,2026-09-05T14:00:00Z,1,0,False,0,0,0,0,0,0,0,0,0,0,0,0,0.0,0.0,0.0,0.0,0,0,0,0,0,0.00,0.00,0.00,0.00,54,-2872,13303,100,2972
george_shepherd,Coventry City,MD,4.5,3,Man City,False,0,0,189,26,2026-09-05T14:00:00Z,1,0,False,0,0,0,0,0,0,0,0,0,0,0,0,0.0,0.0,0.0,0.0,0,0,0,0,0,0.00,0.00,0.00,0.00,45,-2042,27151,1697,3739
loum_tchaouna,Coventry City,MD,5.5,3,Man City,False,27,1,190,26,2026-09-05T14:00:00Z,1,0,False,0,0,0,0,0,0,0,0,0,0,0,9,8.2,24.8,21.0,5.4,0,1,0,1,0,0.10,0.03,0.13,0.95,55,-3624,12425,128,3752
raphael_borges rodrigues,Coventry City,MD,4.5,3,Man City,False,0,0,191,26,2026-09-05T14:00:00Z,1,0,False,0,0,0,0,0,0,0,0,0,0,0,0,0.0,0.0,0.0,0.0,0,0,0,0,0,0.00,0.00,0.00,0.00,45,-2425,14534,1263,3688
kai_andrews,Coventry City,MD,4.5,3,Man City,False,0,0,192,26,2026-09-05T14:00:00Z,1,0,False,0,0,0,0,0,0,0,0,0,0,0,0,0.0,0.0,0.0,0.0,0,0,0,0,0,0.00,0.00,0.00,0.00,45,-17623,44026,142,17765
haji_wright,Coventry City,FW,5.4,3,Man City,False,0,0,193,26,2026-09-05T14:00:00Z,1,0,False,0,0,0,0,0,0,0,0,0,0,0,0,0.0,0.0,0.0,0.0,0,0,0,0,0,0.00,0.00,0.00,0.00,54,-3102,10607,246,3348
brandon_thomas-asante,Coventry City,FW,5.0,3,Man City,False,19,1,194,26,2026-09-05T14:00:00Z,1,0,False,0,0,0,0,0,0,0,0,0,0,0,6,2.2,0.3,2.0,0.5,1,2,0,3,0,0.00,0.00,0.00,0.95,50,-1110,84492,16389,17499
ellis_simms,Coventry City,FW,5.0,3,Man City,False,19,1,195,26,2026-09-05T14:00:00Z,1,0,False,0,0,0,0,0,0,0,0,0,0,0,3,5.0,10.0,35.0,5.0,0,0,0,0,0,0.30,0.00,0.30,0.95,50,-11944,88094,10057,22001
jahnoah_markelo,Coventry City,FW,5.0,3,Man City,False,0,0,196,26,2026-09-05T14:00:00Z,1,0,False,0,0,0,0,0,0,0,0,0,0,0,0,0.0,0.0,0.0,0.0,0,0,0,0,0,0.00,0.00,0.00,0.00,50,-296,929,0,296
norman_bassette,Coventry City,FW,4.5,3,Man City,False,0,0,197,26,2026-09-05T14:00:00Z,1,0,False,0,0,0,0,0,0,0,0,0,0,0,0,0.0,0.0,0.0,0.0,0,0,0,0,0,0.00,0.00,0.00,0.00,45,-548,3200,0,548
taiwo_awoniyi,Coventry City,FW,5.5,3,Man City,False,70,2,492,26,2026-09-05T14:00:00Z,1,0,False,0,0,0,1,0,0,0,0,0,0,0,6,3.6,10.3,3.0,1.7,2,3,0,5,1,0.31,0.00,0.31,1.17,55,-13314,69494,4842,18156
caleb_yirenkyi,Coventry City,MD,5.0,3,Man City,False,27,1,575,26,2026-09-05T14:00:00Z,1,0,False,0,0,0,0,0,0,0,0,0,0,0,4,1.0,0.3,0.0,0.1,2,4,0,6,0,0.00,0.00,0.00,0.95,50,-3438,20321,778,4216
gustavo_hamer,Coventry City,MD,5.5,3,Man City,False,5,1,584,26,2026-09-05T14:00:00Z,1,0,False,0,0,0,0,0,0,0,0,0,0,0,1,0.0,0.0,0.0,0.0,0,1,1,2,0,0.00,0.00,0.00,0.00,55,-2126,11896,153,2279
sidiki_cherif,Coventry City,FW,5.0,3,Man City,False,0,0,599,26,2026-09-05T14:00:00Z,1,0,False,0,0,0,0,0,0,0,0,0,0,0,0,0.0,0.0,0.0,0.0,0,0,0,0,0,0.00,0.00,0.00,0.00,50,-134,10406,2227,2361
dan_bentley,Coventry City,GK,4.0,3,Man City,False,0,0,623,26,2026-09-05T14:00:00Z,1,0,False,0,0,0,0,0,0,0,0,0,0,0,0,0.0,0.0,0.0,0.0,0,0,0,0,0,0.00,0.00,0.00,0.00,40,17253,29804,20080,2827
evann_guessand,Crystal Palace,MD,5.5,3,Fulham,False,0,0,42,24,2026-09-05T14:00:00Z,2,3,False,0,0,0,0,0,0,0,0,0,0,0,0,0.0,0.0,0.0,0.0,0,0,0,0,0,0.00,0.00,0.00,0.00,55,-422,4367,556,978
axel_disasi,Crystal Palace,DF,4.5,3,Fulham,False,90,3,153,24,2026-09-05T14:00:00Z,2,3,False,0,0,0,2,0,0,0,0,0,0,0,14,31.4,13.3,2.0,4.7,9,8,4,13,1,0.00,0.04,0.04,3.14,45,503,7480,1511,1008
dean_henderson,Crystal Palace,GK,5.0,3,Fulham,False,90,2,198,24,2026-09-05T14:00:00Z,2,3,False,0,0,0,2,0,0,0,0,0,5,0,19,38.4,0.0,0.0,3.8,1,7,0,0,1,0.00,0.00,0.00,3.14,50,-3328,188350,15007,18335
walter_benítez,Crystal Palace,GK,4.5,3,Fulham,False,0,0,199,24,2026-09-05T14:00:00Z,2,3,False,0,0,0,0,0,0,0,0,0,0,0,0,0.0,0.0,0.0,0.0,0,0,0,0,0,0.00,0.00,0.00,0.00,45,-646,11282,648,1294
chris_richards,Crystal Palace,DF,5.0,3,Fulham,False,90,1,202,24,2026-09-05T14:00:00Z,2,3,False,0,0,0,2,0,0,0,0,0,0,0,8,28.8,0.5,7.0,3.6,8,4,1,9,1,0.04,0.00,0.04,3.14,50,-5426,68124,5745,11171
jaydee_canvot,Crystal Palace,DF,4.9,3,Fulham,False,90,1,203,24,2026-09-05T14:00:00Z,2,3,False,0,0,0,2,0,0,0,0,0,0,0,4,13.0,1.9,0.0,1.5,7,2,2,9,1,0.00,0.00,0.00,3.14,49,-4057,25628,1708,5765
tyrick_mitchell,Crystal Palace,DF,4.5,3,Fulham,False,73,15,204,24,2026-09-05T14:00:00Z,2,3,False,2,0,0,2,0,0,0,0,0,0,2,31,78.0,10.7,47.0,13.6,4,2,2,6,1,0.66,0.01,0.67,2.57,45,-68532,476563,9051,77583
borna_sosa,Crystal Palace,DF,4.5,3,Fulham,False,0,0,205,24,2026-09-05T14:00:00Z,2,3,False,0,0,0,0,0,0,0,0,0,0,0,0,0.0,0.0,0.0,0.0,0,0,0,0,0,0.00,0.00,0.00,0.00,45,-594,2568,110,704
chadi_riad dnanou,Crystal Palace,DF,4.4,3,Fulham,False,0,0,206,24,2026-09-05T14:00:00Z,2,3,False,0,0,0,0,0,0,0,0,0,0,0,0,0.0,0.0,0.0,0.0,0,0,0,0,0,0.00,0.00,0.00,0.00,44,-1423,3064,193,1616
oscar_mingueza,Crystal Palace,DF,4.4,3,Fulham,False,1,1,207,24,2026-09-05T14:00:00Z,2,3,False,0,0,0,0,0,0,0,0,0,0,0,4,1.0,0.3,0.0,0.1,0,1,1,1,0,0.00,0.00,0.00,0.13,44,-541,7148,770,1311
ismaïla_sarr,Crystal Palace,MD,6.3,3,Fulham,False,0,0,208,24,2026-09-05T14:00:00Z,2,3,False,0,0,0,0,0,0,0,0,0,0,0,0,0.0,0.0,0.0,0.0,0,0,0,0,0,0.00,0.00,0.00,0.00,63,-118099,109790,330,118429
adam_wharton,Crystal Palace,MD,5.5,3,Fulham,False,90,2,210,24,2026-09-05T14:00:00Z,2,3,False,0,0,0,2,0,0,0,0,0,0,0,10,14.8,2.8,2.0,2.0,7,0,1,8,1,0.00,0.01,0.01,3.14,55,-3644,89835,10076,13720
yéremy_pino santos,Crystal Palace,MD,5.5,3,Fulham,False,88,5,211,24,2026-09-05T14:00:00Z,2,3,False,0,1,0,2,0,0,0,0,0,0,0,25,8.0,42.6,6.0,5.7,1,3,1,5,1,0.25,0.30,0.55,3.01,55,2869,22762,5451,2582
will_hughes,Crystal Palace,MD,4.5,3,Fulham,False,16,1,212,24,2026-09-05T14:00:00Z,2,3,False,0,0,0,0,0,0,0,0,0,0,0,3,2.4,0.3,0.0,0.3,2,1,0,3,0,0.00,0.00,0.00,0.57,45,-96023,969611,37588,133611
jefferson_lerma solís,Crystal Palace,MD,4.9,3,Fulham,False,0,0,213,24,2026-09-05T14:00:00Z,2,3,False,0,0,0,0,0,0,0,0,0,0,0,0,0.0,0.0,0.0,0.0,0,0,0,0,0,0.00,0.00,0.00,0.00,49,-1246,9259,496,1742
daichi_kamada,Crystal Palace,MD,5.0,3,Fulham,False,88,5,214,24,2026-09-05T14:00:00Z,2,3,False,0,1,0,2,0,0,0,0,0,0,0,21,19.6,23.2,6.0,4.9,0,4,0,4,1,0.00,0.01,0.01,3.01,50,-259,28293,4293,4552
justin_devenny,Crystal Palace,MD,5.0,3,Fulham,False,0,0,215,24,2026-09-05T14:00:00Z,2,3,False,0,0,0,0,0,0,0,0,0,0,0,0,0.0,0.0,0.0,0.0,0,0,0,0,0,0.00,0.00,0.00,0.00,50,-275,914,63,338
romain_esse,Crystal Palace,MD,5.0,3,Fulham,False,0,0,216,24,2026-09-05T14:00:00Z,2,3,False,0,0,0,0,0,0,0,0,0,0,0,0,0.0,0.0,0.0,0.0,0,0,0,0,0,0.00,0.00,0.00,0.00,50,-965,3105,188,1153
matheus_frança de oliveira,Crystal Palace,MD,4.9,3,Fulham,False,0,0,217,24,2026-09-05T14:00:00Z,2,3,False,0,0,0,0,0,0,0,0,0,0,0,0,0.0,0.0,0.0,0.0,0,0,0,0,0,0.00,0.00,0.00,0.00,49,-173,2633,933,1106
cheick_doucouré,Crystal Palace,MD,4.9,3,Fulham,False,0,0,218,24,2026-09-05T14:00:00Z,2,3,False,0,0,0,0,0,0,0,0,0,0,0,0,0.0,0.0,0.0,0.0,0,0,0,0,0,0.00,0.00,0.00,0.00,49,-336,6155,984,1320
jesurun_rak-sakyi,Crystal Palace,MD,5.0,3,Fulham,False,0,0,219,24,2026-09-05T14:00:00Z,2,3,False,0,0,0,0,0,0,0,0,0,0,0,0,0.0,0.0,0.0,0.0,0,0,0,0,0,0.00,0.00,0.00,0.00,50,-60,553,51,111
rio_cardines,Crystal Palace,DF,4.5,3,Fulham,False,0,0,220,24,2026-09-05T14:00:00Z,2,3,False,0,0,0,0,0,0,0,0,0,0,0,0,0.0,0.0,0.0,0.0,0,0,0,0,0,0.00,0.00,0.00,0.00,45,-39,151,0,39
joél_drakes-thomas,Crystal Palace,MD,4.5,3,Fulham,False,0,0,221,24,2026-09-05T14:00:00Z,2,3,False,0,0,0,0,0,0,0,0,0,0,0,0,0.0,0.0,0.0,0.0,0,0,0,0,0,0.00,0.00,0.00,0.00,45,-252,8457,939,1191
jørgen_strand larsen,Crystal Palace,FW,6.0,3,Fulham,False,45,1,222,24,2026-09-05T14:00:00Z,2,3,False,0,0,0,0,0,0,0,0,0,0,0,4,2.4,0.8,0.0,0.3,1,3,0,4,0,0.00,0.00,0.00,1.54,60,-981,51335,7524,8505
jean-philippe_mateta,Crystal Palace,FW,6.4,3,Fulham,False,0,0,223,24,2026-09-05T14:00:00Z,2,3,False,0,0,0,0,0,0,0,0,0,0,0,0,0.0,0.0,0.0,0.0,0,0,0,0,0,0.00,0.00,0.00,0.00,64,-269301,236661,1227,270528
eddie_nketiah,Crystal Palace,FW,5.5,3,Fulham,False,45,4,224,24,2026-09-05T14:00:00Z,2,3,False,0,1,0,2,0,0,0,0,0,0,0,16,21.2,10.7,19.0,5.1,0,1,1,2,1,0.14,0.00,0.14,1.60,55,3590,55843,11874,8284
christantus_uche,Crystal Palace,FW,5.0,3,Fulham,False,0,0,225,24,2026-09-05T14:00:00Z,2,3,False,0,0,0,0,0,0,0,0,0,0,0,0,0.0,0.0,0.0,0.0,0,0,0,0,0,0.00,0.00,0.00,0.00,50,0,0,0,0
dwight_mcneil,Crystal Palace,MD,5.5,3,Fulham,False,0,0,241,24,2026-09-05T14:00:00Z,2,3,False,0,0,0,0,0,0,0,0,0,0,0,0,0.0,0.0,0.0,0.0,0,0,0,0,0,0.00,0.00,0.00,0.00,55,-1942,14863,540,2482
remi_matthews,Crystal Palace,GK,4.0,3,Fulham,False,0,0,555,24,2026-09-05T14:00:00Z,2,3,False,0,0,0,0,0,0,0,0,0,0,0,0,0.0,0.0,0.0,0.0,0,0,0,0,0,0.00,0.00,0.00,0.00,40,-1097,188559,7566,8663
takehiro_tomiyasu,Crystal Palace,DF,4.5,3,Fulham,False,0,0,577,24,2026-09-05T14:00:00Z,2,3,False,0,0,0,0,0,0,0,0,0,0,0,0,0.0,0.0,0.0,0.0,0,0,0,0,0,0.00,0.00,0.00,0.00,45,-2052,33461,1378,3430
anan_khalaili,Crystal Palace,DF,5.0,3,Fulham,False,90,3,588,24,2026-09-05T14:00:00Z,2,3,False,0,0,0,2,0,0,0,0,0,0,0,6,21.6,2.3,8.0,3.2,7,3,3,10,1,0.72,0.01,0.73,3.14,50,2499,13924,4048,1549
zavier_gozo,Crystal Palace,MD,5.0,3,Fulham,False,0,0,595,24,2026-09-05T14:00:00Z,2,3,False,0,0,0,0,0,0,0,0,0,0,0,0,0.0,0.0,0.0,0.0,0,0,0,0,0,0.00,0.00,0.00,0.00,50,-66,1444,158,224
honest_ahanor,Crystal Palace,DF,4.5,3,Fulham,False,0,0,633,24,2026-09-05T14:00:00Z,2,3,False,0,0,0,0,0,0,0,0,0,0,0,0,0.0,0.0,0.0,0.0,0,0,0,0,0,0.00,0.00,0.00,0.00,45,185,296,217,32
ben_chilwell,Crystal Palace,DF,4.5,3,Fulham,False,16,7,643,24,2026-09-05T14:00:00Z,2,3,False,1,0,0,0,0,0,0,0,0,0,0,20,33.2,0.7,17.0,5.1,0,0,0,0,0,0.15,0.00,0.15,0.57,45,679,984,763,84
quinten_timber,Crystal Palace,MD,5.0,3,Fulham,False,73,2,644,24,2026-09-05T14:00:00Z,2,3,False,0,0,0,2,0,0,0,0,0,0,0,8,4.2,0.2,1.0,0.5,2,3,1,6,1,0.02,0.00,0.02,2.57,50,556,782,656,100
darío_osorio,Crystal Palace,MD,5.5,3,Fulham,False,1,1,647,24,2026-09-05T14:00:00Z,2,3,False,0,0,0,0,0,0,0,0,0,0,0,2,2.0,0.3,0.0,0.2,0,0,1,1,0,0.00,0.00,0.00,0.13,55,411,535,461,50
christian_nørgaard,Everton,MD,4.9,3,Man Utd,True,0,0,21,30,2026-09-06T13:00:00Z,2,2,False,0,0,0,0,0,0,0,0,0,0,0,0,0.0,0.0,0.0,0.0,0,0,0,0,0,0.00,0.00,0.00,0.00,49,-1962,6444,209,2171
brennan_johnson,Everton,MD,5.9,3,Man Utd,True,65,1,209,30,2026-09-06T13:00:00Z,2,2,False,0,0,0,1,0,0,0,1,0,0,0,3,6.6,22.9,9.0,3.9,3,4,1,8,1,0.05,0.04,0.09,0.37,59,-2691,13119,786,3477
jordan_pickford,Everton,GK,5.5,3,Man Utd,True,90,1,226,30,2026-09-06T13:00:00Z,2,2,False,0,0,0,2,0,0,0,0,0,1,0,6,9.2,0.0,0.0,0.9,0,12,0,0,1,0.00,0.00,0.00,0.69,55,-25446,890933,56478,81924
mark_travers,Everton,GK,5.0,3,Man Utd,True,0,0,227,30,2026-09-06T13:00:00Z,2,2,False,0,0,0,0,0,0,0,0,0,0,0,0,0.0,0.0,0.0,0.0,0,0,0,0,0,0.00,0.00,0.00,0.00,50,-276,3563,282,558
tom_king,Everton,GK,4.5,3,Man Utd,True,0,0,228,30,2026-09-06T13:00:00Z,2,2,False,0,0,0,0,0,0,0,0,0,0,0,0,0.0,0.0,0.0,0.0,0,0,0,0,0,0.00,0.00,0.00,0.00,45,-211,4408,303,514
james_tarkowski,Everton,DF,6.0,3,Man Utd,True,90,3,229,30,2026-09-06T13:00:00Z,2,2,False,0,0,0,2,0,0,0,0,0,0,0,11,24.4,1.0,6.0,3.1,9,3,3,12,1,0.02,0.01,0.03,0.69,60,126081,1115834,211638,85557
jarrad_branthwaite,Everton,DF,5.5,3,Man Utd,True,90,3,230,30,2026-09-06T13:00:00Z,2,2,False,0,0,0,2,0,0,0,0,0,0,0,10,41.6,0.6,34.0,7.6,10,4,1,11,1,0.08,0.00,0.08,0.69,55,-5884,182675,15501,21385
michael_keane,Everton,DF,4.9,3,Man Utd,True,0,0,231,30,2026-09-06T13:00:00Z,2,2,False,0,0,0,0,0,0,0,0,0,0,0,0,0.0,0.0,0.0,0.0,0,0,0,0,0,0.00,0.00,0.00,0.00,49,-30710,105416,2294,33004
jake_o'brien,Everton,DF,4.9,3,Man Utd,True,0,0,232,30,2026-09-06T13:00:00Z,2,2,False,0,0,0,0,0,0,0,0,0,0,0,0,0.0,0.0,0.0,0.0,0,0,0,0,0,0.00,0.00,0.00,0.00,49,-7511,35192,929,8440
vitalii_mykolenko,Everton,DF,4.5,3,Man Utd,True,90,1,233,30,2026-09-06T13:00:00Z,2,2,False,0,0,0,2,0,0,0,0,0,0,0,8,12.8,2.5,0.0,1.5,3,4,3,6,1,0.00,0.01,0.01,0.69,45,13864,178705,40120,26256
nathan_patterson,Everton,DF,4.5,3,Man Utd,True,0,0,234,30,2026-09-06T13:00:00Z,2,2,False,0,0,0,0,0,0,0,0,0,0,0,0,0.0,0.0,0.0,0.0,0,0,0,0,0,0.00,0.00,0.00,0.00,45,-715,2692,164,879
adam_aznou,Everton,DF,4.0,3,Man Utd,True,0,0,235,30,2026-09-06T13:00:00Z,2,2,False,0,0,0,0,0,0,0,0,0,0,0,0,0.0,0.0,0.0,0.0,0,0,0,0,0,0.00,0.00,0.00,0.00,40,-3462,14764,719,4181
kiernan_dewsbury-hall,Everton,MD,6.5,3,Man Utd,True,90,2,236,30,2026-09-06T13:00:00Z,2,2,False,0,0,0,2,0,0,0,0,0,0,0,20,24.0,30.0,33.0,8.7,2,5,4,11,1,0.27,0.07,0.34,0.69,65,-32072,440536,60861,92933
jack_grealish,Everton,MD,6.5,3,Man Utd,True,24,1,238,30,2026-09-06T13:00:00Z,2,2,False,0,0,0,1,0,0,0,0,0,0,0,8,6.0,12.3,10.0,2.8,0,0,1,1,0,0.02,0.13,0.15,0.31,65,3989,28839,9521,5532
james_garner,Everton,MD,6.0,3,Man Utd,True,76,2,239,30,2026-09-06T13:00:00Z,2,2,False,0,0,0,1,0,0,0,0,0,0,0,19,9.6,31.1,0.0,4.1,2,5,1,8,1,0.00,0.08,0.08,0.40,60,-336,14095,2988,3324
tyrique_george,Everton,MD,5.5,3,Man Utd,True,90,10,242,30,2026-09-06T13:00:00Z,2,2,False,1,0,0,2,0,0,0,0,0,0,3,35,44.2,34.4,25.0,10.4,1,3,0,4,1,0.04,0.07,0.11,0.69,55,-3040,25310,1760,4800
carlos_alcaraz durán,Everton,MD,5.0,3,Man Utd,True,0,0,243,30,2026-09-06T13:00:00Z,2,2,False,0,0,0,0,0,0,0,0,0,0,0,0,0.0,0.0,0.0,0.0,0,0,0,0,0,0.00,0.00,0.00,0.00,50,-1124,8638,815,1939
harrison_armstrong,Everton,MD,5.0,3,Man Utd,True,90,1,244,30,2026-09-06T13:00:00Z,2,2,False,0,0,0,2,0,0,0,1,0,0,0,5,5.2,6.7,9.0,2.1,3,1,1,5,1,0.09,0.03,0.12,0.69,50,12190,41659,21368,9178
tyler_dibling,Everton,MD,5.4,3,Man Utd,True,0,0,245,30,2026-09-06T13:00:00Z,2,2,False,0,0,0,0,0,0,0,0,0,0,0,0,0.0,0.0,0.0,0.0,0,0,0,0,0,0.00,0.00,0.00,0.00,54,-512,3219,356,868
merlin_röhl,Everton,MD,5.0,3,Man Utd,True,74,1,246,30,2026-09-06T13:00:00Z,2,2,False,0,0,0,1,0,0,0,1,0,0,0,10,4.4,16.8,0.0,2.1,2,4,0,6,1,0.00,0.13,0.13,0.40,50,-587,5345,580,1167
hayden_hackney,Everton,MD,5.5,3,Man Utd,True,15,4,247,30,2026-09-06T13:00:00Z,2,2,False,0,1,0,1,0,0,0,0,0,0,0,14,20.6,25.5,10.0,5.6,0,0,1,1,0,0.04,0.09,0.13,0.29,55,-3215,21598,499,3714
norberto bercique_gomes betuncal,Everton,FW,5.4,3,Man Utd,True,0,0,248,30,2026-09-06T13:00:00Z,2,2,False,0,0,0,0,0,0,0,0,0,0,0,0,0.0,0.0,0.0,0.0,0,0,0,0,0,0.00,0.00,0.00,0.00,54,-73618,153951,8513,82131
thierno_barry,Everton,FW,5.5,3,Man Utd,True,90,2,249,30,2026-09-06T13:00:00Z,2,2,False,0,0,0,2,0,0,0,0,0,0,0,7,0.2,15.0,24.0,3.9,0,4,0,4,1,0.38,0.02,0.40,0.69,55,104566,501671,195909,91343
ainsley_maitland-niles,Everton,DF,4.5,3,Man Utd,True,13,7,649,30,2026-09-06T13:00:00Z,2,2,False,1,0,0,1,0,0,0,0,0,0,0,13,33.4,0.8,7.0,4.1,0,0,0,0,0,0.03,0.00,0.03,0.29,45,431,569,559,128
braiden_graham,Everton,MD,4.5,3,Man Utd,True,0,0,654,30,2026-09-06T13:00:00Z,2,2,False,0,0,0,0,0,0,0,0,0,0,0,0,0.0,0.0,0.0,0.0,0,0,0,0,0,0.00,0.00,0.00,0.00,45,0,0,0,0
bernd_leno,Fulham,GK,4.5,3,Crystal Palace,True,90,1,250,24,2026-09-05T14:00:00Z,2,3,False,0,0,0,3,0,0,0,0,0,2,0,8,18.8,0.0,0.0,1.9,0,8,0,0,1,0.00,0.00,0.00,1.97,45,14483,339301,41560,27077
benjamin_lecomte,Fulham,GK,4.0,3,Crystal Palace,True,0,0,251,24,2026-09-05T14:00:00Z,2,3,False,0,0,0,0,0,0,0,0,0,0,0,0,0.0,0.0,0.0,0.0,0,0,0,0,0,0.00,0.00,0.00,0.00,40,1599,123475,9450,7851
alfie_mcnally,Fulham,GK,4.0,3,Crystal Palace,True,0,0,252,24,2026-09-05T14:00:00Z,2,3,False,0,0,0,0,0,0,0,0,0,0,0,0,0.0,0.0,0.0,0.0,0,0,0,0,0,0.00,0.00,0.00,0.00,40,-805,15288,1784,2589
joachim_andersen,Fulham,DF,5.0,3,Crystal Palace,True,90,1,253,24,2026-09-05T14:00:00Z,2,3,False,0,0,0,3,0,0,0,0,0,0,0,8,24.4,22.9,6.0,5.3,5,7,2,7,1,0.00,0.06,0.06,1.97,50,3704,15474,5842,2138
antonee_robinson,Fulham,DF,4.5,3,Crystal Palace,True,78,1,254,24,2026-09-05T14:00:00Z,2,3,False,0,0,0,3,0,0,0,0,0,0,0,7,14.6,24.8,9.0,4.8,3,5,2,5,1,0.08,0.10,0.18,1.97,45,-2176,173615,15006,17182
jorge_cuenca barreno,Fulham,DF,4.5,3,Crystal Palace,True,0,0,255,24,2026-09-05T14:00:00Z,2,3,False,0,0,0,0,0,0,0,0,0,0,0,0,0.0,0.0,0.0,0.0,0,0,0,0,0,0.00,0.00,0.00,0.00,45,-183,3459,506,689
kenny_tete,Fulham,DF,4.5,3,Crystal Palace,True,0,0,256,24,2026-09-05T14:00:00Z,2,3,False,0,0,0,0,0,0,0,0,0,0,0,0,0.0,0.0,0.0,0.0,0,0,0,0,0,0.00,0.00,0.00,0.00,45,-2586,23617,430,3016
calvin_bassey,Fulham,DF,4.5,3,Crystal Palace,True,90,1,257,24,2026-09-05T14:00:00Z,2,3,False,0,0,0,3,0,0,0,0,0,0,0,2,13.8,6.4,0.0,2.0,1,2,1,2,1,0.00,0.04,0.04,1.97,45,224,79648,8199,7975
timothy_castagne,Fulham,DF,4.5,3,Crystal Palace,True,90,1,258,24,2026-09-05T14:00:00Z,2,3,False,0,0,0,3,0,0,0,0,0,0,0,-1,20.6,24.1,30.0,7.5,5,5,2,7,1,0.58,0.19,0.77,1.97,45,33375,105919,44214,10839
alex_iwobi,Fulham,MD,5.5,3,Crystal Palace,True,82,2,261,24,2026-09-05T14:00:00Z,2,3,False,0,0,0,3,0,0,0,0,0,0,0,15,7.6,23.7,11.0,4.2,0,3,1,4,1,0.04,0.26,0.30,1.97,55,-9517,88922,7354,16871
emile_smith rowe,Fulham,MD,5.5,3,Crystal Palace,True,11,1,262,24,2026-09-05T14:00:00Z,2,3,False,0,0,0,0,0,0,0,0,0,0,0,3,0.2,0.5,2.0,0.3,0,0,0,0,0,0.00,0.00,0.00,0.00,55,-5101,32334,1425,6526
kevin_santos lopes de macedo,Fulham,MD,5.4,3,Crystal Palace,True,0,0,263,24,2026-09-05T14:00:00Z,2,3,False,0,0,0,0,0,0,0,0,0,0,0,0,0.0,0.0,0.0,0.0,0,0,0,0,0,0.00,0.00,0.00,0.00,54,-789,4945,553,1342
oscar_bobb,Fulham,MD,5.5,3,Crystal Palace,True,78,2,264,24,2026-09-05T14:00:00Z,2,3,False,0,0,0,3,0,0,0,0,0,0,0,17,11.2,58.8,53.0,12.3,0,4,0,4,1,0.32,0.65,0.97,1.97,55,-1360,34364,4635,5995
sander_berge,Fulham,MD,5.0,3,Crystal Palace,True,29,1,265,24,2026-09-05T14:00:00Z,2,3,False,0,0,0,1,0,0,0,0,0,0,0,9,3.2,2.9,0.0,0.6,0,2,0,2,0,0.00,0.10,0.10,0.84,50,-3309,36133,1875,5184
tom_cairney,Fulham,MD,5.0,3,Crystal Palace,True,0,0,266,24,2026-09-05T14:00:00Z,2,3,False,0,0,0,0,0,0,0,0,0,0,0,0,0.0,0.0,0.0,0.0,0,0,0,0,0,0.00,0.00,0.00,0.00,50,-58,335,24,82
josh_king,Fulham,MD,5.5,3,Crystal Palace,True,90,10,268,24,2026-09-05T14:00:00Z,2,3,False,1,0,0,3,0,0,0,0,0,0,3,38,44.6,26.0,34.0,10.5,1,5,1,7,1,0.31,0.27,0.58,1.97,55,9662,76528,23134,13472
ryan_sessegnon,Fulham,DF,4.5,3,Crystal Palace,True,11,1,269,24,2026-09-05T14:00:00Z,2,3,False,0,0,0,0,0,0,0,0,0,0,0,3,2.0,14.8,4.0,2.1,1,1,0,1,0,0.08,0.32,0.40,0.00,45,-3956,37980,887,4843
harrison_reed,Fulham,MD,4.5,3,Crystal Palace,True,0,0,270,24,2026-09-05T14:00:00Z,2,3,False,0,0,0,0,0,0,0,0,0,0,0,0,0.0,0.0,0.0,0.0,0,0,0,0,0,0.00,0.00,0.00,0.00,45,-11001,132811,8075,19076
rodrigo_muniz carvalho,Fulham,FW,5.5,3,Crystal Palace,True,7,1,271,24,2026-09-05T14:00:00Z,2,3,False,0,0,0,0,0,0,0,0,0,0,0,5,3.2,10.1,27.0,4.0,0,0,0,0,0,0.38,0.00,0.38,0.00,55,-6919,49384,4409,11328
jonah_kusi-asare,Fulham,FW,4.5,3,Crystal Palace,True,0,0,272,24,2026-09-05T14:00:00Z,2,3,False,0,0,0,0,0,0,0,0,0,0,0,0,0.0,0.0,0.0,0.0,0,0,0,0,0,0.00,0.00,0.00,0.00,45,-11359,689011,60586,71945
gonzalo_garcía,Fulham,FW,6.0,3,Crystal Palace,True,90,2,569,24,2026-09-05T14:00:00Z,2,3,False,0,0,0,3,0,0,0,0,0,0,0,10,5.8,14.0,39.0,5.9,3,3,1,7,1,0.44,0.20,0.64,1.97,60,49426,490355,128611,79185
césar_palacios,Fulham,MD,5.5,3,Crystal Palace,True,60,8,570,24,2026-09-05T14:00:00Z,2,3,False,1,0,0,2,0,0,0,0,0,0,1,27,33.8,13.7,51.0,9.9,0,0,0,0,1,0.80,0.02,0.82,1.14,55,-2344,18435,1012,3356
shea_charles,Fulham,MD,5.0,3,Crystal Palace,True,78,2,580,24,2026-09-05T14:00:00Z,2,3,False,0,0,0,3,0,0,0,0,0,0,0,18,12.4,35.2,8.0,5.6,3,8,0,11,1,0.00,0.09,0.09,1.97,50,-910,7900,334,1244
luc_de fougerolles,Fulham,DF,4.0,3,Crystal Palace,True,0,0,610,24,2026-09-05T14:00:00Z,2,3,False,0,0,0,0,0,0,0,0,0,0,0,0,0.0,0.0,0.0,0.0,0,0,0,0,0,0.00,0.00,0.00,0.00,40,382,11771,2221,1839
macauley_zepa,Fulham,MD,4.5,3,Crystal Palace,True,0,0,626,24,2026-09-05T14:00:00Z,2,3,False,0,0,0,0,0,0,0,0,0,0,0,0,0.0,0.0,0.0,0.0,0,0,0,0,0,0.00,0.00,0.00,0.00,45,17179,40392,22010,4831
hugo_larsson,Fulham,MD,5.0,3,Crystal Palace,True,11,1,635,24,2026-09-05T14:00:00Z,2,3,False,0,0,0,0,0,0,0,0,0,0,0,3,3.6,1.3,9.0,1.4,0,0,1,1,0,0.13,0.22,0.35,0.00,50,261,322,288,27
manuel ángel_morán ibáñez,Fulham,MD,5.0,3,Crystal Palace,True,0,0,636,24,2026-09-05T14:00:00Z,2,3,False,0,0,0,0,0,0,0,0,0,0,0,0,0.0,0.0,0.0,0.0,0,0,0,0,0,0.00,0.00,0.00,0.00,50,106,151,120,14
david_affengruber,Fulham,DF,4.5,3,Crystal Palace,True,0,0,650,24,2026-09-05T14:00:00Z,2,3,False,0,0,0,0,0,0,0,0,0,0,0,0,0.0,0.0,0.0,0.0,0,0,0,0,0,0.00,0.00,0.00,0.00,45,177,317,204,27
tim_iroegbunam,Hull City,MD,5.0,3,Aston Villa,True,0,0,240,25,2026-09-05T16:30:00Z,0,0,False,0,0,0,0,0,0,0,0,0,0,0,0,0.0,0.0,0.0,0.0,0,0,0,0,0,0.00,0.00,0.00,0.00,50,122,1385,309,187
dillon_phillips,Hull City,GK,4.0,3,Aston Villa,True,0,0,273,25,2026-09-05T16:30:00Z,0,0,False,0,0,0,0,0,0,0,0,0,0,0,0,0.0,0.0,0.0,0.0,0,0,0,0,0,0.00,0.00,0.00,0.00,40,-1922,154754,9318,11240
jack_butland,Hull City,GK,4.5,3,Aston Villa,True,0,0,274,25,2026-09-05T16:30:00Z,0,0,False,0,0,0,0,0,0,0,0,0,0,0,0,0.0,0.0,0.0,0.0,0,0,0,0,0,0.00,0.00,0.00,0.00,45,-1301,8463,166,1467
harvey_cartwright,Hull City,GK,4.0,3,Aston Villa,True,0,0,275,25,2026-09-05T16:30:00Z,0,0,False,0,0,0,0,0,0,0,0,0,0,0,0,0.0,0.0,0.0,0.0,0,0,0,0,0,0.00,0.00,0.00,0.00,40,-83,816,0,83
thimothée_lo-tutala,Hull City,GK,4.0,3,Aston Villa,True,0,0,276,25,2026-09-05T16:30:00Z,0,0,False,0,0,0,0,0,0,0,0,0,0,0,0,0.0,0.0,0.0,0.0,0,0,0,0,0,0.00,0.00,0.00,0.00,40,-272,2831,0,272
john_egan,Hull City,DF,4.0,3,Aston Villa,True,90,6,277,25,2026-09-05T16:30:00Z,0,0,False,0,0,1,0,0,0,0,0,0,0,0,18,15.4,0.1,0.0,1.6,4,1,3,7,1,0.00,0.00,0.00,1.93,40,278040,623541,335706,57666
charlie_hughes,Hull City,DF,4.0,3,Aston Villa,True,0,0,278,25,2026-09-05T16:30:00Z,0,0,False,0,0,0,0,0,0,0,0,0,0,0,0,0.0,0.0,0.0,0.0,0,0,0,0,0,0.00,0.00,0.00,0.00,40,-1682,9038,138,1820
semi_ajayi,Hull City,DF,4.1,3,Aston Villa,True,90,5,279,25,2026-09-05T16:30:00Z,0,0,False,0,0,1,0,0,0,0,1,0,0,0,17,11.0,0.7,0.0,1.2,5,1,1,6,1,0.00,0.00,0.00,1.93,41,562671,1055220,631920,69249
lewie_coyle,Hull City,DF,4.0,3,Aston Villa,True,63,6,280,25,2026-09-05T16:30:00Z,0,0,False,0,0,1,0,0,0,0,0,0,0,0,19,1.4,4.6,0.0,0.6,0,0,0,0,1,0.00,0.01,0.01,1.81,40,-8654,54378,1532,10186
cody_drameh,Hull City,DF,4.0,3,Aston Villa,True,0,0,281,25,2026-09-05T16:30:00Z,0,0,False,0,0,0,0,0,0,0,0,0,0,0,0,0.0,0.0,0.0,0.0,0,0,0,0,0,0.00,0.00,0.00,0.00,40,-663,6824,1010,1673
ryan_giles,Hull City,DF,4.0,3,Aston Villa,True,90,8,282,25,2026-09-05T16:30:00Z,0,0,False,0,0,1,0,0,0,0,0,0,0,2,30,14.8,26.4,0.0,4.1,3,5,1,4,1,0.00,0.04,0.04,1.93,40,18469,123114,26812,8343
matty_jacob,Hull City,DF,4.0,3,Aston Villa,True,0,0,283,25,2026-09-05T16:30:00Z,0,0,False,0,0,0,0,0,0,0,0,0,0,0,0,0.0,0.0,0.0,0.0,0,0,0,0,0,0.00,0.00,0.00,0.00,40,-153,1068,57,210
cathal_mccarthy,Hull City,DF,4.0,3,Aston Villa,True,0,0,284,25,2026-09-05T16:30:00Z,0,0,False,0,0,0,0,0,0,0,0,0,0,0,0,0.0,0.0,0.0,0.0,0,0,0,0,0,0.00,0.00,0.00,0.00,40,295,9409,1507,1212
paddy_mcnair,Hull City,DF,4.0,3,Aston Villa,True,0,0,285,25,2026-09-05T16:30:00Z,0,0,False,0,0,0,0,0,0,0,0,0,0,0,0,0.0,0.0,0.0,0.0,0,0,0,0,0,0.00,0.00,0.00,0.00,40,-491,13231,1008,1499
mohamed_belloumi,Hull City,MD,5.0,3,Aston Villa,True,81,5,286,25,2026-09-05T16:30:00Z,0,0,False,0,0,1,0,0,0,0,0,0,0,0,15,22.8,12.4,10.0,4.5,8,1,3,12,1,0.03,0.01,0.04,1.93,50,16123,88726,26562,10439
liam_millar,Hull City,MD,5.0,3,Aston Villa,True,0,0,287,25,2026-09-05T16:30:00Z,0,0,False,0,0,0,0,0,0,0,0,0,0,0,0,0.0,0.0,0.0,0.0,0,0,0,0,0,0.00,0.00,0.00,0.00,50,140,6931,2873,2733
kieran_dowell,Hull City,MD,4.5,3,Aston Villa,True,0,0,288,25,2026-09-05T16:30:00Z,0,0,False,0,0,0,0,0,0,0,0,0,0,0,0,0.0,0.0,0.0,0.0,0,0,0,0,0,0.00,0.00,0.00,0.00,45,-165,37923,5767,5932
matt_crooks,Hull City,MD,4.5,3,Aston Villa,True,0,0,289,25,2026-09-05T16:30:00Z,0,0,False,0,0,0,0,0,0,0,0,0,0,0,0,0.0,0.0,0.0,0.0,0,0,0,0,0,0.00,0.00,0.00,0.00,45,-12365,57596,2885,15250
regan_slater,Hull City,MD,4.5,3,Aston Villa,True,90,3,290,25,2026-09-05T16:30:00Z,0,0,False,0,0,1,0,0,0,0,0,0,0,0,10,10.6,12.3,8.0,3.1,3,2,1,6,1,0.04,0.01,0.05,1.93,45,91326,523606,157568,66242
eliot_matazo,Hull City,MD,4.5,3,Aston Villa,True,0,0,291,25,2026-09-05T16:30:00Z,0,0,False,0,0,0,0,0,0,0,0,0,0,0,0,0.0,0.0,0.0,0.0,0,0,0,0,0,0.00,0.00,0.00,0.00,45,-33,637,103,136
abdülkadir_ömür,Hull City,MD,4.9,3,Aston Villa,True,0,0,292,25,2026-09-05T16:30:00Z,0,0,False,0,0,0,0,0,0,0,0,0,0,0,0,0.0,0.0,0.0,0.0,0,0,0,0,0,0.00,0.00,0.00,0.00,49,-131,1697,323,454
abu_kamara,Hull City,MD,5.0,3,Aston Villa,True,0,0,293,25,2026-09-05T16:30:00Z,0,0,False,0,0,0,0,0,0,0,0,0,0,0,0,0.0,0.0,0.0,0.0,0,0,0,0,0,0.00,0.00,0.00,0.00,50,-96,258,0,96
óscar_zambrano,Hull City,MD,4.5,3,Aston Villa,True,0,0,294,25,2026-09-05T16:30:00Z,0,0,False,0,0,0,0,0,0,0,0,0,0,0,0,0.0,0.0,0.0,0.0,0,0,0,0,0,0.00,0.00,0.00,0.00,45,-1263,9216,645,1908
oli_mcburnie,Hull City,FW,5.5,3,Aston Villa,True,90,2,295,25,2026-09-05T16:30:00Z,0,0,False,0,0,1,0,0,0,0,0,0,0,0,2,2.6,11.3,15.0,2.9,1,0,2,3,1,0.38,0.05,0.43,1.93,55,-9368,211366,40632,50000
david_akintola,Hull City,MD,5.0,3,Aston Villa,True,0,0,296,25,2026-09-05T16:30:00Z,0,0,False,0,0,0,0,0,0,0,0,0,0,0,0,0.0,0.0,0.0,0.0,0,0,0,0,0,0.00,0.00,0.00,0.00,50,-67,4439,1268,1335
darko_gyabi,Hull City,MD,4.5,3,Aston Villa,True,0,0,297,25,2026-09-05T16:30:00Z,0,0,False,0,0,0,0,0,0,0,0,0,0,0,0,0.0,0.0,0.0,0.0,0,0,0,0,0,0.00,0.00,0.00,0.00,45,-302,2158,141,443
enis_destan,Hull City,FW,4.5,3,Aston Villa,True,0,0,298,25,2026-09-05T16:30:00Z,0,0,False,0,0,0,0,0,0,0,0,0,0,0,0,0.0,0.0,0.0,0.0,0,0,0,0,0,0.00,0.00,0.00,0.00,45,-5574,26020,0,5574
mason_burstow,Hull City,FW,4.5,3,Aston Villa,True,0,0,299,25,2026-09-05T16:30:00Z,0,0,False,0,0,0,0,0,0,0,0,0,0,0,0,0.0,0.0,0.0,0.0,0,0,0,0,0,0.00,0.00,0.00,0.00,45,-778,4321,0,778
joe_gelhardt,Hull City,MD,5.0,3,Aston Villa,True,0,0,340,25,2026-09-05T16:30:00Z,0,0,False,0,0,0,0,0,0,0,0,0,0,0,0,0.0,0.0,0.0,0.0,0,0,0,0,0,0.00,0.00,0.00,0.00,50,-124,1068,99,223
matt_targett,Hull City,DF,4.0,3,Aston Villa,True,0,0,556,25,2026-09-05T16:30:00Z,0,0,False,0,0,0,0,0,0,0,0,0,0,0,0,0.0,0.0,0.0,0.0,0,0,0,0,0,0.00,0.00,0.00,0.00,40,-12694,218007,10419,23113
hidemasa_morita,Hull City,MD,5.0,3,Aston Villa,True,0,0,563,25,2026-09-05T16:30:00Z,0,0,False,0,0,0,0,0,0,0,0,0,0,0,0,0.0,0.0,0.0,0.0,0,0,0,0,0,0.00,0.00,0.00,0.00,50,104,2482,421,317
konstantinos_tzolakis,Hull City,GK,4.6,3,Aston Villa,True,90,6,572,25,2026-09-05T16:30:00Z,0,0,False,0,0,1,0,0,0,0,0,0,1,0,25,11.6,0.0,0.0,1.2,0,10,0,0,1,0.00,0.00,0.00,1.93,46,306909,857252,367782,60873
jens_hjertø-dahl,Hull City,MD,5.0,3,Aston Villa,True,8,1,574,25,2026-09-05T16:30:00Z,0,0,False,0,0,0,0,0,0,0,0,0,0,0,4,0.0,0.0,0.0,0.0,0,1,0,1,0,0.00,0.00,0.00,0.00,50,-1139,6691,321,1460
elliot_stroud,Hull City,MD,5.0,3,Aston Villa,True,62,3,576,25,2026-09-05T16:30:00Z,0,0,False,0,0,1,0,0,0,0,0,0,0,0,5,0.0,11.8,4.0,1.4,0,2,0,2,1,0.04,0.01,0.05,1.81,50,-916,8900,770,1686
lucas_herrington,Hull City,DF,4.0,3,Aston Villa,True,19,1,585,25,2026-09-05T16:30:00Z,0,0,False,0,0,0,0,0,0,0,0,0,0,0,2,6.6,0.1,0.0,0.7,1,1,1,2,0,0.00,0.00,0.00,0.12,40,-1665,64658,3434,5099
nobel_mendy,Hull City,DF,4.0,3,Aston Villa,True,70,8,586,25,2026-09-05T16:30:00Z,0,0,False,0,0,1,0,0,0,0,0,0,0,0,22,16.2,0.6,14.0,3.1,7,2,3,10,1,0.03,0.00,0.03,1.81,40,98035,619201,166798,68763
lucas_gourna-douath,Hull City,MD,5.0,3,Aston Villa,True,81,2,589,25,2026-09-05T16:30:00Z,0,0,False,0,0,1,0,0,0,0,1,0,0,0,7,13.4,21.6,0.0,3.5,4,5,1,10,1,0.00,0.01,0.01,1.93,50,-134,2738,213,347
mohamed-ali_cho,Hull City,MD,5.0,3,Aston Villa,True,8,1,617,25,2026-09-05T16:30:00Z,0,0,False,0,0,0,0,0,0,0,0,0,0,0,5,3.0,0.0,17.0,2.0,0,0,0,0,0,0.05,0.00,0.05,0.00,50,482,871,671,189
ilyas_ansah,Hull City,FW,5.0,3,Aston Villa,True,0,0,632,25,2026-09-05T16:30:00Z,0,0,False,0,0,0,0,0,0,0,0,0,0,0,0,0.0,0.0,0.0,0.0,0,0,0,0,0,0.00,0.00,0.00,0.00,50,2012,2839,2222,210
robinio_vaz,Hull City,FW,5.0,3,Aston Villa,True,0,0,637,25,2026-09-05T16:30:00Z,0,0,False,0,0,0,0,0,0,0,0,0,0,0,0,0.0,0.0,0.0,0.0,0,0,0,0,0,0.00,0.00,0.00,0.00,50,1405,2077,1607,202
brooke_norton-cuffy,Hull City,DF,4.0,3,Aston Villa,True,26,1,638,25,2026-09-05T16:30:00Z,0,0,False,0,0,0,0,0,0,0,0,0,0,0,3,2.2,0.3,2.0,0.5,1,2,0,1,0,0.00,0.00,0.00,0.12,40,5681,17629,6454,773
sorba_thomas,Hull City,MD,5.5,3,Aston Villa,True,27,1,642,25,2026-09-05T16:30:00Z,0,0,False,0,0,0,0,0,0,0,0,0,0,0,5,3.2,10.8,0.0,1.4,0,1,0,1,0,0.00,0.04,0.04,0.12,55,388,569,446,58
christos_mouzakitis,Hull City,MD,5.0,3,Aston Villa,True,0,0,645,25,2026-09-05T16:30:00Z,0,0,False,0,0,0,0,0,0,0,0,0,0,0,0,0.0,0.0,0.0,0.0,0,0,0,0,0,0.00,0.00,0.00,0.00,50,186,288,210,24
issa_diop,Ipswich Town,DF,4.0,3,Liverpool,True,90,3,259,21,2026-09-04T19:00:00Z,0,2,False,0,0,0,2,0,0,0,0,0,0,0,10,27.2,10.8,0.0,3.8,9,2,2,11,1,0.00,0.01,0.01,0.69,40,-81636,1603991,43514,125150
saša_lukić,Ipswich Town,MD,5.0,3,Liverpool,True,90,2,267,21,2026-09-04T19:00:00Z,0,2,False,0,0,0,2,0,0,0,0,0,0,0,13,10.4,14.2,0.0,2.5,1,2,1,4,1,0.00,0.02,0.02,0.69,50,-997,11933,809,1806
christian_walton,Ipswich Town,GK,4.5,3,Liverpool,True,0,0,300,21,2026-09-04T19:00:00Z,0,2,False,0,0,0,0,0,0,0,0,0,0,0,0,0.0,0.0,0.0,0.0,0,0,0,0,0,0.00,0.00,0.00,0.00,45,-4114,44862,350,4464
alex_palmer,Ipswich Town,GK,4.0,3,Liverpool,True,0,0,301,21,2026-09-04T19:00:00Z,0,2,False,0,0,0,0,0,0,0,0,0,0,0,0,0.0,0.0,0.0,0.0,0,0,0,0,0,0.00,0.00,0.00,0.00,40,-1187,452044,29680,30867
david_button,Ipswich Town,GK,4.0,3,Liverpool,True,0,0,302,21,2026-09-04T19:00:00Z,0,2,False,0,0,0,0,0,0,0,0,0,0,0,0,0.0,0.0,0.0,0.0,0,0,0,0,0,0.00,0.00,0.00,0.00,40,3716,51311,7597,3881
cédric_kipré,Ipswich Town,DF,4.0,3,Liverpool,True,0,0,303,21,2026-09-04T19:00:00Z,0,2,False,0,0,0,0,0,0,0,0,0,0,0,0,0.0,0.0,0.0,0.0,0,0,0,0,0,0.00,0.00,0.00,0.00,40,-4792,56159,632,5424
dara_o'shea,Ipswich Town,DF,4.0,3,Liverpool,True,90,3,304,21,2026-09-04T19:00:00Z,0,2,False,0,0,0,2,0,0,0,0,0,0,0,5,23.8,4.4,4.0,3.2,8,3,3,11,1,0.00,0.01,0.01,0.69,40,-15021,330000,22172,37193
leif_davis,Ipswich Town,DF,4.0,3,Liverpool,True,90,1,305,21,2026-09-04T19:00:00Z,0,2,False,0,0,0,2,0,0,0,0,0,0,0,4,17.4,21.5,19.0,5.8,4,3,2,6,1,0.11,0.12,0.23,0.69,40,22917,540194,62873,39956
jacob_greaves,Ipswich Town,DF,4.0,3,Liverpool,True,90,1,306,21,2026-09-04T19:00:00Z,0,2,False,0,0,0,2,0,0,0,0,0,0,0,6,15.0,12.3,4.0,3.1,6,3,1,7,1,0.00,0.04,0.04,0.69,40,-8595,134162,2678,11273
ben_johnson,Ipswich Town,DF,4.0,3,Liverpool,True,0,0,307,21,2026-09-04T19:00:00Z,0,2,False,0,0,0,0,0,0,0,0,0,0,0,0,0.0,0.0,0.0,0.0,0,0,0,0,0,0.00,0.00,0.00,0.00,40,-658,10397,710,1368
darnell_furlong,Ipswich Town,DF,4.0,3,Liverpool,True,0,0,308,21,2026-09-04T19:00:00Z,0,2,False,0,0,0,0,0,0,0,0,0,0,0,0,0.0,0.0,0.0,0.0,0,0,0,0,0,0.00,0.00,0.00,0.00,40,-3936,55806,612,4548
marcelino_núñez,Ipswich Town,MD,5.0,3,Liverpool,True,0,0,309,21,2026-09-04T19:00:00Z,0,2,False,0,0,0,0,0,0,0,0,0,0,0,0,0.0,0.0,0.0,0.0,0,0,0,0,0,0.00,0.00,0.00,0.00,50,-879,13914,1106,1985
azor_matusiwa,Ipswich Town,MD,5.0,3,Liverpool,True,0,0,310,21,2026-09-04T19:00:00Z,0,2,False,0,0,0,0,0,0,0,0,0,0,0,0,0.0,0.0,0.0,0.0,0,0,0,0,0,0.00,0.00,0.00,0.00,50,-55,278,12,67
wes_burns,Ipswich Town,MD,5.0,3,Liverpool,True,0,0,311,21,2026-09-04T19:00:00Z,0,2,False,0,0,0,0,0,0,0,0,0,0,0,0,0.0,0.0,0.0,0.0,0,0,0,0,0,0.00,0.00,0.00,0.00,50,-88,278,0,88
jack_taylor,Ipswich Town,MD,4.5,3,Liverpool,True,0,0,312,21,2026-09-04T19:00:00Z,0,2,False,0,0,0,0,0,0,0,0,0,0,0,0,0.0,0.0,0.0,0.0,0,0,0,0,0,0.00,0.00,0.00,0.00,45,-505,3500,190,695
jack_clarke,Ipswich Town,MD,5.5,3,Liverpool,True,24,1,313,21,2026-09-04T19:00:00Z,0,2,False,0,0,0,0,0,0,0,0,0,0,0,3,3.4,11.7,4.0,1.9,1,1,0,2,0,0.05,0.02,0.07,0.06,55,-4559,24744,1167,5726
chiedozie_ogbene,Ipswich Town,MD,4.9,3,Liverpool,True,0,0,314,21,2026-09-04T19:00:00Z,0,2,False,0,0,0,0,0,0,0,0,0,0,0,0,0.0,0.0,0.0,0.0,0,0,0,0,0,0.00,0.00,0.00,0.00,49,-351,1159,67,418
abdul_fatawu,Ipswich Town,MD,5.5,3,Liverpool,True,78,2,315,21,2026-09-04T19:00:00Z,0,2,False,0,0,0,2,0,0,0,0,0,0,0,14,10.2,32.9,4.0,4.7,2,2,2,6,1,0.03,0.15,0.18,0.69,55,-849,21660,2126,2975
emersonn_correia da silva,Ipswich Town,FW,5.5,3,Liverpool,True,65,2,316,21,2026-09-04T19:00:00Z,0,2,False,0,0,0,2,0,0,0,0,0,0,0,8,3.2,0.0,8.0,1.1,1,1,1,3,1,0.22,0.00,0.22,0.62,55,-30504,167319,20740,51244
george_hirst,Ipswich Town,FW,5.0,3,Liverpool,True,0,0,317,21,2026-09-04T19:00:00Z,0,2,False,0,0,0,0,0,0,0,0,0,0,0,0,0.0,0.0,0.0,0.0,0,0,0,0,0,0.00,0.00,0.00,0.00,50,-4365,11907,0,4365
jaden_philogene,Ipswich Town,MD,5.4,3,Liverpool,True,0,0,318,21,2026-09-04T19:00:00Z,0,2,False,0,0,0,0,0,0,0,0,0,0,0,0,0.0,0.0,0.0,0.0,0,0,0,0,0,0.00,0.00,0.00,0.00,54,-3409,9209,41,3450
sam_szmodics,Ipswich Town,MD,5.0,3,Liverpool,True,0,0,319,21,2026-09-04T19:00:00Z,0,2,False,0,0,0,0,0,0,0,0,0,0,0,0,0.0,0.0,0.0,0.0,0,0,0,0,0,0.00,0.00,0.00,0.00,50,-191,427,0,191
chuba_akpom,Ipswich Town,FW,5.0,3,Liverpool,True,0,0,320,21,2026-09-04T19:00:00Z,0,2,False,0,0,0,0,0,0,0,0,0,0,0,0,0.0,0.0,0.0,0.0,0,0,0,0,0,0.00,0.00,0.00,0.00,50,45434,114005,62654,17220
sindre_walle egeli,Ipswich Town,FW,4.5,3,Liverpool,True,0,0,321,21,2026-09-04T19:00:00Z,0,2,False,0,0,0,0,0,0,0,0,0,0,0,0,0.0,0.0,0.0,0.0,0,0,0,0,0,0.00,0.00,0.00,0.00,45,73544,367243,127698,54154
ali_al-hamadi,Ipswich Town,FW,5.0,3,Liverpool,True,0,0,322,21,2026-09-04T19:00:00Z,0,2,False,0,0,0,0,0,0,0,0,0,0,0,0,0.0,0.0,0.0,0.0,0,0,0,0,0,0.00,0.00,0.00,0.00,50,-3877,8170,0,3877
kasey_mcateer,Ipswich Town,MD,4.5,3,Liverpool,True,11,1,323,21,2026-09-04T19:00:00Z,0,2,False,0,0,0,0,0,0,0,0,0,0,0,5,3.2,0.5,7.0,1.1,0,1,0,1,0,0.05,0.00,0.05,0.00,45,-4340,133131,11626,15966
anis_mehmeti,Ipswich Town,MD,4.9,3,Liverpool,True,0,0,324,21,2026-09-04T19:00:00Z,0,2,False,0,0,0,0,0,0,0,0,0,0,0,0,0.0,0.0,0.0,0.0,0,0,0,0,0,0.00,0.00,0.00,0.00,49,-648,4120,109,757
kayne_van oevelen,Ipswich Town,GK,4.5,3,Liverpool,True,0,0,554,21,2026-09-04T19:00:00Z,0,2,False,0,0,0,0,0,0,0,0,0,0,0,0,0.0,0.0,0.0,0.0,0,0,0,0,0,0.00,0.00,0.00,0.00,45,-698,2365,0,698
daizen_maeda,Ipswich Town,MD,5.5,3,Liverpool,True,65,2,562,21,2026-09-04T19:00:00Z,0,2,False,0,0,0,2,0,0,0,0,0,0,0,9,8.2,0.1,17.0,2.5,2,1,2,5,1,0.04,0.00,0.04,0.62,55,-4936,32352,903,5839
kjell_scherpen,Ipswich Town,GK,4.5,3,Liverpool,True,90,2,564,21,2026-09-04T19:00:00Z,0,2,False,0,0,0,2,0,0,0,0,0,5,0,13,27.8,0.0,0.0,2.8,0,7,0,0,1,0.00,0.00,0.00,0.69,45,-2758,58738,4399,7157
florentino ibrain_morris luís,Ipswich Town,MD,4.9,3,Liverpool,True,0,0,571,21,2026-09-04T19:00:00Z,0,2,False,0,0,0,0,0,0,0,0,0,0,0,0,0.0,0.0,0.0,0.0,0,0,0,0,0,0.00,0.00,0.00,0.00,49,-2128,9821,223,2351
julio_enciso,Ipswich Town,MD,5.5,3,Liverpool,True,90,1,591,21,2026-09-04T19:00:00Z,0,2,False,0,0,0,2,0,0,0,1,0,0,0,16,10.2,22.5,23.0,5.6,2,3,0,5,1,0.24,0.02,0.26,0.69,55,25086,82553,35897,10811
abdoul_ouattara,Ipswich Town,DF,4.0,3,Liverpool,True,12,1,592,21,2026-09-04T19:00:00Z,0,2,False,0,0,0,0,0,0,0,0,0,0,0,4,3.6,14.0,0.0,1.8,0,2,0,0,0,0.00,0.02,0.02,0.00,40,-2760,100578,4401,7161
cameron_humphreys,Ipswich Town,MD,4.5,3,Liverpool,True,0,0,602,21,2026-09-04T19:00:00Z,0,2,False,0,0,0,0,0,0,0,0,0,0,0,0,0.0,0.0,0.0,0.0,0,0,0,0,0,0.00,0.00,0.00,0.00,45,382,4148,1586,1204
exequiel_palacios,Ipswich Town,MD,5.0,3,Liverpool,True,77,4,619,21,2026-09-04T19:00:00Z,0,2,False,0,0,0,2,0,0,0,0,0,0,0,24,20.2,22.5,0.0,4.3,3,12,4,19,1,0.00,0.02,0.02,0.69,50,979,1551,1326,347
zian_flemming,Ipswich Town,FW,5.5,3,Liverpool,True,24,1,640,21,2026-09-04T19:00:00Z,0,2,False,0,0,0,0,0,0,0,0,0,0,0,4,3.2,0.5,7.0,1.1,0,0,0,0,0,0.02,0.01,0.03,0.06,55,1528,1904,1761,233
harry_wilson,Leeds,MD,6.4,3,Brighton,False,17,0,260,23,2026-09-05T14:00:00Z,1,1,False,0,0,0,0,0,0,0,1,0,0,0,0,1.4,20.3,2.0,2.4,0,1,0,1,0,0.00,0.00,0.00,1.32,64,-148278,401861,7327,155605
lucas estella_perri,Leeds,GK,4.5,3,Brighton,False,0,0,326,23,2026-09-05T14:00:00Z,1,1,False,0,0,0,0,0,0,0,0,0,0,0,0,0.0,0.0,0.0,0.0,0,0,0,0,0,0.00,0.00,0.00,0.00,45,-9253,45033,204,9457
jaka_bijol,Leeds,DF,5.0,3,Brighton,False,29,1,327,23,2026-09-05T14:00:00Z,1,1,False,0,0,0,1,0,0,0,0,0,0,0,1,6.2,0.0,0.0,0.6,2,0,2,4,0,0.00,0.00,0.00,1.95,50,-2619,95603,14908,17527
joe_rodon,Leeds,DF,4.5,3,Brighton,False,0,0,329,23,2026-09-05T14:00:00Z,1,1,False,0,0,0,0,0,0,0,0,0,0,0,0,0.0,0.0,0.0,0.0,0,0,0,0,0,0.00,0.00,0.00,0.00,45,-122557,220934,5070,127627
jayden_bogle,Leeds,DF,4.5,3,Brighton,False,60,14,330,23,2026-09-05T14:00:00Z,1,1,False,1,0,1,0,0,0,0,1,0,0,3,30,35.4,1.7,33.0,7.0,2,0,0,2,1,0.90,0.02,0.92,0.24,45,-432,54984,5089,5521
gabriel_gudmundsson,Leeds,DF,4.5,3,Brighton,False,90,2,331,23,2026-09-05T14:00:00Z,1,1,False,0,0,0,1,0,0,0,0,0,0,0,9,12.6,1.2,2.0,1.6,2,9,3,5,1,0.00,0.00,0.00,2.19,45,253,4932,644,391
james_justin,Leeds,DF,4.5,3,Brighton,False,90,4,332,23,2026-09-05T14:00:00Z,1,1,False,0,0,0,1,0,0,0,0,0,0,0,9,16.8,1.5,21.0,3.9,7,4,3,10,1,0.14,0.00,0.14,2.19,45,14204,150950,35632,21428
sebastiaan_bornauw,Leeds,DF,4.5,3,Brighton,False,0,0,333,23,2026-09-05T14:00:00Z,1,1,False,0,0,0,0,0,0,0,0,0,0,0,0,0.0,0.0,0.0,0.0,0,0,0,0,0,0.00,0.00,0.00,0.00,45,-63,276,0,63
tarik_muharemović,Leeds,DF,5.0,3,Brighton,False,90,4,334,23,2026-09-05T14:00:00Z,1,1,False,0,0,0,1,0,0,0,0,0,0,0,10,29.2,0.8,2.0,3.2,12,2,1,13,1,0.00,0.01,0.01,2.19,50,-2089,326555,40504,42593
anton_stach,Leeds,MD,6.0,3,Brighton,False,90,2,335,23,2026-09-05T14:00:00Z,1,1,False,0,0,0,1,0,0,0,0,0,0,0,7,15.4,16.5,19.0,5.1,2,2,2,6,1,0.32,0.10,0.42,2.19,60,12619,303711,62176,49557
noah_okafor,Leeds,MD,5.9,3,Brighton,False,61,3,336,23,2026-09-05T14:00:00Z,1,1,False,0,0,1,0,0,0,0,0,0,0,0,9,1.4,0.6,2.0,0.4,0,0,0,0,1,0.00,0.01,0.01,0.24,59,-8372,32691,2519,10891
brenden_aaronson,Leeds,MD,5.5,3,Brighton,False,28,1,337,23,2026-09-05T14:00:00Z,1,1,False,0,0,0,1,0,0,0,0,0,0,0,5,0.0,1.0,0.0,0.1,0,0,0,0,0,0.00,0.00,0.00,1.95,55,-14068,70876,2026,16094
ethan_ampadu,Leeds,MD,5.5,3,Brighton,False,90,2,338,23,2026-09-05T14:00:00Z,1,1,False,0,0,0,1,0,0,0,0,0,0,0,13,23.6,1.3,0.0,2.5,6,1,4,11,1,0.00,0.01,0.01,2.19,55,-15707,117203,3562,19269
sean_longstaff,Leeds,MD,5.0,3,Brighton,False,0,0,339,23,2026-09-05T14:00:00Z,1,1,False,0,0,0,0,0,0,0,0,0,0,0,0,0.0,0.0,0.0,0.0,0,0,0,0,0,0.00,0.00,0.00,0.00,50,-1965,10952,639,2604
wilfried_gnonto,Leeds,MD,5.0,3,Brighton,False,0,0,341,23,2026-09-05T14:00:00Z,1,1,False,0,0,0,0,0,0,0,0,0,0,0,0,0.0,0.0,0.0,0.0,0,0,0,0,0,0.00,0.00,0.00,0.00,50,-222,1395,226,448
jack_harrison,Leeds,MD,5.0,3,Brighton,False,0,0,342,23,2026-09-05T14:00:00Z,1,1,False,0,0,0,0,0,0,0,0,0,0,0,0,0.0,0.0,0.0,0.0,0,0,0,0,0,0.00,0.00,0.00,0.00,50,-17,81,0,17
daniel_james,Leeds,MD,5.0,3,Brighton,False,0,0,343,23,2026-09-05T14:00:00Z,1,1,False,0,0,0,0,0,0,0,0,0,0,0,0,0.0,0.0,0.0,0.0,0,0,0,0,0,0.00,0.00,0.00,0.00,50,-692,11657,1599,2291
ilia_gruev,Leeds,MD,5.0,3,Brighton,False,0,0,344,23,2026-09-05T14:00:00Z,1,1,False,0,0,0,0,0,0,0,0,0,0,0,0,0.0,0.0,0.0,0.0,0,0,0,0,0,0.00,0.00,0.00,0.00,50,-38,350,33,71
tanaka_ao,Leeds,MD,4.9,3,Brighton,False,72,5,345,23,2026-09-05T14:00:00Z,1,1,False,0,1,0,1,0,0,0,0,0,0,0,18,20.8,12.2,13.0,4.6,3,3,2,8,1,0.53,0.01,0.54,0.87,49,-1035,21765,3466,4501
dominic_calvert-lewin,Leeds,FW,6.0,3,Brighton,False,72,1,346,23,2026-09-05T14:00:00Z,1,1,False,0,0,0,1,0,0,0,1,0,0,0,0,4.4,11.3,21.0,3.7,1,2,0,3,1,0.56,0.06,0.62,0.87,60,-144642,2612462,198586,343228
lukas_nmecha,Leeds,FW,5.5,3,Brighton,False,17,1,347,23,2026-09-05T14:00:00Z,1,1,False,0,0,0,0,0,0,0,0,0,0,0,2,0.0,1.8,9.0,0.9,0,0,0,0,0,0.17,0.14,0.31,1.32,55,-3112,50649,5427,8539
joël_piroe,Leeds,FW,5.0,3,Brighton,False,0,0,348,23,2026-09-05T14:00:00Z,1,1,False,0,0,0,0,0,0,0,0,0,0,0,0,0.0,0.0,0.0,0.0,0,0,0,0,0,0.00,0.00,0.00,0.00,50,-2945,8831,0,2945
mateo_joseph fernández-regatillo,Leeds,FW,4.5,3,Brighton,False,0,0,349,23,2026-09-05T14:00:00Z,1,1,False,0,0,0,0,0,0,0,0,0,0,0,0,0.0,0.0,0.0,0.0,0,0,0,0,0,0.00,0.00,0.00,0.00,45,-135,5679,947,1082
james_trafford,Leeds,GK,5.0,3,Brighton,False,90,3,385,23,2026-09-05T14:00:00Z,1,1,False,0,0,0,1,0,0,0,0,0,4,0,18,34.8,0.0,0.0,3.5,2,11,0,0,1,0.00,0.00,0.00,2.19,50,32677,532682,81497,48820
nico_elvedi,Leeds,DF,4.5,3,Brighton,False,90,4,598,23,2026-09-05T14:00:00Z,1,1,False,0,0,0,1,0,0,0,0,0,0,0,12,27.6,21.1,6.0,5.5,10,0,0,10,1,0.00,0.57,0.57,2.19,45,201,2951,729,528
jayden_lienou,Leeds,DF,4.0,3,Brighton,False,0,0,603,23,2026-09-05T14:00:00Z,1,1,False,0,0,0,0,0,0,0,0,0,0,0,0,0.0,0.0,0.0,0.0,0,0,0,0,0,0.00,0.00,0.00,0.00,40,1400,11399,2536,1136
alfie_cresswell,Leeds,MD,4.5,3,Brighton,False,0,0,604,23,2026-09-05T14:00:00Z,1,1,False,0,0,0,0,0,0,0,0,0,0,0,0,0.0,0.0,0.0,0.0,0,0,0,0,0,0.00,0.00,0.00,0.00,45,3728,14318,5922,2194
alex_cairns,Leeds,GK,4.0,3,Brighton,False,0,0,625,23,2026-09-05T14:00:00Z,1,1,False,0,0,0,0,0,0,0,0,0,0,0,0,0.0,0.0,0.0,0.0,0,0,0,0,0,0.00,0.00,0.00,0.00,40,8041,19774,9425,1384
michael_zetterer,Leeds,GK,4.0,3,Brighton,False,0,0,629,23,2026-09-05T14:00:00Z,1,1,False,0,0,0,0,0,0,0,0,0,0,0,0,0.0,0.0,0.0,0.0,0,0,0,0,0,0.00,0.00,0.00,0.00,40,11967,37143,13274,1307
melvin_bard,Leeds,DF,4.5,3,Brighton,False,0,0,641,23,2026-09-05T14:00:00Z,1,1,False,0,0,0,0,0,0,0,0,0,0,0,0,0.0,0.0,0.0,0.0,0,0,0,0,0,0.00,0.00,0.00,0.00,45,149,242,177,28
jean-mattéo_bahoya,Leeds,MD,5.0,3,Brighton,False,0,0,648,23,2026-09-05T14:00:00Z,1,1,False,0,0,0,0,0,0,0,0,0,0,0,0,0.0,0.0,0.0,0.0,0,0,0,0,0,0.00,0.00,0.00,0.00,50,819,1030,1015,196
alisson_becker,Liverpool,GK,5.5,3,Ipswich Town,False,90,8,350,21,2026-09-04T19:00:00Z,0,2,False,0,0,1,0,0,0,0,0,0,5,1,35,30.4,0.0,0.0,3.0,2,14,0,0,1,0.00,0.00,0.00,0.75,55,-15469,402518,42521,57990
giorgi_mamardashvili,Liverpool,GK,4.9,3,Ipswich Town,False,0,0,351,21,2026-09-04T19:00:00Z,0,2,False,0,0,0,0,0,0,0,0,0,0,0,0,0.0,0.0,0.0,0.0,0,0,0,0,0,0.00,0.00,0.00,0.00,49,-1838,14432,1002,2840
freddie_woodman,Liverpool,GK,4.0,3,Ipswich Town,False,0,0,352,21,2026-09-04T19:00:00Z,0,2,False,0,0,0,0,0,0,0,0,0,0,0,0,0.0,0.0,0.0,0.0,0,0,0,0,0,0.00,0.00,0.00,0.00,40,280,114962,8227,7947
armin_pecsi,Liverpool,GK,4.0,3,Ipswich Town,False,0,0,353,21,2026-09-04T19:00:00Z,0,2,False,0,0,0,0,0,0,0,0,0,0,0,0,0.0,0.0,0.0,0.0,0,0,0,0,0,0.00,0.00,0.00,0.00,40,-284,2180,0,284
vitezslav_jaros,Liverpool,GK,4.0,3,Ipswich Town,False,0,0,354,21,2026-09-04T19:00:00Z,0,2,False,0,0,0,0,0,0,0,0,0,0,0,0,0.0,0.0,0.0,0.0,0,0,0,0,0,0.00,0.00,0.00,0.00,40,213,1744,549,336
harvey_davies,Liverpool,GK,4.0,3,Ipswich Town,False,0,0,355,21,2026-09-04T19:00:00Z,0,2,False,0,0,0,0,0,0,0,0,0,0,0,0,0.0,0.0,0.0,0.0,0,0,0,0,0,0.00,0.00,0.00,0.00,40,578,16191,1717,1139
virgil_van dijk,Liverpool,DF,6.5,3,Ipswich Town,False,90,6,356,21,2026-09-04T19:00:00Z,0,2,False,0,0,1,0,0,0,0,0,0,0,0,32,23.2,1.8,0.0,2.5,4,4,3,7,1,0.00,0.02,0.02,0.75,65,-205785,1837428,67650,273435
jeremie_frimpong,Liverpool,DF,5.5,3,Ipswich Town,False,0,0,357,21,2026-09-04T19:00:00Z,0,2,False,0,0,0,0,0,0,0,0,0,0,0,0,0.0,0.0,0.0,0.0,0,0,0,0,0,0.00,0.00,0.00,0.00,55,-45306,309643,25094,70400
milos_kerkez,Liverpool,DF,5.5,3,Ipswich Town,False,90,5,358,21,2026-09-04T19:00:00Z,0,2,False,0,0,1,0,0,0,0,1,0,0,0,23,13.8,11.3,0.0,2.5,3,1,2,5,1,0.00,0.03,0.03,0.75,55,-51052,302995,13999,65051
joe_gomez,Liverpool,DF,5.0,3,Ipswich Town,False,0,0,359,21,2026-09-04T19:00:00Z,0,2,False,0,0,0,0,0,0,0,0,0,0,0,0,0.0,0.0,0.0,0.0,0,0,0,0,0,0.00,0.00,0.00,0.00,50,-255,1465,70,325
conor_bradley,Liverpool,DF,5.0,3,Ipswich Town,False,0,0,360,21,2026-09-04T19:00:00Z,0,2,False,0,0,0,0,0,0,0,0,0,0,0,0,0.0,0.0,0.0,0.0,0,0,0,0,0,0.00,0.00,0.00,0.00,50,-104,1036,114,218
wellity_lucky,Liverpool,DF,4.0,3,Ipswich Town,False,0,0,361,21,2026-09-04T19:00:00Z,0,2,False,0,0,0,0,0,0,0,0,0,0,0,0,0.0,0.0,0.0,0.0,0,0,0,0,0,0.00,0.00,0.00,0.00,40,-8,13766,1420,1428
jeremy_jacquet,Liverpool,DF,5.0,3,Ipswich Town,False,90,5,362,21,2026-09-04T19:00:00Z,0,2,False,0,0,1,0,0,0,0,1,0,0,0,28,22.8,12.5,2.0,3.7,6,3,3,9,1,0.00,0.03,0.03,0.75,50,16306,277052,56823,40517
giovanni_leoni,Liverpool,DF,4.0,3,Ipswich Town,False,0,0,363,21,2026-09-04T19:00:00Z,0,2,False,0,0,0,0,0,0,0,0,0,0,0,0,0.0,0.0,0.0,0.0,0,0,0,0,0,0.00,0.00,0.00,0.00,40,-285,3887,332,617
kostas_tsimikas,Liverpool,DF,5.0,3,Ipswich Town,False,0,0,364,21,2026-09-04T19:00:00Z,0,2,False,0,0,0,0,0,0,0,0,0,0,0,0,0.0,0.0,0.0,0.0,0,0,0,0,0,0.00,0.00,0.00,0.00,50,-600,7858,487,1087
calvin_ramsay,Liverpool,DF,4.0,3,Ipswich Town,False,0,0,365,21,2026-09-04T19:00:00Z,0,2,False,0,0,0,0,0,0,0,0,0,0,0,0,0.0,0.0,0.0,0.0,0,0,0,0,0,0.00,0.00,0.00,0.00,40,-5215,12989,0,5215
florian_wirtz,Liverpool,MD,7.5,3,Ipswich Town,False,90,3,366,21,2026-09-04T19:00:00Z,0,2,False,0,0,1,0,0,0,0,0,0,0,0,14,6.6,34.0,22.0,6.3,0,4,0,4,1,0.18,0.05,0.23,0.65,75,-121349,1044657,69030,190379
cody_gakpo,Liverpool,MD,7.1,3,Ipswich Town,False,90,11,367,21,2026-09-04T19:00:00Z,0,2,False,0,2,1,0,0,0,0,0,0,0,2,43,49.6,42.7,13.0,10.5,2,5,3,10,1,0.06,0.40,0.46,0.75,71,103812,933667,234993,131181
dominik_szoboszlai,Liverpool,MD,7.0,3,Ipswich Town,False,90,3,368,21,2026-09-04T19:00:00Z,0,2,False,0,0,1,0,0,0,0,0,0,0,0,20,19.4,29.9,21.0,7.0,3,6,0,9,1,0.16,0.08,0.24,0.75,70,-105407,4313411,281021,386428
rio_ngumoha,Liverpool,MD,5.9,3,Ipswich Town,False,0,0,369,21,2026-09-04T19:00:00Z,0,2,False,0,0,0,0,0,0,0,0,0,0,0,0,0.0,0.0,0.0,0.0,0,0,0,0,0,0.00,0.00,0.00,0.00,59,-31936,77015,3473,35409
federico_chiesa,Liverpool,MD,5.4,3,Ipswich Town,False,0,0,370,21,2026-09-04T19:00:00Z,0,2,False,0,0,0,0,0,0,0,0,0,0,0,0,0.0,0.0,0.0,0.0,0,0,0,0,0,0.00,0.00,0.00,0.00,54,-4196,6728,50,4246
ryan_gravenberch,Liverpool,MD,6.0,3,Ipswich Town,False,26,1,371,21,2026-09-04T19:00:00Z,0,2,False,0,0,0,0,0,0,0,0,0,0,0,2,2.2,1.7,0.0,0.4,1,1,0,2,0,0.00,0.00,0.00,0.17,60,-34196,168420,10774,44970
alexis_mac allister,Liverpool,MD,5.5,3,Ipswich Town,False,83,2,372,21,2026-09-04T19:00:00Z,0,2,False,0,0,1,0,0,0,0,1,0,0,0,14,16.6,12.8,18.0,4.7,3,5,3,11,1,0.08,0.02,0.10,0.60,55,-17436,147584,10622,28058
curtis_jones,Liverpool,MD,5.5,3,Ipswich Town,False,0,0,373,21,2026-09-04T19:00:00Z,0,2,False,0,0,0,0,0,0,0,0,0,0,0,0,0.0,0.0,0.0,0.0,0,0,0,0,0,0.00,0.00,0.00,0.00,55,-929,2874,1,930
endo_wataru,Liverpool,MD,5.0,3,Ipswich Town,False,0,0,374,21,2026-09-04T19:00:00Z,0,2,False,0,0,0,0,0,0,0,0,0,0,0,0,0.0,0.0,0.0,0.0,0,0,0,0,0,0.00,0.00,0.00,0.00,50,-648,6810,798,1446
trey_nyoni,Liverpool,MD,5.0,3,Ipswich Town,False,6,1,375,21,2026-09-04T19:00:00Z,0,2,False,0,0,0,0,0,0,0,0,0,0,0,3,0.2,0.1,0.0,0.0,0,0,0,0,0,0.00,0.00,0.00,0.15,50,-319,3899,503,822
stefan_bajčetić maquieira,Liverpool,MD,5.0,3,Ipswich Town,False,0,0,376,21,2026-09-04T19:00:00Z,0,2,False,0,0,0,0,0,0,0,0,0,0,0,0,0.0,0.0,0.0,0.0,0,0,0,0,0,0.00,0.00,0.00,0.00,50,-32,148,11,43
victor_munoz,Liverpool,MD,6.5,3,Ipswich Town,False,63,3,377,21,2026-09-04T19:00:00Z,0,2,False,0,0,1,0,0,0,0,0,0,0,0,9,0.8,4.3,6.0,1.1,0,4,0,4,1,0.00,0.02,0.02,0.58,65,60010,147326,83211,23201
james_mcconnell,Liverpool,MD,4.5,3,Ipswich Town,False,0,0,378,21,2026-09-04T19:00:00Z,0,2,False,0,0,0,0,0,0,0,0,0,0,0,0,0.0,0.0,0.0,0.0,0,0,0,0,0,0.00,0.00,0.00,0.00,45,-1919,24779,1404,3323
alexander_isak,Liverpool,FW,9.0,3,Ipswich Town,False,63,13,379,21,2026-09-04T19:00:00Z,0,2,False,2,0,1,0,0,0,0,0,0,0,3,61,67.0,6.4,34.0,10.7,1,2,0,3,1,0.21,0.05,0.26,0.58,90,-25262,1811350,181587,206849
hugo_ekitiké,Liverpool,FW,7.5,3,Ipswich Town,False,0,0,380,21,2026-09-04T19:00:00Z,0,2,False,0,0,0,0,0,0,0,0,0,0,0,0,0.0,0.0,0.0,0.0,0,0,0,0,0,0.00,0.00,0.00,0.00,75,-2736,12739,696,3432
lewis_koumas,Liverpool,MD,5.0,3,Ipswich Town,False,1,1,381,21,2026-09-04T19:00:00Z,0,2,False,0,0,0,0,0,0,0,0,0,0,0,3,0.0,0.0,0.0,0.0,0,0,0,0,0,0.00,0.00,0.00,0.10,50,-217,2473,161,378
jayden_danns,Liverpool,FW,4.5,3,Ipswich Town,False,0,0,382,21,2026-09-04T19:00:00Z,0,2,False,0,0,0,0,0,0,0,0,0,0,0,0,0.0,0.0,0.0,0.0,0,0,0,0,0,0.00,0.00,0.00,0.00,45,1969,7591,2915,946
harvey_elliott,Liverpool,MD,5.4,3,Ipswich Town,False,0,0,383,21,2026-09-04T19:00:00Z,0,2,False,0,0,0,0,0,0,0,0,0,0,0,0,0.0,0.0,0.0,0.0,0,0,0,0,0,0.00,0.00,0.00,0.00,54,-1929,5742,527,2456
ronald_araujo,Liverpool,DF,5.4,3,Ipswich Town,False,90,8,579,21,2026-09-04T19:00:00Z,0,2,False,0,0,1,0,0,0,0,0,0,0,0,27,20.0,2.4,2.0,2.4,9,1,1,10,1,0.00,0.01,0.01,0.75,54,-69165,212525,11375,80540
bradley_barcola,Liverpool,MD,8.0,3,Ipswich Town,False,26,1,627,21,2026-09-04T19:00:00Z,0,2,False,0,0,0,0,0,0,0,0,0,0,0,5,3.0,10.5,2.0,1.6,0,0,0,0,0,0.00,0.07,0.07,0.17,80,116172,145340,135788,19616
enzo_fernández,Man City,MD,6.9,3,Coventry City,True,75,3,155,26,2026-09-05T14:00:00Z,1,0,False,0,0,1,0,0,0,0,0,0,0,0,17,10.2,18.9,18.0,4.7,1,1,1,3,1,0.13,0.12,0.25,1.00,69,-101968,341334,30968,132936
iliman_ndiaye,Man City,MD,6.0,3,Coventry City,True,86,3,237,26,2026-09-05T14:00:00Z,1,0,False,0,0,1,0,0,0,0,0,0,0,0,12,7.0,17.9,10.0,3.5,1,2,2,5,1,0.02,0.04,0.06,1.35,60,-391471,1152171,81681,473152
gianluigi_donnarumma,Man City,GK,5.5,3,Coventry City,True,90,7,384,26,2026-09-05T14:00:00Z,1,0,False,0,0,1,0,0,0,0,0,0,3,0,29,26.8,0.0,0.0,2.7,1,2,0,0,1,0.00,0.00,0.00,1.37,55,-48925,836587,71140,120065
marcus_bettinelli,Man City,GK,4.5,3,Coventry City,True,0,0,386,26,2026-09-05T14:00:00Z,1,0,False,0,0,0,0,0,0,0,0,0,0,0,0,0.0,0.0,0.0,0.0,0,0,0,0,0,0.00,0.00,0.00,0.00,45,-201,2867,172,373
nico_o'reilly,Man City,DF,6.5,3,Coventry City,True,0,0,387,26,2026-09-05T14:00:00Z,1,0,False,0,0,0,0,0,0,0,0,0,0,0,0,0.0,0.0,0.0,0.0,0,0,0,0,0,0.00,0.00,0.00,0.00,65,-193787,1933486,97243,291030
marc_guéhi,Man City,DF,6.0,3,Coventry City,True,90,8,388,26,2026-09-05T14:00:00Z,1,0,False,0,0,1,0,0,0,0,0,0,0,2,31,28.8,9.6,2.0,4.0,9,6,0,9,1,0.00,0.02,0.02,1.37,60,-59173,1945720,122887,182060
matheus_nunes,Man City,DF,5.9,3,Coventry City,True,0,0,389,26,2026-09-05T14:00:00Z,1,0,False,0,0,0,0,0,0,0,0,0,0,0,0,0.0,0.0,0.0,0.0,0,0,0,0,0,0.00,0.00,0.00,0.00,59,-37940,103772,479,38419
rúben_dos santos gato alves dias,Man City,DF,5.5,3,Coventry City,True,90,6,390,26,2026-09-05T14:00:00Z,1,0,False,0,0,1,0,0,0,0,0,0,0,0,25,20.6,6.6,0.0,2.7,3,0,0,3,1,0.00,0.03,0.03,1.37,55,-3537,186055,20417,23954
joško_gvardiol,Man City,DF,5.6,3,Coventry City,True,90,8,391,26,2026-09-05T14:00:00Z,1,0,False,0,0,1,0,0,0,0,0,0,0,2,31,18.8,6.9,7.0,3.3,4,7,4,8,1,0.01,0.02,0.03,1.37,56,427408,2019409,548352,120944
rayan_aït-nouri,Man City,DF,5.4,3,Coventry City,True,0,0,392,26,2026-09-05T14:00:00Z,1,0,False,0,0,0,0,0,0,0,0,0,0,0,0,0.0,0.0,0.0,0.0,0,0,0,0,0,0.00,0.00,0.00,0.00,54,-23051,56252,2020,25071
abdukodir_khusanov,Man City,DF,5.5,3,Coventry City,True,90,5,393,26,2026-09-05T14:00:00Z,1,0,False,0,0,1,0,0,0,0,1,0,0,0,22,13.6,3.9,0.0,1.8,4,4,2,6,1,0.00,0.02,0.02,1.37,55,-14491,166742,9792,24283
max_alleyne,Man City,DF,5.0,3,Coventry City,True,0,0,394,26,2026-09-05T14:00:00Z,1,0,False,0,0,0,0,0,0,0,0,0,0,0,0,0.0,0.0,0.0,0.0,0,0,0,0,0,0.00,0.00,0.00,0.00,50,-142,589,0,142
rico_lewis,Man City,DF,4.5,3,Coventry City,True,0,0,395,26,2026-09-05T14:00:00Z,1,0,False,0,0,0,0,0,0,0,0,0,0,0,0,0.0,0.0,0.0,0.0,0,0,0,0,0,0.00,0.00,0.00,0.00,45,-3581,23634,2152,5733
vitor_de oliveira nunes dos reis,Man City,DF,4.5,3,Coventry City,True,0,0,396,26,2026-09-05T14:00:00Z,1,0,False,0,0,0,0,0,0,0,0,0,0,0,0,0.0,0.0,0.0,0.0,0,0,0,0,0,0.00,0.00,0.00,0.00,45,-130,2767,132,262
antoine_semenyo,Man City,MD,8.5,3,Coventry City,True,90,6,397,26,2026-09-05T14:00:00Z,1,0,False,0,1,1,0,0,0,0,0,0,0,0,26,22.6,45.9,11.0,8.0,0,3,1,4,1,0.05,0.34,0.39,1.37,85,-362493,2009104,68628,431121
phil_foden,Man City,MD,7.0,3,Coventry City,True,24,1,398,26,2026-09-05T14:00:00Z,1,0,False,0,0,0,0,0,0,0,0,0,0,0,3,4.4,14.8,7.0,2.6,0,1,0,1,0,0.62,0.01,0.63,0.50,70,187857,687362,262736,74879
rayan_cherki,Man City,MD,7.7,3,Coventry City,True,65,3,399,26,2026-09-05T14:00:00Z,1,0,False,0,0,1,0,0,0,0,0,0,0,0,23,7.4,52.2,24.0,8.4,0,3,0,3,1,0.21,0.30,0.51,0.86,77,1783948,3431400,1865890,81942
jérémy_doku,Man City,MD,7.4,3,Coventry City,True,0,0,400,26,2026-09-05T14:00:00Z,1,0,False,0,0,0,0,0,0,0,0,0,0,0,0,0.0,0.0,0.0,0.0,0,0,0,0,0,0.00,0.00,0.00,0.00,74,-33918,90983,453,34371
rodrigo 'rodri'_hernandez cascante,Man City,MD,6.5,3,Coventry City,True,0,0,402,26,2026-09-05T14:00:00Z,1,0,False,0,0,0,0,0,0,0,0,0,0,0,0,0.0,0.0,0.0,0.0,0,0,0,0,0,0.00,0.00,0.00,0.00,65,-269,1283,0,269
tijjani_reijnders,Man City,MD,6.0,3,Coventry City,True,0,0,404,26,2026-09-05T14:00:00Z,1,0,False,0,0,0,0,0,0,0,0,0,0,0,0,0.0,0.0,0.0,0.0,0,0,0,0,0,0.00,0.00,0.00,0.00,60,-1696,4425,0,1696
mateo_kovačić,Man City,MD,5.5,3,Coventry City,True,0,0,406,26,2026-09-05T14:00:00Z,1,0,False,0,0,0,0,0,0,0,0,0,0,0,0,0.0,0.0,0.0,0.0,0,0,0,0,0,0.00,0.00,0.00,0.00,55,-1500,8577,647,2147
claudio_echeverri,Man City,MD,4.9,3,Coventry City,True,0,0,407,26,2026-09-05T14:00:00Z,1,0,False,0,0,0,0,0,0,0,0,0,0,0,0,0.0,0.0,0.0,0.0,0,0,0,0,0,0.00,0.00,0.00,0.00,49,-349,1429,157,506
kalvin_phillips,Man City,MD,5.0,3,Coventry City,True,0,0,408,26,2026-09-05T14:00:00Z,1,0,False,0,0,0,0,0,0,0,0,0,0,0,0,0.0,0.0,0.0,0.0,0,0,0,0,0,0.00,0.00,0.00,0.00,50,-156,608,0,156
divine_mukasa,Man City,MD,4.5,3,Coventry City,True,0,0,409,26,2026-09-05T14:00:00Z,1,0,False,0,0,0,0,0,0,0,0,0,0,0,0,0.0,0.0,0.0,0.0,0,0,0,0,0,0.00,0.00,0.00,0.00,45,-3281,14465,694,3975
jeremy_monga,Man City,MD,4.9,3,Coventry City,True,0,0,410,26,2026-09-05T14:00:00Z,1,0,False,0,0,0,0,0,0,0,0,0,0,0,0,0.0,0.0,0.0,0.0,0,0,0,0,0,0.00,0.00,0.00,0.00,49,-309,1321,143,452
erling_haaland,Man City,FW,15.5,3,Coventry City,True,90,9,411,26,2026-09-05T14:00:00Z,1,0,False,1,0,1,0,0,0,0,0,0,0,3,40,48.8,13.6,63.0,12.5,5,2,0,7,1,1.06,0.48,1.54,1.37,155,360063,7594638,400573,40510
elliot_anderson,Man City,MD,6.4,3,Coventry City,True,90,3,481,26,2026-09-05T14:00:00Z,1,0,False,0,0,1,0,0,0,0,0,0,0,0,23,26.6,28.1,5.0,6.0,4,6,1,11,1,0.02,0.17,0.19,1.37,64,-91799,514714,41120,132919
gerónimo_rulli,Man City,GK,5.0,3,Coventry City,True,0,0,587,26,2026-09-05T14:00:00Z,1,0,False,0,0,0,0,0,0,0,0,0,0,0,0,0.0,0.0,0.0,0.0,0,0,0,0,0,0.00,0.00,0.00,0.00,50,-193,2050,147,340
ayyoub_bouaddi,Man City,MD,5.5,3,Coventry City,True,14,1,616,26,2026-09-05T14:00:00Z,1,0,False,0,0,0,0,0,0,0,0,0,0,0,5,11.2,0.5,0.0,1.2,2,3,0,5,0,0.00,0.00,0.00,0.37,55,6041,15546,9299,3258
ryan_mcaidoo,Man City,MD,4.5,3,Coventry City,True,3,1,621,26,2026-09-05T14:00:00Z,1,0,False,0,0,0,0,0,0,0,0,0,0,0,5,5.2,0.0,2.0,0.7,0,2,2,4,0,0.00,0.00,0.00,0.02,45,4752,9526,6678,1926
kaden_braithwaite,Man City,DF,4.0,3,Coventry City,True,0,0,622,26,2026-09-05T14:00:00Z,1,0,False,0,0,0,0,0,0,0,0,0,0,0,0,0.0,0.0,0.0,0.0,0,0,0,0,0,0.00,0.00,0.00,0.00,40,7079,14144,9284,2205
allan_andrade elias,Man City,MD,6.0,3,Coventry City,True,0,0,628,26,2026-09-05T14:00:00Z,1,0,False,0,0,0,0,0,0,0,0,0,0,0,0,0.0,0.0,0.0,0.0,0,0,0,0,0,0.00,0.00,0.00,0.00,60,213,365,300,87
floyd_samba,Man City,MD,4.5,3,Coventry City,True,0,0,653,26,2026-09-05T14:00:00Z,1,0,False,0,0,0,0,0,0,0,0,0,0,0,0,0.0,0.0,0.0,0.0,0,0,0,0,0,0.00,0.00,0.00,0.00,45,0,0,0,0
youri_tielemans,Man Utd,MD,5.9,3,Everton,False,90,2,43,30,2026-09-06T13:00:00Z,2,2,False,0,0,0,2,0,0,0,0,0,0,0,17,18.6,18.9,9.0,4.7,2,5,0,7,1,0.05,0.06,0.11,1.01,59,-38742,201931,12766,51508
carlos_baleba,Man Utd,MD,5.0,3,Everton,False,0,0,131,30,2026-09-06T13:00:00Z,2,2,False,0,0,0,0,0,0,0,0,0,0,0,0,0.0,0.0,0.0,0.0,0,0,0,0,0,0.00,0.00,0.00,0.00,50,-3278,14956,1696,4974
andrey_nascimento dos santos,Man Utd,MD,4.9,3,Everton,False,6,1,162,30,2026-09-06T13:00:00Z,2,2,False,0,0,0,1,0,0,0,0,0,0,0,4,7.2,0.6,6.0,1.4,4,0,0,4,0,0.00,0.01,0.01,0.09,49,-16957,83163,7346,24303
karl_darlow,Man Utd,GK,4.5,3,Everton,False,0,0,325,30,2026-09-06T13:00:00Z,2,2,False,0,0,0,0,0,0,0,0,0,0,0,0,0.0,0.0,0.0,0.0,0,0,0,0,0,0.00,0.00,0.00,0.00,45,-122,4184,340,462
senne_lammens,Man Utd,GK,5.0,3,Everton,False,90,2,412,30,2026-09-06T13:00:00Z,2,2,False,0,0,0,2,0,0,0,0,0,4,0,13,31.8,0.0,0.0,3.2,1,14,0,0,1,0.00,0.00,0.00,1.01,50,-158382,1379189,32200,190582
altay_bayındır,Man Utd,GK,4.5,3,Everton,False,0,0,413,30,2026-09-06T13:00:00Z,2,2,False,0,0,0,0,0,0,0,0,0,0,0,0,0.0,0.0,0.0,0.0,0,0,0,0,0,0.00,0.00,0.00,0.00,45,-292,1465,0,292
tom_heaton,Man Utd,GK,4.0,3,Everton,False,0,0,414,30,2026-09-06T13:00:00Z,2,2,False,0,0,0,0,0,0,0,0,0,0,0,0,0.0,0.0,0.0,0.0,0,0,0,0,0,0.00,0.00,0.00,0.00,40,-342,8868,634,976
patrick_dorgu,Man Utd,MD,5.9,3,Everton,False,20,1,415,30,2026-09-06T13:00:00Z,2,2,False,0,0,0,2,0,0,0,0,0,0,0,3,4.2,1.3,2.0,0.8,1,1,1,3,0,0.00,0.01,0.01,0.36,59,-33546,75573,3139,36685
matthijs_de ligt,Man Utd,DF,5.0,3,Everton,False,0,0,416,30,2026-09-06T13:00:00Z,2,2,False,0,0,0,0,0,0,0,0,0,0,0,0,0.0,0.0,0.0,0.0,0,0,0,0,0,0.00,0.00,0.00,0.00,50,-367,2390,96,463
diogo_dalot teixeira,Man Utd,DF,5.0,3,Everton,False,83,1,417,30,2026-09-06T13:00:00Z,2,2,False,0,0,0,1,0,0,0,1,0,0,0,8,4.8,22.7,6.0,3.4,2,3,2,4,1,0.01,0.01,0.02,0.92,50,-29674,219064,9011,38685
harry_maguire,Man Utd,DF,5.0,3,Everton,False,90,2,418,30,2026-09-06T13:00:00Z,2,2,False,0,0,0,2,0,0,0,1,0,0,0,1,26.8,1.3,2.0,3.0,12,2,0,12,1,0.00,0.01,0.01,1.01,50,-240933,1407635,49780,290713
lisandro_martínez,Man Utd,DF,5.0,3,Everton,False,90,3,419,30,2026-09-06T13:00:00Z,2,2,False,0,0,0,2,0,0,0,0,0,0,0,7,29.0,0.3,0.0,2.9,10,2,0,10,1,0.00,0.00,0.00,1.01,50,-9944,128156,8174,18118
leny_yoro,Man Utd,DF,4.9,3,Everton,False,6,1,420,30,2026-09-06T13:00:00Z,2,2,False,0,0,0,1,0,0,0,0,0,0,0,1,6.0,0.6,2.0,0.9,1,0,2,3,0,0.00,0.01,0.01,0.09,49,-9461,56599,1735,11196
ayden_heaven,Man Utd,DF,4.5,3,Everton,False,0,0,421,30,2026-09-06T13:00:00Z,2,2,False,0,0,0,0,0,0,0,0,0,0,0,0,0.0,0.0,0.0,0.0,0,0,0,0,0,0.00,0.00,0.00,0.00,45,-7661,34853,1300,8961
noussair_mazraoui,Man Utd,DF,4.5,3,Everton,False,1,1,422,30,2026-09-06T13:00:00Z,2,2,False,0,0,0,1,0,0,0,0,0,0,0,-1,2.2,0.5,2.0,0.5,0,0,1,1,0,0.00,0.01,0.01,0.07,45,-9779,64636,3244,13023
luke_shaw,Man Utd,DF,4.5,3,Everton,False,90,4,423,30,2026-09-06T13:00:00Z,2,2,False,0,1,0,1,0,0,0,1,0,0,0,22,42.4,24.8,3.0,7.0,7,1,1,8,1,0.02,0.23,0.25,0.94,45,-303431,1575355,30459,333890
harry_amass,Man Utd,DF,4.0,3,Everton,False,0,0,424,30,2026-09-06T13:00:00Z,2,2,False,0,0,0,0,0,0,0,0,0,0,0,0,0.0,0.0,0.0,0.0,0,0,0,0,0,0.00,0.00,0.00,0.00,40,-414,21308,1942,2356
tyler_fredricson,Man Utd,DF,4.0,3,Everton,False,0,0,425,30,2026-09-06T13:00:00Z,2,2,False,0,0,0,0,0,0,0,0,0,0,0,0,0.0,0.0,0.0,0.0,0,0,0,0,0,0.00,0.00,0.00,0.00,40,-329,1561,0,329
bruno_borges fernandes,Man Utd,MD,12.0,3,Everton,False,90,2,426,30,2026-09-06T13:00:00Z,2,2,False,0,0,0,2,0,0,0,0,0,0,0,11,3.4,33.6,14.0,5.1,0,2,0,2,1,0.15,0.06,0.21,1.01,120,36750,5025755,371832,335082
bryan_mbeumo,Man Utd,MD,8.0,3,Everton,False,90,8,427,30,2026-09-06T13:00:00Z,2,2,False,1,0,0,2,0,0,0,0,0,0,1,29,39.8,13.7,18.0,7.2,4,4,0,8,1,0.05,0.03,0.08,1.01,80,-752284,2705759,92628,844912
matheus_santos carneiro da cunha,Man Utd,MD,8.0,3,Everton,False,69,3,428,30,2026-09-06T13:00:00Z,2,2,False,0,0,1,0,0,0,0,0,0,0,0,10,2.8,6.2,10.0,1.9,0,1,2,3,1,0.12,0.05,0.17,0.65,80,-134183,802045,23584,157767
marcus_rashford,Man Utd,MD,7.0,3,Everton,False,69,3,429,30,2026-09-06T13:00:00Z,2,2,False,0,0,1,0,0,0,0,0,0,0,0,11,3.8,12.5,8.0,2.4,0,4,0,4,1,0.00,0.06,0.06,0.65,70,-15044,166436,22811,37855
mason_mount,Man Utd,MD,5.4,3,Everton,False,0,0,430,30,2026-09-06T13:00:00Z,2,2,False,0,0,0,0,0,0,0,0,0,0,0,0,0.0,0.0,0.0,0.0,0,0,0,0,0,0.00,0.00,0.00,0.00,54,-530,2327,60,590
amad_diallo,Man Utd,MD,5.8,3,Everton,False,0,0,431,30,2026-09-06T13:00:00Z,2,2,False,0,0,0,0,0,0,0,0,0,0,0,0,0.0,0.0,0.0,0.0,0,0,0,0,0,0.00,0.00,0.00,0.00,58,-42560,50069,243,42803
kobbie_mainoo,Man Utd,MD,5.5,3,Everton,False,83,9,432,30,2026-09-06T13:00:00Z,2,2,False,0,1,0,1,0,0,0,0,0,0,2,32,34.2,24.5,0.0,5.9,3,10,2,15,1,0.00,0.07,0.07,0.92,55,6351,117218,19482,13131
manuel_ugarte ribeiro,Man Utd,MD,5.0,3,Everton,False,0,0,433,30,2026-09-06T13:00:00Z,2,2,False,0,0,0,0,0,0,0,0,0,0,0,0,0.0,0.0,0.0,0.0,0,0,0,0,0,0.00,0.00,0.00,0.00,50,-37,371,32,69
jack_fletcher,Man Utd,MD,5.0,3,Everton,False,0,0,434,30,2026-09-06T13:00:00Z,2,2,False,0,0,0,0,0,0,0,0,0,0,0,0,0.0,0.0,0.0,0.0,0,0,0,0,0,0.00,0.00,0.00,0.00,50,-102,1121,84,186
shea_lacey,Man Utd,MD,5.0,3,Everton,False,0,0,435,30,2026-09-06T13:00:00Z,2,2,False,0,0,0,0,0,0,0,0,0,0,0,0,0.0,0.0,0.0,0.0,0,0,0,0,0,0.00,0.00,0.00,0.00,50,-740,5286,298,1038
toby_collyer,Man Utd,MD,5.0,3,Everton,False,0,0,436,30,2026-09-06T13:00:00Z,2,2,False,0,0,0,0,0,0,0,0,0,0,0,0,0.0,0.0,0.0,0.0,0,0,0,0,0,0.00,0.00,0.00,0.00,50,-291,1461,90,381
bendito_mantato,Man Utd,MD,4.5,3,Everton,False,0,0,437,30,2026-09-06T13:00:00Z,2,2,False,0,0,0,0,0,0,0,0,0,0,0,0,0.0,0.0,0.0,0.0,0,0,0,0,0,0.00,0.00,0.00,0.00,45,-934,18885,1762,2696
tyler_fletcher,Man Utd,MD,4.5,3,Everton,False,0,0,438,30,2026-09-06T13:00:00Z,2,2,False,0,0,0,0,0,0,0,0,0,0,0,0,0.0,0.0,0.0,0.0,0,0,0,0,0,0.00,0.00,0.00,0.00,45,-2436,32226,1884,4320
benjamin_sesko,Man Utd,FW,7.0,3,Everton,False,20,5,439,30,2026-09-06T13:00:00Z,2,2,False,1,0,0,2,0,0,0,0,0,0,0,28,31.2,0.2,21.0,5.2,0,0,0,0,0,0.29,0.00,0.29,0.36,70,-32919,161952,15581,48500
joshua_zirkzee,Man Utd,FW,5.4,3,Everton,False,0,0,440,30,2026-09-06T13:00:00Z,2,2,False,0,0,0,0,0,0,0,0,0,0,0,0,0.0,0.0,0.0,0.0,0,0,0,0,0,0.00,0.00,0.00,0.00,54,-7291,47734,5615,12906
chido_obi,Man Utd,FW,4.5,3,Everton,False,0,0,441,30,2026-09-06T13:00:00Z,2,2,False,0,0,0,0,0,0,0,0,0,0,0,0,0.0,0.0,0.0,0.0,0,0,0,0,0,0.00,0.00,0.00,0.00,45,3280,125871,19118,15838
nico_gonzález iglesias,Newcastle,MD,5.5,3,Bournemouth,True,76,2,405,27,2026-09-05T11:30:00Z,2,2,False,0,0,0,2,0,0,0,0,0,0,0,11,6.2,12.4,2.0,2.1,1,6,0,7,1,0.00,0.01,0.01,1.33,55,7163,26047,10136,2973
nick_pope,Newcastle,GK,5.0,3,Bournemouth,True,0,0,442,27,2026-09-05T11:30:00Z,2,2,False,0,0,0,0,0,0,0,0,0,0,0,0,0.0,0.0,0.0,0.0,0,0,0,0,0,0.00,0.00,0.00,0.00,50,-14257,115196,4952,19209
mark_gillespie,Newcastle,GK,4.5,3,Bournemouth,True,0,0,443,27,2026-09-05T11:30:00Z,2,2,False,0,0,0,0,0,0,0,0,0,0,0,0,0.0,0.0,0.0,0.0,0,0,0,0,0,0.00,0.00,0.00,0.00,45,-143,3576,239,382
ewen_jaouen,Newcastle,GK,4.5,3,Bournemouth,True,0,0,444,27,2026-09-05T11:30:00Z,2,2,False,0,0,0,0,0,0,0,0,0,0,0,0,0.0,0.0,0.0,0.0,0,0,0,0,0,0.00,0.00,0.00,0.00,45,-279,2647,182,461
malick_thiaw,Newcastle,DF,5.0,3,Bournemouth,True,90,-1,445,27,2026-09-05T11:30:00Z,2,2,False,0,0,0,2,1,0,0,0,0,0,0,0,7.6,12.3,2.0,2.2,3,3,0,3,1,0.00,0.05,0.05,1.37,50,40274,238054,72237,31963
fabian_schär,Newcastle,DF,5.0,3,Bournemouth,True,0,0,446,27,2026-09-05T11:30:00Z,2,2,False,0,0,0,0,0,0,0,0,0,0,0,0,0.0,0.0,0.0,0.0,0,0,0,0,0,0.00,0.00,0.00,0.00,50,-2838,24845,2055,4893
sven_botman,Newcastle,DF,5.0,3,Bournemouth,True,90,1,447,27,2026-09-05T11:30:00Z,2,2,False,0,0,0,2,0,0,0,0,0,0,0,3,26.0,0.9,4.0,3.1,8,3,1,9,1,0.00,0.16,0.16,1.37,50,8611,69972,15452,6841
dan_burn,Newcastle,DF,4.9,3,Bournemouth,True,0,0,448,27,2026-09-05T11:30:00Z,2,2,False,0,0,0,0,0,0,0,0,0,0,0,0,0.0,0.0,0.0,0.0,0,0,0,0,0,0.00,0.00,0.00,0.00,49,-46419,114109,549,46968
lewis_hall,Newcastle,DF,5.1,3,Bournemouth,True,89,4,449,27,2026-09-05T11:30:00Z,2,2,False,0,1,0,2,0,0,0,0,0,0,0,20,28.0,13.4,3.0,4.4,5,13,1,6,1,0.01,0.01,0.02,1.35,51,496570,1101917,576636,80066
tino_livramento,Newcastle,DF,4.9,3,Bournemouth,True,1,1,450,27,2026-09-05T11:30:00Z,2,2,False,0,0,0,0,0,0,0,0,0,0,0,3,0.2,0.0,0.0,0.0,0,0,0,0,0,0.00,0.00,0.00,0.02,49,-745,2841,115,860
alex_murphy,Newcastle,DF,4.0,3,Bournemouth,True,0,0,451,27,2026-09-05T11:30:00Z,2,2,False,0,0,0,0,0,0,0,0,0,0,0,0,0.0,0.0,0.0,0.0,0,0,0,0,0,0.00,0.00,0.00,0.00,40,-1826,7660,0,1826
harvey_barnes,Newcastle,MD,6.0,3,Bournemouth,True,90,12,453,27,2026-09-05T11:30:00Z,2,2,False,1,1,0,2,0,0,0,0,0,0,2,37,33.0,2.8,23.0,5.9,2,4,0,6,1,0.11,0.03,0.14,1.37,60,2446,122479,25187,22741
anthony_elanga,Newcastle,MD,6.1,3,Bournemouth,True,76,1,454,27,2026-09-05T11:30:00Z,2,2,False,0,0,0,2,0,0,0,1,0,0,0,8,8.4,31.8,4.0,4.4,1,1,2,4,1,0.00,0.23,0.23,1.33,61,716203,1142637,810672,94469
jacob_ramsey,Newcastle,MD,5.0,3,Bournemouth,True,27,6,456,27,2026-09-05T11:30:00Z,2,2,False,1,0,0,0,0,0,0,0,0,0,0,22,32.4,0.8,17.0,5.0,0,4,0,4,0,0.11,0.02,0.13,0.04,50,-4753,30127,1799,6552
jacob_murphy,Newcastle,MD,5.9,3,Bournemouth,True,13,1,457,27,2026-09-05T11:30:00Z,2,2,False,0,0,0,0,0,0,0,0,0,0,0,5,0.2,0.3,0.0,0.1,0,1,0,1,0,0.00,0.00,0.00,0.04,59,-2357,14114,1115,3472
joelinton cássio_apolinário de lira,Newcastle,MD,5.4,3,Bournemouth,True,0,0,458,27,2026-09-05T11:30:00Z,2,2,False,0,0,0,0,0,0,0,0,0,0,0,0,0.0,0.0,0.0,0.0,0,0,0,0,0,0.00,0.00,0.00,0.00,54,-546,2235,86,632
lewis_miley,Newcastle,MD,5.5,3,Bournemouth,True,62,2,459,27,2026-09-05T11:30:00Z,2,2,False,0,0,0,2,0,0,0,0,0,0,0,11,3.2,1.1,2.0,0.6,1,3,0,4,1,0.00,0.02,0.02,1.33,55,629,8538,2211,1582
joe_willock,Newcastle,MD,5.0,3,Bournemouth,True,62,2,460,27,2026-09-05T11:30:00Z,2,2,False,0,0,0,2,0,0,0,0,0,0,0,6,6.0,2.2,11.0,1.9,1,1,1,3,1,0.36,0.01,0.37,1.33,50,14485,45043,22227,7742
bazoumana_touré,Newcastle,MD,5.9,3,Bournemouth,True,0,0,461,27,2026-09-05T11:30:00Z,2,2,False,0,0,0,0,0,0,0,0,0,0,0,0,0.0,0.0,0.0,0.0,0,0,0,0,0,0.00,0.00,0.00,0.00,59,-5573,15932,657,6230
sean_steur,Newcastle,MD,5.0,3,Bournemouth,True,13,1,462,27,2026-09-05T11:30:00Z,2,2,False,0,0,0,0,0,0,0,0,0,0,0,3,2.0,0.5,0.0,0.3,1,1,0,2,0,0.00,0.00,0.00,0.04,50,-1763,8925,584,2347
nick_woltemade,Newcastle,FW,5.9,3,Bournemouth,True,0,0,463,27,2026-09-05T11:30:00Z,2,2,False,0,0,0,0,0,0,0,0,0,0,0,0,0.0,0.0,0.0,0.0,0,0,0,0,0,0.00,0.00,0.00,0.00,59,-49449,103336,7327,56776
yoane_wissa,Newcastle,FW,6.1,3,Bournemouth,True,90,1,464,27,2026-09-05T11:30:00Z,2,2,False,0,0,0,2,0,0,0,1,0,0,0,7,0.0,7.3,0.0,0.7,0,3,0,3,1,0.00,0.03,0.03,1.37,61,1029731,1697200,1119139,89408
william_osula,Newcastle,FW,5.9,3,Bournemouth,True,0,0,465,27,2026-09-05T11:30:00Z,2,2,False,0,0,0,0,0,0,0,0,0,0,0,0,0.0,0.0,0.0,0.0,0,0,0,0,0,0.00,0.00,0.00,0.00,59,-37692,51608,557,38249
sean_neave,Newcastle,FW,4.5,3,Bournemouth,True,0,0,466,27,2026-09-05T11:30:00Z,2,2,False,0,0,0,0,0,0,0,0,0,0,0,0,0.0,0.0,0.0,0.0,0,0,0,0,0,0.00,0.00,0.00,0.00,45,3928,87795,17327,13399
aladji_bamba,Newcastle,MD,5.0,3,Bournemouth,True,0,0,559,27,2026-09-05T11:30:00Z,2,2,False,0,0,0,0,0,0,0,0,0,0,0,0,0.0,0.0,0.0,0.0,0,0,0,0,0,0.00,0.00,0.00,0.00,50,-1788,11930,834,2622
lukás_hornícek,Newcastle,GK,5.0,3,Bournemouth,True,90,2,567,27,2026-09-05T11:30:00Z,2,2,False,0,0,0,2,0,0,0,0,0,4,0,12,33.4,0.0,0.0,3.3,0,6,0,0,1,0.00,0.00,0.00,1.37,50,39154,125893,58261,19107
amar_dedic,Newcastle,DF,4.5,3,Bournemouth,True,90,1,593,27,2026-09-05T11:30:00Z,2,2,False,0,0,0,2,0,0,0,0,0,0,0,3,0.6,6.4,10.0,1.7,1,4,0,1,1,0.11,0.02,0.13,1.37,45,269442,365061,318645,49203
leo_shahar,Newcastle,DF,4.0,3,Bournemouth,True,0,0,609,27,2026-09-05T11:30:00Z,2,2,False,0,0,0,0,0,0,0,0,0,0,0,0,0.0,0.0,0.0,0.0,0,0,0,0,0,0.00,0.00,0.00,0.00,40,7555,31239,10871,3316
matias_fernandez-pardo,Newcastle,FW,6.0,3,Bournemouth,True,27,1,634,27,2026-09-05T11:30:00Z,2,2,False,0,0,0,0,0,0,0,0,0,0,0,4,0.0,0.8,6.0,0.7,0,1,0,1,0,0.00,0.00,0.00,0.04,60,4798,5694,5384,586
liam_delap,Nott'm Forest,FW,5.5,3,Spurs,True,73,2,167,28,2026-09-05T14:00:00Z,0,0,False,0,0,1,0,0,0,0,0,0,0,0,6,2.4,20.8,5.0,2.8,2,3,0,5,1,0.06,0.06,0.12,0.89,55,24969,83350,36946,11977
daniel_muñoz mejía,Nott'm Forest,DF,5.4,3,Spurs,True,31,1,201,28,2026-09-05T14:00:00Z,0,0,False,0,0,0,0,0,0,0,0,0,0,0,5,2.4,0.8,4.0,0.7,0,0,1,1,0,0.03,0.00,0.03,0.26,54,-158458,658550,23260,181718
matz_sels,Nott'm Forest,GK,5.0,3,Spurs,True,90,6,467,28,2026-09-05T14:00:00Z,0,0,False,0,0,1,0,0,0,0,0,0,0,0,21,2.4,0.0,0.0,0.2,1,11,0,0,1,0.00,0.00,0.00,1.06,50,-9819,143042,8404,18223
john victor_maciel furtado,Nott'm Forest,GK,4.5,3,Spurs,True,0,0,468,28,2026-09-05T14:00:00Z,0,0,False,0,0,0,0,0,0,0,0,0,0,0,0,0.0,0.0,0.0,0.0,0,0,0,0,0,0.00,0.00,0.00,0.00,45,-392,6270,259,651
neco_williams,Nott'm Forest,DF,5.0,3,Spurs,True,90,7,469,28,2026-09-05T14:00:00Z,0,0,False,0,0,1,0,0,0,0,0,0,0,1,28,11.4,10.9,4.0,2.6,3,8,3,6,1,0.00,0.07,0.07,1.06,50,-35180,851007,53518,88698
felipe_rodrigues da silva,Nott'm Forest,DF,5.0,3,Spurs,True,0,0,470,28,2026-09-05T14:00:00Z,0,0,False,0,0,0,0,0,0,0,0,0,0,0,0,0.0,0.0,0.0,0.0,0,0,0,0,0,0.00,0.00,0.00,0.00,50,-1172,3599,194,1366
nikola_milenković,Nott'm Forest,DF,5.5,3,Spurs,True,90,7,471,28,2026-09-05T14:00:00Z,0,0,False,0,0,1,0,0,0,0,1,0,0,0,27,28.6,0.8,2.0,3.1,9,3,2,11,1,0.00,0.01,0.01,1.06,55,-12221,168090,5627,17848
murillo_costa dos santos,Nott'm Forest,DF,5.5,3,Spurs,True,89,8,472,28,2026-09-05T14:00:00Z,0,0,False,0,0,1,0,0,0,0,0,0,0,0,25,17.8,1.2,10.0,2.9,6,4,4,10,1,0.17,0.00,0.17,1.06,55,-10492,160118,9660,20152
ola_aina,Nott'm Forest,DF,4.5,3,Spurs,True,58,1,473,28,2026-09-05T14:00:00Z,0,0,False,0,0,0,0,0,0,0,0,0,0,0,8,13.0,0.5,0.0,1.4,2,4,5,7,1,0.00,0.00,0.00,0.81,45,-30402,313105,20608,51010
jair_paula da cunha filho,Nott'm Forest,DF,4.5,3,Spurs,True,90,8,474,28,2026-09-05T14:00:00Z,0,0,False,0,0,1,0,0,0,0,0,0,0,0,24,20.0,0.7,1.0,2.2,10,2,2,12,1,0.03,0.01,0.04,1.06,45,-1070,20256,924,1994
nicolò_savona,Nott'm Forest,DF,4.5,3,Spurs,True,0,0,475,28,2026-09-05T14:00:00Z,0,0,False,0,0,0,0,0,0,0,0,0,0,0,0,0.0,0.0,0.0,0.0,0,0,0,0,0,0.00,0.00,0.00,0.00,45,-97,221,34,131
omar_richards,Nott'm Forest,DF,4.0,3,Spurs,True,0,0,476,28,2026-09-05T14:00:00Z,0,0,False,0,0,0,0,0,0,0,0,0,0,0,0,0.0,0.0,0.0,0.0,0,0,0,0,0,0.00,0.00,0.00,0.00,40,-858,23523,1258,2116
zach_abbott,Nott'm Forest,DF,4.0,3,Spurs,True,0,0,477,28,2026-09-05T14:00:00Z,0,0,False,0,0,0,0,0,0,0,0,0,0,0,0,0.0,0.0,0.0,0.0,0,0,0,0,0,0.00,0.00,0.00,0.00,40,-2802,22912,1463,4265
luca_netz,Nott'm Forest,DF,4.5,3,Spurs,True,0,0,478,28,2026-09-05T14:00:00Z,0,0,False,0,0,0,0,0,0,0,0,0,0,0,0,0.0,0.0,0.0,0.0,0,0,0,0,0,0.00,0.00,0.00,0.00,45,-304,3401,168,472
tyler_bindon,Nott'm Forest,DF,4.0,3,Spurs,True,0,0,479,28,2026-09-05T14:00:00Z,0,0,False,0,0,0,0,0,0,0,0,0,0,0,0,0.0,0.0,0.0,0.0,0,0,0,0,0,0.00,0.00,0.00,0.00,40,-2507,15742,434,2941
morgan_gibbs-white,Nott'm Forest,MD,7.9,3,Spurs,True,90,3,480,28,2026-09-05T14:00:00Z,0,0,False,0,0,1,0,0,0,0,0,0,0,0,3,5.6,3.0,13.0,2.2,0,5,2,7,1,0.48,0.01,0.49,1.06,79,102526,1065969,215196,112670
callum_hudson-odoi,Nott'm Forest,MD,5.9,3,Spurs,True,0,0,482,28,2026-09-05T14:00:00Z,0,0,False,0,0,0,0,0,0,0,0,0,0,0,0,0.0,0.0,0.0,0.0,0,0,0,0,0,0.00,0.00,0.00,0.00,59,-3315,19189,1609,4924
dan_ndoye,Nott'm Forest,MD,5.5,3,Spurs,True,58,1,483,28,2026-09-05T14:00:00Z,0,0,False,0,0,0,0,0,0,0,0,0,0,0,5,0.4,0.3,0.0,0.1,0,4,1,5,1,0.00,0.00,0.00,0.81,55,22451,73790,33732,11281
omari_hutchinson,Nott'm Forest,MD,5.4,3,Spurs,True,0,0,484,28,2026-09-05T14:00:00Z,0,0,False,0,0,0,0,0,0,0,0,0,0,0,0,0.0,0.0,0.0,0.0,0,0,0,0,0,0.00,0.00,0.00,0.00,54,-4400,11458,213,4613
dilane_bakwa,Nott'm Forest,MD,5.5,3,Spurs,True,0,0,485,28,2026-09-05T14:00:00Z,0,0,False,0,0,0,0,0,0,0,0,0,0,0,0,0.0,0.0,0.0,0.0,0,0,0,0,0,0.00,0.00,0.00,0.00,55,-532,761,0,532
james_mcatee,Nott'm Forest,MD,5.5,3,Spurs,True,90,2,486,28,2026-09-05T14:00:00Z,0,0,False,0,0,1,0,0,0,0,1,0,0,0,22,14.2,59.5,10.0,8.4,0,4,3,7,1,0.13,0.22,0.35,1.06,55,1865,8416,3393,1528
nicolás_domínguez,Nott'm Forest,MD,5.0,3,Spurs,True,0,0,487,28,2026-09-05T14:00:00Z,0,0,False,0,0,0,0,0,0,0,0,0,0,0,0,0.0,0.0,0.0,0.0,0,0,0,0,0,0.00,0.00,0.00,0.00,50,-788,7052,358,1146
ibrahim_sangaré,Nott'm Forest,MD,4.9,3,Spurs,True,0,0,488,28,2026-09-05T14:00:00Z,0,0,False,0,0,0,0,0,0,0,0,0,0,0,0,0.0,0.0,0.0,0.0,0,0,0,0,0,0.00,0.00,0.00,0.00,49,-26662,60777,1817,28479
ryan_yates,Nott'm Forest,MD,4.5,3,Spurs,True,0,0,489,28,2026-09-05T14:00:00Z,0,0,False,0,0,0,0,0,0,0,0,0,0,0,0,0.0,0.0,0.0,0.0,0,0,0,0,0,0.00,0.00,0.00,0.00,45,-864,152628,17319,18183
chris_wood,Nott'm Forest,FW,5.9,3,Spurs,True,16,1,490,28,2026-09-05T14:00:00Z,0,0,False,0,0,0,0,0,0,0,0,0,0,0,3,0.2,0.1,0.0,0.0,0,0,0,0,0,0.00,0.00,0.00,0.18,59,-35128,121647,7780,42908
igor jesus_maciel da cruz,Nott'm Forest,FW,5.9,3,Spurs,True,31,1,491,28,2026-09-05T14:00:00Z,0,0,False,0,0,0,0,0,0,0,0,0,0,0,3,1.2,0.4,0.0,0.2,0,0,1,1,0,0.00,0.00,0.00,0.26,59,-56312,307784,25411,81723
arnaud_kalimuendo,Nott'm Forest,FW,5.4,3,Spurs,True,0,0,493,28,2026-09-05T14:00:00Z,0,0,False,0,0,0,0,0,0,0,0,0,0,0,0,0.0,0.0,0.0,0.0,0,0,0,0,0,0.00,0.00,0.00,0.00,54,-411,5117,838,1249
xaver_schlager,Nott'm Forest,MD,5.0,3,Spurs,True,90,3,558,28,2026-09-05T14:00:00Z,0,0,False,0,0,1,0,0,0,0,0,0,0,0,18,11.2,2.3,1.0,1.5,3,3,4,10,1,0.03,0.06,0.09,1.06,50,99,10377,1419,1320
ousmane_diomande,Nott'm Forest,DF,5.4,3,Spurs,True,1,1,581,28,2026-09-05T14:00:00Z,0,0,False,0,0,0,0,0,0,0,0,0,0,0,3,0.0,0.0,0.0,0.0,0,0,0,0,0,0.00,0.00,0.00,0.00,54,-12790,61213,3142,15932
steven_benda,Nott'm Forest,GK,4.5,3,Spurs,True,0,0,590,28,2026-09-05T14:00:00Z,0,0,False,0,0,0,0,0,0,0,0,0,0,0,0,0.0,0.0,0.0,0.0,0,0,0,0,0,0.00,0.00,0.00,0.00,45,79,7389,950,871
jan paul_van hecke,Spurs,DF,4.9,3,Nott'm Forest,False,90,8,112,28,2026-09-05T14:00:00Z,0,0,False,0,0,1,0,0,0,0,0,0,0,2,29,16.6,12.8,11.0,4.0,3,4,1,4,1,0.09,0.01,0.10,0.92,49,-198387,733037,21192,219579
tosin_adarabioyo,Spurs,DF,4.5,3,Nott'm Forest,False,0,0,147,28,2026-09-05T14:00:00Z,0,0,False,0,0,0,0,0,0,0,0,0,0,0,0,0.0,0.0,0.0,0.0,0,0,0,0,0,0.00,0.00,0.00,0.00,45,-2004,17692,553,2557
omar_marmoush,Spurs,FW,7.0,3,Nott'm Forest,False,83,2,401,28,2026-09-05T14:00:00Z,0,0,False,0,0,1,0,0,0,0,0,0,0,0,6,0.0,2.4,10.0,1.0,0,0,0,0,1,0.17,0.01,0.18,0.88,70,64907,232425,100495,35588
sávio_moreira de oliveira,Spurs,MD,6.5,3,Nott'm Forest,False,60,3,403,28,2026-09-05T14:00:00Z,0,0,False,0,0,1,0,0,0,0,0,0,0,0,15,6.2,17.3,15.0,3.9,0,0,0,0,1,0.02,0.27,0.29,0.49,65,-23670,68277,15136,38806
sandro_tonali,Spurs,MD,5.4,3,Nott'm Forest,False,90,5,455,28,2026-09-05T14:00:00Z,0,0,False,0,0,1,0,0,0,0,0,0,0,0,22,22.8,8.0,0.0,3.1,4,4,4,12,1,0.00,0.01,0.01,0.92,54,-83285,288825,14031,97316
guglielmo_vicario,Spurs,GK,4.5,3,Nott'm Forest,False,0,0,494,28,2026-09-05T14:00:00Z,0,0,False,0,0,0,0,0,0,0,0,0,0,0,0,0.0,0.0,0.0,0.0,0,0,0,0,0,0.00,0.00,0.00,0.00,45,-5759,18205,0,5759
brandon_austin,Spurs,GK,4.0,3,Nott'm Forest,False,0,0,495,28,2026-09-05T14:00:00Z,0,0,False,0,0,0,0,0,0,0,0,0,0,0,0,0.0,0.0,0.0,0.0,0,0,0,0,0,0.00,0.00,0.00,0.00,40,3899,104639,9717,5818
antonín_kinský,Spurs,GK,4.5,3,Nott'm Forest,False,90,6,496,28,2026-09-05T14:00:00Z,0,0,False,0,0,1,0,0,0,0,0,0,1,0,24,10.4,10.0,0.0,2.0,2,8,0,0,1,0.00,0.00,0.00,0.92,45,-225719,1949396,46420,272139
martin_dubravka,Spurs,GK,4.0,3,Nott'm Forest,False,0,0,497,28,2026-09-05T14:00:00Z,0,0,False,0,0,0,0,0,0,0,0,0,0,0,0,0.0,0.0,0.0,0.0,0,0,0,0,0,0.00,0.00,0.00,0.00,40,12181,1908726,131012,118831
marcos_senesi barón,Spurs,DF,5.9,3,Nott'm Forest,False,0,0,498,28,2026-09-05T14:00:00Z,0,0,False,0,0,0,0,0,0,0,0,0,0,0,0,0.0,0.0,0.0,0.0,0,0,0,0,0,0.00,0.00,0.00,0.00,59,-185202,558130,5382,190584
pedro_porro sauceda,Spurs,DF,5.5,3,Nott'm Forest,False,90,7,499,28,2026-09-05T14:00:00Z,0,0,False,0,0,1,0,0,0,0,0,0,0,1,28,13.2,35.8,6.0,5.5,3,3,1,4,1,0.03,0.06,0.09,0.92,55,-179795,1176909,48390,228185
cristian_romero,Spurs,DF,5.0,3,Nott'm Forest,False,0,0,500,28,2026-09-05T14:00:00Z,0,0,False,0,0,0,0,0,0,0,0,0,0,0,0,0.0,0.0,0.0,0.0,0,0,0,0,0,0.00,0.00,0.00,0.00,50,-3763,11327,0,3763
andrew_robertson,Spurs,DF,4.5,3,Nott'm Forest,False,29,1,502,28,2026-09-05T14:00:00Z,0,0,False,0,0,0,0,0,0,0,0,0,0,0,3,6.0,0.3,0.0,0.6,1,1,0,1,0,0.00,0.00,0.00,0.43,45,-47646,328965,13705,61351
micky_van de ven,Spurs,DF,5.0,3,Nott'm Forest,False,90,9,503,28,2026-09-05T14:00:00Z,0,0,False,0,0,1,0,0,0,0,0,0,0,3,30,21.4,1.2,14.0,3.7,6,4,3,9,1,0.57,0.00,0.57,0.92,50,-61459,380320,16557,78016
djed_spence,Spurs,DF,4.5,3,Nott'm Forest,False,0,0,505,28,2026-09-05T14:00:00Z,0,0,False,0,0,0,0,0,0,0,0,0,0,0,0,0.0,0.0,0.0,0.0,0,0,0,0,0,0.00,0.00,0.00,0.00,45,-14294,33138,0,14294
destiny_udogie,Spurs,DF,4.5,3,Nott'm Forest,False,60,5,506,28,2026-09-05T14:00:00Z,0,0,False,0,0,1,0,0,0,0,1,0,0,0,16,4.6,1.3,2.0,0.8,3,1,0,3,1,0.00,0.02,0.02,0.49,45,-5660,43060,1127,6787
ashley_phillips,Spurs,DF,4.5,3,Nott'm Forest,False,0,0,507,28,2026-09-05T14:00:00Z,0,0,False,0,0,0,0,0,0,0,0,0,0,0,0,0.0,0.0,0.0,0.0,0,0,0,0,0,0.00,0.00,0.00,0.00,45,-312,1605,0,312
ben_davies,Spurs,DF,4.0,3,Nott'm Forest,False,0,0,508,28,2026-09-05T14:00:00Z,0,0,False,0,0,0,0,0,0,0,0,0,0,0,0,0.0,0.0,0.0,0.0,0,0,0,0,0,0.00,0.00,0.00,0.00,40,-7462,98874,4305,11767
jun'ai_byfield,Spurs,DF,4.0,3,Nott'm Forest,False,0,0,509,28,2026-09-05T14:00:00Z,0,0,False,0,0,0,0,0,0,0,0,0,0,0,0,0.0,0.0,0.0,0.0,0,0,0,0,0,0.00,0.00,0.00,0.00,40,71,6404,719,648
james_rowswell,Spurs,DF,4.0,3,Nott'm Forest,False,0,0,510,28,2026-09-05T14:00:00Z,0,0,False,0,0,0,0,0,0,0,0,0,0,0,0,0.0,0.0,0.0,0.0,0,0,0,0,0,0.00,0.00,0.00,0.00,40,-25,9320,898,923
joão victor_de souza menezes,Spurs,DF,4.0,3,Nott'm Forest,False,0,0,511,28,2026-09-05T14:00:00Z,0,0,False,0,0,0,0,0,0,0,0,0,0,0,0,0.0,0.0,0.0,0.0,0,0,0,0,0,0.00,0.00,0.00,0.00,40,-4780,25220,1362,6142
mohammed_kudus,Spurs,MD,6.5,3,Nott'm Forest,False,29,1,512,28,2026-09-05T14:00:00Z,0,0,False,0,0,0,0,0,0,0,0,0,0,0,13,5.2,15.1,2.0,2.2,0,3,0,3,0,0.00,0.16,0.16,0.43,65,2526,12485,4599,2073
xavi_simons,Spurs,MD,6.0,3,Nott'm Forest,False,0,0,513,28,2026-09-05T14:00:00Z,0,0,False,0,0,0,0,0,0,0,0,0,0,0,0,0.0,0.0,0.0,0.0,0,0,0,0,0,0.00,0.00,0.00,0.00,60,-291,1296,78,369
mathys_tel,Spurs,MD,5.9,3,Nott'm Forest,False,73,3,514,28,2026-09-05T14:00:00Z,0,0,False,0,0,1,0,0,0,0,0,0,0,0,11,6.8,20.2,20.0,4.7,0,2,0,2,1,0.00,0.05,0.05,0.76,59,-17708,30912,2049,19757
james_maddison,Spurs,MD,6.4,3,Nott'm Forest,False,0,0,515,28,2026-09-05T14:00:00Z,0,0,False,0,0,0,0,0,0,0,0,0,0,0,0,0.0,0.0,0.0,0.0,0,0,0,0,0,0.00,0.00,0.00,0.00,64,-38883,57231,175,39058
rodrigo_bentancur,Spurs,MD,5.5,3,Nott'm Forest,False,90,5,516,28,2026-09-05T14:00:00Z,0,0,False,0,0,1,0,0,0,0,0,0,0,0,14,18.4,3.3,6.0,2.8,11,5,1,17,1,0.02,0.01,0.03,0.92,55,-1789,17786,831,2620
wilson_odobert,Spurs,MD,5.5,3,Nott'm Forest,False,0,0,517,28,2026-09-05T14:00:00Z,0,0,False,0,0,0,0,0,0,0,0,0,0,0,0,0.0,0.0,0.0,0.0,0,0,0,0,0,0.00,0.00,0.00,0.00,55,-11,117,27,38
pape matar_sarr,Spurs,MD,4.9,3,Nott'm Forest,False,0,0,518,28,2026-09-05T14:00:00Z,0,0,False,0,0,0,0,0,0,0,0,0,0,0,0,0.0,0.0,0.0,0.0,0,0,0,0,0,0.00,0.00,0.00,0.00,49,-1782,14992,4025,5807
conor_gallagher,Spurs,MD,5.4,3,Nott'm Forest,False,83,3,519,28,2026-09-05T14:00:00Z,0,0,False,0,0,1,0,0,0,0,0,0,0,0,23,10.2,4.4,2.0,1.7,1,6,4,11,1,0.00,0.06,0.06,0.88,54,-5563,22380,1024,6587
lucas_bergvall,Spurs,MD,5.4,3,Nott'm Forest,False,0,0,520,28,2026-09-05T14:00:00Z,0,0,False,0,0,0,0,0,0,0,0,0,0,0,0,0.0,0.0,0.0,0.0,0,0,0,0,0,0.00,0.00,0.00,0.00,54,-3012,17646,482,3494
dejan_kulusevski,Spurs,MD,6.5,3,Nott'm Forest,False,0,0,521,28,2026-09-05T14:00:00Z,0,0,False,0,0,0,0,0,0,0,0,0,0,0,0,0.0,0.0,0.0,0.0,0,0,0,0,0,0.00,0.00,0.00,0.00,65,-90,912,87,177
archie_gray,Spurs,MD,5.0,3,Nott'm Forest,False,0,0,522,28,2026-09-05T14:00:00Z,0,0,False,0,0,0,0,0,0,0,0,0,0,0,0,0.0,0.0,0.0,0.0,0,0,0,0,0,0.00,0.00,0.00,0.00,50,-1885,21616,2161,4046
mikey_moore,Spurs,MD,5.0,3,Nott'm Forest,False,0,0,523,28,2026-09-05T14:00:00Z,0,0,False,0,0,0,0,0,0,0,0,0,0,0,0,0.0,0.0,0.0,0.0,0,0,0,0,0,0.00,0.00,0.00,0.00,50,-5650,13268,839,6489
callum_olusesi,Spurs,MD,4.5,3,Nott'm Forest,False,0,0,524,28,2026-09-05T14:00:00Z,0,0,False,0,0,0,0,0,0,0,0,0,0,0,0,0.0,0.0,0.0,0.0,0,0,0,0,0,0.00,0.00,0.00,0.00,45,-7853,72776,1613,9466
mateus_fernandes,Spurs,MD,5.9,3,Nott'm Forest,False,7,0,525,28,2026-09-05T14:00:00Z,0,0,False,0,0,0,0,0,0,0,1,0,0,0,-1,0.0,0.4,0.0,0.0,0,0,0,0,0,0.00,0.00,0.00,0.04,59,-38063,123903,4942,43005
dominic_solanke-mitchell,Spurs,FW,5.9,3,Nott'm Forest,False,6,1,526,28,2026-09-05T14:00:00Z,0,0,False,0,0,0,0,0,0,0,0,0,0,0,-1,0.0,0.3,4.0,0.4,1,0,0,1,0,0.17,0.00,0.17,0.04,59,-27806,106592,7532,35338
richarlison_de andrade,Spurs,FW,5.9,3,Nott'm Forest,False,0,0,527,28,2026-09-05T14:00:00Z,0,0,False,0,0,0,0,0,0,0,0,0,0,0,0,0.0,0.0,0.0,0.0,0,0,0,0,0,0.00,0.00,0.00,0.00,59,-117513,153916,6716,124229
dane_scarlett,Spurs,FW,4.5,3,Nott'm Forest,False,0,0,528,28,2026-09-05T14:00:00Z,0,0,False,0,0,0,0,0,0,0,0,0,0,0,0,0.0,0.0,0.0,0.0,0,0,0,0,0,0.00,0.00,0.00,0.00,45,-5408,178567,29341,34749
mykhailo_mudryk,Spurs,MD,5.4,3,Nott'm Forest,False,16,1,578,28,2026-09-05T14:00:00Z,0,0,False,0,0,0,0,0,0,0,0,0,0,0,3,0.0,0.1,2.0,0.1,0,0,0,0,0,0.00,0.00,0.00,0.16,54,1892,7171,3534,1642
luca_williams-barnett,Spurs,MD,4.5,3,Nott'm Forest,False,0,0,601,28,2026-09-05T14:00:00Z,0,0,False,0,0,0,0,0,0,0,0,0,0,0,0,0.0,0.0,0.0,0.0,0,0,0,0,0,0.00,0.00,0.00,0.00,45,2301,13933,4467,2166
kevin_danso,Sunderland,DF,5.0,3,Brentford,False,90,2,501,22,2026-09-05T14:00:00Z,1,1,False,0,0,0,1,0,0,0,0,0,0,0,9,20.8,10.9,0.0,3.2,7,3,1,8,1,0.00,0.08,0.08,1.21,50,-2005,16199,1307,3312
robin_roefs,Sunderland,GK,5.0,3,Brentford,False,90,2,529,22,2026-09-05T14:00:00Z,1,1,False,0,0,0,1,0,0,0,0,0,1,0,11,12.6,0.0,0.0,1.3,1,13,0,0,1,0.00,0.00,0.00,1.21,50,-38987,342137,10237,49224
anthony_patterson,Sunderland,GK,4.0,3,Brentford,False,0,0,530,22,2026-09-05T14:00:00Z,1,1,False,0,0,0,0,0,0,0,0,0,0,0,0,0.0,0.0,0.0,0.0,0,0,0,0,0,0.00,0.00,0.00,0.00,40,-1616,14484,0,1616
melker_ellborg,Sunderland,GK,4.5,3,Brentford,False,0,0,531,22,2026-09-05T14:00:00Z,1,1,False,0,0,0,0,0,0,0,0,0,0,0,0,0.0,0.0,0.0,0.0,0,0,0,0,0,0.00,0.00,0.00,0.00,45,-546,8803,405,951
daniel_ballard,Sunderland,DF,5.0,3,Brentford,False,90,4,532,22,2026-09-05T14:00:00Z,1,1,False,0,0,0,1,0,0,0,0,0,0,0,12,25.0,10.3,8.0,4.3,8,5,2,10,1,0.06,0.14,0.20,1.21,50,-79167,398900,15628,94795
nordi_mukiele,Sunderland,DF,5.5,3,Brentford,False,90,4,533,22,2026-09-05T14:00:00Z,1,1,False,0,0,0,1,0,0,0,0,0,0,0,16,32.4,5.0,0.0,3.7,10,6,4,14,1,0.00,0.02,0.02,1.21,55,-3387,247977,21418,24805
trai_hume,Sunderland,DF,4.5,3,Brentford,False,26,1,534,22,2026-09-05T14:00:00Z,1,1,False,0,0,0,0,0,0,0,0,0,0,0,8,3.8,0.1,0.0,0.4,0,2,2,2,0,0.00,0.00,0.00,0.45,45,-68992,528010,17561,86553
omar_alderete,Sunderland,DF,5.0,3,Brentford,False,0,0,535,22,2026-09-05T14:00:00Z,1,1,False,0,0,0,0,0,0,0,0,0,0,0,0,0.0,0.0,0.0,0.0,0,0,0,0,0,0.00,0.00,0.00,0.00,50,-8564,35107,1476,10040
reinildo_mandava,Sunderland,DF,4.5,3,Brentford,False,90,2,536,22,2026-09-05T14:00:00Z,1,1,False,0,0,0,1,0,0,0,0,0,0,0,14,14.4,1.5,0.0,1.6,4,7,3,7,1,0.00,0.01,0.01,1.21,45,-2351,41923,1972,4323
jenson_seelt,Sunderland,DF,4.5,3,Brentford,False,0,0,537,22,2026-09-05T14:00:00Z,1,1,False,0,0,0,0,0,0,0,0,0,0,0,0,0.0,0.0,0.0,0.0,0,0,0,0,0,0.00,0.00,0.00,0.00,45,-357,701,3,360
leo fuhr_hjelde,Sunderland,DF,4.0,3,Brentford,False,0,0,538,22,2026-09-05T14:00:00Z,1,1,False,0,0,0,0,0,0,0,0,0,0,0,0,0.0,0.0,0.0,0.0,0,0,0,0,0,0.00,0.00,0.00,0.00,40,-680,4484,0,680
luke_o'nien,Sunderland,DF,4.0,3,Brentford,False,0,0,539,22,2026-09-05T14:00:00Z,1,1,False,0,0,0,0,0,0,0,0,0,0,0,0,0.0,0.0,0.0,0.0,0,0,0,0,0,0.00,0.00,0.00,0.00,40,-27829,310001,5301,33130
arthur_masuaku,Sunderland,DF,4.0,3,Brentford,False,0,0,540,22,2026-09-05T14:00:00Z,1,1,False,0,0,0,0,0,0,0,0,0,0,0,0,0.0,0.0,0.0,0.0,0,0,0,0,0,0.00,0.00,0.00,0.00,40,-3070,17428,0,3070
thomas_meunier,Sunderland,DF,4.5,3,Brentford,False,63,2,541,22,2026-09-05T14:00:00Z,1,1,False,0,0,0,1,0,0,0,0,0,0,0,0,5.2,1.5,6.0,1.3,2,0,0,2,1,0.11,0.00,0.11,0.76,45,301,30963,2639,2338
enzo_le fée,Sunderland,MD,5.9,3,Brentford,False,90,8,542,22,2026-09-05T14:00:00Z,1,1,False,1,0,0,1,0,0,0,0,0,0,1,25,40.0,3.7,24.0,6.8,0,2,4,6,1,0.84,0.03,0.87,1.21,59,-256530,564317,7320,263850
habib_diarra,Sunderland,MD,5.5,3,Brentford,False,0,0,543,22,2026-09-05T14:00:00Z,1,1,False,0,0,0,0,0,0,0,0,0,0,0,0,0.0,0.0,0.0,0.0,0,0,0,0,0,0.00,0.00,0.00,0.00,55,-2142,4664,164,2306
granit_xhaka,Sunderland,MD,5.5,3,Brentford,False,90,3,544,22,2026-09-05T14:00:00Z,1,1,False,0,0,0,1,0,0,0,1,0,0,0,12,15.2,20.5,3.0,3.9,4,9,2,15,1,0.06,0.12,0.18,1.21,55,-1951,475519,45125,47076
noah_sadiki,Sunderland,MD,5.0,3,Brentford,False,73,1,545,22,2026-09-05T14:00:00Z,1,1,False,0,0,0,1,0,0,0,1,0,0,0,16,8.8,15.0,48.0,7.2,0,3,0,3,1,0.28,0.18,0.46,0.82,50,-3063,29609,1887,4950
simon_adingra,Sunderland,MD,4.9,3,Brentford,False,0,0,546,22,2026-09-05T14:00:00Z,1,1,False,0,0,0,0,0,0,0,0,0,0,0,0,0.0,0.0,0.0,0.0,0,0,0,0,0,0.00,0.00,0.00,0.00,49,-1749,4340,187,1936
romaine_mundle,Sunderland,MD,5.0,3,Brentford,False,0,0,547,22,2026-09-05T14:00:00Z,1,1,False,0,0,0,0,0,0,0,0,0,0,0,0,0.0,0.0,0.0,0.0,0,0,0,0,0,0.00,0.00,0.00,0.00,50,-51,810,83,134
chris_rigg,Sunderland,MD,5.0,3,Brentford,False,0,0,548,22,2026-09-05T14:00:00Z,1,1,False,0,0,0,0,0,0,0,0,0,0,0,0,0.0,0.0,0.0,0.0,0,0,0,0,0,0.00,0.00,0.00,0.00,50,-719,5751,143,862
chemsdine_talbi,Sunderland,MD,5.4,3,Brentford,False,0,0,549,22,2026-09-05T14:00:00Z,1,1,False,0,0,0,0,0,0,0,0,0,0,0,0,0.0,0.0,0.0,0.0,0,0,0,0,0,0.00,0.00,0.00,0.00,54,-3700,17189,427,4127
djiamgone jocelin ta_bi,Sunderland,MD,5.0,3,Brentford,False,0,0,550,22,2026-09-05T14:00:00Z,1,1,False,0,0,0,0,0,0,0,0,0,0,0,0,0.0,0.0,0.0,0.0,0,0,0,0,0,0.00,0.00,0.00,0.00,50,-21,602,80,101
nilson_angulo,Sunderland,MD,5.0,3,Brentford,False,63,2,551,22,2026-09-05T14:00:00Z,1,1,False,0,0,0,1,0,0,0,0,0,0,0,11,8.6,5.7,16.0,3.0,1,3,1,5,1,0.00,0.07,0.07,0.76,50,1656,15646,4768,3112
brian_brobbey,Sunderland,FW,5.9,3,Brentford,False,90,2,552,22,2026-09-05T14:00:00Z,1,1,False,0,0,0,1,0,0,0,0,0,0,0,11,4.4,37.1,29.0,7.1,0,3,0,3,1,0.26,0.06,0.32,1.21,59,-321733,912046,27284,349017
wilson_isidor,Sunderland,FW,5.5,3,Brentford,False,26,4,553,22,2026-09-05T14:00:00Z,1,1,False,0,1,0,0,0,0,0,0,0,0,0,15,0.2,0.3,10.0,1.1,0,2,0,2,0,0.10,0.01,0.11,0.45,55,21273,116229,35830,14557
dayann_méthalie,Sunderland,DF,4.5,3,Brentford,False,0,0,612,22,2026-09-05T14:00:00Z,1,1,False,0,0,0,0,0,0,0,0,0,0,0,0,0.0,0.0,0.0,0.0,0,0,0,0,0,0.00,0.00,0.00,0.00,45,262,632,362,100
jules_ahoka,Sunderland,MD,4.5,3,Brentford,False,0,0,613,22,2026-09-05T14:00:00Z,1,1,False,0,0,0,0,0,0,0,0,0,0,0,0,0.0,0.0,0.0,0.0,0,0,0,0,0,0.00,0.00,0.00,0.00,45,8884,27345,13182,4298
malick_fofana,Sunderland,MD,5.5,3,Brentford,False,16,1,646,22,2026-09-05T14:00:00Z,1,1,False,0,0,0,0,0,0,0,0,0,0,0,3,0.0,0.5,0.0,0.1,0,0,0,0,0,0.00,0.00,0.00,0.39,55,1832,2246,2071,239
juan_angulo,Sunderland,FW,4.5,3,Brentford,False,0,0,651,22,2026-09-05T14:00:00Z,1,1,False,0,0,0,0,0,0,0,0,0,0,0,0,0.0,0.0,0.0,0.0,0,0,0,0,0,0.00,0.00,0.00,0.00,45,14103,27023,15939,1836
