full_name,team,Position,Price,round,opponent_team,was_home,minutes,total_points,element,fixture,kickoff_time,team_h_score,team_a_score,modified,goals_scored,assists,clean_sheets,goals_conceded,own_goals,penalties_saved,penalties_missed,yellow_cards,red_cards,saves,bonus,bps,influence,creativity,threat,ict_index,clearances_blocks_interceptions,recoveries,tackles,defensive_contribution,starts,expected_goals,expected_assists,expected_goal_involvements,expected_goals_conceded,value,transfers_balance,selected,transfers_in,transfers_out
david_raya martín,Arsenal,GK,6.0,4,Sunderland,False,90,14,1,36,2026-09-12T19:00:00Z,0,2,False,0,0,1,0,0,1,0,0,0,2,3,38,37.8,0.2,0.0,3.8,2,14,0,0,1,0.00,0.00,0.00,1.80,60,34449,4195206,249119,214670
kepa_arrizabalaga revuelta,Arsenal,GK,4.9,4,Sunderland,False,0,0,2,36,2026-09-12T19:00:00Z,0,2,False,0,0,0,0,0,0,0,0,0,0,0,0,0.0,0.0,0.0,0.0,0,0,0,0,0,0.00,0.00,0.00,0.00,49,-576,7757,275,851
illan_meslier,Arsenal,GK,4.9,4,Sunderland,False,0,0,3,36,2026-09-12T19:00:00Z,0,2,False,0,0,0,0,0,0,0,0,0,0,0,0,0.0,0.0,0.0,0.0,0,0,0,0,0,0.00,0.00,0.00,0.00,49,-200,3081,108,308
gabriel_dos santos magalhães,Arsenal,DF,8.0,4,Sunderland,False,90,9,4,36,2026-09-12T19:00:00Z,0,2,False,0,0,1,0,0,0,0,1,0,0,2,30,20.6,1.5,1.0,2.3,10,2,1,11,1,0.02,0.01,0.03,1.80,80,-197767,2549738,56562,254329
jurriën_timber,Arsenal,DF,6.5,4,Sunderland,False,45,1,5,36,2026-09-12T19:00:00Z,0,2,False,0,0,0,0,0,0,0,0,0,0,0,3,6.0,1.9,0.0,0.8,2,5,1,3,0,0.00,0.01,0.01,1.57,65,-772,8281,618,1390
william_saliba,Arsenal,DF,5.9,4,Sunderland,False,0,0,6,36,2026-09-12T19:00:00Z,0,2,False,0,0,0,0,0,0,0,0,0,0,0,0,0.0,0.0,0.0,0.0,0,0,0,0,0,0.00,0.00,0.00,0.00,59,-2516,22768,735,3251
myles_lewis-skelly,Arsenal,MD,5.5,4,Sunderland,False,45,1,7,36,2026-09-12T19:00:00Z,0,2,False,0,0,0,0,0,0,0,0,0,0,0,2,0.0,1.4,0.0,0.0,0,0,0,0,1,0.00,0.00,0.00,0.23,55,-4212,70499,6908,11120
riccardo_calafiori,Arsenal,DF,5.8,4,Sunderland,False,90,6,8,36,2026-09-12T19:00:00Z,0,2,False,0,0,1,0,0,0,0,0,0,0,0,18,8.8,1.7,7.0,1.8,4,2,0,4,1,0.06,0.01,0.07,1.80,58,392809,5296821,487524,94715
piero_hincapié,Arsenal,DF,5.3,4,Sunderland,False,0,0,9,36,2026-09-12T19:00:00Z,0,2,False,0,0,0,0,0,0,0,0,0,0,0,0,0.0,0.0,0.0,0.0,0,0,0,0,0,0.00,0.00,0.00,0.00,53,-15451,109174,3925,19376
benjamin_white,Arsenal,DF,5.5,4,Sunderland,False,45,1,10,36,2026-09-12T19:00:00Z,0,2,False,0,0,0,0,0,0,0,0,0,0,0,4,4.2,0.8,6.0,1.1,1,0,2,3,1,0.00,0.00,0.00,0.23,55,6399,815166,123355,116956
cristhian_mosquera,Arsenal,DF,5.4,4,Sunderland,False,0,0,11,36,2026-09-12T19:00:00Z,0,2,False,0,0,0,0,0,0,0,0,0,0,0,0,0.0,0.0,0.0,0.0,0,0,0,0,0,0.00,0.00,0.00,0.00,54,-201802,248830,733,202535
bukayo_saka,Arsenal,MD,9.5,4,Sunderland,False,90,8,12,36,2026-09-12T19:00:00Z,0,2,False,1,0,1,0,0,0,0,0,0,0,0,28,45.4,16.9,57.0,11.9,2,4,1,7,1,1.38,0.08,1.46,1.80,95,64680,1257689,213086,148406
declan_rice,Arsenal,MD,7.4,4,Sunderland,False,80,6,13,36,2026-09-12T19:00:00Z,0,2,False,0,1,1,0,0,0,0,0,0,0,0,27,45.0,36.4,0.0,8.1,6,2,2,10,1,0.00,0.37,0.37,1.41,74,-126667,1379844,25889,152556
eberechi_eze,Arsenal,MD,6.3,4,Sunderland,False,9,1,14,36,2026-09-12T19:00:00Z,0,2,False,0,0,0,0,0,0,0,0,0,0,0,3,0.2,0.0,2.0,0.2,0,0,0,0,0,0.00,0.00,0.00,0.40,63,-25833,125433,3906,29739
martin_ødegaard,Arsenal,MD,6.7,4,Sunderland,False,84,3,15,36,2026-09-12T19:00:00Z,0,2,False,0,0,1,0,0,0,0,0,0,0,0,26,19.4,58.2,2.0,8.0,1,3,1,5,1,0.00,0.25,0.25,1.80,67,702273,2036643,820232,117959
noni_madueke,Arsenal,MD,6.3,4,Sunderland,False,0,0,16,36,2026-09-12T19:00:00Z,0,2,False,0,0,0,0,0,0,0,0,0,0,0,0,0.0,0.0,0.0,0.0,0,0,0,0,0,0.00,0.00,0.00,0.00,63,-3081,23695,1399,4480
mikel_merino zazón,Arsenal,MD,5.8,4,Sunderland,False,5,1,17,36,2026-09-12T19:00:00Z,0,2,False,0,0,0,0,0,0,0,0,0,0,0,3,0.2,0.1,0.0,0.0,0,0,0,0,0,0.00,0.00,0.00,0.00,58,-7941,46215,1909,9850
gabriel_martinelli silva,Arsenal,MD,6.3,4,Sunderland,False,0,0,18,36,2026-09-12T19:00:00Z,0,2,False,0,0,0,0,0,0,0,0,0,0,0,0,0.0,0.0,0.0,0.0,0,0,0,0,0,0.00,0.00,0.00,0.00,63,-6160,9183,0,6160
martín_zubimendi ibáñez,Arsenal,MD,5.4,4,Sunderland,False,9,1,19,36,2026-09-12T19:00:00Z,0,2,False,0,0,0,0,0,0,0,0,0,0,0,5,3.4,0.2,0.0,0.4,0,1,1,2,0,0.00,0.00,0.00,0.40,54,-11465,71283,1507,12972
max_dowman,Arsenal,MD,5.3,4,Sunderland,False,0,0,20,36,2026-09-12T19:00:00Z,0,2,False,0,0,0,0,0,0,0,0,0,0,0,0,0.0,0.0,0.0,0.0,0,0,0,0,0,0.00,0.00,0.00,0.00,53,-713,7072,629,1342
ethan_nwaneri,Arsenal,MD,5.4,4,Sunderland,False,0,0,22,36,2026-09-12T19:00:00Z,0,2,False,0,0,0,0,0,0,0,0,0,0,0,0,0.0,0.0,0.0,0.0,0,0,0,0,0,0.00,0.00,0.00,0.00,54,-333,783,0,333
fábio_ferreira vieira,Arsenal,MD,5.5,4,Sunderland,False,0,0,23,36,2026-09-12T19:00:00Z,0,2,False,0,0,0,0,0,0,0,0,0,0,0,0,0.0,0.0,0.0,0.0,0,0,0,0,0,0.00,0.00,0.00,0.00,55,-265,708,0,265
reiss_nelson,Arsenal,MD,5.5,4,Sunderland,False,0,0,24,36,2026-09-12T19:00:00Z,0,2,False,0,0,0,0,0,0,0,0,0,0,0,0,0.0,0.0,0.0,0.0,0,0,0,0,0,0.00,0.00,0.00,0.00,55,-113,565,0,113
viktor_gyökeres,Arsenal,FW,7.2,4,Sunderland,False,0,0,25,36,2026-09-12T19:00:00Z,0,2,False,0,0,0,0,0,0,0,0,0,0,0,0,0.0,0.0,0.0,0.0,0,0,0,0,0,0.00,0.00,0.00,0.00,72,-92048,388876,6130,98178
kai_havertz,Arsenal,FW,7.5,4,Sunderland,False,90,1,26,36,2026-09-12T19:00:00Z,0,2,False,0,0,1,0,0,0,0,1,0,0,0,0,1.6,12.4,32.0,4.6,1,1,0,2,1,0.34,0.02,0.36,1.80,75,118477,871717,195764,77287
gabriel_fernando de jesus,Arsenal,FW,5.9,4,Sunderland,False,0,0,27,36,2026-09-12T19:00:00Z,0,2,False,0,0,0,0,0,0,0,0,0,0,0,0,0.0,0.0,0.0,0.0,0,0,0,0,0,0.00,0.00,0.00,0.00,59,-7696,18614,0,7696
ezri_konsa ngoyo,Arsenal,DF,4.5,4,Sunderland,False,90,6,31,36,2026-09-12T19:00:00Z,0,2,False,0,0,1,0,0,0,0,0,0,0,0,16,11.8,0.2,0.0,1.2,6,1,2,8,1,0.00,0.00,0.00,1.80,45,612675,1867300,709520,96845
bruno_guimarães rodriguez moura,Arsenal,MD,6.8,4,Sunderland,False,45,7,452,36,2026-09-12T19:00:00Z,0,2,False,1,0,0,0,0,0,0,0,0,0,1,29,35.4,3.9,11.0,5.0,1,1,1,3,0,0.09,0.14,0.23,1.57,68,-35502,181073,2351,37853
christos_tzolis,Arsenal,MD,6.4,4,Sunderland,False,80,3,557,36,2026-09-12T19:00:00Z,0,2,False,0,0,1,0,0,0,0,0,0,0,0,10,3.8,7.3,2.0,1.3,1,1,1,3,1,0.00,0.13,0.13,1.41,64,-328555,1659753,82691,411246
marco_bizot,Aston Villa,GK,4.5,4,Nott'm Forest,True,0,0,29,31,2026-09-12T14:00:00Z,1,2,False,0,0,0,0,0,0,0,0,0,0,0,0,0.0,0.0,0.0,0.0,0,0,0,0,0,0.00,0.00,0.00,0.00,45,-601,14214,1027,1628
lucas_digne,Aston Villa,DF,4.5,4,Nott'm Forest,True,0,0,30,31,2026-09-12T14:00:00Z,1,2,False,0,0,0,0,0,0,0,0,0,0,0,0,0.0,0.0,0.0,0.0,0,0,0,0,0,0.00,0.00,0.00,0.00,45,-932,5846,0,932
matty_cash,Aston Villa,DF,4.5,4,Nott'm Forest,True,0,0,32,31,2026-09-12T14:00:00Z,1,2,False,0,0,0,0,0,0,0,0,0,0,0,0,0.0,0.0,0.0,0.0,0,0,0,0,0,0.00,0.00,0.00,0.00,45,-80882,641566,18781,99663
tyrone_mings,Aston Villa,DF,4.5,4,Nott'm Forest,True,65,0,33,31,2026-09-12T14:00:00Z,1,2,False,0,0,0,2,0,0,0,1,0,0,0,0,15.6,0.6,4.0,2.0,4,2,1,5,0,0.09,0.00,0.09,2.08,45,2788,43024,5312,2524
pau_torres,Aston Villa,DF,4.5,4,Nott'm Forest,True,24,1,34,31,2026-09-12T14:00:00Z,1,2,False,0,0,0,0,0,0,0,0,0,0,0,4,0.2,0.4,2.0,0.3,0,0,0,0,1,0.00,0.00,0.00,0.20,45,-1717,43964,3870,5587
lamare_bogarde,Aston Villa,MD,5.0,4,Nott'm Forest,True,0,0,35,31,2026-09-12T14:00:00Z,1,2,False,0,0,0,0,0,0,0,0,0,0,0,0,0.0,0.0,0.0,0.0,0,0,0,0,0,0.00,0.00,0.00,0.00,50,-440,7155,686,1126
ian_maatsen,Aston Villa,DF,4.5,4,Nott'm Forest,True,90,1,36,31,2026-09-12T14:00:00Z,1,2,False,0,0,0,2,0,0,0,0,0,0,0,7,10.2,3.4,24.0,3.8,3,6,1,4,1,0.18,0.03,0.21,1.66,45,10444,92419,17456,7012
victor_lindelöf,Aston Villa,DF,4.5,4,Nott'm Forest,True,90,1,37,31,2026-09-12T14:00:00Z,1,2,False,0,0,0,2,0,0,0,0,0,0,0,2,16.4,1.1,35.0,5.3,2,0,0,2,1,0.44,0.01,0.45,2.28,45,3012,33974,5112,2100
andrés_garcía,Aston Villa,DF,4.0,4,Nott'm Forest,True,0,0,38,31,2026-09-12T14:00:00Z,1,2,False,0,0,0,0,0,0,0,0,0,0,0,0,0.0,0.0,0.0,0.0,0,0,0,0,0,0.00,0.00,0.00,0.00,40,-4343,183834,12784,17127
kosta_nedeljkovic,Aston Villa,DF,4.0,4,Nott'm Forest,True,0,0,39,31,2026-09-12T14:00:00Z,1,2,False,0,0,0,0,0,0,0,0,0,0,0,0,0.0,0.0,0.0,0.0,0,0,0,0,0,0.00,0.00,0.00,0.00,40,-2186,15637,0,2186
emiliano_buendía stati,Aston Villa,MD,5.9,4,Nott'm Forest,True,62,2,41,31,2026-09-12T14:00:00Z,1,2,False,0,0,0,1,0,0,0,0,0,0,0,8,0.0,3.9,0.0,0.1,0,5,0,5,1,0.00,0.01,0.01,1.42,59,-5900,111856,15961,21861
leon_bailey,Aston Villa,MD,5.4,4,Nott'm Forest,True,0,0,44,31,2026-09-12T14:00:00Z,1,2,False,0,0,0,0,0,0,0,0,0,0,0,0,0.0,0.0,0.0,0.0,0,0,0,0,0,0.00,0.00,0.00,0.00,54,-4702,7592,0,4702
john_mcginn,Aston Villa,MD,5.4,4,Nott'm Forest,True,90,6,45,31,2026-09-12T14:00:00Z,1,2,False,0,1,0,2,0,0,0,0,0,0,1,30,26.4,31.4,0.0,5.8,2,6,1,9,1,0.00,0.11,0.11,2.28,54,-12721,243800,20520,33241
ross_barkley,Aston Villa,MD,5.0,4,Nott'm Forest,True,62,2,46,31,2026-09-12T14:00:00Z,1,2,False,0,0,0,1,0,0,0,0,0,0,0,14,6.0,2.7,7.0,1.6,0,3,4,7,1,0.03,0.01,0.04,1.42,50,1496,29642,5244,3748
boubacar_kamara,Aston Villa,MD,5.0,4,Nott'm Forest,True,90,2,47,31,2026-09-12T14:00:00Z,1,2,False,0,0,0,2,0,0,0,0,0,0,0,17,11.6,12.4,2.0,2.6,1,1,3,5,1,0.00,0.05,0.05,2.28,50,-1023,34935,3671,4694
amadou_onana,Aston Villa,MD,5.0,4,Nott'm Forest,True,0,0,48,31,2026-09-12T14:00:00Z,1,2,False,0,0,0,0,0,0,0,0,0,0,0,0,0.0,0.0,0.0,0.0,0,0,0,0,0,0.00,0.00,0.00,0.00,50,-160,1757,108,268
samuel_iling-junior,Aston Villa,MD,5.0,4,Nott'm Forest,True,0,0,49,31,2026-09-12T14:00:00Z,1,2,False,0,0,0,0,0,0,0,0,0,0,0,0,0.0,0.0,0.0,0.0,0,0,0,0,0,0.00,0.00,0.00,0.00,50,-22,188,0,22
bradley_burrowes,Aston Villa,MD,4.5,4,Nott'm Forest,True,0,0,50,31,2026-09-12T14:00:00Z,1,2,False,0,0,0,0,0,0,0,0,0,0,0,0,0.0,0.0,0.0,0.0,0,0,0,0,0,0.00,0.00,0.00,0.00,45,-1967,71444,6646,8613
george_hemmings,Aston Villa,MD,4.5,4,Nott'm Forest,True,45,1,51,31,2026-09-12T14:00:00Z,1,2,False,0,0,0,0,0,0,0,0,0,0,0,3,2.0,11.5,2.0,1.6,1,0,0,1,1,0.00,0.01,0.01,0.39,45,30719,147009,53459,22740
alysson edward franco_da rocha dos santos,Aston Villa,MD,5.0,4,Nott'm Forest,True,45,6,52,31,2026-09-12T14:00:00Z,1,2,False,1,0,0,2,0,0,0,0,0,0,0,24,34.4,2.3,23.0,6.0,1,1,0,2,0,0.06,0.00,0.06,1.89,50,-205,4724,508,713
johan_manzambi,Aston Villa,MD,5.9,4,Nott'm Forest,True,27,1,53,31,2026-09-12T14:00:00Z,1,2,False,0,0,0,1,0,0,0,0,0,0,0,3,2.6,4.0,0.0,0.7,0,1,1,2,0,0.00,0.08,0.08,0.86,59,-1220,13307,570,1790
joao_gomes,Aston Villa,MD,5.5,4,Nott'm Forest,True,0,0,54,31,2026-09-12T14:00:00Z,1,2,False,0,0,0,0,0,0,0,0,0,0,0,0,0.0,0.0,0.0,0.0,0,0,0,0,0,0.00,0.00,0.00,0.00,55,-383,3819,131,514
ollie_watkins,Aston Villa,FW,7.8,4,Nott'm Forest,True,0,0,55,31,2026-09-12T14:00:00Z,1,2,False,0,0,0,0,0,0,0,0,0,0,0,0,0.0,0.0,0.0,0.0,0,0,0,0,0,0.00,0.00,0.00,0.00,78,-126292,317753,0,126292
tammy_abraham,Aston Villa,FW,5.5,4,Nott'm Forest,True,45,1,56,31,2026-09-12T14:00:00Z,1,2,False,0,0,0,2,0,0,0,0,0,0,0,4,1.2,1.5,2.0,0.5,0,1,0,1,0,0.00,0.00,0.00,1.89,55,1369,17325,4186,2817
alejandro_garnacho ferreyra,Aston Villa,MD,5.9,4,Nott'm Forest,True,0,0,160,31,2026-09-12T14:00:00Z,1,2,False,0,0,0,0,0,0,0,0,0,0,0,0,0.0,0.0,0.0,0.0,0,0,0,0,0,0.00,0.00,0.00,0.00,59,-7225,40475,1531,8756
nicolas_jackson,Aston Villa,FW,6.5,4,Nott'm Forest,True,45,0,166,31,2026-09-12T14:00:00Z,1,2,False,0,0,0,0,0,0,0,1,0,0,0,0,0.0,2.0,2.0,0.2,0,0,0,0,1,0.00,0.04,0.04,0.39,65,28857,143354,47223,18366
brian_madjo,Aston Villa,FW,5.5,4,Nott'm Forest,True,0,0,582,31,2026-09-12T14:00:00Z,1,2,False,0,0,0,0,0,0,0,0,0,0,0,0,0.0,0.0,0.0,0.0,0,0,0,0,0,0.00,0.00,0.00,0.00,55,-5489,26815,357,5846
matteo_ruggeri,Aston Villa,DF,4.5,4,Nott'm Forest,True,0,0,596,31,2026-09-12T14:00:00Z,1,2,False,0,0,0,0,0,0,0,0,0,0,0,0,0.0,0.0,0.0,0.0,0,0,0,0,0,0.00,0.00,0.00,0.00,45,-993,9485,272,1265
zion_suzuki,Aston Villa,GK,5.0,4,Nott'm Forest,True,90,2,597,31,2026-09-12T14:00:00Z,1,2,False,0,0,0,2,0,0,0,0,0,5,0,17,38.6,0.0,0.0,3.9,2,9,0,0,1,0.00,0.01,0.01,2.28,50,64651,206678,83655,19004
triston_rowe,Aston Villa,DF,4.0,4,Nott'm Forest,True,0,0,606,31,2026-09-12T14:00:00Z,1,2,False,0,0,0,0,0,0,0,0,0,0,0,0,0.0,0.0,0.0,0.0,0,0,0,0,0,0.00,0.00,0.00,0.00,40,1187,18103,2914,1727
luka_lynch,Aston Villa,MD,4.5,4,Nott'm Forest,True,0,0,607,31,2026-09-12T14:00:00Z,1,2,False,0,0,0,0,0,0,0,0,0,0,0,0,0.0,0.0,0.0,0.0,0,0,0,0,0,0.00,0.00,0.00,0.00,45,-2922,8828,0,2922
aaron_wan-bissaka,Aston Villa,DF,4.5,4,Nott'm Forest,True,90,3,611,31,2026-09-12T14:00:00Z,1,2,False,0,0,0,2,0,0,0,0,0,0,0,11,26.0,13.3,0.0,3.9,7,1,5,12,1,0.00,0.06,0.06,2.28,45,1842,19667,4076,2234
leon_goretzka,Aston Villa,MD,6.0,4,Nott'm Forest,True,0,0,618,31,2026-09-12T14:00:00Z,1,2,False,0,0,0,0,0,0,0,0,0,0,0,0,0.0,0.0,0.0,0.0,0,0,0,0,0,0.00,0.00,0.00,0.00,60,-1201,4178,901,2102
taylor_harwood-bellis,Aston Villa,DF,4.5,4,Nott'm Forest,True,0,0,630,31,2026-09-12T14:00:00Z,1,2,False,0,0,0,0,0,0,0,0,0,0,0,0,0.0,0.0,0.0,0.0,0,0,0,0,0,0.00,0.00,0.00,0.00,45,388,1586,653,265
ibrahim_mbaye,Aston Villa,MD,6.0,4,Nott'm Forest,True,27,1,631,31,2026-09-12T14:00:00Z,1,2,False,0,0,0,1,0,0,0,0,0,0,0,6,9.0,15.2,19.0,4.3,0,1,1,2,0,0.02,0.13,0.15,0.86,60,1207,5917,2787,1580
đorđe_petrović,Bournemouth,GK,4.5,4,Brentford,True,90,1,57,32,2026-09-12T14:00:00Z,2,2,False,0,0,0,2,0,0,0,0,0,0,0,0,0.0,0.0,0.0,0.0,0,10,0,0,1,0.00,0.00,0.00,0.50,45,-9622,346097,27504,37126
fraser_forster,Bournemouth,GK,4.0,4,Brentford,True,0,0,58,32,2026-09-12T14:00:00Z,2,2,False,0,0,0,0,0,0,0,0,0,0,0,0,0.0,0.0,0.0,0.0,0,0,0,0,0,0.00,0.00,0.00,0.00,40,14555,383559,38779,24224
will_dennis,Bournemouth,GK,4.0,4,Brentford,True,0,0,59,32,2026-09-12T14:00:00Z,2,2,False,0,0,0,0,0,0,0,0,0,0,0,0,0.0,0.0,0.0,0.0,0,0,0,0,0,0.00,0.00,0.00,0.00,40,-1608,14269,0,1608
james_hill,Bournemouth,DF,5.5,4,Brentford,True,90,2,60,32,2026-09-12T14:00:00Z,2,2,False,0,0,0,2,0,0,0,1,0,0,0,5,22.0,11.4,0.0,3.3,10,3,1,11,1,0.00,0.01,0.01,0.50,55,-2382,89044,8173,10555
adrien_truffert,Bournemouth,DF,5.5,4,Brentford,True,90,3,61,32,2026-09-12T14:00:00Z,2,2,False,0,0,0,2,0,0,0,0,0,0,0,23,38.6,18.0,28.0,8.5,8,3,8,16,1,0.08,0.10,0.18,0.50,55,-33011,362027,12869,45880
bafodé_diakité,Bournemouth,DF,5.0,4,Brentford,True,0,0,62,32,2026-09-12T14:00:00Z,2,2,False,0,0,0,0,0,0,0,0,0,0,0,0,0.0,0.0,0.0,0.0,0,0,0,0,0,0.00,0.00,0.00,0.00,50,-1343,18147,1310,2653
veljko_milosavljevic,Bournemouth,DF,5.0,4,Brentford,True,0,0,63,32,2026-09-12T14:00:00Z,2,2,False,0,0,0,0,0,0,0,0,0,0,0,0,0.0,0.0,0.0,0.0,0,0,0,0,0,0.00,0.00,0.00,0.00,50,-94,852,70,164
adam_smith,Bournemouth,DF,4.5,4,Brentford,True,90,0,64,32,2026-09-12T14:00:00Z,2,2,False,0,0,0,2,0,0,0,1,0,0,0,-1,11.4,2.0,0.0,1.3,5,4,1,6,1,0.00,0.01,0.01,0.50,45,-233,14155,1505,1738
julián_araujo zúñiga,Bournemouth,DF,4.4,4,Brentford,True,0,0,65,32,2026-09-12T14:00:00Z,2,2,False,0,0,0,0,0,0,0,0,0,0,0,0,0.0,0.0,0.0,0.0,0,0,0,0,0,0.00,0.00,0.00,0.00,44,-117,1303,99,216
julio_soler barreto,Bournemouth,DF,4.0,4,Brentford,True,0,0,66,32,2026-09-12T14:00:00Z,2,2,False,0,0,0,0,0,0,0,0,0,0,0,0,0.0,0.0,0.0,0.0,0,0,0,0,0,0.00,0.00,0.00,0.00,40,1583,31214,4282,2699
rayan vitor_simplício rocha,Bournemouth,MD,6.4,4,Brentford,True,81,2,67,32,2026-09-12T14:00:00Z,2,2,False,0,0,0,2,0,0,0,0,0,0,0,7,5.6,17.8,20.0,4.3,2,0,1,3,1,0.39,0.02,0.41,0.39,64,-33384,202880,8549,41933
marcus_tavernier,Bournemouth,MD,6.0,4,Brentford,True,82,8,68,32,2026-09-12T14:00:00Z,2,2,False,1,0,0,2,0,0,0,1,0,0,2,44,49.4,58.3,37.0,14.5,2,5,1,8,1,0.20,0.47,0.67,0.39,60,125960,417515,177420,51460
alex_scott,Bournemouth,MD,6.1,4,Brentford,True,90,4,69,32,2026-09-12T14:00:00Z,2,2,False,0,0,0,2,0,0,0,0,0,0,0,19,22.2,46.1,10.0,7.8,6,7,2,15,1,0.19,0.05,0.24,0.50,61,324036,657646,386435,62399
justin_kluivert,Bournemouth,MD,6.0,4,Brentford,True,65,8,70,32,2026-09-12T14:00:00Z,2,2,False,1,0,0,2,0,0,0,0,0,0,1,31,40.0,3.3,43.0,8.6,1,3,0,4,1,0.21,0.02,0.23,0.39,60,-12026,104989,8665,20691
lewis_cook,Bournemouth,MD,5.0,4,Brentford,True,8,0,71,32,2026-09-12T14:00:00Z,2,2,False,0,0,0,0,0,0,0,1,0,0,0,-1,0.6,0.3,0.0,0.1,2,0,0,2,0,0.00,0.00,0.00,0.11,50,-1358,21878,2134,3492
ben_gannon-doak,Bournemouth,MD,4.9,4,Brentford,True,8,1,72,32,2026-09-12T14:00:00Z,2,2,False,0,0,0,0,0,0,0,0,0,0,0,6,1.6,1.5,7.0,1.0,0,3,1,4,0,0.10,0.03,0.13,0.11,49,-612,6799,413,1025
tyler_adams,Bournemouth,MD,5.0,4,Brentford,True,81,2,73,32,2026-09-12T14:00:00Z,2,2,False,0,0,0,2,0,0,0,0,0,0,0,16,13.0,5.9,7.0,2.6,3,5,2,10,1,0.03,0.02,0.05,0.39,50,2015,29708,5594,3579
david_brooks,Bournemouth,MD,5.0,4,Brentford,True,7,0,74,32,2026-09-12T14:00:00Z,2,2,False,0,0,0,0,0,0,0,1,0,0,0,-1,4.2,0.3,2.0,0.7,2,1,0,3,0,0.00,0.00,0.00,0.11,50,-81,6000,781,862
ryan_christie,Bournemouth,MD,5.0,4,Brentford,True,24,1,75,32,2026-09-12T14:00:00Z,2,2,False,0,0,0,0,0,0,0,0,0,0,0,7,6.6,14.4,4.0,2.5,3,4,0,7,0,0.00,0.12,0.12,0.11,50,542,3640,1116,574
alex_tóth,Bournemouth,MD,5.0,4,Brentford,True,0,0,76,32,2026-09-12T14:00:00Z,2,2,False,0,0,0,0,0,0,0,0,0,0,0,0,0.0,0.0,0.0,0.0,0,0,0,0,0,0.00,0.00,0.00,0.00,50,-138,1498,72,210
amine_adli,Bournemouth,MD,4.9,4,Brentford,True,0,0,77,32,2026-09-12T14:00:00Z,2,2,False,0,0,0,0,0,0,0,0,0,0,0,0,0.0,0.0,0.0,0.0,0,0,0,0,0,0.00,0.00,0.00,0.00,49,-275,1557,54,329
junior_kroupi,Bournemouth,MD,7.4,4,Brentford,True,0,0,78,32,2026-09-12T14:00:00Z,2,2,False,0,0,0,0,0,0,0,0,0,0,0,0,0.0,0.0,0.0,0.0,0,0,0,0,0,0.00,0.00,0.00,0.00,74,-3124,21026,197,3321
francisco evanilson_de lima barbosa,Bournemouth,FW,6.0,4,Brentford,True,90,5,79,32,2026-09-12T14:00:00Z,2,2,False,0,1,0,2,0,0,0,0,0,0,0,22,22.8,40.0,4.0,6.7,1,3,0,4,1,0.00,0.25,0.25,0.48,60,3494,349369,48861,45367
enes_ünal,Bournemouth,FW,5.5,4,Brentford,True,0,0,80,32,2026-09-12T14:00:00Z,2,2,False,0,0,0,0,0,0,0,0,0,0,0,0,0.0,0.0,0.0,0.0,0,0,0,0,0,0.00,0.00,0.00,0.00,55,-219,1781,0,219
álvaro_rodríguez,Bournemouth,FW,6.0,4,Brentford,True,1,1,81,32,2026-09-12T14:00:00Z,2,2,False,0,0,0,0,0,0,0,0,0,0,0,3,0.0,0.5,0.0,0.1,0,0,0,0,0,0.00,0.00,0.00,0.02,60,-409,12593,1247,1656
antónio joão_pereira de albuquerque tavares da silva,Bournemouth,DF,5.0,4,Brentford,True,90,3,566,32,2026-09-12T14:00:00Z,2,2,False,0,0,0,2,0,0,0,0,0,0,0,-2,18.0,5.3,11.0,3.4,10,5,0,10,1,0.58,0.23,0.81,0.50,50,-299,44292,5703,6002
juanlu_sánchez,Bournemouth,DF,4.5,4,Brentford,True,0,0,573,32,2026-09-12T14:00:00Z,2,2,False,0,0,0,0,0,0,0,0,0,0,0,0,0.0,0.0,0.0,0.0,0,0,0,0,0,0.00,0.00,0.00,0.00,45,-1322,18893,285,1607
daniel_jebbison,Bournemouth,FW,5.0,4,Brentford,True,0,0,608,32,2026-09-12T14:00:00Z,2,2,False,0,0,0,0,0,0,0,0,0,0,0,0,0.0,0.0,0.0,0.0,0,0,0,0,0,0.00,0.00,0.00,0.00,50,1502,11375,3390,1888
michele_di gregorio,Bournemouth,GK,4.5,4,Brentford,True,0,0,615,32,2026-09-12T14:00:00Z,2,2,False,0,0,0,0,0,0,0,0,0,0,0,0,0.0,0.0,0.0,0.0,0,0,0,0,0,0.00,0.00,0.00,0.00,45,229,3698,755,526
caoimhín_kelleher,Brentford,GK,5.0,4,Bournemouth,False,90,3,82,32,2026-09-12T14:00:00Z,2,2,False,0,0,0,2,0,0,0,0,0,8,0,19,44.0,0.0,0.0,4.4,1,11,0,0,1,0.00,0.00,0.00,1.75,50,-23973,702931,34374,58347
hákon rafn_valdimarsson,Brentford,GK,4.5,4,Bournemouth,False,0,0,83,32,2026-09-12T14:00:00Z,2,2,False,0,0,0,0,0,0,0,0,0,0,0,0,0.0,0.0,0.0,0.0,0,0,0,0,0,0.00,0.00,0.00,0.00,45,-438,10856,631,1069
nathan_collins,Brentford,DF,5.5,4,Bournemouth,False,0,0,84,32,2026-09-12T14:00:00Z,2,2,False,0,0,0,0,0,0,0,0,0,0,0,0,0.0,0.0,0.0,0.0,0,0,0,0,0,0.00,0.00,0.00,0.00,55,-76756,146784,1251,78007
sepp_van den berg,Brentford,DF,4.9,4,Bournemouth,False,0,0,85,32,2026-09-12T14:00:00Z,2,2,False,0,0,0,0,0,0,0,0,0,0,0,0,0.0,0.0,0.0,0.0,0,0,0,0,0,0.00,0.00,0.00,0.00,49,-1184,7443,70,1254
keane_lewis-potter,Brentford,MD,5.5,4,Bournemouth,False,59,1,86,32,2026-09-12T14:00:00Z,2,2,False,0,0,0,2,0,0,0,0,0,0,0,0,0.8,1.6,6.0,0.8,1,0,1,2,1,0.03,0.13,0.16,1.25,55,-6193,223550,26643,32836
kristoffer_ajer,Brentford,DF,4.5,4,Bournemouth,False,90,1,87,32,2026-09-12T14:00:00Z,2,2,False,0,0,0,2,0,0,0,0,0,0,0,0,15.2,0.5,8.0,2.4,7,1,2,9,1,0.02,0.00,0.02,1.75,45,-51781,479881,52109,103890
michael_kayode,Brentford,DF,4.6,4,Bournemouth,False,19,1,88,32,2026-09-12T14:00:00Z,2,2,False,0,0,0,0,0,0,0,0,0,0,0,5,5.4,14.1,0.0,2.0,1,1,0,1,0,0.00,0.15,0.15,0.41,46,-58707,934432,52146,110853
rico_henry,Brentford,DF,4.5,4,Bournemouth,False,0,0,89,32,2026-09-12T14:00:00Z,2,2,False,0,0,0,0,0,0,0,0,0,0,0,0,0.0,0.0,0.0,0.0,0,0,0,0,0,0.00,0.00,0.00,0.00,45,-1693,21461,309,2002
aaron_hickey,Brentford,DF,4.5,4,Bournemouth,False,70,1,90,32,2026-09-12T14:00:00Z,2,2,False,0,0,0,2,0,0,0,0,0,0,0,4,10.0,2.1,6.0,1.8,5,4,2,7,1,0.03,0.03,0.06,1.33,45,-402,7602,309,711
kim_ji-soo,Brentford,DF,4.5,4,Bournemouth,False,0,0,92,32,2026-09-12T14:00:00Z,2,2,False,0,0,0,0,0,0,0,0,0,0,0,0,0.0,0.0,0.0,0.0,0,0,0,0,0,0.00,0.00,0.00,0.00,45,-125,1896,102,227
jannik_schuster,Brentford,DF,4.5,4,Bournemouth,False,90,3,93,32,2026-09-12T14:00:00Z,2,2,False,0,0,0,2,0,0,0,0,0,0,0,5,22.2,0.5,8.0,3.1,10,3,2,12,1,0.00,0.01,0.01,1.75,45,170,15722,905,735
kevin_schade,Brentford,MD,6.0,4,Bournemouth,False,90,15,94,32,2026-09-12T14:00:00Z,2,2,False,2,0,0,2,0,0,0,0,0,0,3,49,70.8,8.3,28.0,10.7,0,3,1,4,1,0.21,0.10,0.31,1.75,60,-59161,374153,28990,88151
dango_ouattara,Brentford,MD,6.4,4,Bournemouth,False,30,1,95,32,2026-09-12T14:00:00Z,2,2,False,0,0,0,0,0,0,0,0,0,0,0,4,2.0,1.7,6.0,1.0,1,3,0,4,0,0.02,0.01,0.03,0.50,64,-22021,64766,1377,23398
mikkel_damsgaard,Brentford,MD,5.5,4,Bournemouth,False,30,1,96,32,2026-09-12T14:00:00Z,2,2,False,0,0,0,0,0,0,0,0,0,0,0,3,0.0,7.8,6.0,1.3,1,3,0,4,0,0.10,0.00,0.10,0.50,55,807,51791,5734,4927
mathias_jensen,Brentford,MD,5.4,4,Bournemouth,False,0,0,97,32,2026-09-12T14:00:00Z,2,2,False,0,0,0,0,0,0,0,0,0,0,0,0,0.0,0.0,0.0,0.0,0,0,0,0,0,0.00,0.00,0.00,0.00,54,-4249,12497,42,4291
vitaly_janelt,Brentford,MD,5.0,4,Bournemouth,False,90,4,98,32,2026-09-12T14:00:00Z,2,2,False,0,0,0,2,0,0,0,0,0,0,0,20,28.4,14.4,0.0,4.3,11,6,3,20,1,0.00,0.08,0.08,1.75,50,139007,266936,176461,37454
antoni_milambo,Brentford,MD,5.0,4,Bournemouth,False,0,0,99,32,2026-09-12T14:00:00Z,2,2,False,0,0,0,0,0,0,0,0,0,0,0,0,0.0,0.0,0.0,0.0,0,0,0,0,0,0.00,0.00,0.00,0.00,50,-5,201,27,32
fábio_freitas gouveia carvalho,Brentford,MD,5.0,4,Bournemouth,False,0,0,100,32,2026-09-12T14:00:00Z,2,2,False,0,0,0,0,0,0,0,0,0,0,0,0,0.0,0.0,0.0,0.0,0,0,0,0,0,0.00,0.00,0.00,0.00,50,3,2209,335,332
yehor_yarmoliuk,Brentford,MD,4.9,4,Bournemouth,False,59,4,102,32,2026-09-12T14:00:00Z,2,2,False,0,1,0,2,0,0,0,0,0,0,0,19,22.0,22.8,4.0,4.9,2,3,0,5,1,0.00,0.21,0.21,1.25,49,-15709,78222,706,16415
josh_dasilva,Brentford,MD,4.9,4,Bournemouth,False,0,0,103,32,2026-09-12T14:00:00Z,2,2,False,0,0,0,0,0,0,0,0,0,0,0,0,0.0,0.0,0.0,0.0,0,0,0,0,0,0.00,0.00,0.00,0.00,49,-614,1675,36,650
jaidon_anthony,Brentford,MD,6.0,4,Bournemouth,False,59,1,105,32,2026-09-12T14:00:00Z,2,2,False,0,0,0,2,0,0,0,0,0,0,0,12,14.6,15.3,2.0,3.2,5,4,2,11,1,0.00,0.10,0.10,1.25,60,-1801,14724,761,2562
igor thiago_nascimento rodrigues,Brentford,FW,7.9,4,Bournemouth,False,90,1,106,32,2026-09-12T14:00:00Z,2,2,False,0,0,0,2,0,0,0,1,0,0,0,3,0.0,16.0,10.0,2.4,0,1,0,1,1,0.11,0.03,0.14,1.75,79,-296868,1129976,24154,321022
kaye_furo,Brentford,FW,4.5,4,Bournemouth,False,0,0,107,32,2026-09-12T14:00:00Z,2,2,False,0,0,0,0,0,0,0,0,0,0,0,0,0.0,0.0,0.0,0.0,0,0,0,0,0,0.00,0.00,0.00,0.00,45,4526,119195,19067,14541
callum_wilson,Brentford,FW,5.5,4,Bournemouth,False,0,0,108,32,2026-09-12T14:00:00Z,2,2,False,0,0,0,0,0,0,0,0,0,0,0,0,0.0,0.0,0.0,0.0,0,0,0,0,0,0.00,0.00,0.00,0.00,55,-3164,36748,2767,5931
mamadou_sangaré,Brentford,MD,5.7,4,Bournemouth,False,90,4,565,32,2026-09-12T14:00:00Z,2,2,False,0,0,0,2,0,0,0,0,0,0,0,19,18.2,9.4,0.0,2.8,1,6,6,13,1,0.00,0.28,0.28,1.75,57,-207682,1351673,106889,314571
el hadji malick_diouf,Brentford,DF,4.5,4,Bournemouth,False,30,1,620,32,2026-09-12T14:00:00Z,2,2,False,0,0,0,0,0,0,0,0,0,0,0,4,3.4,1.0,0.0,0.4,1,1,0,1,0,0.00,0.01,0.01,0.50,45,-31,10030,1940,1971
gustavo_nunes fernandes gomes,Brentford,MD,4.5,4,Bournemouth,False,0,0,657,32,2026-09-12T14:00:00Z,2,2,False,0,0,0,0,0,0,0,0,0,0,0,0,0.0,0.0,0.0,0.0,0,0,0,0,0,0.00,0.00,0.00,0.00,45,0,0,0,0
bart_verbruggen,Brighton,GK,4.5,4,Coventry City,False,90,8,109,38,2026-09-13T13:00:00Z,0,5,False,0,0,1,0,0,0,0,0,0,6,0,39,47.8,0.0,0.0,4.8,3,7,0,0,1,0.00,0.00,0.00,1.33,45,51727,2390519,248699,196972
jason_steele,Brighton,GK,4.0,4,Coventry City,False,0,0,111,38,2026-09-13T13:00:00Z,0,5,False,0,0,0,0,0,0,0,0,0,0,0,0,0.0,0.0,0.0,0.0,0,0,0,0,0,0.00,0.00,0.00,0.00,40,10916,460442,46956,36040
ferdi_kadıoğlu,Brighton,DF,4.4,4,Coventry City,False,90,6,113,38,2026-09-13T13:00:00Z,0,5,False,0,0,1,0,0,0,0,0,0,0,0,24,6.4,15.4,0.0,2.2,2,1,0,2,1,0.00,0.09,0.09,1.33,44,-18414,186000,6832,25246
olivier_boscagli,Brighton,DF,4.5,4,Coventry City,False,77,6,114,38,2026-09-13T13:00:00Z,0,5,False,0,0,1,0,0,0,0,0,0,0,0,25,11.6,14.3,2.0,2.8,8,5,1,9,1,0.01,0.03,0.04,1.11,45,-585,30469,2439,3024
maxim_de cuyper,Brighton,DF,4.8,4,Coventry City,False,90,11,115,38,2026-09-13T13:00:00Z,0,5,False,0,1,1,0,0,0,0,0,0,0,2,41,24.8,46.9,3.0,7.5,1,4,0,1,1,0.03,0.04,0.07,1.33,48,509874,2489501,640942,131068
lewis_dunk,Brighton,DF,4.5,4,Coventry City,False,90,12,116,38,2026-09-13T13:00:00Z,0,5,False,1,0,1,0,0,0,0,0,0,0,0,39,57.2,4.3,7.0,6.9,5,2,1,6,1,0.03,0.03,0.06,1.33,45,9404,148520,19779,10375
diego_coppola,Brighton,DF,4.5,4,Coventry City,False,0,0,117,38,2026-09-13T13:00:00Z,0,5,False,0,0,0,0,0,0,0,0,0,0,0,0,0.0,0.0,0.0,0.0,0,0,0,0,0,0.00,0.00,0.00,0.00,45,-50,2061,180,230
igor julio_dos santos de paulo,Brighton,DF,4.5,4,Coventry City,False,0,0,118,38,2026-09-13T13:00:00Z,0,5,False,0,0,0,0,0,0,0,0,0,0,0,0,0.0,0.0,0.0,0.0,0,0,0,0,0,0.00,0.00,0.00,0.00,45,-1990,5099,0,1990
joão pedro_loureiro da costa,Brighton,DF,4.5,4,Coventry City,False,6,1,119,38,2026-09-13T13:00:00Z,0,5,False,0,0,0,0,0,0,0,0,0,0,0,3,1.2,0.3,0.0,0.2,1,1,0,1,0,0.00,0.00,0.00,0.04,45,-117,3722,204,321
michael_svoboda,Brighton,DF,5.0,4,Coventry City,False,0,0,120,38,2026-09-13T13:00:00Z,0,5,False,0,0,0,0,0,0,0,0,0,0,0,0,0.0,0.0,0.0,0.0,0,0,0,0,0,0.00,0.00,0.00,0.00,50,4,5997,898,894
mitoma_kaoru,Brighton,MD,5.9,4,Coventry City,False,0,0,121,38,2026-09-13T13:00:00Z,0,5,False,0,0,0,0,0,0,0,0,0,0,0,0,0.0,0.0,0.0,0.0,0,0,0,0,0,0.00,0.00,0.00,0.00,59,-383,3299,74,457
yankuba_minteh,Brighton,MD,5.9,4,Coventry City,False,0,0,122,38,2026-09-13T13:00:00Z,0,5,False,0,0,0,0,0,0,0,0,0,0,0,0,0.0,0.0,0.0,0.0,0,0,0,0,0,0.00,0.00,0.00,0.00,59,-716,3821,35,751
jack_hinshelwood,Brighton,MD,6.0,4,Coventry City,False,0,0,123,38,2026-09-13T13:00:00Z,0,5,False,0,0,0,0,0,0,0,0,0,0,0,0,0.0,0.0,0.0,0.0,0,0,0,0,0,0.00,0.00,0.00,0.00,60,-44735,91458,1042,45777
pascal_groß,Brighton,MD,5.6,4,Coventry City,False,90,17,124,38,2026-09-13T13:00:00Z,0,5,False,1,2,1,0,0,0,0,0,0,0,3,56,83.8,79.1,18.0,18.1,2,2,2,6,1,0.82,0.19,1.01,1.33,56,72242,1745184,283590,211348
georginio_rutter,Brighton,FW,5.4,4,Coventry City,False,0,0,125,38,2026-09-13T13:00:00Z,0,5,False,0,0,0,0,0,0,0,0,0,0,0,0,0.0,0.0,0.0,0.0,0,0,0,0,0,0.00,0.00,0.00,0.00,54,-17412,58474,1249,18661
matt_o'riley,Brighton,MD,5.5,4,Coventry City,False,6,1,126,38,2026-09-13T13:00:00Z,0,5,False,0,0,0,0,0,0,0,0,0,0,0,4,2.2,10.5,0.0,1.3,0,1,0,1,0,0.00,0.01,0.01,0.04,55,-515,10605,901,1416
diego_gómez amarilla,Brighton,MD,5.0,4,Coventry City,False,83,3,127,38,2026-09-13T13:00:00Z,0,5,False,0,0,1,0,0,0,0,0,0,0,0,6,2.4,9.0,9.0,2.0,1,2,0,3,1,0.14,0.06,0.20,1.30,50,5076,522783,107677,102601
facundo_buonanotte,Brighton,MD,5.0,4,Coventry City,False,0,0,128,38,2026-09-13T13:00:00Z,0,5,False,0,0,0,0,0,0,0,0,0,0,0,0,0.0,0.0,0.0,0.0,0,0,0,0,0,0.00,0.00,0.00,0.00,50,-39,223,0,39
yasin_ayari,Brighton,MD,5.4,4,Coventry City,False,90,8,129,38,2026-09-13T13:00:00Z,0,5,False,1,0,1,0,0,0,0,0,0,0,0,38,39.0,6.8,27.0,7.3,0,6,1,7,1,0.31,0.03,0.34,1.33,54,-4206,39911,2011,6217
mats_wieffer,Brighton,DF,5.0,4,Coventry City,False,0,0,130,38,2026-09-13T13:00:00Z,0,5,False,0,0,0,0,0,0,0,0,0,0,0,0,0.0,0.0,0.0,0.0,0,0,0,0,0,0.00,0.00,0.00,0.00,50,-18513,26541,68,18581
harry_howell,Brighton,MD,4.5,4,Coventry City,False,0,0,132,38,2026-09-13T13:00:00Z,0,5,False,0,0,0,0,0,0,0,0,0,0,0,0,0.0,0.0,0.0,0.0,0,0,0,0,0,0.00,0.00,0.00,0.00,45,-575,3658,0,575
tom_watson,Brighton,MD,5.0,4,Coventry City,False,0,0,133,38,2026-09-13T13:00:00Z,0,5,False,0,0,0,0,0,0,0,0,0,0,0,0,0.0,0.0,0.0,0.0,0,0,0,0,0,0.00,0.00,0.00,0.00,50,-19,122,0,19
nehemiah_oriola,Brighton,MD,4.5,4,Coventry City,False,0,0,134,38,2026-09-13T13:00:00Z,0,5,False,0,0,0,0,0,0,0,0,0,0,0,0,0.0,0.0,0.0,0.0,0,0,0,0,0,0.00,0.00,0.00,0.00,45,-1093,28553,2194,3287
zadok_yohanna,Brighton,MD,4.9,4,Coventry City,False,0,0,135,38,2026-09-13T13:00:00Z,0,5,False,0,0,0,0,0,0,0,0,0,0,0,0,0.0,0.0,0.0,0.0,0,0,0,0,0,0.00,0.00,0.00,0.00,49,-1135,5076,318,1453
stefanos_tzimas,Brighton,FW,5.5,4,Coventry City,False,0,0,137,38,2026-09-13T13:00:00Z,0,5,False,0,0,0,0,0,0,0,0,0,0,0,0,0.0,0.0,0.0,0.0,0,0,0,0,0,0.00,0.00,0.00,0.00,55,-82,705,70,152
charalampos_kostoulas,Brighton,FW,5.5,4,Coventry City,False,83,10,138,38,2026-09-13T13:00:00Z,0,5,False,1,1,1,0,0,0,0,0,0,0,1,40,33.0,7.0,38.0,7.8,2,4,1,7,1,0.39,0.01,0.40,1.30,55,7254,59839,16416,9162
evan_ferguson,Brighton,FW,5.0,4,Coventry City,False,0,0,139,38,2026-09-13T13:00:00Z,0,5,False,0,0,0,0,0,0,0,0,0,0,0,0,0.0,0.0,0.0,0.0,0,0,0,0,0,0.00,0.00,0.00,0.00,50,-178,3222,346,524
pascal_struijk,Brighton,DF,5.0,4,Coventry City,False,12,1,328,38,2026-09-13T13:00:00Z,0,5,False,0,0,0,0,0,0,0,0,0,0,0,4,11.2,0.8,0.0,1.2,4,0,0,4,0,0.00,0.01,0.01,0.22,50,-1007,20832,1494,2501
luka_vušković,Brighton,DF,5.0,4,Coventry City,False,77,6,504,38,2026-09-13T13:00:00Z,0,5,False,0,0,1,0,0,0,0,0,0,0,0,27,16.2,1.8,13.0,3.1,8,4,1,9,1,0.11,0.01,0.12,1.11,50,86436,369539,131383,44947
promise_david,Brighton,FW,6.0,4,Coventry City,False,0,0,594,38,2026-09-13T13:00:00Z,0,5,False,0,0,0,0,0,0,0,0,0,0,0,0,0.0,0.0,0.0,0.0,0,0,0,0,0,0.00,0.00,0.00,0.00,60,-2415,24399,2799,5214
ibrahim_osman,Brighton,MD,5.0,4,Coventry City,False,12,1,600,38,2026-09-13T13:00:00Z,0,5,False,0,0,0,0,0,0,0,0,0,0,0,2,0.0,1.1,13.0,1.2,0,1,0,1,0,0.05,0.01,0.06,0.22,50,-148,1793,153,301
malick_yalcouyé,Brighton,MD,4.5,4,Coventry City,False,64,8,605,38,2026-09-13T13:00:00Z,0,5,False,1,0,1,0,0,0,0,0,0,0,0,29,47.4,12.8,43.0,10.3,2,2,2,6,1,0.67,0.01,0.68,1.11,45,125140,374976,185444,60304
jaouen_hadjam,Brighton,DF,4.5,4,Coventry City,False,0,0,614,38,2026-09-13T13:00:00Z,0,5,False,0,0,0,0,0,0,0,0,0,0,0,0,0.0,0.0,0.0,0.0,0,0,0,0,0,0.00,0.00,0.00,0.00,45,-135,4155,425,560
amario_cozier-duberry,Brighton,MD,5.0,4,Coventry City,False,0,0,624,38,2026-09-13T13:00:00Z,0,5,False,0,0,0,0,0,0,0,0,0,0,0,0,0.0,0.0,0.0,0.0,0,0,0,0,0,0.00,0.00,0.00,0.00,50,-40,61,0,40
josé maría_andrés baixauli,Brighton,MD,5.5,4,Coventry City,False,25,4,639,38,2026-09-13T13:00:00Z,0,5,False,0,1,0,0,0,0,0,0,0,0,0,10,18.8,13.1,2.0,3.4,2,1,1,4,0,0.24,0.01,0.25,0.22,55,318,812,513,195
femi_azeez,Brighton,MD,5.5,4,Coventry City,False,0,0,652,38,2026-09-13T13:00:00Z,0,5,False,0,0,0,0,0,0,0,0,0,0,0,0,0.0,0.0,0.0,0.0,0,0,0,0,0,0.00,0.00,0.00,0.00,55,62,315,121,59
younes_ibrahim,Brighton,MD,4.5,4,Coventry City,False,0,0,658,38,2026-09-13T13:00:00Z,0,5,False,0,0,0,0,0,0,0,0,0,0,0,0,0.0,0.0,0.0,0.0,0,0,0,0,0,0.00,0.00,0.00,0.00,45,0,0,0,0
emiliano_martínez romero,Chelsea,GK,5.0,4,Hull City,True,90,2,28,33,2026-09-12T14:00:00Z,2,2,False,0,0,0,2,0,0,0,0,0,3,0,10,19.6,0.0,0.0,2.0,0,10,0,0,1,0.00,0.00,0.00,1.38,50,68402,564431,119022,50620
morgan_rogers,Chelsea,MD,7.6,4,Hull City,True,90,8,40,33,2026-09-12T14:00:00Z,2,2,False,1,0,0,2,0,0,0,0,0,0,1,31,43.2,5.9,42.0,9.1,0,4,2,6,1,0.21,0.02,0.23,1.38,76,1039938,3834585,1168508,128570
jordan_henderson,Chelsea,MD,4.9,4,Hull City,True,0,0,101,33,2026-09-12T14:00:00Z,2,2,False,0,0,0,0,0,0,0,0,0,0,0,0,0.0,0.0,0.0,0.0,0,0,0,0,0,0.00,0.00,0.00,0.00,49,-444,3001,145,589
danny_welbeck,Chelsea,FW,5.9,4,Hull City,True,12,1,136,33,2026-09-12T14:00:00Z,2,2,False,0,0,0,0,0,0,0,0,0,0,0,4,7.2,10.6,4.0,2.2,1,0,0,1,0,0.00,0.06,0.06,0.54,59,-5112,82997,8018,13130
robert_lynch sánchez,Chelsea,GK,4.9,4,Hull City,True,0,0,140,33,2026-09-12T14:00:00Z,2,2,False,0,0,0,0,0,0,0,0,0,0,0,0,0.0,0.0,0.0,0.0,0,0,0,0,0,0.00,0.00,0.00,0.00,49,-44507,93763,0,44507
filip_jörgensen,Chelsea,GK,5.0,4,Hull City,True,0,0,141,33,2026-09-12T14:00:00Z,2,2,False,0,0,0,0,0,0,0,0,0,0,0,0,0.0,0.0,0.0,0.0,0,0,0,0,0,0.00,0.00,0.00,0.00,50,-95,933,0,95
reece_james,Chelsea,DF,5.4,4,Hull City,True,90,1,142,33,2026-09-12T14:00:00Z,2,2,False,0,0,0,2,0,0,0,0,0,0,0,11,19.8,10.4,15.0,4.5,2,4,2,4,1,0.16,0.14,0.30,1.38,54,-30934,828525,60443,91377
trevoh_chalobah,Chelsea,DF,5.5,4,Hull City,True,0,0,143,33,2026-09-12T14:00:00Z,2,2,False,0,0,0,0,0,0,0,0,0,0,0,0,0.0,0.0,0.0,0.0,0,0,0,0,0,0.00,0.00,0.00,0.00,55,-1338,8308,0,1338
malo_gusto,Chelsea,DF,5.0,4,Hull City,True,77,1,144,33,2026-09-12T14:00:00Z,2,2,False,0,0,0,2,0,0,0,0,0,0,0,7,14.0,23.3,6.0,4.3,5,4,0,5,1,0.04,0.07,0.11,0.84,50,-6655,114930,7469,14124
wesley_fofana,Chelsea,DF,5.0,4,Hull City,True,85,1,145,33,2026-09-12T14:00:00Z,2,2,False,0,0,0,2,0,0,0,0,0,0,0,10,18.4,4.7,4.0,2.7,4,4,2,6,1,0.00,0.03,0.03,0.89,50,7374,18473,9377,2003
benoît_badiashile mukinayi,Chelsea,DF,4.5,4,Hull City,True,0,0,146,33,2026-09-12T14:00:00Z,2,2,False,0,0,0,0,0,0,0,0,0,0,0,0,0.0,0.0,0.0,0.0,0,0,0,0,0,0.00,0.00,0.00,0.00,45,-250,1183,0,250
jorrel_hato,Chelsea,DF,4.5,4,Hull City,True,45,0,148,33,2026-09-12T14:00:00Z,2,2,False,0,0,0,2,0,0,0,0,0,0,0,-8,3.8,2.9,2.0,0.9,2,2,1,3,1,0.00,0.10,0.10,0.44,45,42963,115190,58654,15691
levi_samuels colwill,Chelsea,DF,4.9,4,Hull City,True,90,1,149,33,2026-09-12T14:00:00Z,2,2,False,0,0,0,2,0,0,0,0,0,0,0,8,26.8,12.2,4.0,4.3,6,6,0,6,1,0.00,0.01,0.01,1.38,49,-17331,112667,5362,22693
mamadou_sarr,Chelsea,DF,4.5,4,Hull City,True,0,0,150,33,2026-09-12T14:00:00Z,2,2,False,0,0,0,0,0,0,0,0,0,0,0,0,0.0,0.0,0.0,0.0,0,0,0,0,0,0.00,0.00,0.00,0.00,45,-1063,3449,0,1063
josh_acheampong,Chelsea,DF,4.5,4,Hull City,True,0,0,151,33,2026-09-12T14:00:00Z,2,2,False,0,0,0,0,0,0,0,0,0,0,0,0,0.0,0.0,0.0,0.0,0,0,0,0,0,0.00,0.00,0.00,0.00,45,1716,42181,6326,4610
marco_palestra,Chelsea,DF,5.4,4,Hull City,True,0,0,152,33,2026-09-12T14:00:00Z,2,2,False,0,0,0,0,0,0,0,0,0,0,0,0,0.0,0.0,0.0,0.0,0,0,0,0,0,0.00,0.00,0.00,0.00,54,-45257,87915,419,45676
cole_palmer,Chelsea,MD,9.7,4,Hull City,True,90,5,154,33,2026-09-12T14:00:00Z,2,2,False,0,1,0,2,0,0,0,0,0,0,0,28,18.6,37.6,12.0,6.8,0,3,0,3,1,0.13,0.25,0.38,1.38,97,842103,3081598,946062,103959
pedro_lomba neto,Chelsea,MD,6.5,4,Hull City,True,85,2,156,33,2026-09-12T14:00:00Z,2,2,False,0,0,0,2,0,0,0,0,0,0,0,17,15.8,31.3,27.0,7.4,3,3,1,7,1,0.05,0.10,0.15,0.89,65,17123,156595,33627,16504
estêvão_almeida de oliveira gonçalves,Chelsea,MD,6.4,4,Hull City,True,4,1,157,33,2026-09-12T14:00:00Z,2,2,False,0,0,0,0,0,0,0,0,0,0,0,6,5.0,0.5,21.0,2.7,0,0,1,1,0,0.03,0.07,0.10,0.49,64,-10183,79584,3867,14050
jamie_bynoe-gittens,Chelsea,MD,5.9,4,Hull City,True,0,0,158,33,2026-09-12T14:00:00Z,2,2,False,0,0,0,0,0,0,0,0,0,0,0,0,0.0,0.0,0.0,0.0,0,0,0,0,0,0.00,0.00,0.00,0.00,59,-225,2962,250,475
moisés_caicedo corozo,Chelsea,MD,5.4,4,Hull City,True,0,0,159,33,2026-09-12T14:00:00Z,2,2,False,0,0,0,0,0,0,0,0,0,0,0,0,0.0,0.0,0.0,0.0,0,0,0,0,0,0.00,0.00,0.00,0.00,54,-48857,149377,1342,50199
roméo_lavia,Chelsea,MD,5.0,4,Hull City,True,68,2,161,33,2026-09-12T14:00:00Z,2,2,False,0,0,0,2,0,0,0,0,0,0,0,14,7.4,4.9,0.0,1.2,3,5,1,9,1,0.00,0.07,0.07,0.84,50,3527,25157,7547,4020
dário_luís essugo,Chelsea,MD,4.5,4,Hull City,True,0,0,163,33,2026-09-12T14:00:00Z,2,2,False,0,0,0,0,0,0,0,0,0,0,0,0,0.0,0.0,0.0,0.0,0,0,0,0,0,0.00,0.00,0.00,0.00,45,-4174,12126,0,4174
geovany_quenda,Chelsea,MD,5.4,4,Hull City,True,0,0,164,33,2026-09-12T14:00:00Z,2,2,False,0,0,0,0,0,0,0,0,0,0,0,0,0.0,0.0,0.0,0.0,0,0,0,0,0,0.00,0.00,0.00,0.00,54,-517,3551,154,671
joão pedro_junqueira de jesus,Chelsea,FW,7.7,4,Hull City,True,90,12,165,33,2026-09-12T14:00:00Z,2,2,False,1,1,0,2,0,0,0,0,0,0,3,44,54.4,15.7,31.0,10.1,2,0,0,2,1,0.29,0.04,0.33,1.38,77,296877,7935710,401634,104757
marc_guiu paz,Chelsea,FW,5.0,4,Hull City,True,0,0,168,33,2026-09-12T14:00:00Z,2,2,False,0,0,0,0,0,0,0,0,0,0,0,0,0.0,0.0,0.0,0.0,0,0,0,0,0,0.00,0.00,0.00,0.00,50,-8710,25300,0,8710
shumaira_mheuka,Chelsea,FW,4.5,4,Hull City,True,0,0,169,33,2026-09-12T14:00:00Z,2,2,False,0,0,0,0,0,0,0,0,0,0,0,0,0.0,0.0,0.0,0.0,0,0,0,0,0,0.00,0.00,0.00,0.00,45,1152,44291,6884,5732
emmanuel_emegha,Chelsea,FW,5.0,4,Hull City,True,0,0,170,33,2026-09-12T14:00:00Z,2,2,False,0,0,0,0,0,0,0,0,0,0,0,0,0.0,0.0,0.0,0.0,0,0,0,0,0,0.00,0.00,0.00,0.00,50,-1425,14885,1719,3144
maxence_lacroix,Chelsea,DF,6.0,4,Hull City,True,4,1,200,33,2026-09-12T14:00:00Z,2,2,False,0,0,0,0,0,0,0,0,0,0,0,4,3.6,0.0,0.0,0.4,2,0,1,3,0,0.00,0.00,0.00,0.49,60,-19123,865615,60756,79879
mike_penders,Chelsea,GK,4.4,4,Hull City,True,0,0,560,33,2026-09-12T14:00:00Z,2,2,False,0,0,0,0,0,0,0,0,0,0,0,0,0.0,0.0,0.0,0.0,0,0,0,0,0,0.00,0.00,0.00,0.00,44,-482,6637,321,803
aaron_anselmino,Chelsea,DF,4.5,4,Hull City,True,0,0,561,33,2026-09-12T14:00:00Z,2,2,False,0,0,0,0,0,0,0,0,0,0,0,0,0.0,0.0,0.0,0.0,0,0,0,0,0,0.00,0.00,0.00,0.00,45,10,2091,222,212
valentín_barco,Chelsea,MD,5.5,4,Hull City,True,21,0,568,33,2026-09-12T14:00:00Z,2,2,False,0,0,0,0,0,0,0,1,0,0,0,7,1.6,2.9,2.0,0.7,1,1,0,2,0,0.00,0.09,0.09,0.54,55,-591,13757,863,1454
pep_chavarría,Chelsea,DF,4.9,4,Hull City,True,45,1,583,33,2026-09-12T14:00:00Z,2,2,False,0,0,0,0,0,0,0,0,0,0,0,4,2.0,1.7,2.0,0.6,1,1,0,1,0,0.00,0.01,0.01,0.94,49,-1611,16748,686,2297
ethan_pinnock,Coventry City,DF,4.5,4,Brighton,True,90,2,91,38,2026-09-13T13:00:00Z,0,5,False,0,0,0,5,0,0,0,0,0,0,0,-11,18.0,0.7,4.0,2.3,8,1,2,10,1,0.01,0.00,0.01,2.81,45,-82,7467,688,770
frank_onyeka,Coventry City,MD,4.9,4,Brighton,True,72,2,104,38,2026-09-13T13:00:00Z,0,5,False,0,0,0,3,0,0,0,0,0,0,0,11,6.2,0.9,21.0,2.8,2,4,1,7,1,0.03,0.01,0.04,2.16,49,-1084,11832,629,1713
carl_rushworth,Coventry City,GK,4.5,4,Brighton,True,90,0,110,38,2026-09-13T13:00:00Z,0,5,False,0,0,0,5,0,0,0,0,0,2,0,-5,18.0,0.0,0.0,1.8,1,11,0,0,1,0.00,0.01,0.01,2.81,45,-11337,95177,5350,16687
oliver_dovin,Coventry City,GK,4.0,4,Brighton,True,0,0,171,38,2026-09-13T13:00:00Z,0,5,False,0,0,0,0,0,0,0,0,0,0,0,0,0.0,0.0,0.0,0.0,0,0,0,0,0,0.00,0.00,0.00,0.00,40,-18083,122705,0,18083
ben_wilson,Coventry City,GK,4.5,4,Brighton,True,0,0,172,38,2026-09-13T13:00:00Z,0,5,False,0,0,0,0,0,0,0,0,0,0,0,0,0.0,0.0,0.0,0.0,0,0,0,0,0,0.00,0.00,0.00,0.00,45,-2072,40175,242,2314
bobby_thomas,Coventry City,DF,4.0,4,Brighton,True,90,0,173,38,2026-09-13T13:00:00Z,0,5,False,0,0,0,5,0,0,0,0,0,0,0,-17,6.8,0.4,23.0,3.0,8,2,0,8,1,0.19,0.07,0.26,2.81,40,70975,1003377,154241,83266
liam_kitching,Coventry City,DF,4.0,4,Brighton,True,0,0,174,38,2026-09-13T13:00:00Z,0,5,False,0,0,0,0,0,0,0,0,0,0,0,0,0.0,0.0,0.0,0.0,0,0,0,0,0,0.00,0.00,0.00,0.00,40,-10533,43580,0,10533
milan_van ewijk,Coventry City,DF,4.0,4,Brighton,True,90,0,175,38,2026-09-13T13:00:00Z,0,5,False,0,0,0,5,0,0,0,0,0,0,0,-5,18.8,11.6,4.0,3.4,6,3,1,7,1,0.00,0.04,0.04,2.81,40,-106326,1124770,32583,138909
jay_dasilva,Coventry City,DF,4.0,4,Brighton,True,90,0,176,38,2026-09-13T13:00:00Z,0,5,False,0,0,0,5,0,0,0,0,0,0,0,-7,12.8,26.0,0.0,3.9,3,3,0,3,1,0.00,0.33,0.33,2.81,40,-2321,77723,2492,4813
kaine_kesler-hayden,Coventry City,DF,4.0,4,Brighton,True,0,0,177,38,2026-09-13T13:00:00Z,0,5,False,0,0,0,0,0,0,0,0,0,0,0,0,0.0,0.0,0.0,0.0,0,0,0,0,0,0.00,0.00,0.00,0.00,40,-596,4121,114,710
jake_bidwell,Coventry City,DF,4.0,4,Brighton,True,0,0,178,38,2026-09-13T13:00:00Z,0,5,False,0,0,0,0,0,0,0,0,0,0,0,0,0.0,0.0,0.0,0.0,0,0,0,0,0,0.00,0.00,0.00,0.00,40,-160,8754,645,805
joel_latibeaudiere,Coventry City,DF,4.0,4,Brighton,True,0,0,179,38,2026-09-13T13:00:00Z,0,5,False,0,0,0,0,0,0,0,0,0,0,0,0,0.0,0.0,0.0,0.0,0,0,0,0,0,0.00,0.00,0.00,0.00,40,-101,4073,277,378
luke_woolfenden,Coventry City,DF,4.0,4,Brighton,True,0,0,180,38,2026-09-13T13:00:00Z,0,5,False,0,0,0,0,0,0,0,0,0,0,0,0,0.0,0.0,0.0,0.0,0,0,0,0,0,0.00,0.00,0.00,0.00,40,-1447,13479,375,1822
miguel_brau,Coventry City,DF,4.0,4,Brighton,True,0,0,181,38,2026-09-13T13:00:00Z,0,5,False,0,0,0,0,0,0,0,0,0,0,0,0,0.0,0.0,0.0,0.0,0,0,0,0,0,0.00,0.00,0.00,0.00,40,-477,2631,0,477
aurèle_amenda,Coventry City,DF,4.0,4,Brighton,True,90,0,182,38,2026-09-13T13:00:00Z,0,5,False,0,0,0,5,0,0,0,0,0,0,0,-12,18.2,10.3,4.0,3.3,8,0,0,8,1,0.00,0.00,0.00,2.81,40,-2035,81299,3596,5631
jack_rudoni,Coventry City,MD,5.0,4,Brighton,True,72,2,183,38,2026-09-13T13:00:00Z,0,5,False,0,0,0,3,0,0,0,0,0,0,0,11,10.8,55.5,25.0,9.1,2,3,0,5,1,0.33,0.73,1.06,2.16,50,-812,11698,965,1777
matt_grimes,Coventry City,MD,5.0,4,Brighton,True,83,2,184,38,2026-09-13T13:00:00Z,0,5,False,0,0,0,4,0,0,0,0,0,0,0,9,5.6,5.8,2.0,1.3,1,1,1,3,1,0.05,0.02,0.07,2.60,50,-2101,14585,532,2633
tatsuhiro_sakamoto,Coventry City,MD,4.9,4,Brighton,True,0,0,185,38,2026-09-13T13:00:00Z,0,5,False,0,0,0,0,0,0,0,0,0,0,0,0,0.0,0.0,0.0,0.0,0,0,0,0,0,0.00,0.00,0.00,0.00,49,-975,7657,207,1182
ephron_mason-clark,Coventry City,MD,5.4,4,Brighton,True,59,1,186,38,2026-09-13T13:00:00Z,0,5,False,0,0,0,2,0,0,0,0,0,0,0,5,6.0,1.0,44.0,5.1,2,2,0,4,1,0.49,0.01,0.50,1.37,54,-780,9746,222,1002
josh_eccles,Coventry City,MD,4.9,4,Brighton,True,0,0,187,38,2026-09-13T13:00:00Z,0,5,False,0,0,0,0,0,0,0,0,0,0,0,0,0.0,0.0,0.0,0.0,0,0,0,0,0,0.00,0.00,0.00,0.00,49,-249,1294,93,342
victor_torp,Coventry City,MD,5.4,4,Brighton,True,6,1,188,38,2026-09-13T13:00:00Z,0,5,False,0,0,0,1,0,0,0,0,0,0,0,3,0.4,0.4,0.0,0.1,0,0,0,0,0,0.00,0.00,0.00,0.21,54,-1542,11943,52,1594
george_shepherd,Coventry City,MD,4.5,4,Brighton,True,0,0,189,38,2026-09-13T13:00:00Z,0,5,False,0,0,0,0,0,0,0,0,0,0,0,0,0.0,0.0,0.0,0.0,0,0,0,0,0,0.00,0.00,0.00,0.00,45,-1700,25735,1302,3002
loum_tchaouna,Coventry City,MD,5.4,4,Brighton,True,0,0,190,38,2026-09-13T13:00:00Z,0,5,False,0,0,0,0,0,0,0,0,0,0,0,0,0.0,0.0,0.0,0.0,0,0,0,0,0,0.00,0.00,0.00,0.00,54,-1390,11417,187,1577
raphael_borges rodrigues,Coventry City,MD,4.5,4,Brighton,True,0,0,191,38,2026-09-13T13:00:00Z,0,5,False,0,0,0,0,0,0,0,0,0,0,0,0,0.0,0.0,0.0,0.0,0,0,0,0,0,0.00,0.00,0.00,0.00,45,-3328,11101,0,3328
kai_andrews,Coventry City,MD,4.5,4,Brighton,True,0,0,192,38,2026-09-13T13:00:00Z,0,5,False,0,0,0,0,0,0,0,0,0,0,0,0,0.0,0.0,0.0,0.0,0,0,0,0,0,0.00,0.00,0.00,0.00,45,-8343,36602,0,8343
haji_wright,Coventry City,FW,5.4,4,Brighton,True,0,0,193,38,2026-09-13T13:00:00Z,0,5,False,0,0,0,0,0,0,0,0,0,0,0,0,0.0,0.0,0.0,0.0,0,0,0,0,0,0.00,0.00,0.00,0.00,54,-1789,8935,117,1906
brandon_thomas-asante,Coventry City,FW,5.0,4,Brighton,True,17,1,194,38,2026-09-13T13:00:00Z,0,5,False,0,0,0,2,0,0,0,0,0,0,0,7,6.0,0.5,26.0,3.3,0,0,0,0,0,0.21,0.03,0.24,0.64,50,-1520,84195,11154,12674
ellis_simms,Coventry City,FW,5.0,4,Brighton,True,0,0,195,38,2026-09-13T13:00:00Z,0,5,False,0,0,0,0,0,0,0,0,0,0,0,0,0.0,0.0,0.0,0.0,0,0,0,0,0,0.00,0.00,0.00,0.00,50,-8583,81354,5606,14189
jahnoah_markelo,Coventry City,FW,5.0,4,Brighton,True,0,0,196,38,2026-09-13T13:00:00Z,0,5,False,0,0,0,0,0,0,0,0,0,0,0,0,0.0,0.0,0.0,0.0,0,0,0,0,0,0.00,0.00,0.00,0.00,50,-136,803,0,136
norman_bassette,Coventry City,FW,4.5,4,Brighton,True,0,0,197,38,2026-09-13T13:00:00Z,0,5,False,0,0,0,0,0,0,0,0,0,0,0,0,0.0,0.0,0.0,0.0,0,0,0,0,0,0.00,0.00,0.00,0.00,45,-350,2877,0,350
taiwo_awoniyi,Coventry City,FW,5.5,4,Brighton,True,52,-2,492,38,2026-09-13T13:00:00Z,0,5,False,0,0,0,5,0,0,0,0,1,0,0,-5,0.0,10.9,10.0,1.9,0,1,1,2,1,0.06,0.01,0.07,1.37,55,-3108,69089,7191,10299
caleb_yirenkyi,Coventry City,MD,4.9,4,Brighton,True,17,1,575,38,2026-09-13T13:00:00Z,0,5,False,0,0,0,2,0,0,0,0,0,0,0,3,0.0,10.5,0.0,1.0,0,0,0,0,0,0.00,0.01,0.01,0.64,49,-2489,18325,641,3130
gustavo_hamer,Coventry City,MD,5.4,4,Brighton,True,0,0,584,38,2026-09-13T13:00:00Z,0,5,False,0,0,0,0,0,0,0,0,0,0,0,0,0.0,0.0,0.0,0.0,0,0,0,0,0,0.00,0.00,0.00,0.00,54,-1142,10937,147,1289
sidiki_cherif,Coventry City,FW,5.0,4,Brighton,True,30,1,599,38,2026-09-13T13:00:00Z,0,5,False,0,0,0,3,0,0,0,0,0,0,0,3,1.0,0.2,0.0,0.1,1,0,0,1,0,0.00,0.00,0.00,1.43,50,-281,10369,1323,1604
dan_bentley,Coventry City,GK,4.0,4,Brighton,True,0,0,623,38,2026-09-13T13:00:00Z,0,5,False,0,0,0,0,0,0,0,0,0,0,0,0,0.0,0.0,0.0,0.0,0,0,0,0,0,0.00,0.00,0.00,0.00,40,25889,56982,36983,11094
yann_gboho,Coventry City,MD,5.5,4,Brighton,True,0,0,655,38,2026-09-13T13:00:00Z,0,5,False,0,0,0,0,0,0,0,0,0,0,0,0,0.0,0.0,0.0,0.0,0,0,0,0,0,0.00,0.00,0.00,0.00,55,58,72,65,7
stephen_mfuni,Coventry City,DF,4.0,4,Brighton,True,0,0,656,38,2026-09-13T13:00:00Z,0,5,False,0,0,0,0,0,0,0,0,0,0,0,0,0.0,0.0,0.0,0.0,0,0,0,0,0,0.00,0.00,0.00,0.00,40,2544,7468,2811,267
evann_guessand,Crystal Palace,MD,5.5,4,Ipswich Town,True,0,0,42,34,2026-09-12T14:00:00Z,2,3,False,0,0,0,0,0,0,0,0,0,0,0,0,0.0,0.0,0.0,0.0,0,0,0,0,0,0.00,0.00,0.00,0.00,55,-33,4659,935,968
axel_disasi,Crystal Palace,DF,4.5,4,Ipswich Town,True,33,-3,153,34,2026-09-12T14:00:00Z,2,3,False,0,0,0,3,0,0,0,0,1,0,0,-18,2.2,0.1,0.0,0.2,6,2,0,6,1,0.00,0.00,0.00,0.38,45,4721,14882,7208,2487
dean_henderson,Crystal Palace,GK,5.0,4,Ipswich Town,True,0,0,198,34,2026-09-12T14:00:00Z,2,3,False,0,0,0,0,0,0,0,0,0,0,0,0,0.0,0.0,0.0,0.0,0,0,0,0,0,0.00,0.00,0.00,0.00,50,17128,234983,34005,16877
walter_benítez,Crystal Palace,GK,4.5,4,Ipswich Town,True,90,2,199,34,2026-09-12T14:00:00Z,2,3,False,0,0,0,3,0,0,0,0,0,3,0,3,18.8,0.0,0.0,1.9,1,7,0,0,1,0.00,0.00,0.00,1.68,45,-389,11338,563,952
chris_richards,Crystal Palace,DF,5.0,4,Ipswich Town,True,90,2,202,34,2026-09-12T14:00:00Z,2,3,False,0,0,0,3,0,0,0,1,0,0,0,2,22.4,5.9,0.0,2.8,12,6,1,13,1,0.00,0.06,0.06,1.68,50,497,74063,9105,8608
jaydee_canvot,Crystal Palace,DF,4.9,4,Ipswich Town,True,0,0,203,34,2026-09-12T14:00:00Z,2,3,False,0,0,0,0,0,0,0,0,0,0,0,0,0.0,0.0,0.0,0.0,0,0,0,0,0,0.00,0.00,0.00,0.00,49,-1594,25690,2554,4148
tyrick_mitchell,Crystal Palace,DF,4.5,4,Ipswich Town,True,76,1,204,34,2026-09-12T14:00:00Z,2,3,False,0,0,0,2,0,0,0,0,0,0,0,6,7.8,18.1,0.0,2.6,1,8,0,1,1,0.00,0.06,0.06,1.13,45,212978,768978,259738,46760
borna_sosa,Crystal Palace,DF,4.5,4,Ipswich Town,True,0,0,205,34,2026-09-12T14:00:00Z,2,3,False,0,0,0,0,0,0,0,0,0,0,0,0,0.0,0.0,0.0,0.0,0,0,0,0,0,0.00,0.00,0.00,0.00,45,-639,1928,0,639
chadi_riad dnanou,Crystal Palace,DF,4.4,4,Ipswich Town,True,0,0,206,34,2026-09-12T14:00:00Z,2,3,False,0,0,0,0,0,0,0,0,0,0,0,0,0.0,0.0,0.0,0.0,0,0,0,0,0,0.00,0.00,0.00,0.00,44,-651,2510,58,709
oscar_mingueza,Crystal Palace,DF,4.4,4,Ipswich Town,True,0,0,207,34,2026-09-12T14:00:00Z,2,3,False,0,0,0,0,0,0,0,0,0,0,0,0,0.0,0.0,0.0,0.0,0,0,0,0,0,0.00,0.00,0.00,0.00,44,-316,7027,691,1007
ismaïla_sarr,Crystal Palace,MD,6.3,4,Ipswich Town,True,0,0,208,34,2026-09-12T14:00:00Z,2,3,False,0,0,0,0,0,0,0,0,0,0,0,0,0.0,0.0,0.0,0.0,0,0,0,0,0,0.00,0.00,0.00,0.00,63,-36877,77747,179,37056
adam_wharton,Crystal Palace,MD,5.5,4,Ipswich Town,True,76,2,210,34,2026-09-12T14:00:00Z,2,3,False,0,0,0,2,0,0,0,0,0,0,0,13,5.2,11.8,3.0,2.0,1,3,1,5,1,0.08,0.04,0.12,1.13,55,-1801,91297,8794,10595
yéremy_pino santos,Crystal Palace,MD,5.5,4,Ipswich Town,True,36,1,211,34,2026-09-12T14:00:00Z,2,3,False,0,0,0,1,0,0,0,0,0,0,0,4,0.0,2.7,2.0,0.5,0,1,0,1,1,0.00,0.01,0.01,0.38,55,27655,63756,36851,9196
will_hughes,Crystal Palace,MD,4.5,4,Ipswich Town,True,13,1,212,34,2026-09-12T14:00:00Z,2,3,False,0,0,0,1,0,0,0,0,0,0,0,6,5.6,15.0,0.0,2.1,1,2,1,4,0,0.00,0.04,0.04,0.55,45,-87271,888879,26618,113889
jefferson_lerma solís,Crystal Palace,MD,4.9,4,Ipswich Town,True,6,1,213,34,2026-09-12T14:00:00Z,2,3,False,0,0,0,1,0,0,0,0,0,0,0,3,2.2,0.3,0.0,0.3,1,0,0,1,0,0.00,0.00,0.00,0.48,49,-806,8598,327,1133
daichi_kamada,Crystal Palace,MD,5.0,4,Ipswich Town,True,83,8,214,34,2026-09-12T14:00:00Z,2,3,False,0,2,0,2,0,0,0,0,0,0,0,30,36.2,21.9,2.0,6.0,0,0,1,1,1,0.00,0.05,0.05,1.20,50,11985,44888,18109,6124
justin_devenny,Crystal Palace,MD,5.0,4,Ipswich Town,True,0,0,215,34,2026-09-12T14:00:00Z,2,3,False,0,0,0,0,0,0,0,0,0,0,0,0,0.0,0.0,0.0,0.0,0,0,0,0,0,0.00,0.00,0.00,0.00,50,-276,646,0,276
romain_esse,Crystal Palace,MD,5.0,4,Ipswich Town,True,0,0,216,34,2026-09-12T14:00:00Z,2,3,False,0,0,0,0,0,0,0,0,0,0,0,0,0.0,0.0,0.0,0.0,0,0,0,0,0,0.00,0.00,0.00,0.00,50,-963,2168,0,963
matheus_frança de oliveira,Crystal Palace,MD,4.9,4,Ipswich Town,True,0,0,217,34,2026-09-12T14:00:00Z,2,3,False,0,0,0,0,0,0,0,0,0,0,0,0,0.0,0.0,0.0,0.0,0,0,0,0,0,0.00,0.00,0.00,0.00,49,-730,1885,57,787
cheick_doucouré,Crystal Palace,MD,4.9,4,Ipswich Town,True,0,0,218,34,2026-09-12T14:00:00Z,2,3,False,0,0,0,0,0,0,0,0,0,0,0,0,0.0,0.0,0.0,0.0,0,0,0,0,0,0.00,0.00,0.00,0.00,49,-468,5759,470,938
jesurun_rak-sakyi,Crystal Palace,MD,4.9,4,Ipswich Town,True,0,0,219,34,2026-09-12T14:00:00Z,2,3,False,0,0,0,0,0,0,0,0,0,0,0,0,0.0,0.0,0.0,0.0,0,0,0,0,0,0.00,0.00,0.00,0.00,49,-85,492,55,140
rio_cardines,Crystal Palace,DF,4.5,4,Ipswich Town,True,0,0,220,34,2026-09-12T14:00:00Z,2,3,False,0,0,0,0,0,0,0,0,0,0,0,0,0.0,0.0,0.0,0.0,0,0,0,0,0,0.00,0.00,0.00,0.00,45,-13,138,0,13
joél_drakes-thomas,Crystal Palace,MD,4.5,4,Ipswich Town,True,0,0,221,34,2026-09-12T14:00:00Z,2,3,False,0,0,0,0,0,0,0,0,0,0,0,0,0.0,0.0,0.0,0.0,0,0,0,0,0,0.00,0.00,0.00,0.00,45,-226,8428,850,1076
jørgen_strand larsen,Crystal Palace,FW,6.0,4,Ipswich Town,True,83,8,222,34,2026-09-12T14:00:00Z,2,3,False,1,0,0,2,0,0,0,0,0,0,2,39,40.8,12.8,31.0,8.5,0,1,1,2,1,0.09,0.02,0.11,1.20,60,11360,71789,21000,9640
jean-philippe_mateta,Crystal Palace,FW,6.4,4,Ipswich Town,True,0,0,223,34,2026-09-12T14:00:00Z,2,3,False,0,0,0,0,0,0,0,0,0,0,0,0,0.0,0.0,0.0,0.0,0,0,0,0,0,0.00,0.00,0.00,0.00,64,-72649,175573,343,72992
eddie_nketiah,Crystal Palace,FW,5.5,4,Ipswich Town,True,0,0,224,34,2026-09-12T14:00:00Z,2,3,False,0,0,0,0,0,0,0,0,0,0,0,0,0.0,0.0,0.0,0.0,0,0,0,0,0,0.00,0.00,0.00,0.00,55,20214,81943,29818,9604
christantus_uche,Crystal Palace,FW,5.0,4,Ipswich Town,True,0,0,225,34,2026-09-12T14:00:00Z,2,3,False,0,0,0,0,0,0,0,0,0,0,0,0,0.0,0.0,0.0,0.0,0,0,0,0,0,0.00,0.00,0.00,0.00,50,0,0,0,0
dwight_mcneil,Crystal Palace,MD,5.4,4,Ipswich Town,True,0,0,241,34,2026-09-12T14:00:00Z,2,3,False,0,0,0,0,0,0,0,0,0,0,0,0,0.0,0.0,0.0,0.0,0,0,0,0,0,0.00,0.00,0.00,0.00,54,-1350,13782,510,1860
remi_matthews,Crystal Palace,GK,4.0,4,Ipswich Town,True,0,0,555,34,2026-09-12T14:00:00Z,2,3,False,0,0,0,0,0,0,0,0,0,0,0,0,0.0,0.0,0.0,0.0,0,0,0,0,0,0.00,0.00,0.00,0.00,40,-2537,187175,5212,7749
takehiro_tomiyasu,Crystal Palace,DF,4.5,4,Ipswich Town,True,53,0,577,34,2026-09-12T14:00:00Z,2,3,False,0,0,0,2,0,0,0,0,0,0,0,6,10.2,1.3,4.0,1.6,4,3,1,5,0,0.00,0.01,0.01,1.29,45,-2574,31339,625,3199
anan_khalaili,Crystal Palace,DF,5.0,4,Ipswich Town,True,90,7,588,34,2026-09-12T14:00:00Z,2,3,False,1,0,0,3,0,0,0,0,0,0,0,4,40.4,16.0,31.0,8.7,3,4,2,5,1,0.22,0.14,0.36,1.68,50,17022,41054,22369,5347
zavier_gozo,Crystal Palace,MD,5.0,4,Ipswich Town,True,6,1,595,34,2026-09-12T14:00:00Z,2,3,False,0,0,0,1,0,0,0,0,0,0,0,3,0.0,0.3,0.0,0.0,0,0,0,0,0,0.00,0.00,0.00,0.48,50,-88,1406,110,198
honest_ahanor,Crystal Palace,DF,4.5,4,Ipswich Town,True,90,3,633,34,2026-09-12T14:00:00Z,2,3,False,0,0,0,3,0,0,0,0,0,0,0,10,24.6,11.9,4.0,4.1,9,4,2,11,1,0.00,0.01,0.01,1.68,45,668,1153,848,180
ben_chilwell,Crystal Palace,DF,4.5,4,Ipswich Town,True,13,1,643,34,2026-09-12T14:00:00Z,2,3,False,0,0,0,1,0,0,0,0,0,0,0,1,0.2,3.5,4.0,0.8,1,0,0,1,0,0.12,0.01,0.13,0.55,45,32853,62478,38522,5669
quinten_timber,Crystal Palace,MD,5.0,4,Ipswich Town,True,90,4,644,34,2026-09-12T14:00:00Z,2,3,False,0,0,0,3,0,0,0,0,0,0,0,24,25.2,4.9,27.0,5.7,2,6,8,16,1,0.10,0.03,0.13,1.68,50,1293,2570,1757,464
darío_osorio,Crystal Palace,MD,5.5,4,Ipswich Town,True,0,0,647,34,2026-09-12T14:00:00Z,2,3,False,0,0,0,0,0,0,0,0,0,0,0,0,0.0,0.0,0.0,0.0,0,0,0,0,0,0.00,0.00,0.00,0.00,55,263,903,378,115
christian_nørgaard,Everton,MD,4.9,4,Spurs,False,0,0,21,37,2026-09-12T16:30:00Z,0,0,False,0,0,0,0,0,0,0,0,0,0,0,0,0.0,0.0,0.0,0.0,0,0,0,0,0,0.00,0.00,0.00,0.00,49,-1199,5295,83,1282
brennan_johnson,Everton,MD,5.9,4,Spurs,False,74,3,209,37,2026-09-12T16:30:00Z,0,0,False,0,0,1,0,0,0,0,0,0,0,0,13,11.2,29.0,6.0,4.6,2,2,2,6,1,0.16,0.18,0.34,0.43,59,-1128,12460,1069,2197
jordan_pickford,Everton,GK,5.5,4,Spurs,False,90,6,226,37,2026-09-12T16:30:00Z,0,0,False,0,0,1,0,0,0,0,0,0,2,0,25,11.6,0.0,0.0,1.2,2,11,0,0,1,0.00,0.00,0.00,0.69,55,792,922558,69771,68979
mark_travers,Everton,GK,5.0,4,Spurs,False,0,0,227,37,2026-09-12T16:30:00Z,0,0,False,0,0,0,0,0,0,0,0,0,0,0,0,0.0,0.0,0.0,0.0,0,0,0,0,0,0.00,0.00,0.00,0.00,50,-29,3798,410,439
tom_king,Everton,GK,4.5,4,Spurs,False,0,0,228,37,2026-09-12T16:30:00Z,0,0,False,0,0,0,0,0,0,0,0,0,0,0,0,0.0,0.0,0.0,0.0,0,0,0,0,0,0.00,0.00,0.00,0.00,45,-100,4562,278,378
james_tarkowski,Everton,DF,6.0,4,Spurs,False,90,8,229,37,2026-09-12T16:30:00Z,0,0,False,0,0,1,0,0,0,0,0,0,0,2,32,19.2,1.8,0.0,2.1,3,3,5,8,1,0.00,0.01,0.01,0.69,60,71807,1237976,163569,91762
jarrad_branthwaite,Everton,DF,5.5,4,Spurs,False,90,6,230,37,2026-09-12T16:30:00Z,0,0,False,0,0,1,0,0,0,0,0,0,0,0,27,30.0,3.4,0.0,3.3,8,2,1,9,1,0.00,0.00,0.00,0.69,55,14503,206240,35472,20969
michael_keane,Everton,DF,4.9,4,Spurs,False,0,0,231,37,2026-09-12T16:30:00Z,0,0,False,0,0,0,0,0,0,0,0,0,0,0,0,0.0,0.0,0.0,0.0,0,0,0,0,0,0.00,0.00,0.00,0.00,49,-15433,92288,1268,16701
jake_o'brien,Everton,DF,4.9,4,Spurs,False,15,1,232,37,2026-09-12T16:30:00Z,0,0,False,0,0,0,0,0,0,0,0,0,0,0,2,1.0,0.0,0.0,0.1,1,1,0,1,0,0.00,0.00,0.00,0.26,49,-3863,31964,666,4529
vitalii_mykolenko,Everton,DF,4.5,4,Spurs,False,90,11,233,37,2026-09-12T16:30:00Z,0,0,False,0,0,1,0,0,0,0,0,0,0,3,38,24.4,11.3,4.0,4.0,4,4,7,11,1,0.00,0.07,0.07,0.69,45,33677,216365,70682,37005
nathan_patterson,Everton,DF,4.5,4,Spurs,False,0,0,234,37,2026-09-12T16:30:00Z,0,0,False,0,0,0,0,0,0,0,0,0,0,0,0,0.0,0.0,0.0,0.0,0,0,0,0,0,0.00,0.00,0.00,0.00,45,-744,1949,0,744
adam_aznou,Everton,DF,4.0,4,Spurs,False,0,0,235,37,2026-09-12T16:30:00Z,0,0,False,0,0,0,0,0,0,0,0,0,0,0,0,0.0,0.0,0.0,0.0,0,0,0,0,0,0.00,0.00,0.00,0.00,40,-3078,11804,0,3078
kiernan_dewsbury-hall,Everton,MD,6.5,4,Spurs,False,90,2,236,37,2026-09-12T16:30:00Z,0,0,False,0,0,1,0,0,0,0,1,0,0,0,16,15.0,19.0,28.0,6.2,2,4,0,6,1,0.17,0.09,0.26,0.69,65,41220,497656,141140,99920
jack_grealish,Everton,MD,6.5,4,Spurs,False,25,1,238,37,2026-09-12T16:30:00Z,0,0,False,0,0,0,0,0,0,0,0,0,0,0,4,3.4,1.2,2.0,0.7,2,1,1,4,0,0.00,0.01,0.01,0.30,65,9697,42527,16008,6311
james_garner,Everton,MD,6.0,4,Spurs,False,90,4,239,37,2026-09-12T16:30:00Z,0,0,False,0,0,1,0,0,0,0,1,0,0,0,23,23.6,5.1,7.0,3.6,3,8,6,17,1,0.04,0.02,0.06,0.69,60,-1024,13037,2679,3703
tyrique_george,Everton,MD,5.5,4,Spurs,False,64,3,242,37,2026-09-12T16:30:00Z,0,0,False,0,0,1,0,0,0,0,0,0,0,0,13,6.4,15.4,5.0,2.7,1,2,0,3,1,0.05,0.15,0.20,0.39,55,36647,67366,50072,13425
carlos_alcaraz durán,Everton,MD,4.9,4,Spurs,False,0,0,243,37,2026-09-12T16:30:00Z,0,0,False,0,0,0,0,0,0,0,0,0,0,0,0,0.0,0.0,0.0,0.0,0,0,0,0,0,0.00,0.00,0.00,0.00,49,-731,8215,594,1325
harrison_armstrong,Everton,MD,5.0,4,Spurs,False,90,3,244,37,2026-09-12T16:30:00Z,0,0,False,0,0,1,0,0,0,0,0,0,0,0,6,12.4,4.5,2.0,1.9,3,2,0,5,1,0.00,0.02,0.02,0.69,50,4105,46365,12956,8851
tyler_dibling,Everton,MD,5.4,4,Spurs,False,0,0,245,37,2026-09-12T16:30:00Z,0,0,False,0,0,0,0,0,0,0,0,0,0,0,0,0.0,0.0,0.0,0.0,0,0,0,0,0,0.00,0.00,0.00,0.00,54,-295,3002,210,505
merlin_röhl,Everton,MD,5.0,4,Spurs,False,0,0,246,37,2026-09-12T16:30:00Z,0,0,False,0,0,0,0,0,0,0,0,0,0,0,0,0.0,0.0,0.0,0.0,0,0,0,0,0,0.00,0.00,0.00,0.00,50,-469,5016,572,1041
hayden_hackney,Everton,MD,5.5,4,Spurs,False,15,1,247,37,2026-09-12T16:30:00Z,0,0,False,0,0,0,0,0,0,0,0,0,0,0,3,3.2,10.8,4.0,1.8,1,0,0,1,0,0.00,0.02,0.02,0.26,55,-480,21723,1482,1962
norberto bercique_gomes betuncal,Everton,FW,5.4,4,Spurs,False,0,0,248,37,2026-09-12T16:30:00Z,0,0,False,0,0,0,0,0,0,0,0,0,0,0,0,0.0,0.0,0.0,0.0,0,0,0,0,0,0.00,0.00,0.00,0.00,54,-62064,94922,0,62064
thierno_barry,Everton,FW,5.6,4,Spurs,False,90,2,249,37,2026-09-12T16:30:00Z,0,0,False,0,0,1,0,0,0,0,0,0,0,0,5,3.2,14.0,57.0,7.4,1,1,0,2,1,0.67,0.03,0.70,0.69,56,153695,666569,273770,120075
ainsley_maitland-niles,Everton,DF,4.5,4,Spurs,False,74,6,649,37,2026-09-12T16:30:00Z,0,0,False,0,0,1,0,0,0,0,0,0,0,0,23,10.0,12.0,1.0,2.3,3,4,2,5,1,0.03,0.14,0.17,0.43,45,14703,30581,18405,3702
braiden_graham,Everton,MD,4.5,4,Spurs,False,0,0,654,37,2026-09-12T16:30:00Z,0,0,False,0,0,0,0,0,0,0,0,0,0,0,0,0.0,0.0,0.0,0.0,0,0,0,0,0,0.00,0.00,0.00,0.00,45,7400,17369,9461,2061
bernd_leno,Fulham,GK,4.5,4,Liverpool,False,90,9,250,35,2026-09-12T14:00:00Z,0,0,False,0,0,1,0,0,0,0,0,0,3,2,29,25.4,0.0,0.0,2.5,1,8,0,0,1,0.00,0.00,0.00,1.28,45,-15234,308412,19790,35024
benjamin_lecomte,Fulham,GK,4.0,4,Liverpool,False,0,0,251,35,2026-09-12T14:00:00Z,0,0,False,0,0,0,0,0,0,0,0,0,0,0,0,0.0,0.0,0.0,0.0,0,0,0,0,0,0.00,0.00,0.00,0.00,40,981,123844,8151,7170
alfie_mcnally,Fulham,GK,4.0,4,Liverpool,False,0,0,252,35,2026-09-12T14:00:00Z,0,0,False,0,0,0,0,0,0,0,0,0,0,0,0,0.0,0.0,0.0,0.0,0,0,0,0,0,0.00,0.00,0.00,0.00,40,-1879,13370,0,1879
joachim_andersen,Fulham,DF,5.0,4,Liverpool,False,0,0,253,35,2026-09-12T14:00:00Z,0,0,False,0,0,0,0,0,0,0,0,0,0,0,0,0.0,0.0,0.0,0.0,0,0,0,0,0,0.00,0.00,0.00,0.00,50,-1378,13284,1887,3265
antonee_robinson,Fulham,DF,4.5,4,Liverpool,False,90,6,254,35,2026-09-12T14:00:00Z,0,0,False,0,0,1,0,0,0,0,0,0,0,0,25,17.6,22.1,6.0,4.6,7,4,2,9,1,0.05,0.05,0.10,1.28,45,-21356,143996,4729,26085
jorge_cuenca barreno,Fulham,DF,4.5,4,Liverpool,False,0,0,255,35,2026-09-12T14:00:00Z,0,0,False,0,0,0,0,0,0,0,0,0,0,0,0,0.0,0.0,0.0,0.0,0,0,0,0,0,0.00,0.00,0.00,0.00,45,-509,3009,104,613
kenny_tete,Fulham,DF,4.4,4,Liverpool,False,27,0,256,35,2026-09-12T14:00:00Z,0,0,False,0,0,0,0,0,0,0,1,0,0,0,-1,1.6,0.3,2.0,0.4,3,0,0,3,0,0.00,0.00,0.00,0.65,44,-2058,21818,237,2295
calvin_bassey,Fulham,DF,4.5,4,Liverpool,False,90,6,257,35,2026-09-12T14:00:00Z,0,0,False,0,0,1,0,0,0,0,0,0,0,0,27,23.4,0.7,21.0,4.5,7,3,1,8,1,0.05,0.00,0.05,1.28,45,-7922,71722,2294,10216
timothy_castagne,Fulham,DF,4.5,4,Liverpool,False,71,6,258,35,2026-09-12T14:00:00Z,0,0,False,0,0,1,0,0,0,0,0,0,0,0,23,11.2,0.8,2.0,1.4,3,3,2,5,1,0.00,0.01,0.01,0.74,45,-11458,83333,6203,17661
alex_iwobi,Fulham,MD,5.4,4,Liverpool,False,76,3,261,35,2026-09-12T14:00:00Z,0,0,False,0,0,1,0,0,0,0,0,0,0,0,15,7.6,33.7,10.0,5.1,0,3,1,4,1,0.15,0.11,0.26,0.81,54,-14119,75540,2396,16515
emile_smith rowe,Fulham,MD,5.4,4,Liverpool,False,13,1,262,35,2026-09-12T14:00:00Z,0,0,False,0,0,0,0,0,0,0,0,0,0,0,3,1.2,0.5,0.0,0.2,1,1,0,2,0,0.00,0.00,0.00,0.46,54,-4117,28676,777,4894
kevin_santos lopes de macedo,Fulham,MD,5.4,4,Liverpool,False,18,1,263,35,2026-09-12T14:00:00Z,0,0,False,0,0,0,0,0,0,0,0,0,0,0,4,0.2,3.3,1.0,0.5,0,2,1,3,0,0.03,0.07,0.10,0.54,54,-826,4241,236,1062
oscar_bobb,Fulham,MD,5.5,4,Liverpool,False,62,3,264,35,2026-09-12T14:00:00Z,0,0,False,0,0,1,0,0,0,0,0,0,0,0,12,10.0,30.0,4.0,4.4,2,4,1,7,1,0.00,0.13,0.13,0.63,55,-4132,30794,2106,6238
sander_berge,Fulham,MD,4.9,4,Liverpool,False,90,3,265,35,2026-09-12T14:00:00Z,0,0,False,0,0,1,0,0,0,0,0,0,0,0,14,18.6,11.7,6.0,3.6,4,2,3,9,1,0.00,0.01,0.01,1.28,49,-4295,32007,748,5043
tom_cairney,Fulham,MD,5.0,4,Liverpool,False,0,0,266,35,2026-09-12T14:00:00Z,0,0,False,0,0,0,0,0,0,0,0,0,0,0,0,0.0,0.0,0.0,0.0,0,0,0,0,0,0.00,0.00,0.00,0.00,50,-3,348,50,53
josh_king,Fulham,MD,5.5,4,Liverpool,False,76,3,268,35,2026-09-12T14:00:00Z,0,0,False,0,0,1,0,0,0,0,0,0,0,0,19,11.4,14.3,37.0,6.3,0,2,2,4,1,0.21,0.09,0.30,0.81,55,47115,130602,81597,34482
ryan_sessegnon,Fulham,DF,4.4,4,Liverpool,False,0,0,269,35,2026-09-12T14:00:00Z,0,0,False,0,0,0,0,0,0,0,0,0,0,0,0,0.0,0.0,0.0,0.0,0,0,0,0,0,0.00,0.00,0.00,0.00,44,-4182,34199,369,4551
harrison_reed,Fulham,MD,4.5,4,Liverpool,False,0,0,270,35,2026-09-12T14:00:00Z,0,0,False,0,0,0,0,0,0,0,0,0,0,0,0,0.0,0.0,0.0,0.0,0,0,0,0,0,0.00,0.00,0.00,0.00,45,-12381,121271,3620,16001
rodrigo_muniz carvalho,Fulham,FW,5.4,4,Liverpool,False,13,1,271,35,2026-09-12T14:00:00Z,0,0,False,0,0,0,0,0,0,0,0,0,0,0,4,2.0,0.3,2.0,0.4,1,0,0,1,0,0.00,0.00,0.00,0.46,54,-4272,46371,3624,7896
jonah_kusi-asare,Fulham,FW,4.5,4,Liverpool,False,0,0,272,35,2026-09-12T14:00:00Z,0,0,False,0,0,0,0,0,0,0,0,0,0,0,0,0.0,0.0,0.0,0.0,0,0,0,0,0,0.00,0.00,0.00,0.00,45,-45728,635399,35011,80739
gonzalo_garcía,Fulham,FW,6.0,4,Liverpool,False,76,2,569,35,2026-09-12T14:00:00Z,0,0,False,0,0,1,0,0,0,0,0,0,0,0,5,4.4,10.9,10.0,2.5,1,2,0,3,1,0.20,0.03,0.23,0.81,60,-70216,405535,38609,108825
césar_palacios,Fulham,MD,5.5,4,Liverpool,False,0,0,570,35,2026-09-12T14:00:00Z,0,0,False,0,0,0,0,0,0,0,0,0,0,0,0,0.0,0.0,0.0,0.0,0,0,0,0,0,0.00,0.00,0.00,0.00,55,-683,18348,1449,2132
shea_charles,Fulham,MD,5.0,4,Liverpool,False,90,5,580,35,2026-09-12T14:00:00Z,0,0,False,0,0,1,0,0,0,0,0,0,0,0,19,29.0,3.4,0.0,3.2,8,8,1,17,1,0.00,0.02,0.02,1.28,50,-636,7397,295,931
luc_de fougerolles,Fulham,DF,4.0,4,Liverpool,False,0,0,610,35,2026-09-12T14:00:00Z,0,0,False,0,0,0,0,0,0,0,0,0,0,0,0,0.0,0.0,0.0,0.0,0,0,0,0,0,0.00,0.00,0.00,0.00,40,-750,9207,515,1265
macaulay_zepa,Fulham,MD,4.5,4,Liverpool,False,0,0,626,35,2026-09-12T14:00:00Z,0,0,False,0,0,0,0,0,0,0,0,0,0,0,0,0.0,0.0,0.0,0.0,0,0,0,0,0,0.00,0.00,0.00,0.00,45,4635,39436,11161,6526
hugo_larsson,Fulham,MD,5.0,4,Liverpool,False,13,1,635,35,2026-09-12T14:00:00Z,0,0,False,0,0,0,0,0,0,0,0,0,0,0,3,0.0,0.5,0.0,0.1,0,1,0,1,0,0.00,0.01,0.01,0.46,50,185,614,266,81
manuel ángel_morán ibáñez,Fulham,MD,5.0,4,Liverpool,False,0,0,636,35,2026-09-12T14:00:00Z,0,0,False,0,0,0,0,0,0,0,0,0,0,0,0,0.0,0.0,0.0,0.0,0,0,0,0,0,0.00,0.00,0.00,0.00,50,79,306,133,54
david_affengruber,Fulham,DF,4.5,4,Liverpool,False,90,8,650,35,2026-09-12T14:00:00Z,0,0,False,0,0,1,0,0,0,0,0,0,0,0,23,18.6,3.3,0.0,2.2,11,3,1,12,1,0.00,0.00,0.00,1.28,45,172,573,274,102
tim_iroegbunam,Hull City,MD,5.0,4,Chelsea,False,21,0,240,33,2026-09-12T14:00:00Z,2,2,False,0,0,0,0,0,0,0,1,0,0,0,2,3.0,0.2,0.0,0.3,1,0,1,2,0,0.00,0.00,0.00,0.35,50,128,1598,334,206
dillon_phillips,Hull City,GK,4.0,4,Chelsea,False,0,0,273,33,2026-09-12T14:00:00Z,2,2,False,0,0,0,0,0,0,0,0,0,0,0,0,0.0,0.0,0.0,0.0,0,0,0,0,0,0.00,0.00,0.00,0.00,40,-1217,154407,8596,9813
jack_butland,Hull City,GK,4.5,4,Chelsea,False,0,0,274,33,2026-09-12T14:00:00Z,2,2,False,0,0,0,0,0,0,0,0,0,0,0,0,0.0,0.0,0.0,0.0,0,0,0,0,0,0.00,0.00,0.00,0.00,45,-669,7924,170,839
harvey_cartwright,Hull City,GK,4.0,4,Chelsea,False,0,0,275,33,2026-09-12T14:00:00Z,2,2,False,0,0,0,0,0,0,0,0,0,0,0,0,0.0,0.0,0.0,0.0,0,0,0,0,0,0.00,0.00,0.00,0.00,40,-67,751,0,67
thimothée_lo-tutala,Hull City,GK,4.0,4,Chelsea,False,0,0,276,33,2026-09-12T14:00:00Z,2,2,False,0,0,0,0,0,0,0,0,0,0,0,0,0.0,0.0,0.0,0.0,0,0,0,0,0,0.00,0.00,0.00,0.00,40,-204,2640,0,204
john_egan,Hull City,DF,4.1,4,Chelsea,False,90,2,277,33,2026-09-12T14:00:00Z,2,2,False,0,0,0,2,0,0,0,1,0,0,0,-1,14.2,0.5,6.0,2.1,12,6,2,14,1,0.04,0.00,0.04,0.91,41,150184,688208,223735,73551
charlie_hughes,Hull City,DF,4.0,4,Chelsea,False,0,0,278,33,2026-09-12T14:00:00Z,2,2,False,0,0,0,0,0,0,0,0,0,0,0,0,0.0,0.0,0.0,0.0,0,0,0,0,0,0.00,0.00,0.00,0.00,40,-1016,8103,174,1190
semi_ajayi,Hull City,DF,4.2,4,Chelsea,False,90,1,279,33,2026-09-12T14:00:00Z,2,2,False,0,0,0,2,0,0,0,0,0,0,0,-6,5.4,1.3,6.0,1.3,2,2,1,3,1,0.13,0.00,0.13,0.91,42,271450,1350778,349993,78543
lewie_coyle,Hull City,DF,4.0,4,Chelsea,False,81,1,280,33,2026-09-12T14:00:00Z,2,2,False,0,0,0,2,0,0,0,0,0,0,0,2,5.6,10.9,5.0,2.2,2,4,1,3,1,0.13,0.01,0.14,0.72,40,5360,65983,9488,4128
cody_drameh,Hull City,DF,4.0,4,Chelsea,False,0,0,281,33,2026-09-12T14:00:00Z,2,2,False,0,0,0,0,0,0,0,0,0,0,0,0,0.0,0.0,0.0,0.0,0,0,0,0,0,0.00,0.00,0.00,0.00,40,-1503,5246,0,1503
ryan_giles,Hull City,DF,4.0,4,Chelsea,False,90,4,282,33,2026-09-12T14:00:00Z,2,2,False,0,1,0,2,0,0,0,0,0,0,0,20,32.4,33.5,0.0,6.6,6,2,1,7,1,0.00,0.17,0.17,0.91,40,58990,195043,75912,16922
matty_jacob,Hull City,DF,4.0,4,Chelsea,False,0,0,283,33,2026-09-12T14:00:00Z,2,2,False,0,0,0,0,0,0,0,0,0,0,0,0,0.0,0.0,0.0,0.0,0,0,0,0,0,0.00,0.00,0.00,0.00,40,-125,927,0,125
cathal_mccarthy,Hull City,DF,4.0,4,Chelsea,False,0,0,284,33,2026-09-12T14:00:00Z,2,2,False,0,0,0,0,0,0,0,0,0,0,0,0,0.0,0.0,0.0,0.0,0,0,0,0,0,0.00,0.00,0.00,0.00,40,-54,9522,986,1040
paddy_mcnair,Hull City,DF,4.0,4,Chelsea,False,0,0,285,33,2026-09-12T14:00:00Z,2,2,False,0,0,0,0,0,0,0,0,0,0,0,0,0.0,0.0,0.0,0.0,0,0,0,0,0,0.00,0.00,0.00,0.00,40,-629,12640,574,1203
mohamed_belloumi,Hull City,MD,5.0,4,Chelsea,False,59,13,286,33,2026-09-12T14:00:00Z,2,2,False,2,0,0,1,0,0,0,0,0,0,2,43,68.2,11.7,31.0,11.1,0,0,1,1,1,0.17,0.06,0.23,0.26,50,14908,107667,26566,11658
liam_millar,Hull City,MD,5.0,4,Chelsea,False,0,0,287,33,2026-09-12T14:00:00Z,2,2,False,0,0,0,0,0,0,0,0,0,0,0,0,0.0,0.0,0.0,0.0,0,0,0,0,0,0.00,0.00,0.00,0.00,50,-2492,4292,0,2492
kieran_dowell,Hull City,MD,4.5,4,Chelsea,False,0,0,288,33,2026-09-12T14:00:00Z,2,2,False,0,0,0,0,0,0,0,0,0,0,0,0,0.0,0.0,0.0,0.0,0,0,0,0,0,0.00,0.00,0.00,0.00,45,-2198,35795,2721,4919
matt_crooks,Hull City,MD,4.5,4,Chelsea,False,68,1,289,33,2026-09-12T14:00:00Z,2,2,False,0,0,0,2,0,0,0,1,0,0,0,2,11.0,0.4,0.0,1.1,5,3,2,10,1,0.00,0.00,0.00,0.55,45,-6726,52575,2257,8983
regan_slater,Hull City,MD,4.5,4,Chelsea,False,90,2,290,33,2026-09-12T14:00:00Z,2,2,False,0,0,0,2,0,0,0,0,0,0,0,22,19.2,26.9,7.0,5.3,3,5,3,11,1,0.04,0.10,0.14,0.91,45,81497,601956,170308,88811
eliot_matazo,Hull City,MD,4.5,4,Chelsea,False,0,0,291,33,2026-09-12T14:00:00Z,2,2,False,0,0,0,0,0,0,0,0,0,0,0,0,0.0,0.0,0.0,0.0,0,0,0,0,0,0.00,0.00,0.00,0.00,45,1,664,117,116
abdülkadir_ömür,Hull City,MD,4.9,4,Chelsea,False,0,0,292,33,2026-09-12T14:00:00Z,2,2,False,0,0,0,0,0,0,0,0,0,0,0,0,0.0,0.0,0.0,0.0,0,0,0,0,0,0.00,0.00,0.00,0.00,49,-30,1763,298,328
abu_kamara,Hull City,MD,5.0,4,Chelsea,False,0,0,293,33,2026-09-12T14:00:00Z,2,2,False,0,0,0,0,0,0,0,0,0,0,0,0,0.0,0.0,0.0,0.0,0,0,0,0,0,0.00,0.00,0.00,0.00,50,-47,215,0,47
óscar_zambrano,Hull City,MD,4.5,4,Chelsea,False,0,0,294,33,2026-09-12T14:00:00Z,2,2,False,0,0,0,0,0,0,0,0,0,0,0,0,0.0,0.0,0.0,0.0,0,0,0,0,0,0.00,0.00,0.00,0.00,45,258,10293,1379,1121
oli_mcburnie,Hull City,FW,5.5,4,Chelsea,False,81,4,295,33,2026-09-12T14:00:00Z,2,2,False,0,1,0,2,0,0,0,1,0,0,0,17,23.6,10.8,19.0,5.3,2,0,1,3,1,0.33,0.04,0.37,0.72,55,-18516,198314,22215,40731
david_akintola,Hull City,MD,5.0,4,Chelsea,False,0,0,296,33,2026-09-12T14:00:00Z,2,2,False,0,0,0,0,0,0,0,0,0,0,0,0,0.0,0.0,0.0,0.0,0,0,0,0,0,0.00,0.00,0.00,0.00,50,-603,3894,522,1125
darko_gyabi,Hull City,MD,4.5,4,Chelsea,False,0,0,297,33,2026-09-12T14:00:00Z,2,2,False,0,0,0,0,0,0,0,0,0,0,0,0,0.0,0.0,0.0,0.0,0,0,0,0,0,0.00,0.00,0.00,0.00,45,-159,2036,123,282
enis_destan,Hull City,FW,4.5,4,Chelsea,False,0,0,298,33,2026-09-12T14:00:00Z,2,2,False,0,0,0,0,0,0,0,0,0,0,0,0,0.0,0.0,0.0,0.0,0,0,0,0,0,0.00,0.00,0.00,0.00,45,-3752,22427,0,3752
mason_burstow,Hull City,FW,4.5,4,Chelsea,False,0,0,299,33,2026-09-12T14:00:00Z,2,2,False,0,0,0,0,0,0,0,0,0,0,0,0,0.0,0.0,0.0,0.0,0,0,0,0,0,0.00,0.00,0.00,0.00,45,-497,3872,0,497
joe_gelhardt,Hull City,MD,5.0,4,Chelsea,False,0,0,340,33,2026-09-12T14:00:00Z,2,2,False,0,0,0,0,0,0,0,0,0,0,0,0,0.0,0.0,0.0,0.0,0,0,0,0,0,0.00,0.00,0.00,0.00,50,22,1173,185,163
matt_targett,Hull City,DF,4.0,4,Chelsea,False,0,0,556,33,2026-09-12T14:00:00Z,2,2,False,0,0,0,0,0,0,0,0,0,0,0,0,0.0,0.0,0.0,0.0,0,0,0,0,0,0.00,0.00,0.00,0.00,40,-14007,203969,5238,19245
hidemasa_morita,Hull City,MD,5.0,4,Chelsea,False,0,0,563,33,2026-09-12T14:00:00Z,2,2,False,0,0,0,0,0,0,0,0,0,0,0,0,0.0,0.0,0.0,0.0,0,0,0,0,0,0.00,0.00,0.00,0.00,50,-369,2165,141,510
konstantinos_tzolakis,Hull City,GK,4.6,4,Chelsea,False,90,2,572,33,2026-09-12T14:00:00Z,2,2,False,0,0,0,2,0,0,0,0,0,5,0,15,29.4,0.0,0.0,2.9,2,15,0,0,1,0.00,0.00,0.00,0.91,46,171110,1074132,238858,67748
jens_hjertø-dahl,Hull City,MD,4.9,4,Chelsea,False,0,0,574,33,2026-09-12T14:00:00Z,2,2,False,0,0,0,0,0,0,0,0,0,0,0,0,0.0,0.0,0.0,0.0,0,0,0,0,0,0.00,0.00,0.00,0.00,49,-421,6454,444,865
elliot_stroud,Hull City,MD,5.0,4,Chelsea,False,59,1,576,33,2026-09-12T14:00:00Z,2,2,False,0,0,0,1,0,0,0,0,0,0,0,3,0.0,1.8,1.0,0.2,0,3,2,5,1,0.01,0.00,0.01,0.26,50,-410,8779,621,1031
lucas_herrington,Hull City,DF,4.0,4,Chelsea,False,31,1,585,33,2026-09-12T14:00:00Z,2,2,False,0,0,0,1,0,0,0,0,0,0,0,-1,1.6,0.4,0.0,0.2,1,0,0,1,0,0.00,0.01,0.01,0.64,40,-2456,62794,2136,4592
nobel_mendy,Hull City,DF,4.1,4,Chelsea,False,58,1,586,33,2026-09-12T14:00:00Z,2,2,False,0,0,0,1,0,0,0,0,0,0,0,3,12.6,0.2,0.0,1.3,5,0,2,7,1,0.00,0.00,0.00,0.26,41,246029,895270,316492,70463
lucas_gourna-douath,Hull City,MD,5.0,4,Chelsea,False,0,0,589,33,2026-09-12T14:00:00Z,2,2,False,0,0,0,0,0,0,0,0,0,0,0,0,0.0,0.0,0.0,0.0,0,0,0,0,0,0.00,0.00,0.00,0.00,50,-111,2686,172,283
mohamed-ali_cho,Hull City,MD,5.0,4,Chelsea,False,30,1,617,33,2026-09-12T14:00:00Z,2,2,False,0,0,0,1,0,0,0,0,0,0,0,3,7.2,18.5,21.0,4.7,1,1,0,2,0,0.47,0.16,0.63,0.64,50,147,1116,339,192
ilyas_ansah,Hull City,FW,5.0,4,Chelsea,False,0,0,632,33,2026-09-12T14:00:00Z,2,2,False,0,0,0,0,0,0,0,0,0,0,0,0,0.0,0.0,0.0,0.0,0,0,0,0,0,0.00,0.00,0.00,0.00,50,1122,4222,2674,1552
robinio_vaz,Hull City,FW,5.0,4,Chelsea,False,8,1,637,33,2026-09-12T14:00:00Z,2,2,False,0,0,0,0,0,0,0,0,0,0,0,3,0.0,0.5,0.0,0.0,0,1,0,1,0,0.00,0.00,0.00,0.18,50,2411,5168,3312,901
brooke_norton-cuffy,Hull City,DF,4.0,4,Chelsea,False,8,0,638,33,2026-09-12T14:00:00Z,2,2,False,0,0,0,0,0,0,0,1,0,0,0,0,0.0,0.3,7.0,0.7,0,2,0,0,0,0.05,0.00,0.05,0.18,40,10672,34986,14148,3476
sorba_thomas,Hull City,MD,5.5,4,Chelsea,False,30,1,642,33,2026-09-12T14:00:00Z,2,2,False,0,0,0,1,0,0,0,0,0,0,0,6,5.6,14.8,4.0,2.4,0,4,0,4,0,0.02,0.03,0.05,0.64,55,606,1526,883,277
christos_mouzakitis,Hull City,MD,5.0,4,Chelsea,False,0,0,645,33,2026-09-12T14:00:00Z,2,2,False,0,0,0,0,0,0,0,0,0,0,0,0,0.0,0.0,0.0,0.0,0,0,0,0,0,0.00,0.00,0.00,0.00,50,180,598,270,90
issa_diop,Ipswich Town,DF,4.0,4,Crystal Palace,False,90,1,259,34,2026-09-12T14:00:00Z,2,3,False,0,0,0,2,0,0,0,0,0,0,0,8,15.0,1.8,2.0,1.9,6,5,1,7,1,0.00,0.13,0.13,0.62,40,-104266,1519556,39336,143602
saša_lukić,Ipswich Town,MD,5.0,4,Crystal Palace,False,76,1,267,34,2026-09-12T14:00:00Z,2,3,False,0,0,0,2,0,0,0,1,0,0,0,8,10.2,23.5,2.0,3.6,5,4,1,10,1,0.00,0.10,0.10,0.35,50,-645,11520,772,1417
christian_walton,Ipswich Town,GK,4.4,4,Crystal Palace,False,0,0,300,34,2026-09-12T14:00:00Z,2,3,False,0,0,0,0,0,0,0,0,0,0,0,0,0.0,0.0,0.0,0.0,0,0,0,0,0,0.00,0.00,0.00,0.00,44,-2408,42889,363,2771
alex_palmer,Ipswich Town,GK,4.0,4,Crystal Palace,False,0,0,301,34,2026-09-12T14:00:00Z,2,3,False,0,0,0,0,0,0,0,0,0,0,0,0,0.0,0.0,0.0,0.0,0,0,0,0,0,0.00,0.00,0.00,0.00,40,-8837,443746,24047,32884
david_button,Ipswich Town,GK,4.0,4,Crystal Palace,False,0,0,302,34,2026-09-12T14:00:00Z,2,3,False,0,0,0,0,0,0,0,0,0,0,0,0,0.0,0.0,0.0,0.0,0,0,0,0,0,0.00,0.00,0.00,0.00,40,11691,63364,17503,5812
cédric_kipré,Ipswich Town,DF,4.0,4,Crystal Palace,False,0,0,303,34,2026-09-12T14:00:00Z,2,3,False,0,0,0,0,0,0,0,0,0,0,0,0,0.0,0.0,0.0,0.0,0,0,0,0,0,0.00,0.00,0.00,0.00,40,-3541,52847,589,4130
dara_o'shea,Ipswich Town,DF,4.0,4,Crystal Palace,False,90,1,304,34,2026-09-12T14:00:00Z,2,3,False,0,0,0,2,0,0,0,0,0,0,0,5,29.6,30.8,4.0,6.4,7,2,2,9,1,0.00,0.08,0.08,0.62,40,-22365,317758,18186,40551
leif_davis,Ipswich Town,DF,4.0,4,Crystal Palace,False,90,14,305,34,2026-09-12T14:00:00Z,2,3,False,1,2,0,2,0,0,0,0,0,0,1,35,54.8,17.1,39.0,11.1,2,0,0,2,1,0.52,0.19,0.71,0.62,40,-14896,543743,45631,60527
jacob_greaves,Ipswich Town,DF,4.0,4,Crystal Palace,False,87,1,306,34,2026-09-12T14:00:00Z,2,3,False,0,0,0,2,0,0,0,0,0,0,0,7,18.8,2.0,0.0,2.1,6,4,0,6,1,0.00,0.01,0.01,0.62,40,-7666,127747,1996,9662
ben_johnson,Ipswich Town,DF,4.0,4,Crystal Palace,False,0,0,307,34,2026-09-12T14:00:00Z,2,3,False,0,0,0,0,0,0,0,0,0,0,0,0,0.0,0.0,0.0,0.0,0,0,0,0,0,0.00,0.00,0.00,0.00,40,-2380,7782,0,2380
darnell_furlong,Ipswich Town,DF,4.0,4,Crystal Palace,False,0,0,308,34,2026-09-12T14:00:00Z,2,3,False,0,0,0,0,0,0,0,0,0,0,0,0,0.0,0.0,0.0,0.0,0,0,0,0,0,0.00,0.00,0.00,0.00,40,-3285,52748,431,3716
marcelino_núñez,Ipswich Town,MD,5.0,4,Crystal Palace,False,0,0,309,34,2026-09-12T14:00:00Z,2,3,False,0,0,0,0,0,0,0,0,0,0,0,0,0.0,0.0,0.0,0.0,0,0,0,0,0,0.00,0.00,0.00,0.00,50,-1485,12735,377,1862
azor_matusiwa,Ipswich Town,MD,4.9,4,Crystal Palace,False,0,0,310,34,2026-09-12T14:00:00Z,2,3,False,0,0,0,0,0,0,0,0,0,0,0,0,0.0,0.0,0.0,0.0,0,0,0,0,0,0.00,0.00,0.00,0.00,49,-6,288,40,46
wes_burns,Ipswich Town,MD,5.0,4,Crystal Palace,False,0,0,311,34,2026-09-12T14:00:00Z,2,3,False,0,0,0,0,0,0,0,0,0,0,0,0,0.0,0.0,0.0,0.0,0,0,0,0,0,0.00,0.00,0.00,0.00,50,-39,242,0,39
jack_taylor,Ipswich Town,MD,4.5,4,Crystal Palace,False,0,0,312,34,2026-09-12T14:00:00Z,2,3,False,0,0,0,0,0,0,0,0,0,0,0,0,0.0,0.0,0.0,0.0,0,0,0,0,0,0.00,0.00,0.00,0.00,45,-278,3274,176,454
jack_clarke,Ipswich Town,MD,5.4,4,Crystal Palace,False,62,1,313,34,2026-09-12T14:00:00Z,2,3,False,0,0,0,1,0,0,0,1,0,0,0,8,5.0,13.0,21.0,3.9,0,1,1,2,1,0.15,0.02,0.17,0.20,54,-3254,22006,468,3722
chiedozie_ogbene,Ipswich Town,MD,4.9,4,Crystal Palace,False,0,0,314,34,2026-09-12T14:00:00Z,2,3,False,0,0,0,0,0,0,0,0,0,0,0,0,0.0,0.0,0.0,0.0,0,0,0,0,0,0.00,0.00,0.00,0.00,49,-326,837,0,326
abdul_fatawu,Ipswich Town,MD,5.5,4,Crystal Palace,False,61,1,315,34,2026-09-12T14:00:00Z,2,3,False,0,0,0,1,0,0,0,1,0,0,0,6,6.2,11.3,6.0,2.4,2,3,2,7,1,0.00,0.05,0.05,0.20,55,-464,21628,1970,2434
emersonn_correia da silva,Ipswich Town,FW,5.5,4,Crystal Palace,False,62,12,316,34,2026-09-12T14:00:00Z,2,3,False,1,1,0,1,0,0,0,0,0,0,3,45,46.6,12.4,33.0,9.2,0,2,0,2,1,0.44,0.05,0.49,0.20,55,1738,178755,26091,24353
george_hirst,Ipswich Town,FW,5.0,4,Crystal Palace,False,0,0,317,34,2026-09-12T14:00:00Z,2,3,False,0,0,0,0,0,0,0,0,0,0,0,0,0.0,0.0,0.0,0.0,0,0,0,0,0,0.00,0.00,0.00,0.00,50,-2172,9936,0,2172
jaden_philogene,Ipswich Town,MD,5.4,4,Crystal Palace,False,28,1,318,34,2026-09-12T14:00:00Z,2,3,False,0,0,0,1,0,0,0,0,0,0,0,6,3.4,0.8,9.0,1.3,0,3,0,3,0,0.02,0.00,0.01,0.41,54,-1303,8038,38,1341
sam_szmodics,Ipswich Town,MD,5.0,4,Crystal Palace,False,0,0,319,34,2026-09-12T14:00:00Z,2,3,False,0,0,0,0,0,0,0,0,0,0,0,0,0.0,0.0,0.0,0.0,0,0,0,0,0,0.00,0.00,0.00,0.00,50,-87,350,0,87
chuba_akpom,Ipswich Town,FW,5.0,4,Crystal Palace,False,0,0,320,34,2026-09-12T14:00:00Z,2,3,False,0,0,0,0,0,0,0,0,0,0,0,0,0.0,0.0,0.0,0.0,0,0,0,0,0,0.00,0.00,0.00,0.00,50,17117,129479,36471,19354
sindre_walle egeli,Ipswich Town,FW,4.5,4,Crystal Palace,False,0,0,321,34,2026-09-12T14:00:00Z,2,3,False,0,0,0,0,0,0,0,0,0,0,0,0,0.0,0.0,0.0,0.0,0,0,0,0,0,0.00,0.00,0.00,0.00,45,24582,372683,82088,57506
ali_al-hamadi,Ipswich Town,FW,5.0,4,Crystal Palace,False,0,0,322,34,2026-09-12T14:00:00Z,2,3,False,0,0,0,0,0,0,0,0,0,0,0,0,0.0,0.0,0.0,0.0,0,0,0,0,0,0.00,0.00,0.00,0.00,50,-1678,6747,0,1678
kasey_mcateer,Ipswich Town,MD,4.5,4,Crystal Palace,False,0,0,323,34,2026-09-12T14:00:00Z,2,3,False,0,0,0,0,0,0,0,0,0,0,0,0,0.0,0.0,0.0,0.0,0,0,0,0,0,0.00,0.00,0.00,0.00,45,-7171,126703,7120,14291
anis_mehmeti,Ipswich Town,MD,4.9,4,Crystal Palace,False,0,0,324,34,2026-09-12T14:00:00Z,2,3,False,0,0,0,0,0,0,0,0,0,0,0,0,0.0,0.0,0.0,0.0,0,0,0,0,0,0.00,0.00,0.00,0.00,49,-456,3735,90,546
kayne_van oevelen,Ipswich Town,GK,4.5,4,Crystal Palace,False,0,0,554,34,2026-09-12T14:00:00Z,2,3,False,0,0,0,0,0,0,0,0,0,0,0,0,0.0,0.0,0.0,0.0,0,0,0,0,0,0.00,0.00,0.00,0.00,45,-302,2101,0,302
daizen_maeda,Ipswich Town,MD,5.4,4,Crystal Palace,False,27,1,562,34,2026-09-12T14:00:00Z,2,3,False,0,0,0,1,0,0,0,0,0,0,0,1,0.0,2.3,0.0,0.0,0,0,0,0,0,0.00,0.00,0.00,0.41,54,-3657,29173,861,4518
kjell_scherpen,Ipswich Town,GK,4.5,4,Crystal Palace,False,90,1,564,34,2026-09-12T14:00:00Z,2,3,False,0,0,0,2,0,0,0,0,0,2,0,6,15.0,0.0,0.0,1.5,3,9,0,0,1,0.00,0.00,0.00,0.62,45,330,63943,5936,5606
florentino ibrain_morris luís,Ipswich Town,MD,4.9,4,Crystal Palace,False,13,1,571,34,2026-09-12T14:00:00Z,2,3,False,0,0,0,0,0,0,0,0,0,0,0,8,9.0,21.3,2.0,3.2,1,0,1,2,0,0.00,0.01,0.01,0.27,49,-906,9156,327,1233
julio_enciso,Ipswich Town,MD,5.5,4,Crystal Palace,False,90,2,591,34,2026-09-12T14:00:00Z,2,3,False,0,0,0,2,0,0,0,0,0,0,0,7,2.2,13.8,13.0,2.9,1,4,0,5,1,0.05,0.20,0.25,0.62,55,12977,96833,28533,15556
abdoul_ouattara,Ipswich Town,DF,4.0,4,Crystal Palace,False,2,1,592,34,2026-09-12T14:00:00Z,2,3,False,0,0,0,0,0,0,0,0,0,0,0,5,2.2,0.2,0.0,0.2,0,1,1,1,0,0.00,0.00,0.00,0.00,40,-2585,97893,3046,5631
cameron_humphreys,Ipswich Town,MD,4.5,4,Crystal Palace,False,0,0,602,34,2026-09-12T14:00:00Z,2,3,False,0,0,0,0,0,0,0,0,0,0,0,0,0.0,0.0,0.0,0.0,0,0,0,0,0,0.00,0.00,0.00,0.00,45,-968,2961,0,968
exequiel_palacios,Ipswich Town,MD,5.0,4,Crystal Palace,False,90,4,619,34,2026-09-12T14:00:00Z,2,3,False,0,0,0,2,0,0,0,0,0,0,0,14,18.0,5.9,2.0,2.6,5,5,3,13,1,0.00,0.04,0.04,0.62,50,1408,3376,2317,909
zian_flemming,Ipswich Town,FW,5.5,4,Crystal Palace,False,27,5,640,34,2026-09-12T14:00:00Z,2,3,False,1,0,0,1,0,0,0,0,0,0,0,32,35.0,1.3,44.0,8.0,1,1,0,2,0,0.52,0.00,0.52,0.41,55,1835,4207,2524,689
harry_wilson,Leeds,MD,6.3,4,Newcastle,True,18,1,260,40,2026-09-14T19:00:00Z,4,1,False,0,0,0,1,0,0,0,0,0,0,0,4,3.2,4.7,0.0,0.8,1,0,1,2,0,0.00,0.03,0.03,0.30,63,-121524,291023,3258,124782
lucas estella_perri,Leeds,GK,4.5,4,Newcastle,True,0,0,326,40,2026-09-14T19:00:00Z,4,1,False,0,0,0,0,0,0,0,0,0,0,0,0,0.0,0.0,0.0,0.0,0,0,0,0,0,0.00,0.00,0.00,0.00,45,-6925,38525,0,6925
jaka_bijol,Leeds,DF,5.0,4,Newcastle,True,0,0,327,40,2026-09-14T19:00:00Z,4,1,False,0,0,0,0,0,0,0,0,0,0,0,0,0.0,0.0,0.0,0.0,0,0,0,0,0,0.00,0.00,0.00,0.00,50,-10468,87595,4371,14839
joe_rodon,Leeds,DF,4.4,4,Newcastle,True,0,0,329,40,2026-09-14T19:00:00Z,4,1,False,0,0,0,0,0,0,0,0,0,0,0,0,0.0,0.0,0.0,0.0,0,0,0,0,0,0.00,0.00,0.00,0.00,44,-112676,118013,168,112844
jayden_bogle,Leeds,DF,4.5,4,Newcastle,True,82,15,330,40,2026-09-14T19:00:00Z,4,1,False,1,0,1,0,0,0,0,0,0,0,3,45,47.8,18.5,71.0,13.7,1,1,2,3,1,0.41,0.05,0.46,0.59,45,98023,232034,121956,23933
gabriel_gudmundsson,Leeds,DF,4.5,4,Newcastle,True,72,6,331,40,2026-09-14T19:00:00Z,4,1,False,0,0,1,0,0,0,0,0,0,0,0,26,10.0,8.6,4.0,2.3,1,2,3,4,1,0.00,0.18,0.18,0.58,45,621,5954,1148,527
james_justin,Leeds,DF,4.5,4,Newcastle,True,90,2,332,40,2026-09-14T19:00:00Z,4,1,False,0,0,0,1,0,0,0,0,0,0,0,11,18.4,25.6,4.0,4.8,3,1,2,5,1,0.00,0.28,0.28,0.88,45,5626,160487,27752,22126
sebastiaan_bornauw,Leeds,DF,4.5,4,Newcastle,True,0,0,333,40,2026-09-14T19:00:00Z,4,1,False,0,0,0,0,0,0,0,0,0,0,0,0,0.0,0.0,0.0,0.0,0,0,0,0,0,0.00,0.00,0.00,0.00,45,-39,239,0,39
tarik_muharemović,Leeds,DF,5.0,4,Newcastle,True,90,7,334,40,2026-09-14T19:00:00Z,4,1,False,0,1,0,1,0,0,0,0,0,0,0,27,37.0,10.5,2.0,5.0,10,5,1,11,1,0.00,0.02,0.02,0.88,50,66646,410571,135153,68507
anton_stach,Leeds,MD,6.0,4,Newcastle,True,87,3,335,40,2026-09-14T19:00:00Z,4,1,False,0,0,1,0,0,0,0,0,0,0,0,16,12.0,40.4,12.0,6.4,3,5,2,10,1,0.43,0.07,0.50,0.59,60,-19365,291170,29721,49086
noah_okafor,Leeds,MD,5.9,4,Newcastle,True,71,9,336,40,2026-09-14T19:00:00Z,4,1,False,1,0,1,0,0,0,0,0,0,0,1,35,41.4,17.8,21.0,8.0,1,3,2,6,1,0.07,0.08,0.15,0.58,59,-4605,29116,2061,6666
brenden_aaronson,Leeds,MD,5.4,4,Newcastle,True,18,1,337,40,2026-09-14T19:00:00Z,4,1,False,0,0,0,1,0,0,0,0,0,0,0,4,0.2,0.3,2.0,0.3,0,1,0,1,0,0.00,0.00,0.00,0.30,54,-10317,61613,1095,11412
ethan_ampadu,Leeds,MD,5.4,4,Newcastle,True,90,7,338,40,2026-09-14T19:00:00Z,4,1,False,0,1,0,1,0,0,0,0,0,0,0,25,8.0,1.7,4.0,1.4,2,9,1,12,1,0.07,0.02,0.09,0.88,54,-14489,103938,2529,17018
sean_longstaff,Leeds,MD,4.9,4,Newcastle,True,2,1,339,40,2026-09-14T19:00:00Z,4,1,False,0,0,0,1,0,0,0,0,0,0,0,4,0.0,0.0,0.0,0.0,0,0,0,0,0,0.00,0.00,0.00,0.28,49,-1113,10180,693,1806
wilfried_gnonto,Leeds,MD,5.0,4,Newcastle,True,0,0,341,40,2026-09-14T19:00:00Z,4,1,False,0,0,0,0,0,0,0,0,0,0,0,0,0.0,0.0,0.0,0.0,0,0,0,0,0,0.00,0.00,0.00,0.00,50,-435,947,0,435
jack_harrison,Leeds,MD,5.0,4,Newcastle,True,0,0,342,40,2026-09-14T19:00:00Z,4,1,False,0,0,0,0,0,0,0,0,0,0,0,0,0.0,0.0,0.0,0.0,0,0,0,0,0,0.00,0.00,0.00,0.00,50,-11,71,0,11
daniel_james,Leeds,MD,5.0,4,Newcastle,True,7,1,343,40,2026-09-14T19:00:00Z,4,1,False,0,0,0,1,0,0,0,0,0,0,0,4,0.0,0.0,3.0,0.3,0,2,0,2,0,0.11,0.00,0.11,0.28,50,-1207,10690,786,1993
ilia_gruev,Leeds,MD,5.0,4,Newcastle,True,0,0,344,40,2026-09-14T19:00:00Z,4,1,False,0,0,0,0,0,0,0,0,0,0,0,0,0.0,0.0,0.0,0.0,0,0,0,0,0,0.00,0.00,0.00,0.00,50,-45,317,13,58
tanaka_ao,Leeds,MD,4.9,4,Newcastle,True,71,6,345,40,2026-09-14T19:00:00Z,4,1,False,0,1,1,0,0,0,0,0,0,0,0,24,9.2,3.1,2.0,1.4,1,2,2,5,1,0.06,0.03,0.09,0.58,49,2579,25771,5747,3168
dominic_calvert-lewin,Leeds,FW,6.0,4,Newcastle,True,77,10,346,40,2026-09-14T19:00:00Z,4,1,False,1,1,1,0,0,0,0,1,0,0,2,37,51.0,12.2,67.0,13.0,1,4,0,5,1,0.87,0.00,0.87,0.59,60,-377508,2292933,100296,477804
lukas_nmecha,Leeds,FW,5.4,4,Newcastle,True,12,1,347,40,2026-09-14T19:00:00Z,4,1,False,0,0,0,1,0,0,0,0,0,0,0,4,0.2,0.3,0.0,0.1,0,1,0,1,0,0.00,0.01,0.01,0.28,54,-1054,51359,6623,7677
joël_piroe,Leeds,FW,5.0,4,Newcastle,True,0,0,348,40,2026-09-14T19:00:00Z,4,1,False,0,0,0,0,0,0,0,0,0,0,0,0,0.0,0.0,0.0,0.0,0,0,0,0,0,0.00,0.00,0.00,0.00,50,-1516,7440,0,1516
mateo_joseph fernández-regatillo,Leeds,FW,4.5,4,Newcastle,True,0,0,349,40,2026-09-14T19:00:00Z,4,1,False,0,0,0,0,0,0,0,0,0,0,0,0,0.0,0.0,0.0,0.0,0,0,0,0,0,0.00,0.00,0.00,0.00,45,-257,5498,775,1032
james_trafford,Leeds,GK,5.0,4,Newcastle,True,90,3,385,40,2026-09-14T19:00:00Z,4,1,False,0,0,0,1,0,0,0,0,0,4,0,17,29.0,0.0,0.0,2.9,4,8,0,0,1,0.00,0.00,0.00,0.88,50,15245,583002,64368,49123
nico_elvedi,Leeds,DF,4.5,4,Newcastle,True,90,2,598,40,2026-09-14T19:00:00Z,4,1,False,0,0,0,1,0,0,0,0,0,0,0,8,18.6,0.9,10.0,3.0,8,3,1,9,1,0.05,0.00,0.05,0.88,45,1498,4919,2774,1276
jayden_lienou,Leeds,DF,4.0,4,Newcastle,True,0,0,603,40,2026-09-14T19:00:00Z,4,1,False,0,0,0,0,0,0,0,0,0,0,0,0,0.0,0.0,0.0,0.0,0,0,0,0,0,0.00,0.00,0.00,0.00,40,388,11191,1426,1038
alfie_cresswell,Leeds,MD,4.5,4,Newcastle,True,0,0,604,40,2026-09-14T19:00:00Z,4,1,False,0,0,0,0,0,0,0,0,0,0,0,0,0.0,0.0,0.0,0.0,0,0,0,0,0,0.00,0.00,0.00,0.00,45,1252,15793,3443,2191
alex_cairns,Leeds,GK,4.0,4,Newcastle,True,0,0,625,40,2026-09-14T19:00:00Z,4,1,False,0,0,0,0,0,0,0,0,0,0,0,0,0.0,0.0,0.0,0.0,0,0,0,0,0,0.00,0.00,0.00,0.00,40,3754,20648,6067,2313
michael_zetterer,Leeds,GK,4.0,4,Newcastle,True,0,0,629,40,2026-09-14T19:00:00Z,4,1,False,0,0,0,0,0,0,0,0,0,0,0,0,0.0,0.0,0.0,0.0,0,0,0,0,0,0.00,0.00,0.00,0.00,40,18112,65838,23210,5098
melvin_bard,Leeds,DF,4.5,4,Newcastle,True,18,1,641,40,2026-09-14T19:00:00Z,4,1,False,0,0,0,1,0,0,0,0,0,0,0,1,4.4,10.3,0.0,1.5,1,2,1,2,0,0.00,0.00,0.00,0.30,45,217,576,322,105
jean-mattéo_bahoya,Leeds,MD,5.0,4,Newcastle,True,0,0,648,40,2026-09-14T19:00:00Z,4,1,False,0,0,0,0,0,0,0,0,0,0,0,0,0.0,0.0,0.0,0.0,0,0,0,0,0,0.00,0.00,0.00,0.00,50,392,1465,754,362
alisson_becker,Liverpool,GK,5.5,4,Fulham,True,90,9,350,35,2026-09-12T14:00:00Z,0,0,False,0,0,1,0,0,0,0,0,0,3,2,29,21.0,0.0,0.0,2.1,0,14,0,0,1,0.00,0.00,0.00,0.70,55,15592,438381,45421,29829
giorgi_mamardashvili,Liverpool,GK,4.9,4,Fulham,True,0,0,351,35,2026-09-12T14:00:00Z,0,0,False,0,0,0,0,0,0,0,0,0,0,0,0,0.0,0.0,0.0,0.0,0,0,0,0,0,0.00,0.00,0.00,0.00,49,-1342,13938,513,1855
freddie_woodman,Liverpool,GK,4.0,4,Fulham,True,0,0,352,35,2026-09-12T14:00:00Z,0,0,False,0,0,0,0,0,0,0,0,0,0,0,0,0.0,0.0,0.0,0.0,0,0,0,0,0,0.00,0.00,0.00,0.00,40,-3423,111999,3509,6932
armin_pecsi,Liverpool,GK,4.0,4,Fulham,True,0,0,353,35,2026-09-12T14:00:00Z,0,0,False,0,0,0,0,0,0,0,0,0,0,0,0,0.0,0.0,0.0,0.0,0,0,0,0,0,0.00,0.00,0.00,0.00,40,-186,2007,0,186
vitezslav_jaros,Liverpool,GK,4.0,4,Fulham,True,0,0,354,35,2026-09-12T14:00:00Z,0,0,False,0,0,0,0,0,0,0,0,0,0,0,0,0.0,0.0,0.0,0.0,0,0,0,0,0,0.00,0.00,0.00,0.00,40,157,1961,567,410
harvey_davies,Liverpool,GK,4.0,4,Fulham,True,0,0,355,35,2026-09-12T14:00:00Z,0,0,False,0,0,0,0,0,0,0,0,0,0,0,0,0.0,0.0,0.0,0.0,0,0,0,0,0,0.00,0.00,0.00,0.00,40,67,16844,1195,1128
virgil_van dijk,Liverpool,DF,6.5,4,Fulham,True,90,8,356,35,2026-09-12T14:00:00Z,0,0,False,0,0,1,0,0,0,0,0,0,0,0,25,25.8,12.8,0.0,3.9,10,1,0,10,1,0.00,0.01,0.01,0.70,65,-48305,1832589,79775,128080
jeremie_frimpong,Liverpool,DF,5.4,4,Fulham,True,18,1,357,35,2026-09-12T14:00:00Z,0,0,False,0,0,0,0,0,0,0,0,0,0,0,12,13.0,24.9,2.0,4.0,3,1,1,4,0,0.00,0.12,0.12,0.10,54,-81882,231759,4729,86611
milos_kerkez,Liverpool,DF,5.4,4,Fulham,True,45,1,358,35,2026-09-12T14:00:00Z,0,0,False,0,0,0,0,0,0,0,0,0,0,0,6,9.8,7.1,0.0,1.7,2,0,1,3,0,0.00,0.01,0.01,0.30,54,-22124,288013,12338,34462
joe_gomez,Liverpool,DF,5.0,4,Fulham,True,0,0,359,35,2026-09-12T14:00:00Z,0,0,False,0,0,0,0,0,0,0,0,0,0,0,0,0.0,0.0,0.0,0.0,0,0,0,0,0,0.00,0.00,0.00,0.00,50,-137,1392,74,211
conor_bradley,Liverpool,DF,5.0,4,Fulham,True,0,0,360,35,2026-09-12T14:00:00Z,0,0,False,0,0,0,0,0,0,0,0,0,0,0,0,0.0,0.0,0.0,0.0,0,0,0,0,0,0.00,0.00,0.00,0.00,50,-94,1010,67,161
wellity_lucky,Liverpool,DF,4.0,4,Fulham,True,0,0,361,35,2026-09-12T14:00:00Z,0,0,False,0,0,0,0,0,0,0,0,0,0,0,0,0.0,0.0,0.0,0.0,0,0,0,0,0,0.00,0.00,0.00,0.00,40,-645,13224,832,1477
jeremy_jacquet,Liverpool,DF,5.0,4,Fulham,True,90,9,362,35,2026-09-12T14:00:00Z,0,0,False,0,0,1,0,0,0,0,0,0,0,3,36,20.2,3.3,0.0,2.4,4,5,1,5,1,0.00,0.02,0.02,0.70,50,16244,298463,48593,32349
giovanni_leoni,Liverpool,DF,4.0,4,Fulham,True,0,0,363,35,2026-09-12T14:00:00Z,0,0,False,0,0,0,0,0,0,0,0,0,0,0,0,0.0,0.0,0.0,0.0,0,0,0,0,0,0.00,0.00,0.00,0.00,40,-297,3654,161,458
kostas_tsimikas,Liverpool,DF,4.9,4,Fulham,True,45,1,364,35,2026-09-12T14:00:00Z,0,0,False,0,0,0,0,0,0,0,0,0,0,0,2,2.8,1.6,0.0,0.4,2,3,1,3,1,0.00,0.01,0.01,0.40,49,-934,7588,362,1296
calvin_ramsay,Liverpool,DF,4.0,4,Fulham,True,0,0,365,35,2026-09-12T14:00:00Z,0,0,False,0,0,0,0,0,0,0,0,0,0,0,0,0.0,0.0,0.0,0.0,0,0,0,0,0,0.00,0.00,0.00,0.00,40,-2067,11136,0,2067
florian_wirtz,Liverpool,MD,7.4,4,Fulham,True,90,3,366,35,2026-09-12T14:00:00Z,0,0,False,0,0,1,0,0,0,0,0,0,0,0,14,7.6,31.8,12.0,5.1,2,6,1,9,1,0.11,0.06,0.17,0.70,74,-199592,837754,30578,230170
cody_gakpo,Liverpool,MD,7.2,4,Fulham,True,30,1,367,35,2026-09-12T14:00:00Z,0,0,False,0,0,0,0,0,0,0,0,0,0,0,3,0.8,1.3,7.0,0.9,0,2,0,2,0,0.08,0.02,0.10,0.16,72,357507,1328735,670039,312532
dominik_szoboszlai,Liverpool,MD,7.0,4,Fulham,True,90,3,368,35,2026-09-12T14:00:00Z,0,0,False,0,0,1,0,0,0,0,0,0,0,0,25,16.0,55.7,9.0,8.1,3,3,0,6,1,0.12,0.28,0.40,0.70,70,-242164,4135360,274640,516804
rio_ngumoha,Liverpool,MD,5.8,4,Fulham,True,18,1,369,35,2026-09-12T14:00:00Z,0,0,False,0,0,0,0,0,0,0,0,0,0,0,-1,0.0,0.8,4.0,0.3,1,0,0,1,0,0.11,0.00,0.11,0.10,58,-20391,60213,3022,23413
federico_chiesa,Liverpool,MD,5.4,4,Fulham,True,0,0,370,35,2026-09-12T14:00:00Z,0,0,False,0,0,0,0,0,0,0,0,0,0,0,0,0.0,0.0,0.0,0.0,0,0,0,0,0,0.00,0.00,0.00,0.00,54,-1366,5591,14,1380
ryan_gravenberch,Liverpool,MD,5.9,4,Fulham,True,59,1,371,35,2026-09-12T14:00:00Z,0,0,False,0,0,0,0,0,0,0,0,0,0,0,13,19.6,11.4,2.0,3.3,7,1,2,10,1,0.04,0.01,0.05,0.54,59,-33117,140580,5155,38272
alexis_mac allister,Liverpool,MD,5.4,4,Fulham,True,30,1,372,35,2026-09-12T14:00:00Z,0,0,False,0,0,0,0,0,0,0,0,0,0,0,7,9.2,22.4,4.0,3.6,2,1,1,4,0,0.02,0.02,0.04,0.16,54,-7817,145908,12996,20813
curtis_jones,Liverpool,MD,5.5,4,Fulham,True,0,0,373,35,2026-09-12T14:00:00Z,0,0,False,0,0,0,0,0,0,0,0,0,0,0,0,0.0,0.0,0.0,0.0,0,0,0,0,0,0.00,0.00,0.00,0.00,55,-372,2535,0,372
endo_wataru,Liverpool,MD,4.9,4,Fulham,True,0,0,374,35,2026-09-12T14:00:00Z,0,0,False,0,0,0,0,0,0,0,0,0,0,0,0,0.0,0.0,0.0,0.0,0,0,0,0,0,0.00,0.00,0.00,0.00,49,-568,6867,531,1099
trey_nyoni,Liverpool,MD,4.9,4,Fulham,True,0,0,375,35,2026-09-12T14:00:00Z,0,0,False,0,0,0,0,0,0,0,0,0,0,0,0,0.0,0.0,0.0,0.0,0,0,0,0,0,0.00,0.00,0.00,0.00,49,-285,4195,427,712
stefan_bajčetić maquieira,Liverpool,MD,5.0,4,Fulham,True,0,0,376,35,2026-09-12T14:00:00Z,0,0,False,0,0,0,0,0,0,0,0,0,0,0,0,0.0,0.0,0.0,0.0,0,0,0,0,0,0.00,0.00,0.00,0.00,50,-23,128,0,23
victor_munoz,Liverpool,MD,6.5,4,Fulham,True,59,1,377,35,2026-09-12T14:00:00Z,0,0,False,0,0,0,0,0,0,0,0,0,0,0,5,3.4,1.4,37.0,4.2,0,2,0,2,1,0.10,0.00,0.10,0.54,65,-9953,130437,20664,30617
james_mcconnell,Liverpool,MD,4.5,4,Fulham,True,0,0,378,35,2026-09-12T14:00:00Z,0,0,False,0,0,0,0,0,0,0,0,0,0,0,0,0.0,0.0,0.0,0.0,0,0,0,0,0,0.00,0.00,0.00,0.00,45,-1744,23763,870,2614
alexander_isak,Liverpool,FW,9.1,4,Fulham,True,90,2,379,35,2026-09-12T14:00:00Z,0,0,False,0,0,1,0,0,0,0,0,0,0,0,5,1.2,2.8,28.0,3.2,0,1,0,1,1,0.50,0.00,0.50,0.70,91,623585,2626358,732640,109055
hugo_ekitiké,Liverpool,FW,7.4,4,Fulham,True,0,0,380,35,2026-09-12T14:00:00Z,0,0,False,0,0,0,0,0,0,0,0,0,0,0,0,0.0,0.0,0.0,0.0,0,0,0,0,0,0.00,0.00,0.00,0.00,74,-1567,11892,474,2041
lewis_koumas,Liverpool,MD,5.0,4,Fulham,True,0,0,381,35,2026-09-12T14:00:00Z,0,0,False,0,0,0,0,0,0,0,0,0,0,0,0,0.0,0.0,0.0,0.0,0,0,0,0,0,0.00,0.00,0.00,0.00,50,-163,2699,155,318
jayden_danns,Liverpool,FW,4.5,4,Fulham,True,0,0,382,35,2026-09-12T14:00:00Z,0,0,False,0,0,0,0,0,0,0,0,0,0,0,0,0.0,0.0,0.0,0.0,0,0,0,0,0,0.00,0.00,0.00,0.00,45,4586,14211,7016,2430
harvey_elliott,Liverpool,MD,5.4,4,Fulham,True,0,0,383,35,2026-09-12T14:00:00Z,0,0,False,0,0,0,0,0,0,0,0,0,0,0,0,0.0,0.0,0.0,0.0,0,0,0,0,0,0.00,0.00,0.00,0.00,54,-1672,4155,0,1672
ronald_araujo,Liverpool,DF,5.4,4,Fulham,True,71,6,579,35,2026-09-12T14:00:00Z,0,0,False,0,0,1,0,0,0,0,0,0,0,0,24,9.8,1.8,2.0,1.4,3,5,1,4,1,0.00,0.00,0.00,0.60,54,41974,292366,59861,17887
bradley_barcola,Liverpool,MD,8.0,4,Fulham,True,71,3,627,35,2026-09-12T14:00:00Z,0,0,False,0,0,1,0,0,0,0,0,0,0,0,9,5.6,13.6,8.0,2.7,0,2,3,5,1,0.21,0.03,0.24,0.60,80,70941,238639,116804,45863
enzo_fernández,Man City,MD,6.9,4,Man Utd,False,81,2,155,39,2026-09-13T15:30:00Z,0,1,False,0,0,1,0,0,0,0,1,0,0,0,17,10.4,20.7,15.0,4.6,4,4,2,10,1,0.18,0.13,0.31,0.50,69,-12688,344271,39194,51882
iliman_ndiaye,Man City,MD,5.9,4,Man Utd,False,45,1,237,39,2026-09-13T15:30:00Z,0,1,False,0,0,0,0,0,0,0,0,0,0,0,15,9.8,1.8,2.0,1.4,3,6,1,10,0,0.00,0.01,0.01,0.80,59,-300679,900785,43012,343691
gianluigi_donnarumma,Man City,GK,5.5,4,Man Utd,False,90,7,384,39,2026-09-13T15:30:00Z,0,1,False,0,0,1,0,0,0,0,0,0,3,0,29,20.6,0.0,0.0,2.1,0,10,0,0,1,0.00,0.00,0.00,1.00,55,-46242,797609,32234,78476
marcus_bettinelli,Man City,GK,4.5,4,Man Utd,False,0,0,386,39,2026-09-13T15:30:00Z,0,1,False,0,0,0,0,0,0,0,0,0,0,0,0,0.0,0.0,0.0,0.0,0,0,0,0,0,0.00,0.00,0.00,0.00,45,-113,2911,128,241
nico_o'reilly,Man City,DF,6.4,4,Man Utd,False,8,1,387,39,2026-09-13T15:30:00Z,0,1,False,0,0,0,0,0,0,0,0,0,0,0,3,0.0,0.5,0.0,0.1,0,1,0,0,0,0.00,0.00,0.00,0.50,64,-538591,1381174,8499,547090
marc_guéhi,Man City,DF,6.0,4,Man Utd,False,90,6,388,39,2026-09-13T15:30:00Z,0,1,False,0,0,1,0,0,0,0,0,0,0,0,27,16.6,0.6,2.0,1.9,7,3,0,7,1,0.00,0.00,0.00,1.00,60,-25207,1956435,90239,115446
matheus_nunes,Man City,DF,5.9,4,Man Utd,False,90,9,389,39,2026-09-13T15:30:00Z,0,1,False,0,0,1,0,0,0,0,0,0,0,1,34,31.2,1.5,0.0,3.3,9,8,2,11,1,0.00,0.01,0.01,1.00,59,-8606,99893,2401,11007
rúben_dos santos gato alves dias,Man City,DF,5.5,4,Man Utd,False,90,6,390,39,2026-09-13T15:30:00Z,0,1,False,0,0,1,0,0,0,0,0,0,0,0,24,17.4,0.2,2.0,2.0,7,2,0,7,1,0.00,0.00,0.00,1.00,55,-6512,188216,11031,17543
joško_gvardiol,Man City,DF,5.6,4,Man Utd,False,90,11,391,39,2026-09-13T15:30:00Z,0,1,False,0,1,1,0,0,0,0,1,0,0,3,36,16.4,1.1,4.0,2.2,3,3,4,7,1,0.02,0.00,0.02,1.00,56,152896,2126959,315722,162826
rayan_aït-nouri,Man City,DF,5.3,4,Man Utd,False,0,0,392,39,2026-09-13T15:30:00Z,0,1,False,0,0,0,0,0,0,0,0,0,0,0,0,0.0,0.0,0.0,0.0,0,0,0,0,0,0.00,0.00,0.00,0.00,53,-9974,48901,1355,11329
abdukodir_khusanov,Man City,DF,5.5,4,Man Utd,False,0,0,393,39,2026-09-13T15:30:00Z,0,1,False,0,0,0,0,0,0,0,0,0,0,0,0,0.0,0.0,0.0,0.0,0,0,0,0,0,0.00,0.00,0.00,0.00,55,-8055,166165,6115,14170
max_alleyne,Man City,DF,5.0,4,Man Utd,False,0,0,394,39,2026-09-13T15:30:00Z,0,1,False,0,0,0,0,0,0,0,0,0,0,0,0,0.0,0.0,0.0,0.0,0,0,0,0,0,0.00,0.00,0.00,0.00,50,-60,537,0,60
rico_lewis,Man City,DF,4.4,4,Man Utd,False,0,0,395,39,2026-09-13T15:30:00Z,0,1,False,0,0,0,0,0,0,0,0,0,0,0,0,0.0,0.0,0.0,0.0,0,0,0,0,0,0.00,0.00,0.00,0.00,44,-3042,22298,1037,4079
vitor_de oliveira nunes dos reis,Man City,DF,4.5,4,Man Utd,False,0,0,396,39,2026-09-13T15:30:00Z,0,1,False,0,0,0,0,0,0,0,0,0,0,0,0,0.0,0.0,0.0,0.0,0,0,0,0,0,0.00,0.00,0.00,0.00,45,-193,3187,90,283
antoine_semenyo,Man City,MD,8.4,4,Man Utd,False,90,3,397,39,2026-09-13T15:30:00Z,0,1,False,0,0,1,0,0,0,0,0,0,0,0,7,2.2,16.1,6.0,2.4,0,2,1,3,1,0.00,0.06,0.06,1.00,84,-325768,1689535,35764,361532
phil_foden,Man City,MD,7.0,4,Man Utd,False,22,-2,398,39,2026-09-13T15:30:00Z,0,1,False,0,0,0,0,0,0,0,0,1,0,0,-4,0.0,12.1,6.0,1.6,0,0,0,0,1,0.00,0.02,0.02,0.10,70,-191380,396620,18307,209687
rayan_cherki,Man City,MD,7.8,4,Man Utd,False,45,1,399,39,2026-09-13T15:30:00Z,0,1,False,0,0,0,0,0,0,0,0,0,0,0,4,1.6,6.6,4.0,1.2,1,0,0,1,1,0.03,0.06,0.09,0.20,78,-139414,3069702,314949,454363
jérémy_doku,Man City,MD,7.4,4,Man Utd,False,0,0,400,39,2026-09-13T15:30:00Z,0,1,False,0,0,0,0,0,0,0,0,0,0,0,0,0.0,0.0,0.0,0.0,0,0,0,0,0,0.00,0.00,0.00,0.00,74,-14480,77943,249,14729
rodrigo 'rodri'_hernandez cascante,Man City,MD,6.5,4,Man Utd,False,0,0,402,39,2026-09-13T15:30:00Z,0,1,False,0,0,0,0,0,0,0,0,0,0,0,0,0.0,0.0,0.0,0.0,0,0,0,0,0,0.00,0.00,0.00,0.00,65,-87,1206,0,87
tijjani_reijnders,Man City,MD,6.0,4,Man Utd,False,0,0,404,39,2026-09-13T15:30:00Z,0,1,False,0,0,0,0,0,0,0,0,0,0,0,0,0.0,0.0,0.0,0.0,0,0,0,0,0,0.00,0.00,0.00,0.00,60,-541,3943,0,541
mateo_kovačić,Man City,MD,5.4,4,Man Utd,False,0,0,406,39,2026-09-13T15:30:00Z,0,1,False,0,0,0,0,0,0,0,0,0,0,0,0,0.0,0.0,0.0,0.0,0,0,0,0,0,0.00,0.00,0.00,0.00,54,-996,8409,425,1421
claudio_echeverri,Man City,MD,4.9,4,Man Utd,False,0,0,407,39,2026-09-13T15:30:00Z,0,1,False,0,0,0,0,0,0,0,0,0,0,0,0,0.0,0.0,0.0,0.0,0,0,0,0,0,0.00,0.00,0.00,0.00,49,-350,1077,0,350
kalvin_phillips,Man City,MD,5.0,4,Man Utd,False,0,0,408,39,2026-09-13T15:30:00Z,0,1,False,0,0,0,0,0,0,0,0,0,0,0,0,0.0,0.0,0.0,0.0,0,0,0,0,0,0.00,0.00,0.00,0.00,50,-59,553,0,59
divine_mukasa,Man City,MD,4.5,4,Man Utd,False,0,0,409,39,2026-09-13T15:30:00Z,0,1,False,0,0,0,0,0,0,0,0,0,0,0,0,0.0,0.0,0.0,0.0,0,0,0,0,0,0.00,0.00,0.00,0.00,45,-3408,11304,0,3408
jeremy_monga,Man City,MD,4.9,4,Man Utd,False,0,0,410,39,2026-09-13T15:30:00Z,0,1,False,0,0,0,0,0,0,0,0,0,0,0,0,0.0,0.0,0.0,0.0,0,0,0,0,0,0.00,0.00,0.00,0.00,49,-363,989,0,363
erling_haaland,Man City,FW,15.5,4,Man Utd,False,90,9,411,39,2026-09-13T15:30:00Z,0,1,False,1,0,1,0,0,0,0,0,0,0,3,36,34.0,1.6,37.0,7.3,0,3,0,3,1,0.87,0.01,0.88,1.00,155,45312,7610939,178187,132875
elliot_anderson,Man City,MD,6.3,4,Man Utd,False,90,5,481,39,2026-09-13T15:30:00Z,0,1,False,0,0,1,0,0,0,0,0,0,0,0,18,15.2,3.3,0.0,1.9,5,6,3,14,1,0.00,0.01,0.01,1.00,63,-76716,447292,16389,93105
gerónimo_rulli,Man City,GK,5.0,4,Man Utd,False,0,0,587,39,2026-09-13T15:30:00Z,0,1,False,0,0,0,0,0,0,0,0,0,0,0,0,0.0,0.0,0.0,0.0,0,0,0,0,0,0.00,0.00,0.00,0.00,50,-127,2136,129,256
ayyoub_bouaddi,Man City,MD,5.5,4,Man Utd,False,0,0,616,39,2026-09-13T15:30:00Z,0,1,False,0,0,0,0,0,0,0,0,0,0,0,0,0.0,0.0,0.0,0.0,0,0,0,0,0,0.00,0.00,0.00,0.00,55,937,18618,4899,3962
ryan_mcaidoo,Man City,MD,4.5,4,Man Utd,False,0,0,621,39,2026-09-13T15:30:00Z,0,1,False,0,0,0,0,0,0,0,0,0,0,0,0,0.0,0.0,0.0,0.0,0,0,0,0,0,0.00,0.00,0.00,0.00,45,1361,13105,3586,2225
kaden_braithwaite,Man City,DF,4.0,4,Man Utd,False,0,0,622,39,2026-09-13T15:30:00Z,0,1,False,0,0,0,0,0,0,0,0,0,0,0,0,0.0,0.0,0.0,0.0,0,0,0,0,0,0.00,0.00,0.00,0.00,40,1899,20693,4620,2721
allan_andrade elias,Man City,MD,6.0,4,Man Utd,False,0,0,628,39,2026-09-13T15:30:00Z,0,1,False,0,0,0,0,0,0,0,0,0,0,0,0,0.0,0.0,0.0,0.0,0,0,0,0,0,0.00,0.00,0.00,0.00,60,117,671,309,192
floyd_samba,Man City,MD,4.5,4,Man Utd,False,0,0,653,39,2026-09-13T15:30:00Z,0,1,False,0,0,0,0,0,0,0,0,0,0,0,0,0.0,0.0,0.0,0.0,0,0,0,0,0,0.00,0.00,0.00,0.00,45,2090,5002,2898,808
youri_tielemans,Man Utd,MD,5.9,4,Man City,True,66,2,43,39,2026-09-13T15:30:00Z,0,1,False,0,0,0,1,0,0,0,0,0,0,0,15,12.2,13.8,4.0,3.0,3,0,2,5,1,0.00,0.04,0.04,0.53,59,-30355,177688,7880,38235
carlos_baleba,Man Utd,MD,5.0,4,Man City,True,0,0,131,39,2026-09-13T15:30:00Z,0,1,False,0,0,0,0,0,0,0,0,0,0,0,0,0.0,0.0,0.0,0.0,0,0,0,0,0,0.00,0.00,0.00,0.00,50,-1747,13457,783,2530
andrey_nascimento dos santos,Man Utd,MD,4.9,4,Man City,True,0,0,162,39,2026-09-13T15:30:00Z,0,1,False,0,0,0,0,0,0,0,0,0,0,0,0,0.0,0.0,0.0,0.0,0,0,0,0,0,0.00,0.00,0.00,0.00,49,-13179,72284,3527,16706
karl_darlow,Man Utd,GK,4.5,4,Man City,True,0,0,325,39,2026-09-13T15:30:00Z,0,1,False,0,0,0,0,0,0,0,0,0,0,0,0,0.0,0.0,0.0,0.0,0,0,0,0,0,0.00,0.00,0.00,0.00,45,-89,4302,256,345
senne_lammens,Man Utd,GK,5.0,4,Man City,True,90,2,412,39,2026-09-13T15:30:00Z,0,1,False,0,0,0,1,0,0,0,0,0,1,0,5,6.6,0.0,0.0,0.7,1,5,0,0,1,0.00,0.00,0.00,1.10,50,-227696,1178768,11379,239075
altay_bayındır,Man Utd,GK,4.5,4,Man City,True,0,0,413,39,2026-09-13T15:30:00Z,0,1,False,0,0,0,0,0,0,0,0,0,0,0,0,0.0,0.0,0.0,0.0,0,0,0,0,0,0.00,0.00,0.00,0.00,45,-137,1335,0,137
tom_heaton,Man Utd,GK,4.0,4,Man City,True,0,0,414,39,2026-09-13T15:30:00Z,0,1,False,0,0,0,0,0,0,0,0,0,0,0,0,0.0,0.0,0.0,0.0,0,0,0,0,0,0.00,0.00,0.00,0.00,40,-119,8836,696,815
patrick_dorgu,Man Utd,MD,5.8,4,Man City,True,90,4,415,39,2026-09-13T15:30:00Z,0,1,False,0,0,0,1,0,0,0,0,0,0,0,19,19.6,18.7,4.0,4.2,3,3,6,12,1,0.00,0.03,0.03,1.10,58,-16892,62553,2154,19046
matthijs_de ligt,Man Utd,DF,5.0,4,Man City,True,0,0,416,39,2026-09-13T15:30:00Z,0,1,False,0,0,0,0,0,0,0,0,0,0,0,0,0.0,0.0,0.0,0.0,0,0,0,0,0,0.00,0.00,0.00,0.00,50,-177,2411,87,264
diogo_dalot teixeira,Man Utd,DF,4.9,4,Man City,True,90,2,417,39,2026-09-13T15:30:00Z,0,1,False,0,0,0,1,0,0,0,0,0,0,0,9,6.2,16.5,3.0,2.6,2,9,1,3,1,0.02,0.05,0.07,1.10,49,-32120,192489,3882,36002
harry_maguire,Man Utd,DF,4.9,4,Man City,True,90,1,418,39,2026-09-13T15:30:00Z,0,1,False,0,0,0,1,0,0,0,1,0,0,0,4,9.4,1.6,11.0,2.2,4,6,1,5,1,0.12,0.01,0.13,1.10,49,-358924,1091541,17287,376211
lisandro_martínez,Man Utd,DF,5.0,4,Man City,True,90,2,419,39,2026-09-13T15:30:00Z,0,1,False,0,0,0,1,0,0,0,0,0,0,0,14,20.2,3.4,7.0,3.1,3,5,3,6,1,0.03,0.08,0.11,1.10,50,-6006,130813,7461,13467
leny_yoro,Man Utd,DF,4.9,4,Man City,True,0,0,420,39,2026-09-13T15:30:00Z,0,1,False,0,0,0,0,0,0,0,0,0,0,0,0,0.0,0.0,0.0,0.0,0,0,0,0,0,0.00,0.00,0.00,0.00,49,-6069,52988,894,6963
ayden_heaven,Man Utd,DF,4.4,4,Man City,True,0,0,421,39,2026-09-13T15:30:00Z,0,1,False,0,0,0,0,0,0,0,0,0,0,0,0,0.0,0.0,0.0,0.0,0,0,0,0,0,0.00,0.00,0.00,0.00,44,-5029,31486,769,5798
noussair_mazraoui,Man Utd,DF,4.4,4,Man City,True,0,0,422,39,2026-09-13T15:30:00Z,0,1,False,0,0,0,0,0,0,0,0,0,0,0,0,0.0,0.0,0.0,0.0,0,0,0,0,0,0.00,0.00,0.00,0.00,44,-8954,59306,2102,11056
luke_shaw,Man Utd,DF,4.4,4,Man City,True,0,0,423,39,2026-09-13T15:30:00Z,0,1,False,0,0,0,0,0,0,0,0,0,0,0,0,0.0,0.0,0.0,0.0,0,0,0,0,0,0.00,0.00,0.00,0.00,44,-396169,1210238,21871,418040
harry_amass,Man Utd,DF,4.0,4,Man City,True,0,0,424,39,2026-09-13T15:30:00Z,0,1,False,0,0,0,0,0,0,0,0,0,0,0,0,0.0,0.0,0.0,0.0,0,0,0,0,0,0.00,0.00,0.00,0.00,40,-300,21846,1680,1980
tyler_fredricson,Man Utd,DF,4.0,4,Man City,True,0,0,425,39,2026-09-13T15:30:00Z,0,1,False,0,0,0,0,0,0,0,0,0,0,0,0,0.0,0.0,0.0,0.0,0,0,0,0,0,0.00,0.00,0.00,0.00,40,-152,1428,0,152
bruno_borges fernandes,Man Utd,MD,12.0,4,Man City,True,90,2,426,39,2026-09-13T15:30:00Z,0,1,False,0,0,0,1,0,0,0,0,0,0,0,17,17.0,31.4,7.0,5.5,1,4,2,7,1,0.03,0.33,0.36,1.10,120,-615807,4455713,123022,738829
bryan_mbeumo,Man Utd,MD,7.9,4,Man City,True,90,2,427,39,2026-09-13T15:30:00Z,0,1,False,0,0,0,1,0,0,0,0,0,0,0,9,11.2,32.8,24.0,6.8,1,3,1,5,1,0.49,0.08,0.57,1.10,79,-362745,2456322,156650,519395
matheus_santos carneiro da cunha,Man Utd,MD,7.9,4,Man City,True,90,2,428,39,2026-09-13T15:30:00Z,0,1,False,0,0,0,1,0,0,0,0,0,0,0,8,2.4,14.3,15.0,3.2,0,1,1,2,1,0.11,0.03,0.14,1.10,79,-138505,680785,11751,150256
marcus_rashford,Man Utd,MD,7.0,4,Man City,True,82,2,429,39,2026-09-13T15:30:00Z,0,1,False,0,0,0,1,0,0,0,0,0,0,0,6,5.4,14.1,29.0,4.9,2,2,1,5,1,0.12,0.08,0.20,1.08,70,-3479,172900,24764,28243
mason_mount,Man Utd,MD,5.4,4,Man City,True,0,0,430,39,2026-09-13T15:30:00Z,0,1,False,0,0,0,0,0,0,0,0,0,0,0,0,0.0,0.0,0.0,0.0,0,0,0,0,0,0.00,0.00,0.00,0.00,54,54,2733,272,218
amad_diallo,Man Utd,MD,5.8,4,Man City,True,0,0,431,39,2026-09-13T15:30:00Z,0,1,False,0,0,0,0,0,0,0,0,0,0,0,0,0.0,0.0,0.0,0.0,0,0,0,0,0,0.00,0.00,0.00,0.00,58,-13432,38595,148,13580
kobbie_mainoo,Man Utd,MD,5.5,4,Man City,True,90,4,432,39,2026-09-13T15:30:00Z,0,1,False,0,0,0,1,0,0,0,0,0,0,0,20,19.8,37.2,1.0,5.8,4,9,0,13,1,0.03,0.07,0.10,1.10,55,17969,147734,30157,12188
manuel_ugarte ribeiro,Man Utd,MD,5.0,4,Man City,True,0,0,433,39,2026-09-13T15:30:00Z,0,1,False,0,0,0,0,0,0,0,0,0,0,0,0,0.0,0.0,0.0,0.0,0,0,0,0,0,0.00,0.00,0.00,0.00,50,-22,388,25,47
jack_fletcher,Man Utd,MD,4.9,4,Man City,True,0,0,434,39,2026-09-13T15:30:00Z,0,1,False,0,0,0,0,0,0,0,0,0,0,0,0,0.0,0.0,0.0,0.0,0,0,0,0,0,0.00,0.00,0.00,0.00,49,-67,1170,101,168
shea_lacey,Man Utd,MD,4.9,4,Man City,True,0,0,435,39,2026-09-13T15:30:00Z,0,1,False,0,0,0,0,0,0,0,0,0,0,0,0,0.0,0.0,0.0,0.0,0,0,0,0,0,0.00,0.00,0.00,0.00,49,-577,5384,197,774
toby_collyer,Man Utd,MD,5.0,4,Man City,True,0,0,436,39,2026-09-13T15:30:00Z,0,1,False,0,0,0,0,0,0,0,0,0,0,0,0,0.0,0.0,0.0,0.0,0,0,0,0,0,0.00,0.00,0.00,0.00,50,-257,1225,0,257
bendito_mantato,Man Utd,MD,4.5,4,Man City,True,0,0,437,39,2026-09-13T15:30:00Z,0,1,False,0,0,0,0,0,0,0,0,0,0,0,0,0.0,0.0,0.0,0.0,0,0,0,0,0,0.00,0.00,0.00,0.00,45,-694,19130,1317,2011
tyler_fletcher,Man Utd,MD,4.5,4,Man City,True,0,0,438,39,2026-09-13T15:30:00Z,0,1,False,0,0,0,0,0,0,0,0,0,0,0,0,0.0,0.0,0.0,0.0,0,0,0,0,0,0.00,0.00,0.00,0.00,45,-1858,31369,1320,3178
benjamin_sesko,Man Utd,FW,7.0,4,Man City,True,23,1,439,39,2026-09-13T15:30:00Z,0,1,False,0,0,0,0,0,0,0,0,0,0,0,4,1.2,0.7,4.0,0.6,0,2,0,2,0,0.06,0.00,0.06,0.57,70,3627,182217,26345,22718
joshua_zirkzee,Man Utd,FW,5.4,4,Man City,True,7,1,440,39,2026-09-13T15:30:00Z,0,1,False,0,0,0,0,0,0,0,0,0,0,0,4,4.4,4.8,0.0,0.9,1,2,0,3,0,0.00,0.01,0.01,0.02,54,-4849,45127,3614,8463
chido_obi,Man Utd,FW,4.5,4,Man City,True,0,0,441,39,2026-09-13T15:30:00Z,0,1,False,0,0,0,0,0,0,0,0,0,0,0,0,0.0,0.0,0.0,0.0,0,0,0,0,0,0.00,0.00,0.00,0.00,45,775,129085,15048,14273
nico_gonzález iglesias,Newcastle,MD,5.5,4,Leeds,False,18,1,405,40,2026-09-14T19:00:00Z,4,1,False,0,0,0,0,0,0,0,0,0,0,0,3,0.0,0.1,0.0,0.0,0,1,0,1,1,0.00,0.00,0.00,0.27,55,215,26871,3834,3619
nick_pope,Newcastle,GK,4.9,4,Leeds,False,0,0,442,40,2026-09-14T19:00:00Z,4,1,False,0,0,0,0,0,0,0,0,0,0,0,0,0.0,0.0,0.0,0.0,0,0,0,0,0,0.00,0.00,0.00,0.00,49,-8971,108982,3004,11975
mark_gillespie,Newcastle,GK,4.5,4,Leeds,False,0,0,443,40,2026-09-14T19:00:00Z,4,1,False,0,0,0,0,0,0,0,0,0,0,0,0,0.0,0.0,0.0,0.0,0,0,0,0,0,0.00,0.00,0.00,0.00,45,-150,3541,141,291
ewen_jaouen,Newcastle,GK,4.5,4,Leeds,False,0,0,444,40,2026-09-14T19:00:00Z,4,1,False,0,0,0,0,0,0,0,0,0,0,0,0,0.0,0.0,0.0,0.0,0,0,0,0,0,0.00,0.00,0.00,0.00,45,-244,2484,97,341
malick_thiaw,Newcastle,DF,5.0,4,Leeds,False,90,2,445,40,2026-09-14T19:00:00Z,4,1,False,0,0,0,4,0,0,0,0,0,0,0,-6,22.6,0.9,0.0,2.4,11,1,0,11,1,0.00,0.00,0.00,2.08,50,2995,227385,48297,45302
fabian_schär,Newcastle,DF,5.0,4,Leeds,False,0,0,446,40,2026-09-14T19:00:00Z,4,1,False,0,0,0,0,0,0,0,0,0,0,0,0,0.0,0.0,0.0,0.0,0,0,0,0,0,0.00,0.00,0.00,0.00,50,-2216,23553,1440,3656
sven_botman,Newcastle,DF,5.0,4,Leeds,False,90,2,447,40,2026-09-14T19:00:00Z,4,1,False,0,0,0,4,0,0,0,0,0,0,0,2,31.2,0.3,0.0,3.2,15,4,2,17,1,0.00,0.00,0.00,2.08,50,1208,71884,9972,8764
dan_burn,Newcastle,DF,4.9,4,Leeds,False,0,0,448,40,2026-09-14T19:00:00Z,4,1,False,0,0,0,0,0,0,0,0,0,0,0,0,0.0,0.0,0.0,0.0,0,0,0,0,0,0.00,0.00,0.00,0.00,49,-20317,96018,239,20556
lewis_hall,Newcastle,DF,5.2,4,Leeds,False,90,0,449,40,2026-09-14T19:00:00Z,4,1,False,0,0,0,4,0,0,0,0,0,0,0,9,21.0,3.9,7.0,3.2,2,4,4,6,1,0.02,0.01,0.03,2.08,52,448146,1512788,563772,115626
tino_livramento,Newcastle,DF,4.9,4,Leeds,False,32,3,450,40,2026-09-14T19:00:00Z,4,1,False,0,1,0,1,0,0,0,1,0,0,0,9,4.8,3.8,4.0,1.3,1,4,2,3,0,0.00,0.01,0.01,0.16,49,2452,6615,3493,1041
alex_murphy,Newcastle,DF,4.0,4,Leeds,False,0,0,451,40,2026-09-14T19:00:00Z,4,1,False,0,0,0,0,0,0,0,0,0,0,0,0,0.0,0.0,0.0,0.0,0,0,0,0,0,0.00,0.00,0.00,0.00,40,-957,6793,0,957
harvey_barnes,Newcastle,MD,6.0,4,Leeds,False,90,2,453,40,2026-09-14T19:00:00Z,4,1,False,0,0,0,4,0,0,0,0,0,0,0,13,12.2,16.8,30.0,5.9,3,3,0,6,1,0.29,0.31,0.60,2.08,60,152668,290007,210527,57859
anthony_elanga,Newcastle,MD,6.2,4,Leeds,False,0,0,454,40,2026-09-14T19:00:00Z,4,1,False,0,0,0,0,0,0,0,0,0,0,0,0,0.0,0.0,0.0,0.0,0,0,0,0,0,0.00,0.00,0.00,0.00,62,130728,1209834,326071,195343
jacob_ramsey,Newcastle,MD,4.9,4,Leeds,False,0,0,456,40,2026-09-14T19:00:00Z,4,1,False,0,0,0,0,0,0,0,0,0,0,0,0,0.0,0.0,0.0,0.0,0,0,0,0,0,0.00,0.00,0.00,0.00,49,6540,39795,11516,4976
jacob_murphy,Newcastle,MD,5.9,4,Leeds,False,56,0,457,40,2026-09-14T19:00:00Z,4,1,False,0,0,0,3,0,0,0,1,0,0,0,2,1.2,3.7,2.0,0.7,0,3,1,4,1,0.00,0.14,0.14,1.91,59,-1103,13575,1062,2165
joelinton cássio_apolinário de lira,Newcastle,MD,5.4,4,Leeds,False,0,0,458,40,2026-09-14T19:00:00Z,4,1,False,0,0,0,0,0,0,0,0,0,0,0,0,0.0,0.0,0.0,0.0,0,0,0,0,0,0.00,0.00,0.00,0.00,54,-249,2032,33,282
lewis_miley,Newcastle,MD,5.5,4,Leeds,False,79,0,459,40,2026-09-14T19:00:00Z,4,1,False,0,0,0,4,1,0,0,0,0,0,0,9,6.6,4.5,0.0,1.1,3,6,1,10,1,0.00,0.03,0.03,1.97,55,-528,8285,1045,1573
joe_willock,Newcastle,MD,5.0,4,Leeds,False,32,1,460,40,2026-09-14T19:00:00Z,4,1,False,0,0,0,1,0,0,0,0,0,0,0,8,7.6,13.3,18.0,3.9,1,2,1,4,0,0.12,0.06,0.18,0.16,50,6640,52306,16531,9891
bazoumana_touré,Newcastle,MD,5.8,4,Leeds,False,33,6,461,40,2026-09-14T19:00:00Z,4,1,False,1,0,0,1,0,0,0,0,0,0,0,24,36.6,5.3,21.0,6.3,0,2,0,2,0,0.28,0.01,0.29,0.16,58,-3031,13401,376,3407
sean_steur,Newcastle,MD,4.9,4,Leeds,False,71,2,462,40,2026-09-14T19:00:00Z,4,1,False,0,0,0,4,0,0,0,0,0,0,0,14,12.0,20.2,0.0,3.2,3,2,2,7,0,0.00,0.03,0.03,1.81,49,-1064,8079,390,1454
nick_woltemade,Newcastle,FW,5.9,4,Leeds,False,0,0,463,40,2026-09-14T19:00:00Z,4,1,False,0,0,0,0,0,0,0,0,0,0,0,0,0.0,0.0,0.0,0.0,0,0,0,0,0,0.00,0.00,0.00,0.00,59,-39340,66136,0,39340
yoane_wissa,Newcastle,FW,6.2,4,Leeds,False,90,2,464,40,2026-09-14T19:00:00Z,4,1,False,0,0,0,4,0,0,0,0,0,0,0,3,2.2,21.5,12.0,3.6,2,2,1,5,1,0.16,0.00,0.16,2.08,62,319416,1925334,578506,259090
william_osula,Newcastle,FW,5.9,4,Leeds,False,0,0,465,40,2026-09-14T19:00:00Z,4,1,False,0,0,0,0,0,0,0,0,0,0,0,0,0.0,0.0,0.0,0.0,0,0,0,0,0,0.00,0.00,0.00,0.00,59,-12652,41129,234,12886
sean_neave,Newcastle,FW,4.5,4,Leeds,False,0,0,466,40,2026-09-14T19:00:00Z,4,1,False,0,0,0,0,0,0,0,0,0,0,0,0,0.0,0.0,0.0,0.0,0,0,0,0,0,0.00,0.00,0.00,0.00,45,-17854,66182,0,17854
aladji_bamba,Newcastle,MD,4.9,4,Leeds,False,10,1,559,40,2026-09-14T19:00:00Z,4,1,False,0,0,0,0,0,0,0,0,0,0,0,4,1.4,0.3,0.0,0.2,0,1,1,2,0,0.00,0.00,0.00,0.11,49,-1098,11166,539,1637
lukás_hornícek,Newcastle,GK,5.0,4,Leeds,False,90,1,567,40,2026-09-14T19:00:00Z,4,1,False,0,0,0,4,0,0,0,0,0,3,0,2,29.4,0.0,0.0,2.9,3,4,0,0,1,0.00,0.00,0.00,2.08,50,29466,150531,58083,28617
amar_dedic,Newcastle,DF,4.5,4,Leeds,False,57,0,593,40,2026-09-14T19:00:00Z,4,1,False,0,0,0,3,0,0,0,0,0,0,0,-3,10.4,2.7,0.0,1.3,3,4,3,6,1,0.00,0.00,0.00,1.91,45,-7549,313784,107522,115071
leo_shahar,Newcastle,DF,4.0,4,Leeds,False,0,0,609,40,2026-09-14T19:00:00Z,4,1,False,0,0,0,0,0,0,0,0,0,0,0,0,0.0,0.0,0.0,0.0,0,0,0,0,0,0.00,0.00,0.00,0.00,40,-1044,26576,3372,4416
matias_fernandez-pardo,Newcastle,FW,6.0,4,Leeds,False,57,1,634,40,2026-09-14T19:00:00Z,4,1,False,0,0,0,3,0,0,0,0,0,0,0,5,2.2,10.9,4.0,1.7,0,1,1,2,1,0.00,0.01,0.01,1.91,60,4168,10646,6117,1949
mason_miley,Newcastle,MD,4.5,4,Leeds,False,0,0,659,40,2026-09-14T19:00:00Z,4,1,False,0,0,0,0,0,0,0,0,0,0,0,0,0.0,0.0,0.0,0.0,0,0,0,0,0,0.00,0.00,0.00,0.00,45,0,0,0,0
liam_delap,Nott'm Forest,FW,5.5,4,Aston Villa,False,90,5,167,31,2026-09-12T14:00:00Z,1,2,False,1,0,0,1,0,0,0,1,0,0,0,25,28.6,12.6,38.0,7.9,1,2,1,4,1,0.63,0.08,0.71,0.73,55,7672,93051,20097,12425
daniel_muñoz mejía,Nott'm Forest,DF,5.4,4,Aston Villa,False,90,2,201,31,2026-09-12T14:00:00Z,1,2,False,0,0,0,1,0,0,0,0,0,0,0,23,31.6,55.9,39.0,12.7,3,4,4,7,1,0.22,0.18,0.40,0.82,54,-83474,588016,11222,94696
matz_sels,Nott'm Forest,GK,5.0,4,Aston Villa,False,90,3,467,31,2026-09-12T14:00:00Z,1,2,False,0,0,0,1,0,0,0,0,0,5,0,19,35.0,0.0,0.0,3.5,2,11,0,0,1,0.00,0.00,0.00,0.82,50,2211,147158,15113,12902
john victor_maciel furtado,Nott'm Forest,GK,4.5,4,Aston Villa,False,0,0,468,31,2026-09-12T14:00:00Z,1,2,False,0,0,0,0,0,0,0,0,0,0,0,0,0.0,0.0,0.0,0.0,0,0,0,0,0,0.00,0.00,0.00,0.00,45,-238,6251,173,411
neco_williams,Nott'm Forest,DF,5.0,4,Aston Villa,False,90,2,469,31,2026-09-12T14:00:00Z,1,2,False,0,0,0,1,0,0,0,0,0,0,0,9,8.8,19.9,10.0,3.9,2,1,1,3,1,0.20,0.16,0.36,0.82,50,7392,864022,91886,84494
felipe_rodrigues da silva,Nott'm Forest,DF,5.0,4,Aston Villa,False,0,0,470,31,2026-09-12T14:00:00Z,1,2,False,0,0,0,0,0,0,0,0,0,0,0,0,0.0,0.0,0.0,0.0,0,0,0,0,0,0.00,0.00,0.00,0.00,50,-1122,2529,0,1122
nikola_milenković,Nott'm Forest,DF,5.5,4,Aston Villa,False,0,0,471,31,2026-09-12T14:00:00Z,1,2,False,0,0,0,0,0,0,0,0,0,0,0,0,0.0,0.0,0.0,0.0,0,0,0,0,0,0.00,0.00,0.00,0.00,55,-346,171183,9458,9804
murillo_costa dos santos,Nott'm Forest,DF,5.5,4,Aston Villa,False,90,6,472,31,2026-09-12T14:00:00Z,1,2,False,0,1,0,1,0,0,0,1,0,0,0,18,33.0,10.9,0.0,4.4,10,6,2,12,1,0.00,0.01,0.01,0.82,55,5868,172739,15727,9859
ola_aina,Nott'm Forest,DF,4.5,4,Aston Villa,False,90,2,473,31,2026-09-12T14:00:00Z,1,2,False,0,0,0,1,0,0,0,0,0,0,0,11,17.4,1.7,0.0,1.9,5,2,3,8,1,0.00,0.01,0.01,0.82,45,-43006,273323,8317,51323
jair_paula da cunha filho,Nott'm Forest,DF,4.5,4,Aston Villa,False,0,0,474,31,2026-09-12T14:00:00Z,1,2,False,0,0,0,0,0,0,0,0,0,0,0,0,0.0,0.0,0.0,0.0,0,0,0,0,0,0.00,0.00,0.00,0.00,45,3885,24942,8098,4213
nicolò_savona,Nott'm Forest,DF,4.5,4,Aston Villa,False,0,0,475,31,2026-09-12T14:00:00Z,1,2,False,0,0,0,0,0,0,0,0,0,0,0,0,0.0,0.0,0.0,0.0,0,0,0,0,0,0.00,0.00,0.00,0.00,45,16,263,56,40
omar_richards,Nott'm Forest,DF,4.0,4,Aston Villa,False,0,0,476,31,2026-09-12T14:00:00Z,1,2,False,0,0,0,0,0,0,0,0,0,0,0,0,0.0,0.0,0.0,0.0,0,0,0,0,0,0.00,0.00,0.00,0.00,40,-831,23161,925,1756
zach_abbott,Nott'm Forest,DF,4.0,4,Aston Villa,False,0,0,477,31,2026-09-12T14:00:00Z,1,2,False,0,0,0,0,0,0,0,0,0,0,0,0,0.0,0.0,0.0,0.0,0,0,0,0,0,0.00,0.00,0.00,0.00,40,-4322,18185,0,4322
luca_netz,Nott'm Forest,DF,4.5,4,Aston Villa,False,0,0,478,31,2026-09-12T14:00:00Z,1,2,False,0,0,0,0,0,0,0,0,0,0,0,0,0.0,0.0,0.0,0.0,0,0,0,0,0,0.00,0.00,0.00,0.00,45,-264,3279,104,368
tyler_bindon,Nott'm Forest,DF,4.0,4,Aston Villa,False,0,0,479,31,2026-09-12T14:00:00Z,1,2,False,0,0,0,0,0,0,0,0,0,0,0,0,0.0,0.0,0.0,0.0,0,0,0,0,0,0.00,0.00,0.00,0.00,40,-2375,13436,0,2375
morgan_gibbs-white,Nott'm Forest,MD,7.9,4,Aston Villa,False,90,8,480,31,2026-09-12T14:00:00Z,1,2,False,0,1,0,1,0,0,0,0,0,0,3,42,39.0,98.5,26.0,16.4,0,3,1,4,1,0.16,0.91,1.07,0.82,79,26861,1011180,175102,148241
callum_hudson-odoi,Nott'm Forest,MD,5.9,4,Aston Villa,False,0,0,482,31,2026-09-12T14:00:00Z,1,2,False,0,0,0,0,0,0,0,0,0,0,0,0,0.0,0.0,0.0,0.0,0,0,0,0,0,0.00,0.00,0.00,0.00,59,-2586,17097,774,3360
dan_ndoye,Nott'm Forest,MD,5.5,4,Aston Villa,False,74,1,483,31,2026-09-12T14:00:00Z,1,2,False,0,0,0,1,0,0,0,1,0,0,0,1,0.0,12.5,38.0,4.7,0,2,0,2,1,0.70,0.25,0.95,0.73,55,-3202,67800,9828,13030
omari_hutchinson,Nott'm Forest,MD,5.4,4,Aston Villa,False,0,0,484,31,2026-09-12T14:00:00Z,1,2,False,0,0,0,0,0,0,0,0,0,0,0,0,0.0,0.0,0.0,0.0,0,0,0,0,0,0.00,0.00,0.00,0.00,54,-2676,8921,0,2676
dilane_bakwa,Nott'm Forest,MD,5.5,4,Aston Villa,False,0,0,485,31,2026-09-12T14:00:00Z,1,2,False,0,0,0,0,0,0,0,0,0,0,0,0,0.0,0.0,0.0,0.0,0,0,0,0,0,0.00,0.00,0.00,0.00,55,-145,638,0,145
james_mcatee,Nott'm Forest,MD,5.5,4,Aston Villa,False,81,3,486,31,2026-09-12T14:00:00Z,1,2,False,0,0,0,1,0,0,0,1,0,0,0,18,14.8,27.3,10.0,5.2,4,5,3,12,1,0.03,0.38,0.41,0.73,55,546,9321,1956,1410
nicolás_domínguez,Nott'm Forest,MD,4.9,4,Aston Villa,False,0,0,487,31,2026-09-12T14:00:00Z,1,2,False,0,0,0,0,0,0,0,0,0,0,0,0,0.0,0.0,0.0,0.0,0,0,0,0,0,0.00,0.00,0.00,0.00,49,-569,6666,312,881
ibrahim_sangaré,Nott'm Forest,MD,4.9,4,Aston Villa,False,8,1,488,31,2026-09-12T14:00:00Z,1,2,False,0,0,0,0,0,0,0,0,0,0,0,2,2.4,0.4,2.0,0.5,1,0,1,2,0,0.06,0.01,0.07,0.09,49,-9453,52561,2665,12118
ryan_yates,Nott'm Forest,MD,4.5,4,Aston Villa,False,0,0,489,31,2026-09-12T14:00:00Z,1,2,False,0,0,0,0,0,0,0,0,0,0,0,0,0.0,0.0,0.0,0.0,0,0,0,0,0,0.00,0.00,0.00,0.00,45,-8348,144588,7645,15993
chris_wood,Nott'm Forest,FW,5.9,4,Aston Villa,False,1,1,490,31,2026-09-12T14:00:00Z,1,2,False,0,0,0,0,0,0,0,0,0,0,0,3,0.0,0.0,0.0,0.0,0,0,0,0,0,0.00,0.00,0.00,0.09,59,-17430,108335,4564,21994
igor jesus_maciel da cruz,Nott'm Forest,FW,5.9,4,Aston Villa,False,15,7,491,31,2026-09-12T14:00:00Z,1,2,False,1,0,0,0,0,0,0,0,0,0,2,34,36.4,11.0,17.0,6.4,0,3,0,3,0,0.13,0.01,0.14,0.09,59,-61409,253573,12811,74220
arnaud_kalimuendo,Nott'm Forest,FW,5.4,4,Aston Villa,False,0,0,493,31,2026-09-12T14:00:00Z,1,2,False,0,0,0,0,0,0,0,0,0,0,0,0,0.0,0.0,0.0,0.0,0,0,0,0,0,0.00,0.00,0.00,0.00,54,281,5715,1150,869
xaver_schlager,Nott'm Forest,MD,5.0,4,Aston Villa,False,90,3,558,31,2026-09-12T14:00:00Z,1,2,False,0,0,0,1,0,0,0,1,0,0,0,18,21.8,15.2,17.0,5.4,3,7,6,16,1,0.06,0.02,0.08,0.82,50,-224,10277,1040,1264
ousmane_diomande,Nott'm Forest,DF,5.4,4,Aston Villa,False,90,4,581,31,2026-09-12T14:00:00Z,1,2,False,0,0,0,1,0,0,0,0,0,0,0,10,24.6,0.4,11.0,3.6,13,3,1,14,1,0.11,0.00,0.11,0.82,54,-6555,56566,1486,8041
steven_benda,Nott'm Forest,GK,4.5,4,Aston Villa,False,0,0,590,31,2026-09-12T14:00:00Z,1,2,False,0,0,0,0,0,0,0,0,0,0,0,0,0.0,0.0,0.0,0.0,0,0,0,0,0,0.00,0.00,0.00,0.00,45,-80,7551,543,623
jan paul_van hecke,Spurs,DF,4.9,4,Everton,True,90,8,112,37,2026-09-12T16:30:00Z,0,0,False,0,0,1,0,0,0,0,0,0,0,0,27,38.4,15.2,7.0,6.1,11,2,2,13,1,0.14,0.05,0.19,1.11,49,-45526,718579,37570,83096
tosin_adarabioyo,Spurs,DF,4.4,4,Everton,True,5,1,147,37,2026-09-12T16:30:00Z,0,0,False,0,0,0,0,0,0,0,0,0,0,0,5,9.0,0.2,0.0,0.9,2,1,2,4,0,0.00,0.00,0.00,0.03,44,-999,17024,639,1638
omar_marmoush,Spurs,FW,7.0,4,Everton,True,76,2,401,37,2026-09-12T16:30:00Z,0,0,False,0,0,1,0,0,0,0,0,0,0,0,9,3.2,11.6,14.0,2.9,0,5,0,5,1,0.02,0.03,0.05,1.08,70,6113,250023,46956,40843
sávio_moreira de oliveira,Spurs,MD,6.5,4,Everton,True,90,3,403,37,2026-09-12T16:30:00Z,0,0,False,0,0,1,0,0,0,0,0,0,0,0,22,20.8,53.7,28.0,10.3,1,5,0,6,1,0.10,0.26,0.36,1.11,65,-583,75171,13225,13808
sandro_tonali,Spurs,MD,5.4,4,Everton,True,90,3,455,37,2026-09-12T16:30:00Z,0,0,False,0,0,1,0,0,0,0,0,0,0,0,16,12.2,30.7,6.0,4.9,5,6,0,11,1,0.09,0.31,0.40,1.11,54,-31266,265893,12899,44165
guglielmo_vicario,Spurs,GK,4.5,4,Everton,True,0,0,494,37,2026-09-12T16:30:00Z,0,0,False,0,0,0,0,0,0,0,0,0,0,0,0,0.0,0.0,0.0,0.0,0,0,0,0,0,0.00,0.00,0.00,0.00,45,-2498,16026,0,2498
brandon_austin,Spurs,GK,4.0,4,Everton,True,0,0,495,37,2026-09-12T16:30:00Z,0,0,False,0,0,0,0,0,0,0,0,0,0,0,0,0.0,0.0,0.0,0.0,0,0,0,0,0,0.00,0.00,0.00,0.00,40,2998,108986,8583,5585
antonín_kinský,Spurs,GK,4.5,4,Everton,True,90,7,496,37,2026-09-12T16:30:00Z,0,0,False,0,0,1,0,0,0,0,0,0,3,0,29,19.8,0.0,0.0,2.0,4,3,0,0,1,0.00,0.00,0.00,1.11,45,-84513,1930350,146399,230912
martin_dubravka,Spurs,GK,4.0,4,Everton,True,0,0,497,37,2026-09-12T16:30:00Z,0,0,False,0,0,0,0,0,0,0,0,0,0,0,0,0.0,0.0,0.0,0.0,0,0,0,0,0,0.00,0.00,0.00,0.00,40,19545,1929614,144708,125163
marcos_senesi barón,Spurs,DF,5.9,4,Everton,True,0,0,498,37,2026-09-12T16:30:00Z,0,0,False,0,0,0,0,0,0,0,0,0,0,0,0,0.0,0.0,0.0,0.0,0,0,0,0,0,0.00,0.00,0.00,0.00,59,-104635,468891,4311,108946
pedro_porro sauceda,Spurs,DF,5.5,4,Everton,True,0,0,499,37,2026-09-12T16:30:00Z,0,0,False,0,0,0,0,0,0,0,0,0,0,0,0,0.0,0.0,0.0,0.0,0,0,0,0,0,0.00,0.00,0.00,0.00,55,-80703,1130296,48477,129180
cristian_romero,Spurs,DF,5.0,4,Everton,True,0,0,500,37,2026-09-12T16:30:00Z,0,0,False,0,0,0,0,0,0,0,0,0,0,0,0,0.0,0.0,0.0,0.0,0,0,0,0,0,0.00,0.00,0.00,0.00,50,-1362,10093,0,1362
andrew_robertson,Spurs,DF,4.4,4,Everton,True,90,7,502,37,2026-09-12T16:30:00Z,0,0,False,0,0,1,0,0,0,0,0,0,0,1,30,10.8,31.5,8.0,5.0,2,3,0,2,1,0.07,0.09,0.16,1.11,44,-57673,278552,5647,63320
micky_van de ven,Spurs,DF,5.0,4,Everton,True,90,6,503,37,2026-09-12T16:30:00Z,0,0,False,0,0,1,0,0,0,0,0,0,0,0,27,15.0,3.1,0.0,1.8,6,4,0,6,1,0.00,0.02,0.02,1.11,50,10120,414668,33873,23753
djed_spence,Spurs,DF,4.5,4,Everton,True,0,0,505,37,2026-09-12T16:30:00Z,0,0,False,0,0,0,0,0,0,0,0,0,0,0,0,0.0,0.0,0.0,0.0,0,0,0,0,0,0.00,0.00,0.00,0.00,45,-5357,28187,0,5357
destiny_udogie,Spurs,DF,4.5,4,Everton,True,0,0,506,37,2026-09-12T16:30:00Z,0,0,False,0,0,0,0,0,0,0,0,0,0,0,0,0.0,0.0,0.0,0.0,0,0,0,0,0,0.00,0.00,0.00,0.00,45,-2914,41192,1478,4392
ashley_phillips,Spurs,DF,4.5,4,Everton,True,0,0,507,37,2026-09-12T16:30:00Z,0,0,False,0,0,0,0,0,0,0,0,0,0,0,0,0.0,0.0,0.0,0.0,0,0,0,0,0,0.00,0.00,0.00,0.00,45,-139,1474,0,139
ben_davies,Spurs,DF,4.0,4,Everton,True,0,0,508,37,2026-09-12T16:30:00Z,0,0,False,0,0,0,0,0,0,0,0,0,0,0,0,0.0,0.0,0.0,0.0,0,0,0,0,0,0.00,0.00,0.00,0.00,40,-6385,93661,2570,8955
jun'ai_byfield,Spurs,DF,4.0,4,Everton,True,0,0,509,37,2026-09-12T16:30:00Z,0,0,False,0,0,0,0,0,0,0,0,0,0,0,0,0.0,0.0,0.0,0.0,0,0,0,0,0,0.00,0.00,0.00,0.00,40,56,6533,621,565
james_rowswell,Spurs,DF,4.0,4,Everton,True,0,0,510,37,2026-09-12T16:30:00Z,0,0,False,0,0,0,0,0,0,0,0,0,0,0,0,0.0,0.0,0.0,0.0,0,0,0,0,0,0.00,0.00,0.00,0.00,40,64,9696,824,760
joão victor_de souza menezes,Spurs,DF,4.0,4,Everton,True,0,0,511,37,2026-09-12T16:30:00Z,0,0,False,0,0,0,0,0,0,0,0,0,0,0,0,0.0,0.0,0.0,0.0,0,0,0,0,0,0.00,0.00,0.00,0.00,40,-4759,20460,0,4759
mohammed_kudus,Spurs,MD,6.5,4,Everton,True,27,1,512,37,2026-09-12T16:30:00Z,0,0,False,0,0,0,0,0,0,0,0,0,0,0,8,6.0,12.8,6.0,2.5,0,1,1,2,0,0.00,0.05,0.05,0.44,65,545,14250,3198,2653
xavi_simons,Spurs,MD,5.9,4,Everton,True,0,0,513,37,2026-09-12T16:30:00Z,0,0,False,0,0,0,0,0,0,0,0,0,0,0,0,0.0,0.0,0.0,0.0,0,0,0,0,0,0.00,0.00,0.00,0.00,59,-108,1311,86,194
mathys_tel,Spurs,MD,5.8,4,Everton,True,27,1,514,37,2026-09-12T16:30:00Z,0,0,False,0,0,0,0,0,0,0,0,0,0,0,3,0.6,3.2,9.0,1.3,0,0,0,0,0,0.01,0.09,0.10,0.44,58,-6570,26160,1812,8382
james_maddison,Spurs,MD,6.3,4,Everton,True,13,1,515,37,2026-09-12T16:30:00Z,0,0,False,0,0,0,0,0,0,0,0,0,0,0,3,6.8,3.8,0.0,1.1,2,1,0,3,0,0.00,0.01,0.01,0.03,63,-13096,45874,447,13543
rodrigo_bentancur,Spurs,MD,5.5,4,Everton,True,62,3,516,37,2026-09-12T16:30:00Z,0,0,False,0,0,1,0,0,0,0,0,0,0,0,15,22.6,7.9,0.0,3.1,5,2,3,10,1,0.00,0.04,0.04,0.67,55,-172,18318,1225,1397
wilson_odobert,Spurs,MD,5.5,4,Everton,True,0,0,517,37,2026-09-12T16:30:00Z,0,0,False,0,0,0,0,0,0,0,0,0,0,0,0,0.0,0.0,0.0,0.0,0,0,0,0,0,0.00,0.00,0.00,0.00,55,18,143,36,18
pape matar_sarr,Spurs,MD,4.9,4,Everton,True,0,0,518,37,2026-09-12T16:30:00Z,0,0,False,0,0,0,0,0,0,0,0,0,0,0,0,0.0,0.0,0.0,0.0,0,0,0,0,0,0.00,0.00,0.00,0.00,49,-4648,10250,0,4648
conor_gallagher,Spurs,MD,5.4,4,Everton,True,0,0,519,37,2026-09-12T16:30:00Z,0,0,False,0,0,0,0,0,0,0,0,0,0,0,0,0.0,0.0,0.0,0.0,0,0,0,0,0,0.00,0.00,0.00,0.00,54,-1744,21226,812,2556
lucas_bergvall,Spurs,MD,5.4,4,Everton,True,27,1,520,37,2026-09-12T16:30:00Z,0,0,False,0,0,0,0,0,0,0,0,0,0,0,8,8.0,7.9,7.0,2.3,1,2,1,4,0,0.06,0.25,0.31,0.44,54,-1664,16379,319,1983
dejan_kulusevski,Spurs,MD,6.5,4,Everton,True,0,0,521,37,2026-09-12T16:30:00Z,0,0,False,0,0,0,0,0,0,0,0,0,0,0,0,0.0,0.0,0.0,0.0,0,0,0,0,0,0.00,0.00,0.00,0.00,65,-73,894,81,154
archie_gray,Spurs,MD,5.0,4,Everton,True,84,3,522,37,2026-09-12T16:30:00Z,0,0,False,0,0,1,0,0,0,0,0,0,0,0,13,9.6,6.7,10.0,2.6,4,5,2,11,1,0.09,0.03,0.12,1.08,50,-2439,19703,876,3315
mikey_moore,Spurs,MD,5.0,4,Everton,True,0,0,523,37,2026-09-12T16:30:00Z,0,0,False,0,0,0,0,0,0,0,0,0,0,0,0,0.0,0.0,0.0,0.0,0,0,0,0,0,0.00,0.00,0.00,0.00,50,-5490,8137,0,5490
callum_olusesi,Spurs,MD,4.4,4,Everton,True,0,0,524,37,2026-09-12T16:30:00Z,0,0,False,0,0,0,0,0,0,0,0,0,0,0,0,0.0,0.0,0.0,0.0,0,0,0,0,0,0.00,0.00,0.00,0.00,44,5676,93913,13763,8087
mateus_fernandes,Spurs,MD,5.8,4,Everton,True,62,3,525,37,2026-09-12T16:30:00Z,0,0,False,0,0,1,0,0,0,0,0,0,0,0,15,3.0,13.0,22.0,3.8,0,2,2,4,1,0.11,0.03,0.14,0.67,58,-27969,98672,1839,29808
dominic_solanke-mitchell,Spurs,FW,5.9,4,Everton,True,62,2,526,37,2026-09-12T16:30:00Z,0,0,False,0,0,1,0,0,0,0,0,0,0,0,4,0.0,4.3,6.0,0.8,0,2,0,2,1,0.00,0.01,0.01,0.67,59,-14059,96682,5756,19815
richarlison_de andrade,Spurs,FW,5.9,4,Everton,True,0,0,527,37,2026-09-12T16:30:00Z,0,0,False,0,0,0,0,0,0,0,0,0,0,0,0,0.0,0.0,0.0,0.0,0,0,0,0,0,0.00,0.00,0.00,0.00,59,-69368,94527,0,69368
dane_scarlett,Spurs,FW,4.5,4,Everton,True,0,0,528,37,2026-09-12T16:30:00Z,0,0,False,0,0,0,0,0,0,0,0,0,0,0,0,0.0,0.0,0.0,0.0,0,0,0,0,0,0.00,0.00,0.00,0.00,45,-31099,142066,0,31099
mykhailo_mudryk,Spurs,MD,5.4,4,Everton,True,0,0,578,37,2026-09-12T16:30:00Z,0,0,False,0,0,0,0,0,0,0,0,0,0,0,0,0.0,0.0,0.0,0.0,0,0,0,0,0,0.00,0.00,0.00,0.00,54,-670,6691,1620,2290
luca_williams-barnett,Spurs,MD,4.5,4,Everton,True,0,0,601,37,2026-09-12T16:30:00Z,0,0,False,0,0,0,0,0,0,0,0,0,0,0,0,0.0,0.0,0.0,0.0,0,0,0,0,0,0.00,0.00,0.00,0.00,45,403,14941,2324,1921
kevin_danso,Sunderland,DF,5.0,4,Arsenal,True,90,1,501,36,2026-09-12T19:00:00Z,0,2,False,0,0,0,2,0,0,0,0,0,0,0,6,16.8,11.0,2.0,3.0,4,3,0,4,1,0.00,0.08,0.08,1.88,50,-179,16781,1568,1747
robin_roefs,Sunderland,GK,5.0,4,Arsenal,True,90,2,529,36,2026-09-12T19:00:00Z,0,2,False,0,0,0,2,0,0,0,0,0,3,0,9,27.2,0.0,0.0,2.7,1,3,0,0,1,0.00,0.00,0.00,1.88,50,-47961,301456,2287,50248
anthony_patterson,Sunderland,GK,4.0,4,Arsenal,True,0,0,530,36,2026-09-12T19:00:00Z,0,2,False,0,0,0,0,0,0,0,0,0,0,0,0,0.0,0.0,0.0,0.0,0,0,0,0,0,0.00,0.00,0.00,0.00,40,-986,13568,0,986
melker_ellborg,Sunderland,GK,4.5,4,Arsenal,True,0,0,531,36,2026-09-12T19:00:00Z,0,2,False,0,0,0,0,0,0,0,0,0,0,0,0,0.0,0.0,0.0,0.0,0,0,0,0,0,0.00,0.00,0.00,0.00,45,-491,8559,235,726
daniel_ballard,Sunderland,DF,4.9,4,Arsenal,True,90,0,532,36,2026-09-12T19:00:00Z,0,2,False,0,0,0,2,0,0,0,1,0,0,0,0,9.0,10.8,9.0,2.9,5,3,1,6,1,0.08,0.01,0.09,1.88,49,-96106,317274,7170,103276
nordi_mukiele,Sunderland,DF,5.5,4,Arsenal,True,90,0,533,36,2026-09-12T19:00:00Z,0,2,False,0,0,0,2,0,0,0,1,0,0,0,-5,10.4,4.9,46.0,6.1,3,3,3,6,1,0.70,0.02,0.72,1.88,55,-21852,227847,6912,28764
trai_hume,Sunderland,DF,4.4,4,Arsenal,True,0,0,534,36,2026-09-12T19:00:00Z,0,2,False,0,0,0,0,0,0,0,0,0,0,0,0,0.0,0.0,0.0,0.0,0,0,0,0,0,0.00,0.00,0.00,0.00,44,-149674,392084,3636,153310
omar_alderete,Sunderland,DF,4.9,4,Arsenal,True,0,0,535,36,2026-09-12T19:00:00Z,0,2,False,0,0,0,0,0,0,0,0,0,0,0,0,0.0,0.0,0.0,0.0,0,0,0,0,0,0.00,0.00,0.00,0.00,49,-6355,29356,401,6756
reinildo_mandava,Sunderland,DF,4.5,4,Arsenal,True,90,-2,536,36,2026-09-12T19:00:00Z,0,2,False,0,0,0,2,0,0,0,0,1,0,0,-12,0.0,1.4,0.0,0.0,6,3,1,7,1,0.00,0.01,0.01,1.09,45,-4352,37836,780,5132
jenson_seelt,Sunderland,DF,4.5,4,Arsenal,True,0,0,537,36,2026-09-12T19:00:00Z,0,2,False,0,0,0,0,0,0,0,0,0,0,0,0,0.0,0.0,0.0,0.0,0,0,0,0,0,0.00,0.00,0.00,0.00,45,-100,612,0,100
leo fuhr_hjelde,Sunderland,DF,4.0,4,Arsenal,True,0,0,538,36,2026-09-12T19:00:00Z,0,2,False,0,0,0,0,0,0,0,0,0,0,0,0,0.0,0.0,0.0,0.0,0,0,0,0,0,0.00,0.00,0.00,0.00,40,-403,4107,0,403
luke_o'nien,Sunderland,DF,4.0,4,Arsenal,True,0,0,539,36,2026-09-12T19:00:00Z,0,2,False,0,0,0,0,0,0,0,0,0,0,0,0,0.0,0.0,0.0,0.0,0,0,0,0,0,0.00,0.00,0.00,0.00,40,-31354,279659,2683,34037
arthur_masuaku,Sunderland,DF,4.0,4,Arsenal,True,0,0,540,36,2026-09-12T19:00:00Z,0,2,False,0,0,0,0,0,0,0,0,0,0,0,0,0.0,0.0,0.0,0.0,0,0,0,0,0,0.00,0.00,0.00,0.00,40,-1719,15823,0,1719
thomas_meunier,Sunderland,DF,4.5,4,Arsenal,True,75,2,541,36,2026-09-12T19:00:00Z,0,2,False,0,0,0,1,0,0,0,0,0,0,0,5,5.8,1.8,15.0,2.3,2,4,0,2,1,0.13,0.00,0.13,1.09,45,-1785,29243,781,2566
enzo_le fée,Sunderland,MD,5.8,4,Arsenal,True,90,0,542,36,2026-09-12T19:00:00Z,0,2,False,0,0,0,2,0,0,1,0,0,0,0,6,6.8,29.7,26.0,6.3,0,4,0,4,1,0.85,0.59,1.44,1.88,58,-137433,448859,9125,146558
habib_diarra,Sunderland,MD,5.4,4,Arsenal,True,0,0,543,36,2026-09-12T19:00:00Z,0,2,False,0,0,0,0,0,0,0,0,0,0,0,0,0.0,0.0,0.0,0.0,0,0,0,0,0,0.00,0.00,0.00,0.00,54,-1501,3263,27,1528
granit_xhaka,Sunderland,MD,5.5,4,Arsenal,True,90,1,544,36,2026-09-12T19:00:00Z,0,2,False,0,0,0,2,0,0,0,1,0,0,0,19,14.6,44.0,0.0,5.9,2,8,1,11,1,0.00,0.37,0.37,1.88,55,-37779,442948,23504,61283
noah_sadiki,Sunderland,MD,4.9,4,Arsenal,True,90,2,545,36,2026-09-12T19:00:00Z,0,2,False,0,0,0,2,0,0,0,0,0,0,0,11,11.0,1.3,1.0,1.3,4,3,3,10,1,0.04,0.00,0.04,1.88,49,-3819,26156,1090,4909
simon_adingra,Sunderland,MD,4.9,4,Arsenal,True,0,0,546,36,2026-09-12T19:00:00Z,0,2,False,0,0,0,0,0,0,0,0,0,0,0,0,0.0,0.0,0.0,0.0,0,0,0,0,0,0.00,0.00,0.00,0.00,49,-1088,3324,0,1088
romaine_mundle,Sunderland,MD,4.9,4,Arsenal,True,0,0,547,36,2026-09-12T19:00:00Z,0,2,False,0,0,0,0,0,0,0,0,0,0,0,0,0.0,0.0,0.0,0.0,0,0,0,0,0,0.00,0.00,0.00,0.00,49,-146,691,53,199
chris_rigg,Sunderland,MD,4.9,4,Arsenal,True,0,0,548,36,2026-09-12T19:00:00Z,0,2,False,0,0,0,0,0,0,0,0,0,0,0,0,0.0,0.0,0.0,0.0,0,0,0,0,0,0.00,0.00,0.00,0.00,49,-504,5378,130,634
chemsdine_talbi,Sunderland,MD,5.4,4,Arsenal,True,0,0,549,36,2026-09-12T19:00:00Z,0,2,False,0,0,0,0,0,0,0,0,0,0,0,0,0.0,0.0,0.0,0.0,0,0,0,0,0,0.00,0.00,0.00,0.00,54,-2338,15167,214,2552
djiamgone jocelin ta_bi,Sunderland,MD,5.0,4,Arsenal,True,0,0,550,36,2026-09-12T19:00:00Z,0,2,False,0,0,0,0,0,0,0,0,0,0,0,0,0.0,0.0,0.0,0.0,0,0,0,0,0,0.00,0.00,0.00,0.00,50,-12,630,79,91
nilson_angulo,Sunderland,MD,5.0,4,Arsenal,True,69,2,551,36,2026-09-12T19:00:00Z,0,2,False,0,0,0,1,0,0,0,0,0,0,0,7,2.2,0.9,2.0,0.5,0,1,2,3,1,0.00,0.00,0.00,0.81,50,-1700,14020,1450,3150
brian_brobbey,Sunderland,FW,5.8,4,Arsenal,True,90,1,552,36,2026-09-12T19:00:00Z,0,2,False,0,0,0,2,0,0,0,1,0,0,0,4,0.0,11.5,14.0,2.4,0,4,0,4,1,0.00,0.01,0.01,1.88,58,-246486,701070,13895,260381
wilson_isidor,Sunderland,FW,5.5,4,Arsenal,True,20,1,553,36,2026-09-12T19:00:00Z,0,2,False,0,0,0,1,0,0,0,0,0,0,0,1,1.2,0.1,0.0,0.1,0,0,1,1,0,0.00,0.00,0.00,1.07,55,25312,163059,47557,22245
dayann_méthalie,Sunderland,DF,4.5,4,Arsenal,True,0,0,612,36,2026-09-12T19:00:00Z,0,2,False,0,0,0,0,0,0,0,0,0,0,0,0,0.0,0.0,0.0,0.0,0,0,0,0,0,0.00,0.00,0.00,0.00,45,-16,710,187,203
jules_ahoka,Sunderland,MD,4.5,4,Arsenal,True,0,0,613,36,2026-09-12T19:00:00Z,0,2,False,0,0,0,0,0,0,0,0,0,0,0,0,0.0,0.0,0.0,0.0,0,0,0,0,0,0.00,0.00,0.00,0.00,45,2550,29307,6933,4383
malick_fofana,Sunderland,MD,5.5,4,Arsenal,True,14,1,646,36,2026-09-12T19:00:00Z,0,2,False,0,0,0,1,0,0,0,0,0,0,0,2,0.0,0.8,6.0,0.6,0,0,0,0,0,0.00,0.00,0.00,0.79,55,636,3125,1193,557
juan_angulo,Sunderland,FW,4.5,4,Arsenal,True,0,0,651,36,2026-09-12T19:00:00Z,0,2,False,0,0,0,0,0,0,0,0,0,0,0,0,0.0,0.0,0.0,0.0,0,0,0,0,0,0.00,0.00,0.00,0.00,45,22849,53783,32385,9536
