full_name,team,Position,Price,round,opponent_team,was_home,minutes,total_points,element,fixture,kickoff_time,team_h_score,team_a_score,modified,goals_scored,assists,clean_sheets,goals_conceded,own_goals,penalties_saved,penalties_missed,yellow_cards,red_cards,saves,bonus,bps,influence,creativity,threat,ict_index,clearances_blocks_interceptions,recoveries,tackles,defensive_contribution,starts,expected_goals,expected_assists,expected_goal_involvements,expected_goals_conceded,value,transfers_balance,selected,transfers_in,transfers_out
david_raya martín,Arsenal,GK,6.0,5,Brighton,False,90,1,1,42,2026-09-19T14:00:00Z,3,0,False,0,0,0,3,0,0,0,0,0,2,0,6,20.6,0.0,0.0,2.1,0,14,1,0,1,0.00,0.00,0.00,1.31,60,212570,4487209,279598,67028
kepa_arrizabalaga revuelta,Arsenal,GK,4.9,5,Brighton,False,0,0,2,42,2026-09-19T14:00:00Z,3,0,False,0,0,0,0,0,0,0,0,0,0,0,0,0.0,0.0,0.0,0.0,0,0,0,0,0,0.00,0.00,0.00,0.00,49,-378,7555,181,559
illan_meslier,Arsenal,GK,4.9,5,Brighton,False,0,0,3,42,2026-09-19T14:00:00Z,3,0,False,0,0,0,0,0,0,0,0,0,0,0,0,0.0,0.0,0.0,0.0,0,0,0,0,0,0.00,0.00,0.00,0.00,49,-115,3038,86,201
gabriel_dos santos magalhães,Arsenal,DF,8.0,5,Brighton,False,90,1,4,42,2026-09-19T14:00:00Z,3,0,False,0,0,0,3,0,0,0,0,0,0,0,6,25.8,13.1,0.0,3.9,6,4,3,9,1,0.00,0.14,0.14,1.31,80,-70779,2494884,48033,118812
jurriën_timber,Arsenal,DF,6.5,5,Brighton,False,59,0,5,42,2026-09-19T14:00:00Z,3,0,False,0,0,0,3,0,0,0,0,0,0,0,-6,4.2,2.3,0.0,0.7,0,2,2,2,1,0.00,0.02,0.02,0.61,65,16270,32012,20088,3818
william_saliba,Arsenal,DF,5.9,5,Brighton,False,0,0,6,42,2026-09-19T14:00:00Z,3,0,False,0,0,0,0,0,0,0,0,0,0,0,0,0.0,0.0,0.0,0.0,0,0,0,0,0,0.00,0.00,0.00,0.00,59,-1605,21924,399,2004
myles_lewis-skelly,Arsenal,MD,5.5,5,Brighton,False,0,0,7,42,2026-09-19T14:00:00Z,3,0,False,0,0,0,0,0,0,0,0,0,0,0,0,0.0,0.0,0.0,0.0,0,0,0,0,0,0.00,0.00,0.00,0.00,55,-7916,64229,3227,11143
riccardo_calafiori,Arsenal,DF,5.8,5,Brighton,False,90,1,8,42,2026-09-19T14:00:00Z,3,0,False,0,0,0,3,0,0,0,0,0,0,0,-3,11.2,23.7,20.0,5.5,2,5,3,5,1,0.07,0.03,0.10,1.31,58,183297,5451521,266900,83603
piero_hincapié,Arsenal,DF,5.3,5,Brighton,False,0,0,9,42,2026-09-19T14:00:00Z,3,0,False,0,0,0,0,0,0,0,0,0,0,0,0,0.0,0.0,0.0,0.0,0,0,0,0,0,0.00,0.00,0.00,0.00,53,-13089,98376,2559,15648
benjamin_white,Arsenal,DF,5.5,5,Brighton,False,0,0,10,42,2026-09-19T14:00:00Z,3,0,False,0,0,0,0,0,0,0,0,0,0,0,0,0.0,0.0,0.0,0.0,0,0,0,0,0,0.00,0.00,0.00,0.00,55,-218227,573621,21167,239394
cristhian_mosquera,Arsenal,DF,5.3,5,Brighton,False,0,0,11,42,2026-09-19T14:00:00Z,3,0,False,0,0,0,0,0,0,0,0,0,0,0,0,0.0,0.0,0.0,0.0,0,0,0,0,0,0.00,0.00,0.00,0.00,53,-81401,181804,476,81877
bukayo_saka,Arsenal,MD,9.5,5,Brighton,False,80,2,12,42,2026-09-19T14:00:00Z,3,0,False,0,0,0,3,0,0,0,0,0,0,0,14,15.8,46.8,36.0,9.9,0,1,1,2,1,0.34,0.55,0.89,1.00,95,156317,1461185,221246,64929
declan_rice,Arsenal,MD,7.4,5,Brighton,False,90,1,13,42,2026-09-19T14:00:00Z,3,0,False,0,0,0,3,0,0,0,1,0,0,0,13,10.6,18.1,1.0,3.0,2,4,2,8,1,0.02,0.06,0.08,1.31,74,-54820,1344452,28685,83505
eberechi_eze,Arsenal,MD,6.3,5,Brighton,False,17,1,14,42,2026-09-19T14:00:00Z,3,0,False,0,0,0,0,0,0,0,0,0,0,0,5,1.2,2.1,4.0,0.7,0,0,0,0,0,0.00,0.02,0.02,0.54,63,-15015,113499,3026,18041
martin_ødegaard,Arsenal,MD,6.8,5,Brighton,False,72,2,15,42,2026-09-19T14:00:00Z,3,0,False,0,0,0,3,0,0,0,0,0,0,0,10,0.0,6.2,5.0,1.1,1,1,0,2,1,0.07,0.02,0.09,0.77,68,194248,2167651,326276,132028
noni_madueke,Arsenal,MD,6.2,5,Brighton,False,0,0,16,42,2026-09-19T14:00:00Z,3,0,False,0,0,0,0,0,0,0,0,0,0,0,0,0.0,0.0,0.0,0.0,0,0,0,0,0,0.00,0.00,0.00,0.00,62,-2443,22229,1193,3636
mikel_merino zazón,Arsenal,MD,5.8,5,Brighton,False,30,1,17,42,2026-09-19T14:00:00Z,3,0,False,0,0,0,0,0,0,0,0,0,0,0,4,3.4,0.8,2.0,0.6,1,3,0,4,0,0.00,0.13,0.13,0.70,58,-4969,42609,1345,6314
gabriel_martinelli silva,Arsenal,MD,6.3,5,Brighton,False,0,0,18,42,2026-09-19T14:00:00Z,3,0,False,0,0,0,0,0,0,0,0,0,0,0,0,0.0,0.0,0.0,0.0,0,0,0,0,0,0.00,0.00,0.00,0.00,63,-1499,7867,0,1499
martín_zubimendi ibáñez,Arsenal,MD,5.3,5,Brighton,False,30,1,19,42,2026-09-19T14:00:00Z,3,0,False,0,0,0,0,0,0,0,0,0,0,0,2,0.0,0.8,18.0,1.9,1,0,0,1,0,0.13,0.00,0.13,0.70,53,-7918,64585,1444,9362
max_dowman,Arsenal,MD,5.3,5,Brighton,False,9,1,20,42,2026-09-19T14:00:00Z,3,0,False,0,0,0,0,0,0,0,0,0,0,0,4,2.0,14.8,0.0,1.7,0,0,0,0,0,0.00,0.08,0.08,0.31,53,-172,7252,878,1050
ethan_nwaneri,Arsenal,MD,5.4,5,Brighton,False,0,0,22,42,2026-09-19T14:00:00Z,3,0,False,0,0,0,0,0,0,0,0,0,0,0,0,0.0,0.0,0.0,0.0,0,0,0,0,0,0.00,0.00,0.00,0.00,54,-116,680,0,116
fábio_ferreira vieira,Arsenal,MD,5.5,5,Brighton,False,0,0,23,42,2026-09-19T14:00:00Z,3,0,False,0,0,0,0,0,0,0,0,0,0,0,0,0.0,0.0,0.0,0.0,0,0,0,0,0,0.00,0.00,0.00,0.00,55,-88,633,0,88
reiss_nelson,Arsenal,MD,5.5,5,Brighton,False,0,0,24,42,2026-09-19T14:00:00Z,3,0,False,0,0,0,0,0,0,0,0,0,0,0,0,0.0,0.0,0.0,0.0,0,0,0,0,0,0.00,0.00,0.00,0.00,55,-66,500,0,66
viktor_gyökeres,Arsenal,FW,7.2,5,Brighton,False,17,1,25,42,2026-09-19T14:00:00Z,3,0,False,0,0,0,0,0,0,0,0,0,0,0,5,0.0,14.6,0.0,1.4,0,0,0,0,0,0.00,0.23,0.23,0.54,72,-51870,342393,5156,57026
kai_havertz,Arsenal,FW,7.6,5,Brighton,False,90,2,26,42,2026-09-19T14:00:00Z,3,0,False,0,0,0,3,0,0,0,0,0,0,0,5,5.2,5.3,28.0,3.9,2,1,0,3,1,0.78,0.02,0.80,1.31,76,44371,915557,147342,102971
gabriel_fernando de jesus,Arsenal,FW,5.9,5,Brighton,False,0,0,27,42,2026-09-19T14:00:00Z,3,0,False,0,0,0,0,0,0,0,0,0,0,0,0,0.0,0.0,0.0,0.0,0,0,0,0,0,0.00,0.00,0.00,0.00,59,-2292,16588,0,2292
ezri_konsa ngoyo,Arsenal,DF,4.5,5,Brighton,False,90,1,31,42,2026-09-19T14:00:00Z,3,0,False,0,0,0,3,0,0,0,0,0,0,0,2,10.6,12.3,10.0,3.3,4,3,0,4,1,0.23,0.01,0.24,1.31,45,277564,2062931,343094,65530
bruno_guimarães rodriguez moura,Arsenal,MD,6.7,5,Brighton,False,59,1,452,42,2026-09-19T14:00:00Z,3,0,False,0,0,0,3,0,0,0,0,0,0,0,12,4.2,1.8,6.0,1.2,2,4,0,6,1,0.00,0.01,0.01,0.61,67,6316,192568,16199,9883
christos_tzolis,Arsenal,MD,6.4,5,Brighton,False,72,2,557,42,2026-09-19T14:00:00Z,3,0,False,0,0,0,3,0,0,0,0,0,0,0,9,5.0,6.2,6.0,1.7,1,1,1,3,1,0.00,0.07,0.07,0.77,64,-263333,1417272,39605,302938
marco_bizot,Aston Villa,GK,4.5,5,Spurs,False,0,0,29,48,2026-09-19T11:30:00Z,2,3,False,0,0,0,0,0,0,0,0,0,0,0,0,0.0,0.0,0.0,0.0,0,0,0,0,0,0.00,0.00,0.00,0.00,45,-1076,13259,416,1492
lucas_digne,Aston Villa,DF,4.5,5,Spurs,False,0,0,30,48,2026-09-19T11:30:00Z,2,3,False,0,0,0,0,0,0,0,0,0,0,0,0,0.0,0.0,0.0,0.0,0,0,0,0,0,0.00,0.00,0.00,0.00,45,-431,5450,0,431
matty_cash,Aston Villa,DF,4.4,5,Spurs,False,45,-1,32,48,2026-09-19T11:30:00Z,2,3,False,0,0,0,2,0,0,0,1,0,0,0,-7,4.0,3.1,0.0,0.7,3,0,0,3,0,0.00,0.00,0.00,0.92,44,-105428,542880,5264,110692
tyrone_mings,Aston Villa,DF,4.5,5,Spurs,False,90,3,33,48,2026-09-19T11:30:00Z,2,3,False,0,0,0,2,0,0,0,0,0,0,0,10,27.4,0.6,0.0,2.8,12,3,1,13,1,0.00,0.00,0.00,1.56,45,-1624,41769,3533,5157
pau_torres,Aston Villa,DF,4.5,5,Spurs,False,0,0,34,48,2026-09-19T11:30:00Z,2,3,False,0,0,0,0,0,0,0,0,0,0,0,0,0.0,0.0,0.0,0.0,0,0,0,0,0,0.00,0.00,0.00,0.00,45,-9138,34289,237,9375
lamare_bogarde,Aston Villa,MD,5.0,5,Spurs,False,0,0,35,48,2026-09-19T11:30:00Z,2,3,False,0,0,0,0,0,0,0,0,0,0,0,0,0.0,0.0,0.0,0.0,0,0,0,0,0,0.00,0.00,0.00,0.00,50,-487,6803,474,961
ian_maatsen,Aston Villa,DF,4.5,5,Spurs,False,0,0,36,48,2026-09-19T11:30:00Z,2,3,False,0,0,0,0,0,0,0,0,0,0,0,0,0.0,0.0,0.0,0.0,0,0,0,0,0,0.00,0.00,0.00,0.00,45,-30695,58351,548,31243
victor_lindelöf,Aston Villa,DF,4.5,5,Spurs,False,90,1,37,48,2026-09-19T11:30:00Z,2,3,False,0,0,0,2,0,0,0,0,0,0,0,1,18.8,10.0,0.0,2.9,6,2,0,6,1,0.00,0.00,0.00,1.56,45,-415,33907,3502,3917
andrés_garcía,Aston Villa,DF,4.0,5,Spurs,False,0,0,38,48,2026-09-19T11:30:00Z,2,3,False,0,0,0,0,0,0,0,0,0,0,0,0,0.0,0.0,0.0,0.0,0,0,0,0,0,0.00,0.00,0.00,0.00,40,-7021,171537,7152,14173
kosta_nedeljkovic,Aston Villa,DF,4.0,5,Spurs,False,0,0,39,48,2026-09-19T11:30:00Z,2,3,False,0,0,0,0,0,0,0,0,0,0,0,0,0.0,0.0,0.0,0.0,0,0,0,0,0,0.00,0.00,0.00,0.00,40,-1273,14409,0,1273
emiliano_buendía stati,Aston Villa,MD,5.9,5,Spurs,False,90,12,41,48,2026-09-19T11:30:00Z,2,3,False,1,0,0,2,0,0,0,0,0,0,3,50,61.0,36.3,35.0,13.2,2,6,7,15,1,0.14,0.07,0.21,1.56,59,-16876,94622,6405,23281
leon_bailey,Aston Villa,MD,5.4,5,Spurs,False,0,0,44,48,2026-09-19T11:30:00Z,2,3,False,0,0,0,0,0,0,0,0,0,0,0,0,0.0,0.0,0.0,0.0,0,0,0,0,0,0.00,0.00,0.00,0.00,54,-1648,6080,0,1648
john_mcginn,Aston Villa,MD,5.4,5,Spurs,False,83,6,45,48,2026-09-19T11:30:00Z,2,3,False,0,1,1,0,0,0,0,0,0,0,0,19,23.0,33.5,0.0,5.7,2,4,0,6,1,0.00,0.04,0.04,0.78,54,-5772,240695,18814,24586
ross_barkley,Aston Villa,MD,5.0,5,Spurs,False,6,1,46,48,2026-09-19T11:30:00Z,2,3,False,0,0,0,2,0,0,0,0,0,0,0,3,0.6,0.8,0.0,0.1,1,3,0,4,0,0.00,0.00,0.00,0.78,50,-1310,28594,2694,4004
boubacar_kamara,Aston Villa,MD,5.0,5,Spurs,False,83,6,47,48,2026-09-19T11:30:00Z,2,3,False,0,1,1,0,0,0,0,0,0,0,0,26,21.0,13.2,4.0,3.8,1,3,2,6,1,0.12,0.01,0.13,0.78,50,-2746,32641,1988,4734
amadou_onana,Aston Villa,MD,4.9,5,Spurs,False,0,0,48,48,2026-09-19T11:30:00Z,2,3,False,0,0,0,0,0,0,0,0,0,0,0,0,0.0,0.0,0.0,0.0,0,0,0,0,0,0.00,0.00,0.00,0.00,49,-137,1654,66,203
samuel_iling-junior,Aston Villa,MD,5.0,5,Spurs,False,0,0,49,48,2026-09-19T11:30:00Z,2,3,False,0,0,0,0,0,0,0,0,0,0,0,0,0.0,0.0,0.0,0.0,0,0,0,0,0,0.00,0.00,0.00,0.00,50,-20,169,0,20
bradley_burrowes,Aston Villa,MD,4.5,5,Spurs,False,0,0,50,48,2026-09-19T11:30:00Z,2,3,False,0,0,0,0,0,0,0,0,0,0,0,0,0.0,0.0,0.0,0.0,0,0,0,0,0,0.00,0.00,0.00,0.00,45,-5269,63804,1961,7230
george_hemmings,Aston Villa,MD,4.5,5,Spurs,False,18,1,51,48,2026-09-19T11:30:00Z,2,3,False,0,0,0,2,0,0,0,0,0,0,0,2,0.0,1.2,0.0,0.0,0,0,0,0,0,0.00,0.00,0.00,0.87,45,-3198,135094,14076,17274
alysson edward franco_da rocha dos santos,Aston Villa,MD,5.0,5,Spurs,False,0,0,52,48,2026-09-19T11:30:00Z,2,3,False,0,0,0,0,0,0,0,0,0,0,0,0,0.0,0.0,0.0,0.0,0,0,0,0,0,0.00,0.00,0.00,0.00,50,983,6101,1608,625
johan_manzambi,Aston Villa,MD,5.9,5,Spurs,False,71,13,53,48,2026-09-19T11:30:00Z,2,3,False,1,1,1,0,0,0,0,0,0,0,2,45,63.2,25.8,60.0,14.9,2,4,1,7,1,0.44,0.16,0.60,0.68,59,853,14639,1843,990
joao_gomes,Aston Villa,MD,5.5,5,Spurs,False,90,4,54,48,2026-09-19T11:30:00Z,2,3,False,0,0,0,2,0,0,0,0,0,0,0,13,22.6,13.8,0.0,3.6,5,3,5,13,1,0.00,0.02,0.02,1.56,55,137,4213,464,327
ollie_watkins,Aston Villa,FW,7.8,5,Spurs,False,0,0,55,48,2026-09-19T11:30:00Z,2,3,False,0,0,0,0,0,0,0,0,0,0,0,0,0.0,0.0,0.0,0.0,0,0,0,0,0,0.00,0.00,0.00,0.00,78,-35250,284909,0,35250
tammy_abraham,Aston Villa,FW,5.5,5,Spurs,False,2,1,56,48,2026-09-19T11:30:00Z,2,3,False,0,0,0,1,0,0,0,0,0,0,0,3,0.0,2.4,0.0,0.2,0,0,0,0,0,0.00,0.00,0.00,0.43,55,1415,19806,4340,2925
alejandro_garnacho ferreyra,Aston Villa,MD,5.8,5,Spurs,False,0,0,160,48,2026-09-19T11:30:00Z,2,3,False,0,0,0,0,0,0,0,0,0,0,0,0,0.0,0.0,0.0,0.0,0,0,0,0,0,0.00,0.00,0.00,0.00,58,-6202,35129,839,7041
nicolas_jackson,Aston Villa,FW,6.5,5,Spurs,False,87,6,166,48,2026-09-19T11:30:00Z,2,3,False,1,0,0,1,0,0,0,1,0,0,1,31,37.4,11.4,52.0,10.1,1,3,0,4,1,0.44,0.02,0.46,1.13,65,-17305,125508,18834,36139
brian_madjo,Aston Villa,FW,5.4,5,Spurs,False,0,0,582,48,2026-09-19T11:30:00Z,2,3,False,0,0,0,0,0,0,0,0,0,0,0,0,0.0,0.0,0.0,0.0,0,0,0,0,0,0.00,0.00,0.00,0.00,54,-4377,22744,268,4645
matteo_ruggeri,Aston Villa,DF,4.5,5,Spurs,False,90,3,596,48,2026-09-19T11:30:00Z,2,3,False,0,0,0,2,0,0,0,0,0,0,0,11,19.4,11.5,1.0,3.2,13,9,0,13,1,0.03,0.01,0.04,1.56,45,-395,9272,779,1174
zion_suzuki,Aston Villa,GK,5.0,5,Spurs,False,90,2,597,48,2026-09-19T11:30:00Z,2,3,False,0,0,0,2,0,0,0,0,0,5,0,17,36.2,0.0,0.0,3.6,3,12,0,0,1,0.00,0.00,0.00,1.56,50,-2224,196011,16586,18810
triston_rowe,Aston Villa,DF,4.0,5,Spurs,False,0,0,606,48,2026-09-19T11:30:00Z,2,3,False,0,0,0,0,0,0,0,0,0,0,0,0,0.0,0.0,0.0,0.0,0,0,0,0,0,0.00,0.00,0.00,0.00,40,223,18299,1822,1599
luka_lynch,Aston Villa,MD,4.5,5,Spurs,False,0,0,607,48,2026-09-19T11:30:00Z,2,3,False,0,0,0,0,0,0,0,0,0,0,0,0,0.0,0.0,0.0,0.0,0,0,0,0,0,0.00,0.00,0.00,0.00,45,-1367,7636,0,1367
aaron_wan-bissaka,Aston Villa,DF,4.5,5,Spurs,False,45,1,611,48,2026-09-19T11:30:00Z,2,3,False,0,0,0,0,0,0,0,0,0,0,0,6,10.4,1.4,0.0,1.2,4,0,2,6,1,0.00,0.01,0.01,0.64,45,2283,23660,4595,2312
leon_goretzka,Aston Villa,MD,5.9,5,Spurs,False,0,0,618,48,2026-09-19T11:30:00Z,2,3,False,0,0,0,0,0,0,0,0,0,0,0,0,0.0,0.0,0.0,0.0,0,0,0,0,0,0.00,0.00,0.00,0.00,59,-1317,2971,47,1364
taylor_harwood-bellis,Aston Villa,DF,4.5,5,Spurs,False,0,0,630,48,2026-09-19T11:30:00Z,2,3,False,0,0,0,0,0,0,0,0,0,0,0,0,0.0,0.0,0.0,0.0,0,0,0,0,0,0.00,0.00,0.00,0.00,45,28,1743,379,351
ibrahim_mbaye,Aston Villa,MD,6.0,5,Spurs,False,6,1,631,48,2026-09-19T11:30:00Z,2,3,False,0,0,0,2,0,0,0,0,0,0,0,2,0.0,0.0,0.0,0.0,0,0,0,0,0,0.00,0.00,0.00,0.78,60,1194,7570,2665,1471
james_wright,Aston Villa,GK,4.0,5,Spurs,False,0,0,667,48,2026-09-19T11:30:00Z,2,3,False,0,0,0,0,0,0,0,0,0,0,0,0,0.0,0.0,0.0,0.0,0,0,0,0,0,0.00,0.00,0.00,0.00,40,0,0,0,0
đorđe_petrović,Bournemouth,GK,4.5,5,Liverpool,True,90,2,57,49,2026-09-20T13:00:00Z,0,1,False,0,0,0,1,0,0,0,0,0,2,0,12,18.2,0.0,0.0,1.8,0,12,0,0,1,0.00,0.00,0.00,1.65,45,-19421,325591,7119,26540
fraser_forster,Bournemouth,GK,4.0,5,Liverpool,True,0,0,58,49,2026-09-20T13:00:00Z,0,1,False,0,0,0,0,0,0,0,0,0,0,0,0,0.0,0.0,0.0,0.0,0,0,0,0,0,0.00,0.00,0.00,0.00,40,6886,391157,22505,15619
will_dennis,Bournemouth,GK,4.0,5,Liverpool,True,0,0,59,49,2026-09-20T13:00:00Z,0,1,False,0,0,0,0,0,0,0,0,0,0,0,0,0.0,0.0,0.0,0.0,0,0,0,0,0,0.00,0.00,0.00,0.00,40,-1059,13258,0,1059
james_hill,Bournemouth,DF,5.5,5,Liverpool,True,90,4,60,49,2026-09-20T13:00:00Z,0,1,False,0,0,0,1,0,0,0,0,0,0,0,15,43.6,5.1,0.0,4.9,11,3,4,15,1,0.00,0.02,0.02,1.65,55,-8309,80776,3321,11630
adrien_truffert,Bournemouth,DF,5.5,5,Liverpool,True,90,2,61,49,2026-09-20T13:00:00Z,0,1,False,0,0,0,1,0,0,0,0,0,0,0,6,12.6,11.8,5.0,2.9,5,3,2,7,1,0.02,0.06,0.08,1.65,55,-27978,334232,6520,34498
bafodé_diakité,Bournemouth,DF,5.0,5,Liverpool,True,0,0,62,49,2026-09-20T13:00:00Z,0,1,False,0,0,0,0,0,0,0,0,0,0,0,0,0.0,0.0,0.0,0.0,0,0,0,0,0,0.00,0.00,0.00,0.00,50,-1312,17170,916,2228
veljko_milosavljevic,Bournemouth,DF,4.9,5,Liverpool,True,0,0,63,49,2026-09-20T13:00:00Z,0,1,False,0,0,0,0,0,0,0,0,0,0,0,0,0.0,0.0,0.0,0.0,0,0,0,0,0,0.00,0.00,0.00,0.00,49,-21,843,74,95
adam_smith,Bournemouth,DF,4.5,5,Liverpool,True,74,2,64,49,2026-09-20T13:00:00Z,0,1,False,0,0,0,1,0,0,0,0,0,0,0,3,0.0,0.8,0.0,0.0,0,2,0,0,1,0.00,0.02,0.02,1.40,45,-1163,13093,818,1981
julián_araujo zúñiga,Bournemouth,DF,4.4,5,Liverpool,True,0,0,65,49,2026-09-20T13:00:00Z,0,1,False,0,0,0,0,0,0,0,0,0,0,0,0,0.0,0.0,0.0,0.0,0,0,0,0,0,0.00,0.00,0.00,0.00,44,-50,1281,101,151
julio_soler barreto,Bournemouth,DF,4.0,5,Liverpool,True,0,0,66,49,2026-09-20T13:00:00Z,0,1,False,0,0,0,0,0,0,0,0,0,0,0,0,0.0,0.0,0.0,0.0,0,0,0,0,0,0.00,0.00,0.00,0.00,40,-57,28923,2347,2404
rayan vitor_simplício rocha,Bournemouth,MD,6.4,5,Liverpool,True,87,2,67,49,2026-09-20T13:00:00Z,0,1,False,0,0,0,1,0,0,0,0,0,0,0,17,8.4,16.9,8.0,3.3,1,1,2,4,1,0.00,0.35,0.35,1.40,64,-30627,173374,4733,35360
marcus_tavernier,Bournemouth,MD,6.1,5,Liverpool,True,74,2,68,49,2026-09-20T13:00:00Z,0,1,False,0,0,0,1,0,0,0,0,0,0,0,14,10.8,19.1,4.0,3.4,0,3,3,6,1,0.00,0.11,0.11,1.40,61,257318,709800,318303,60985
alex_scott,Bournemouth,MD,6.1,5,Liverpool,True,90,2,69,49,2026-09-20T13:00:00Z,0,1,False,0,0,0,1,0,0,0,0,0,0,0,17,8.2,40.5,13.0,6.2,0,8,0,8,1,0.12,0.07,0.19,1.65,61,-5057,624564,72063,77120
justin_kluivert,Bournemouth,MD,6.0,5,Liverpool,True,0,0,70,49,2026-09-20T13:00:00Z,0,1,False,0,0,0,0,0,0,0,0,0,0,0,0,0.0,0.0,0.0,0.0,0,0,0,0,0,0.00,0.00,0.00,0.00,60,3462,110738,14541,11079
lewis_cook,Bournemouth,MD,5.0,5,Liverpool,True,15,1,71,49,2026-09-20T13:00:00Z,0,1,False,0,0,0,0,0,0,0,0,0,0,0,3,2.8,0.3,0.0,0.3,1,1,0,2,0,0.00,0.00,0.00,0.25,50,-2898,19112,841,3739
ben_gannon-doak,Bournemouth,MD,4.9,5,Liverpool,True,2,1,72,49,2026-09-20T13:00:00Z,0,1,False,0,0,0,0,0,0,0,0,0,0,0,3,0.2,0.8,2.0,0.3,0,0,0,0,0,0.00,0.02,0.02,0.25,49,-515,6412,338,853
tyler_adams,Bournemouth,MD,5.0,5,Liverpool,True,87,4,73,49,2026-09-20T13:00:00Z,0,1,False,0,0,0,1,0,0,0,0,0,0,0,13,15.4,12.9,0.0,2.8,5,6,2,13,1,0.00,0.04,0.04,1.40,50,-871,29052,2995,3866
david_brooks,Bournemouth,MD,5.0,5,Liverpool,True,15,1,74,49,2026-09-20T13:00:00Z,0,1,False,0,0,0,0,0,0,0,0,0,0,0,4,5.0,21.7,0.0,2.7,0,2,0,2,0,0.00,0.06,0.06,0.25,50,-394,5709,503,897
ryan_christie,Bournemouth,MD,5.0,5,Liverpool,True,74,2,75,49,2026-09-20T13:00:00Z,0,1,False,0,0,0,1,0,0,0,0,0,0,0,0,0.0,2.4,27.0,2.4,0,5,0,5,1,0.50,0.01,0.51,1.40,50,-118,3511,541,659
alex_tóth,Bournemouth,MD,4.9,5,Liverpool,True,2,1,76,49,2026-09-20T13:00:00Z,0,1,False,0,0,0,0,0,0,0,0,0,0,0,3,0.2,0.1,0.0,0.0,0,0,0,0,0,0.00,0.00,0.00,0.25,49,-80,1445,62,142
amine_adli,Bournemouth,MD,4.9,5,Liverpool,True,0,0,77,49,2026-09-20T13:00:00Z,0,1,False,0,0,0,0,0,0,0,0,0,0,0,0,0.0,0.0,0.0,0.0,0,0,0,0,0,0.00,0.00,0.00,0.00,49,-184,1387,25,209
junior_kroupi,Bournemouth,MD,7.4,5,Liverpool,True,0,0,78,49,2026-09-20T13:00:00Z,0,1,False,0,0,0,0,0,0,0,0,0,0,0,0,0.0,0.0,0.0,0.0,0,0,0,0,0,0.00,0.00,0.00,0.00,74,-1688,19554,141,1829
francisco evanilson_de lima barbosa,Bournemouth,FW,6.0,5,Liverpool,True,90,2,79,49,2026-09-20T13:00:00Z,0,1,False,0,0,0,1,0,0,0,0,0,0,0,12,11.0,3.4,50.0,6.4,1,2,2,5,1,0.16,0.01,0.17,1.65,60,-2578,350510,44404,46982
enes_ünal,Bournemouth,FW,5.5,5,Liverpool,True,0,0,80,49,2026-09-20T13:00:00Z,0,1,False,0,0,0,0,0,0,0,0,0,0,0,0,0.0,0.0,0.0,0.0,0,0,0,0,0,0.00,0.00,0.00,0.00,55,-121,1665,0,121
álvaro_rodríguez,Bournemouth,FW,6.0,5,Liverpool,True,0,0,81,49,2026-09-20T13:00:00Z,0,1,False,0,0,0,0,0,0,0,0,0,0,0,0,0.0,0.0,0.0,0.0,0,0,0,0,0,0.00,0.00,0.00,0.00,60,-435,12687,939,1374
antónio joão_pereira de albuquerque tavares da silva,Bournemouth,DF,5.0,5,Liverpool,True,90,3,566,49,2026-09-20T13:00:00Z,0,1,False,0,0,0,1,0,0,0,1,0,0,0,8,32.8,1.5,2.0,3.6,13,2,2,15,1,0.00,0.02,0.02,1.65,50,-3903,40509,2672,6575
juanlu_sánchez,Bournemouth,DF,4.4,5,Liverpool,True,0,0,573,49,2026-09-20T13:00:00Z,0,1,False,0,0,0,0,0,0,0,0,0,0,0,0,0.0,0.0,0.0,0.0,0,0,0,0,0,0.00,0.00,0.00,0.00,44,-982,18099,314,1296
daniel_jebbison,Bournemouth,FW,5.0,5,Liverpool,True,15,1,608,49,2026-09-20T13:00:00Z,0,1,False,0,0,0,0,0,0,0,0,0,0,0,3,0.2,0.8,4.0,0.5,0,0,0,0,0,0.00,0.00,0.00,0.25,50,-62,11675,1986,2048
michele_di gregorio,Bournemouth,GK,4.5,5,Liverpool,True,0,0,615,49,2026-09-20T13:00:00Z,0,1,False,0,0,0,0,0,0,0,0,0,0,0,0,0.0,0.0,0.0,0.0,0,0,0,0,0,0.00,0.00,0.00,0.00,45,-198,3687,343,541
caoimhín_kelleher,Brentford,GK,5.0,5,Chelsea,True,90,6,82,41,2026-09-18T19:00:00Z,3,0,False,0,0,1,0,0,0,0,0,0,2,0,27,16.4,0.0,0.0,1.6,2,8,0,0,1,0.00,0.00,0.00,0.83,50,-53924,649762,9126,63050
hákon rafn_valdimarsson,Brentford,GK,4.5,5,Chelsea,True,0,0,83,41,2026-09-18T19:00:00Z,3,0,False,0,0,0,0,0,0,0,0,0,0,0,0,0.0,0.0,0.0,0.0,0,0,0,0,0,0.00,0.00,0.00,0.00,45,-567,10440,317,884
nathan_collins,Brentford,DF,5.4,5,Chelsea,True,0,0,84,41,2026-09-18T19:00:00Z,3,0,False,0,0,0,0,0,0,0,0,0,0,0,0,0.0,0.0,0.0,0.0,0,0,0,0,0,0.00,0.00,0.00,0.00,54,-39288,111916,104,39392
sepp_van den berg,Brentford,DF,4.9,5,Chelsea,True,0,0,85,41,2026-09-18T19:00:00Z,3,0,False,0,0,0,0,0,0,0,0,0,0,0,0,0.0,0.0,0.0,0.0,0,0,0,0,0,0.00,0.00,0.00,0.00,49,-729,6772,37,766
keane_lewis-potter,Brentford,MD,5.5,5,Chelsea,True,80,3,86,41,2026-09-18T19:00:00Z,3,0,False,0,0,1,0,0,0,0,0,0,0,0,15,19.0,15.1,24.0,5.8,5,3,1,9,1,0.15,0.01,0.16,0.70,55,-36251,187862,6251,42502
kristoffer_ajer,Brentford,DF,4.5,5,Chelsea,True,90,7,87,41,2026-09-18T19:00:00Z,3,0,False,0,0,1,0,0,0,0,0,0,0,1,29,19.4,11.3,4.0,3.5,9,3,0,9,1,0.00,0.05,0.05,0.83,45,-65023,417707,8947,73970
michael_kayode,Brentford,DF,4.6,5,Chelsea,True,68,6,88,41,2026-09-18T19:00:00Z,3,0,False,0,0,1,0,0,0,0,0,0,0,0,20,2.6,1.0,0.0,0.4,1,2,1,2,1,0.00,0.07,0.07,0.55,46,-116375,819720,18236,134611
rico_henry,Brentford,DF,4.4,5,Chelsea,True,0,0,89,41,2026-09-18T19:00:00Z,3,0,False,0,0,0,0,0,0,0,0,0,0,0,0,0.0,0.0,0.0,0.0,0,0,0,0,0,0.00,0.00,0.00,0.00,44,-1238,20442,410,1648
aaron_hickey,Brentford,DF,4.5,5,Chelsea,True,21,1,90,41,2026-09-18T19:00:00Z,3,0,False,0,0,0,0,0,0,0,0,0,0,0,5,11.2,0.3,0.0,1.2,4,0,0,4,0,0.00,0.01,0.01,0.28,45,-261,7505,329,590
kim_ji-soo,Brentford,DF,4.5,5,Chelsea,True,0,0,92,41,2026-09-18T19:00:00Z,3,0,False,0,0,0,0,0,0,0,0,0,0,0,0,0.0,0.0,0.0,0.0,0,0,0,0,0,0.00,0.00,0.00,0.00,45,-94,1849,69,163
jannik_schuster,Brentford,DF,4.5,5,Chelsea,True,90,14,93,41,2026-09-18T19:00:00Z,3,0,False,0,1,1,0,0,0,0,0,0,0,3,43,53.0,10.8,4.0,6.8,15,3,1,16,1,0.00,0.52,0.52,0.83,45,-726,15098,349,1075
kevin_schade,Brentford,MD,6.1,5,Chelsea,True,90,9,94,41,2026-09-18T19:00:00Z,3,0,False,0,2,1,0,0,0,0,0,0,0,0,27,11.4,3.5,31.0,4.6,2,4,1,7,1,0.54,0.02,0.56,0.83,61,367021,847173,425579,58558
dango_ouattara,Brentford,MD,6.3,5,Chelsea,True,9,1,95,41,2026-09-18T19:00:00Z,3,0,False,0,0,0,0,0,0,0,0,0,0,0,2,0.2,0.0,0.0,0.0,0,0,0,0,0,0.00,0.00,0.00,0.13,63,-13619,52273,1029,14648
mikkel_damsgaard,Brentford,MD,5.4,5,Chelsea,True,86,3,96,41,2026-09-18T19:00:00Z,3,0,False,0,0,1,0,0,0,0,0,0,0,0,15,13.2,23.2,5.0,4.1,2,4,4,10,1,0.04,0.28,0.32,0.70,54,-6452,45391,1526,7978
mathias_jensen,Brentford,MD,5.4,5,Chelsea,True,0,0,97,41,2026-09-18T19:00:00Z,3,0,False,0,0,0,0,0,0,0,0,0,0,0,0,0.0,0.0,0.0,0.0,0,0,0,0,0,0.00,0.00,0.00,0.00,54,-1881,10766,16,1897
vitaly_janelt,Brentford,MD,5.0,5,Chelsea,True,90,3,98,41,2026-09-18T19:00:00Z,3,0,False,0,0,1,0,0,0,0,0,0,0,0,13,18.0,5.8,2.0,2.6,2,4,3,9,1,0.03,0.04,0.07,0.83,50,13473,273119,47235,33762
antoni_milambo,Brentford,MD,5.0,5,Chelsea,True,0,0,99,41,2026-09-18T19:00:00Z,3,0,False,0,0,0,0,0,0,0,0,0,0,0,0,0.0,0.0,0.0,0.0,0,0,0,0,0,0.00,0.00,0.00,0.00,50,-13,193,20,33
fábio_freitas gouveia carvalho,Brentford,MD,5.0,5,Chelsea,True,3,6,100,41,2026-09-18T19:00:00Z,3,0,False,1,0,0,0,0,0,0,0,0,0,0,23,33.2,0.3,33.0,6.7,0,0,0,0,0,0.43,0.00,0.43,0.13,50,-77,2231,265,342
yehor_yarmoliuk,Brentford,MD,4.8,5,Chelsea,True,68,3,102,41,2026-09-18T19:00:00Z,3,0,False,0,0,1,0,0,0,0,0,0,0,0,19,23.4,21.0,7.0,5.1,3,5,2,10,1,0.03,0.06,0.09,0.55,48,-7524,72210,1926,9450
josh_dasilva,Brentford,MD,4.9,5,Chelsea,True,0,0,103,41,2026-09-18T19:00:00Z,3,0,False,0,0,0,0,0,0,0,0,0,0,0,0,0.0,0.0,0.0,0.0,0,0,0,0,0,0.00,0.00,0.00,0.00,49,-282,1428,11,293
jaidon_anthony,Brentford,MD,5.9,5,Chelsea,True,80,10,105,41,2026-09-18T19:00:00Z,3,0,False,1,0,1,0,0,0,0,0,0,0,2,31,36.6,11.0,37.0,8.5,1,1,0,2,1,0.96,0.02,0.98,0.70,59,-1462,13639,635,2097
igor thiago_nascimento rodrigues,Brentford,FW,7.8,5,Chelsea,True,90,5,106,41,2026-09-18T19:00:00Z,3,0,False,1,0,1,0,0,0,0,1,0,0,0,26,28.2,16.0,30.0,7.4,0,2,1,3,1,0.72,0.03,0.75,0.83,78,-189492,958105,32439,221931
kaye_furo,Brentford,FW,4.5,5,Chelsea,True,0,0,107,41,2026-09-18T19:00:00Z,3,0,False,0,0,0,0,0,0,0,0,0,0,0,0,0.0,0.0,0.0,0.0,0,0,0,0,0,0.00,0.00,0.00,0.00,45,-13858,104422,6535,20393
callum_wilson,Brentford,FW,5.5,5,Chelsea,True,0,0,108,41,2026-09-18T19:00:00Z,3,0,False,0,0,0,0,0,0,0,0,0,0,0,0,0.0,0.0,0.0,0.0,0,0,0,0,0,0.00,0.00,0.00,0.00,55,-4371,33179,1671,6042
mamadou_sangaré,Brentford,MD,5.7,5,Chelsea,True,21,0,565,41,2026-09-18T19:00:00Z,3,0,False,0,0,0,0,0,0,0,1,0,0,0,0,2.2,0.0,0.0,0.2,1,1,1,3,0,0.00,0.00,0.00,0.28,57,-184737,1186508,29169,213906
el hadji malick_diouf,Brentford,DF,4.5,5,Chelsea,True,9,1,620,41,2026-09-18T19:00:00Z,3,0,False,0,0,0,0,0,0,0,0,0,0,0,3,2.2,0.3,0.0,0.3,1,0,0,1,0,0.00,0.00,0.00,0.13,45,-593,9701,1079,1672
gustavo_nunes fernandes gomes,Brentford,MD,4.5,5,Chelsea,True,0,0,657,41,2026-09-18T19:00:00Z,3,0,False,0,0,0,0,0,0,0,0,0,0,0,0,0.0,0.0,0.0,0.0,0,0,0,0,0,0.00,0.00,0.00,0.00,45,1349,2569,1742,393
benjamin_fredrick,Brentford,DF,4.0,5,Chelsea,True,0,0,660,41,2026-09-18T19:00:00Z,3,0,False,0,0,0,0,0,0,0,0,0,0,0,0,0.0,0.0,0.0,0.0,0,0,0,0,0,0.00,0.00,0.00,0.00,40,0,0,0,0
ellery_balcombe,Brentford,GK,4.0,5,Chelsea,True,0,0,661,41,2026-09-18T19:00:00Z,3,0,False,0,0,0,0,0,0,0,0,0,0,0,0,0.0,0.0,0.0,0.0,0,0,0,0,0,0.00,0.00,0.00,0.00,40,0,0,0,0
bart_verbruggen,Brighton,GK,4.5,5,Arsenal,True,90,6,109,42,2026-09-19T14:00:00Z,3,0,False,0,0,1,0,0,0,0,0,0,2,0,27,20.0,0.0,0.0,2.0,0,4,0,0,1,0.00,0.00,0.00,1.63,45,-47432,2292499,89072,136504
jason_steele,Brighton,GK,4.0,5,Arsenal,True,0,0,111,42,2026-09-19T14:00:00Z,3,0,False,0,0,0,0,0,0,0,0,0,0,0,0,0.0,0.0,0.0,0.0,0,0,0,0,0,0.00,0.00,0.00,0.00,40,-988,463243,20424,21412
ferdi_kadıoğlu,Brighton,DF,4.4,5,Arsenal,True,75,5,113,42,2026-09-19T14:00:00Z,3,0,False,0,0,1,0,0,0,0,1,0,0,0,18,9.4,13.5,5.0,2.8,3,3,0,3,1,0.04,0.02,0.06,0.89,44,-13983,170937,4277,18260
olivier_boscagli,Brighton,DF,4.5,5,Arsenal,True,90,6,114,42,2026-09-19T14:00:00Z,3,0,False,0,0,1,0,0,0,0,0,0,0,0,24,13.0,5.2,2.0,2.0,5,2,2,7,1,0.01,0.02,0.03,1.63,45,-1117,28873,1382,2499
maxim_de cuyper,Brighton,DF,4.9,5,Arsenal,True,90,6,115,42,2026-09-19T14:00:00Z,3,0,False,0,0,1,0,0,0,0,1,0,0,1,30,14.6,33.8,4.0,5.2,3,4,4,7,1,0.02,0.23,0.25,1.63,49,287563,2649636,410558,122995
lewis_dunk,Brighton,DF,4.5,5,Arsenal,True,0,0,116,42,2026-09-19T14:00:00Z,3,0,False,0,0,0,0,0,0,0,0,0,0,0,0,0.0,0.0,0.0,0.0,0,0,0,0,0,0.00,0.00,0.00,0.00,45,16492,165566,28113,11621
diego_coppola,Brighton,DF,4.5,5,Arsenal,True,0,0,117,42,2026-09-19T14:00:00Z,3,0,False,0,0,0,0,0,0,0,0,0,0,0,0,0.0,0.0,0.0,0.0,0,0,0,0,0,0.00,0.00,0.00,0.00,45,-33,2071,180,213
igor julio_dos santos de paulo,Brighton,DF,4.5,5,Arsenal,True,0,0,118,42,2026-09-19T14:00:00Z,3,0,False,0,0,0,0,0,0,0,0,0,0,0,0,0.0,0.0,0.0,0.0,0,0,0,0,0,0.00,0.00,0.00,0.00,45,-883,4271,0,883
joão pedro_loureiro da costa,Brighton,DF,4.5,5,Arsenal,True,14,1,119,42,2026-09-19T14:00:00Z,3,0,False,0,0,0,0,0,0,0,0,0,0,0,2,1.2,3.0,0.0,0.4,1,0,0,1,0,0.00,0.14,0.14,0.74,45,-90,3724,216,306
michael_svoboda,Brighton,DF,5.0,5,Arsenal,True,4,1,120,42,2026-09-19T14:00:00Z,3,0,False,0,0,0,0,0,0,0,0,0,0,0,5,2.4,0.0,0.0,0.2,0,1,1,1,0,0.00,0.00,0.00,0.14,50,-310,5657,647,957
mitoma_kaoru,Brighton,MD,5.9,5,Arsenal,True,0,0,121,42,2026-09-19T14:00:00Z,3,0,False,0,0,0,0,0,0,0,0,0,0,0,0,0.0,0.0,0.0,0.0,0,0,0,0,0,0.00,0.00,0.00,0.00,59,-229,3148,63,292
yankuba_minteh,Brighton,MD,5.9,5,Arsenal,True,0,0,122,42,2026-09-19T14:00:00Z,3,0,False,0,0,0,0,0,0,0,0,0,0,0,0,0.0,0.0,0.0,0.0,0,0,0,0,0,0.00,0.00,0.00,0.00,59,-448,3397,28,476
jack_hinshelwood,Brighton,MD,5.9,5,Arsenal,True,0,0,123,42,2026-09-19T14:00:00Z,3,0,False,0,0,0,0,0,0,0,0,0,0,0,0,0.0,0.0,0.0,0.0,0,0,0,0,0,0.00,0.00,0.00,0.00,59,-26541,66553,128,26669
pascal_groß,Brighton,MD,5.7,5,Arsenal,True,90,14,124,42,2026-09-19T14:00:00Z,3,0,False,1,1,1,0,0,0,0,0,0,0,3,47,58.4,30.3,16.0,10.5,3,1,1,5,1,0.11,0.25,0.36,1.63,57,499051,2264407,604409,105358
georginio_rutter,Brighton,FW,5.4,5,Arsenal,True,14,1,125,42,2026-09-19T14:00:00Z,3,0,False,0,0,0,0,0,0,0,0,0,0,0,2,0.4,0.3,4.0,0.5,0,2,0,2,0,0.09,0.01,0.10,0.74,54,-10169,49762,2315,12484
matt_o'riley,Brighton,MD,5.4,5,Arsenal,True,4,1,126,42,2026-09-19T14:00:00Z,3,0,False,0,0,0,0,0,0,0,0,0,0,0,2,6.0,0.0,19.0,2.5,2,0,0,2,0,0.28,0.00,0.28,0.14,54,-662,10353,577,1239
diego_gómez amarilla,Brighton,MD,5.0,5,Arsenal,True,85,8,127,42,2026-09-19T14:00:00Z,3,0,False,0,1,1,0,0,0,0,0,0,0,0,19,29.0,22.6,4.0,5.6,1,7,5,13,1,0.00,0.02,0.02,1.48,50,-68669,439801,13377,82046
facundo_buonanotte,Brighton,MD,5.0,5,Arsenal,True,0,0,128,42,2026-09-19T14:00:00Z,3,0,False,0,0,0,0,0,0,0,0,0,0,0,0,0.0,0.0,0.0,0.0,0,0,0,0,0,0.00,0.00,0.00,0.00,50,-17,206,0,17
yasin_ayari,Brighton,MD,5.4,5,Arsenal,True,90,3,129,42,2026-09-19T14:00:00Z,3,0,False,0,0,1,0,0,0,0,0,0,0,0,7,5.6,12.3,17.0,3.5,2,4,1,7,1,0.11,0.08,0.19,1.63,54,-939,39428,3453,4392
mats_wieffer,Brighton,DF,4.9,5,Arsenal,True,0,0,130,42,2026-09-19T14:00:00Z,3,0,False,0,0,0,0,0,0,0,0,0,0,0,0,0.0,0.0,0.0,0.0,0,0,0,0,0,0.00,0.00,0.00,0.00,49,-6902,20558,57,6959
harry_howell,Brighton,MD,4.5,5,Arsenal,True,0,0,132,42,2026-09-19T14:00:00Z,3,0,False,0,0,0,0,0,0,0,0,0,0,0,0,0.0,0.0,0.0,0.0,0,0,0,0,0,0.00,0.00,0.00,0.00,45,-395,3291,0,395
tom_watson,Brighton,MD,5.0,5,Arsenal,True,0,0,133,42,2026-09-19T14:00:00Z,3,0,False,0,0,0,0,0,0,0,0,0,0,0,0,0.0,0.0,0.0,0.0,0,0,0,0,0,0.00,0.00,0.00,0.00,50,-10,112,0,10
nehemiah_oriola,Brighton,MD,4.5,5,Arsenal,True,0,0,134,42,2026-09-19T14:00:00Z,3,0,False,0,0,0,0,0,0,0,0,0,0,0,0,0.0,0.0,0.0,0.0,0,0,0,0,0,0.00,0.00,0.00,0.00,45,-2152,26306,890,3042
zadok_yohanna,Brighton,MD,4.9,5,Arsenal,True,0,0,135,42,2026-09-19T14:00:00Z,3,0,False,0,0,0,0,0,0,0,0,0,0,0,0,0.0,0.0,0.0,0.0,0,0,0,0,0,0.00,0.00,0.00,0.00,49,-1161,3954,35,1196
stefanos_tzimas,Brighton,FW,5.4,5,Arsenal,True,0,0,137,42,2026-09-19T14:00:00Z,3,0,False,0,0,0,0,0,0,0,0,0,0,0,0,0.0,0.0,0.0,0.0,0,0,0,0,0,0.00,0.00,0.00,0.00,54,-21,710,63,84
charalampos_kostoulas,Brighton,FW,5.5,5,Arsenal,True,75,10,138,42,2026-09-19T14:00:00Z,3,0,False,1,1,1,0,0,0,0,1,0,0,2,40,48.2,11.3,38.0,9.8,0,3,1,4,1,0.18,0.01,0.19,0.89,55,42079,105077,57158,15079
evan_ferguson,Brighton,FW,5.0,5,Arsenal,True,0,0,139,42,2026-09-19T14:00:00Z,3,0,False,0,0,0,0,0,0,0,0,0,0,0,0,0.0,0.0,0.0,0.0,0,0,0,0,0,0.00,0.00,0.00,0.00,50,-162,3174,242,404
pascal_struijk,Brighton,DF,4.9,5,Arsenal,True,85,5,328,42,2026-09-19T14:00:00Z,3,0,False,0,0,1,0,0,0,0,1,0,0,0,24,20.8,0.6,7.0,2.8,5,6,1,6,1,0.16,0.00,0.16,1.48,49,-1949,18865,571,2520
luka_vušković,Brighton,DF,5.0,5,Arsenal,True,90,8,504,42,2026-09-19T14:00:00Z,3,0,False,0,0,1,0,0,0,0,0,0,0,0,27,20.6,1.6,2.0,2.4,10,4,2,12,1,0.00,0.00,0.00,1.63,50,-7252,332297,27688,34940
promise_david,Brighton,FW,6.0,5,Arsenal,True,0,0,594,42,2026-09-19T14:00:00Z,3,0,False,0,0,0,0,0,0,0,0,0,0,0,0,0.0,0.0,0.0,0.0,0,0,0,0,0,0.00,0.00,0.00,0.00,60,-3096,21728,2100,5196
ibrahim_osman,Brighton,MD,5.0,5,Arsenal,True,0,0,600,42,2026-09-19T14:00:00Z,3,0,False,0,0,0,0,0,0,0,0,0,0,0,0,0.0,0.0,0.0,0.0,0,0,0,0,0,0.00,0.00,0.00,0.00,50,-93,1757,148,241
malick_yalcouyé,Brighton,MD,4.5,5,Arsenal,True,5,1,605,42,2026-09-19T14:00:00Z,3,0,False,0,0,0,0,0,0,0,0,0,0,0,9,2.2,10.3,6.0,1.9,0,0,1,1,0,0.04,0.18,0.22,0.14,45,87628,450411,130693,43065
jaouen_hadjam,Brighton,DF,4.5,5,Arsenal,True,0,0,614,42,2026-09-19T14:00:00Z,3,0,False,0,0,0,0,0,0,0,0,0,0,0,0,0.0,0.0,0.0,0.0,0,0,0,0,0,0.00,0.00,0.00,0.00,45,-93,4264,513,606
amario_cozier-duberry,Brighton,MD,5.0,5,Arsenal,True,0,0,624,42,2026-09-19T14:00:00Z,3,0,False,0,0,0,0,0,0,0,0,0,0,0,0,0.0,0.0,0.0,0.0,0,0,0,0,0,0.00,0.00,0.00,0.00,50,-12,51,0,12
josé maría_andrés baixauli,Brighton,MD,5.5,5,Arsenal,True,84,8,639,42,2026-09-19T14:00:00Z,3,0,False,1,0,1,0,0,0,0,0,0,0,0,27,33.4,4.8,37.0,7.5,2,7,0,9,1,0.28,0.11,0.39,1.48,55,239,1188,470,231
femi_azeez,Brighton,MD,5.5,5,Arsenal,True,0,0,652,42,2026-09-19T14:00:00Z,3,0,False,0,0,0,0,0,0,0,0,0,0,0,0,0.0,0.0,0.0,0.0,0,0,0,0,0,0.00,0.00,0.00,0.00,55,-10,308,54,64
younes_ibrahim,Brighton,MD,4.5,5,Arsenal,True,0,0,658,42,2026-09-19T14:00:00Z,3,0,False,0,0,0,0,0,0,0,0,0,0,0,0,0.0,0.0,0.0,0.0,0,0,0,0,0,0.00,0.00,0.00,0.00,45,895,1545,1163,268
emiliano_martínez romero,Chelsea,GK,5.0,5,Brentford,False,90,2,28,41,2026-09-18T19:00:00Z,3,0,False,0,0,0,3,0,0,0,0,0,3,0,7,26.0,10.0,0.0,3.6,0,6,0,0,1,0.00,0.00,0.00,2.65,50,-32803,524629,20981,53784
morgan_rogers,Chelsea,MD,7.7,5,Brentford,False,90,2,40,41,2026-09-18T19:00:00Z,3,0,False,0,0,0,3,0,0,0,0,0,0,0,17,10.0,20.6,30.0,6.1,2,6,0,8,1,0.33,0.07,0.40,2.65,77,628130,4380885,697514,69384
jordan_henderson,Chelsea,MD,4.9,5,Brentford,False,90,2,101,41,2026-09-18T19:00:00Z,3,0,False,0,0,0,3,0,0,0,0,0,0,0,16,16.6,10.4,0.0,2.7,2,7,1,10,1,0.00,0.08,0.08,2.65,49,-383,2692,45,428
danny_welbeck,Chelsea,FW,5.9,5,Brentford,False,70,2,136,41,2026-09-18T19:00:00Z,3,0,False,0,0,0,1,0,0,0,0,0,0,0,8,7.2,21.8,8.0,3.7,1,2,1,4,1,0.00,0.08,0.08,1.45,59,20936,114052,34909,13973
robert_lynch sánchez,Chelsea,GK,4.9,5,Brentford,False,0,0,140,41,2026-09-18T19:00:00Z,3,0,False,0,0,0,0,0,0,0,0,0,0,0,0,0.0,0.0,0.0,0.0,0,0,0,0,0,0.00,0.00,0.00,0.00,49,-15548,79688,0,15548
filip_jörgensen,Chelsea,GK,5.0,5,Brentford,False,0,0,141,41,2026-09-18T19:00:00Z,3,0,False,0,0,0,0,0,0,0,0,0,0,0,0,0.0,0.0,0.0,0.0,0,0,0,0,0,0.00,0.00,0.00,0.00,50,-52,889,0,52
reece_james,Chelsea,DF,5.4,5,Brentford,False,0,0,142,41,2026-09-18T19:00:00Z,3,0,False,0,0,0,0,0,0,0,0,0,0,0,0,0.0,0.0,0.0,0.0,0,0,0,0,0,0.00,0.00,0.00,0.00,54,-120634,704792,18198,138832
trevoh_chalobah,Chelsea,DF,5.5,5,Brentford,False,0,0,143,41,2026-09-18T19:00:00Z,3,0,False,0,0,0,0,0,0,0,0,0,0,0,0,0.0,0.0,0.0,0.0,0,0,0,0,0,0.00,0.00,0.00,0.00,55,-705,7643,0,705
malo_gusto,Chelsea,DF,5.0,5,Brentford,False,0,0,144,41,2026-09-18T19:00:00Z,3,0,False,0,0,0,0,0,0,0,0,0,0,0,0,0.0,0.0,0.0,0.0,0,0,0,0,0,0.00,0.00,0.00,0.00,50,-9281,107892,4607,13888
wesley_fofana,Chelsea,DF,5.0,5,Brentford,False,70,4,145,41,2026-09-18T19:00:00Z,3,0,False,0,0,0,1,0,0,0,0,0,0,0,11,22.8,0.8,0.0,2.4,13,4,2,15,1,0.00,0.00,0.00,1.45,50,-112,18869,3337,3449
benoît_badiashile mukinayi,Chelsea,DF,4.5,5,Brentford,False,0,0,146,41,2026-09-18T19:00:00Z,3,0,False,0,0,0,0,0,0,0,0,0,0,0,0,0.0,0.0,0.0,0.0,0,0,0,0,0,0.00,0.00,0.00,0.00,45,-128,1061,0,128
jorrel_hato,Chelsea,DF,4.5,5,Brentford,False,0,0,148,41,2026-09-18T19:00:00Z,3,0,False,0,0,0,0,0,0,0,0,0,0,0,0,0.0,0.0,0.0,0.0,0,0,0,0,0,0.00,0.00,0.00,0.00,45,-16858,93559,4867,21725
levi_samuels colwill,Chelsea,DF,4.9,5,Brentford,False,90,1,149,41,2026-09-18T19:00:00Z,3,0,False,0,0,0,3,0,0,0,0,0,0,0,1,15.6,2.4,2.0,2.0,7,4,0,7,1,0.00,0.01,0.01,2.65,49,-16952,97080,2003,18955
mamadou_sarr,Chelsea,DF,4.5,5,Brentford,False,0,0,150,41,2026-09-18T19:00:00Z,3,0,False,0,0,0,0,0,0,0,0,0,0,0,0,0.0,0.0,0.0,0.0,0,0,0,0,0,0.00,0.00,0.00,0.00,45,-455,3038,0,455
josh_acheampong,Chelsea,DF,4.5,5,Brentford,False,19,0,151,41,2026-09-18T19:00:00Z,3,0,False,0,0,0,2,0,0,0,0,0,0,0,-4,1.4,1.4,0.0,0.3,0,0,1,1,0,0.00,0.01,0.01,1.20,45,-4505,38029,1529,6034
marco_palestra,Chelsea,DF,5.3,5,Brentford,False,0,0,152,41,2026-09-18T19:00:00Z,3,0,False,0,0,0,0,0,0,0,0,0,0,0,0,0.0,0.0,0.0,0.0,0,0,0,0,0,0.00,0.00,0.00,0.00,53,-20665,68735,260,20925
cole_palmer,Chelsea,MD,9.7,5,Brentford,False,90,2,154,41,2026-09-18T19:00:00Z,3,0,False,0,0,0,3,0,0,0,0,0,0,0,21,19.4,25.3,20.0,6.5,1,2,3,6,1,0.13,0.18,0.31,2.65,97,25953,2932358,192540,166587
pedro_lomba neto,Chelsea,MD,6.5,5,Brentford,False,86,2,156,41,2026-09-18T19:00:00Z,3,0,False,0,0,0,2,0,0,0,0,0,0,0,13,9.6,7.8,25.0,4.2,0,3,3,6,1,0.16,0.05,0.21,2.22,65,-6221,151580,15985,22206
estêvão_almeida de oliveira gonçalves,Chelsea,MD,6.3,5,Brentford,False,3,1,157,41,2026-09-18T19:00:00Z,3,0,False,0,0,0,1,0,0,0,0,0,0,0,3,0.2,0.3,0.0,0.1,0,0,0,0,0,0.00,0.00,0.00,0.43,63,-7152,74742,2997,10149
jamie_bynoe-gittens,Chelsea,MD,5.9,5,Brentford,False,0,0,158,41,2026-09-18T19:00:00Z,3,0,False,0,0,0,0,0,0,0,0,0,0,0,0,0.0,0.0,0.0,0.0,0,0,0,0,0,0.00,0.00,0.00,0.00,59,-209,2922,198,407
moisés_caicedo corozo,Chelsea,MD,5.3,5,Brentford,False,0,0,159,41,2026-09-18T19:00:00Z,3,0,False,0,0,0,0,0,0,0,0,0,0,0,0,0.0,0.0,0.0,0.0,0,0,0,0,0,0.00,0.00,0.00,0.00,53,-31135,120861,584,31719
roméo_lavia,Chelsea,MD,5.0,5,Brentford,False,0,0,161,41,2026-09-18T19:00:00Z,3,0,False,0,0,0,0,0,0,0,0,0,0,0,0,0.0,0.0,0.0,0.0,0,0,0,0,0,0.00,0.00,0.00,0.00,50,-1482,24300,2931,4413
dário_luís essugo,Chelsea,MD,4.5,5,Brentford,False,0,0,163,41,2026-09-18T19:00:00Z,3,0,False,0,0,0,0,0,0,0,0,0,0,0,0,0.0,0.0,0.0,0.0,0,0,0,0,0,0.00,0.00,0.00,0.00,45,-2058,10348,0,2058
geovany_quenda,Chelsea,MD,5.3,5,Brentford,False,19,1,164,41,2026-09-18T19:00:00Z,3,0,False,0,0,0,2,0,0,0,0,0,0,0,3,0.4,1.8,6.0,0.8,0,0,0,0,0,0.03,0.01,0.04,1.20,53,-378,3422,155,533
joão pedro_junqueira de jesus,Chelsea,FW,7.8,5,Brentford,False,0,0,165,41,2026-09-18T19:00:00Z,3,0,False,0,0,0,0,0,0,0,0,0,0,0,0,0.0,0.0,0.0,0.0,0,0,0,0,0,0.00,0.00,0.00,0.00,78,-487412,7300631,261391,748803
marc_guiu paz,Chelsea,FW,5.0,5,Brentford,False,0,0,168,41,2026-09-18T19:00:00Z,3,0,False,0,0,0,0,0,0,0,0,0,0,0,0,0.0,0.0,0.0,0.0,0,0,0,0,0,0.00,0.00,0.00,0.00,50,-4081,21634,0,4081
shumaira_mheuka,Chelsea,FW,4.5,5,Brentford,False,0,0,169,41,2026-09-18T19:00:00Z,3,0,False,0,0,0,0,0,0,0,0,0,0,0,0,0.0,0.0,0.0,0.0,0,0,0,0,0,0.00,0.00,0.00,0.00,45,3579,54118,9469,5890
emmanuel_emegha,Chelsea,FW,5.0,5,Brentford,False,0,0,170,41,2026-09-18T19:00:00Z,3,0,False,0,0,0,0,0,0,0,0,0,0,0,0,0.0,0.0,0.0,0.0,0,0,0,0,0,0.00,0.00,0.00,0.00,50,-2659,12321,122,2781
maxence_lacroix,Chelsea,DF,6.0,5,Brentford,False,90,3,200,41,2026-09-18T19:00:00Z,3,0,False,0,0,0,3,0,0,0,0,0,0,0,-1,29.4,1.3,4.0,3.5,11,3,1,12,1,0.13,0.01,0.14,2.65,60,-111183,749577,9497,120680
mike_penders,Chelsea,GK,4.4,5,Brentford,False,0,0,560,41,2026-09-18T19:00:00Z,3,0,False,0,0,0,0,0,0,0,0,0,0,0,0,0.0,0.0,0.0,0.0,0,0,0,0,0,0.00,0.00,0.00,0.00,44,76,7232,696,620
aaron_anselmino,Chelsea,DF,4.5,5,Brentford,False,0,0,561,41,2026-09-18T19:00:00Z,3,0,False,0,0,0,0,0,0,0,0,0,0,0,0,0.0,0.0,0.0,0.0,0,0,0,0,0,0.00,0.00,0.00,0.00,45,-28,2152,188,216
valentín_barco,Chelsea,MD,5.4,5,Brentford,False,86,2,568,41,2026-09-18T19:00:00Z,3,0,False,0,0,0,2,0,0,0,0,0,0,0,21,11.2,4.3,5.0,2.1,2,4,3,9,1,0.03,0.02,0.05,2.22,54,-902,13260,477,1379
pep_chavarría,Chelsea,DF,4.9,5,Brentford,False,90,1,583,41,2026-09-18T19:00:00Z,3,0,False,0,0,0,3,0,0,0,0,0,0,0,7,17.6,27.2,4.0,4.9,6,3,3,9,1,0.04,0.04,0.08,2.65,49,-1145,16124,529,1674
mahdi_nicoll-jazuli,Chelsea,MD,4.5,5,Brentford,False,3,1,662,41,2026-09-18T19:00:00Z,3,0,False,0,0,0,1,0,0,0,0,0,0,0,5,4.6,1.7,0.0,0.6,0,0,2,2,0,0.00,0.00,0.00,0.43,45,0,0,0,0
ethan_pinnock,Coventry City,DF,4.5,5,Nott'm Forest,False,90,8,91,47,2026-09-19T16:30:00Z,0,1,False,0,0,1,0,0,0,0,0,0,0,0,24,50.8,0.3,0.0,5.1,19,1,0,19,1,0.00,0.00,0.00,1.10,45,-312,7218,402,714
frank_onyeka,Coventry City,MD,4.9,5,Nott'm Forest,False,90,3,104,47,2026-09-19T16:30:00Z,0,1,False,0,0,1,0,0,0,0,0,0,0,0,10,9.2,1.8,0.0,1.1,4,3,2,9,1,0.00,0.00,0.00,1.10,49,-1263,10664,346,1609
carl_rushworth,Coventry City,GK,4.5,5,Nott'm Forest,False,90,11,110,47,2026-09-19T16:30:00Z,0,1,False,0,1,1,0,0,0,0,0,0,2,2,38,29.0,10.0,0.0,3.9,0,10,0,0,1,0.00,0.00,0.00,1.10,45,-11924,84063,928,12852
oliver_dovin,Coventry City,GK,4.0,5,Nott'm Forest,False,0,0,171,47,2026-09-19T16:30:00Z,0,1,False,0,0,0,0,0,0,0,0,0,0,0,0,0.0,0.0,0.0,0.0,0,0,0,0,0,0.00,0.00,0.00,0.00,40,-10379,112931,0,10379
ben_wilson,Coventry City,GK,4.4,5,Nott'm Forest,False,0,0,172,47,2026-09-19T16:30:00Z,0,1,False,0,0,0,0,0,0,0,0,0,0,0,0,0.0,0.0,0.0,0.0,0,0,0,0,0,0.00,0.00,0.00,0.00,44,-1300,39278,436,1736
bobby_thomas,Coventry City,DF,4.0,5,Nott'm Forest,False,90,9,173,47,2026-09-19T16:30:00Z,0,1,False,0,0,1,0,0,0,0,0,0,0,1,37,27.2,0.6,8.0,3.6,12,3,1,13,1,0.06,0.04,0.10,1.10,40,-45227,932075,30974,76201
liam_kitching,Coventry City,DF,4.0,5,Nott'm Forest,False,0,0,174,47,2026-09-19T16:30:00Z,0,1,False,0,0,0,0,0,0,0,0,0,0,0,0,0.0,0.0,0.0,0.0,0,0,0,0,0,0.00,0.00,0.00,0.00,40,-5337,38582,0,5337
milan_van ewijk,Coventry City,DF,4.0,5,Nott'm Forest,False,0,0,175,47,2026-09-19T16:30:00Z,0,1,False,0,0,0,0,0,0,0,0,0,0,0,0,0.0,0.0,0.0,0.0,0,0,0,0,0,0.00,0.00,0.00,0.00,40,-100781,1016866,13159,113940
jay_dasilva,Coventry City,DF,4.0,5,Nott'm Forest,False,90,15,176,47,2026-09-19T16:30:00Z,0,1,False,1,0,1,0,0,0,0,0,0,0,3,40,47.0,15.7,18.0,8.1,4,4,0,4,1,0.32,0.04,0.36,1.10,40,-4010,73323,903,4913
kaine_kesler-hayden,Coventry City,DF,4.0,5,Nott'm Forest,False,0,0,177,47,2026-09-19T16:30:00Z,0,1,False,0,0,0,0,0,0,0,0,0,0,0,0,0.0,0.0,0.0,0.0,0,0,0,0,0,0.00,0.00,0.00,0.00,40,-317,3839,186,503
jake_bidwell,Coventry City,DF,4.0,5,Nott'm Forest,False,0,0,178,47,2026-09-19T16:30:00Z,0,1,False,0,0,0,0,0,0,0,0,0,0,0,0,0.0,0.0,0.0,0.0,0,0,0,0,0,0.00,0.00,0.00,0.00,40,-211,8565,493,704
joel_latibeaudiere,Coventry City,DF,4.0,5,Nott'm Forest,False,1,1,179,47,2026-09-19T16:30:00Z,0,1,False,0,0,0,0,0,0,0,0,0,0,0,3,7.0,0.0,0.0,0.7,2,0,0,2,0,0.00,0.00,0.00,0.02,40,-170,3922,155,325
luke_woolfenden,Coventry City,DF,4.0,5,Nott'm Forest,False,0,0,180,47,2026-09-19T16:30:00Z,0,1,False,0,0,0,0,0,0,0,0,0,0,0,0,0.0,0.0,0.0,0.0,0,0,0,0,0,0.00,0.00,0.00,0.00,40,-1023,12244,255,1278
miguel_brau,Coventry City,DF,4.0,5,Nott'm Forest,False,0,0,181,47,2026-09-19T16:30:00Z,0,1,False,0,0,0,0,0,0,0,0,0,0,0,0,0.0,0.0,0.0,0.0,0,0,0,0,0,0.00,0.00,0.00,0.00,40,-280,2378,0,280
aurèle_amenda,Coventry City,DF,4.0,5,Nott'm Forest,False,0,0,182,47,2026-09-19T16:30:00Z,0,1,False,0,0,0,0,0,0,0,0,0,0,0,0,0.0,0.0,0.0,0.0,0,0,0,0,0,0.00,0.00,0.00,0.00,40,-7286,71956,1397,8683
jack_rudoni,Coventry City,MD,4.9,5,Nott'm Forest,False,73,5,183,47,2026-09-19T16:30:00Z,0,1,False,0,0,1,0,0,0,0,0,0,0,0,16,13.6,25.3,1.0,4.0,4,8,1,13,1,0.09,0.20,0.29,0.85,49,-1195,10665,549,1744
matt_grimes,Coventry City,MD,4.9,5,Nott'm Forest,False,90,3,184,47,2026-09-19T16:30:00Z,0,1,False,0,0,1,0,0,0,0,0,0,0,0,17,12.6,15.3,1.0,2.9,4,3,3,10,1,0.02,0.06,0.08,1.10,49,-1624,13370,594,2218
tatsuhiro_sakamoto,Coventry City,MD,4.8,5,Nott'm Forest,False,0,0,185,47,2026-09-19T16:30:00Z,0,1,False,0,0,0,0,0,0,0,0,0,0,0,0,0.0,0.0,0.0,0.0,0,0,0,0,0,0.00,0.00,0.00,0.00,48,-850,6925,142,992
ephron_mason-clark,Coventry City,MD,5.4,5,Nott'm Forest,False,45,1,186,47,2026-09-19T16:30:00Z,0,1,False,0,0,0,0,0,0,0,0,0,0,0,6,5.2,33.8,6.0,4.5,0,2,0,2,1,0.02,0.05,0.07,0.60,54,-836,8948,100,936
josh_eccles,Coventry City,MD,4.9,5,Nott'm Forest,False,0,0,187,47,2026-09-19T16:30:00Z,0,1,False,0,0,0,0,0,0,0,0,0,0,0,0,0.0,0.0,0.0,0.0,0,0,0,0,0,0.00,0.00,0.00,0.00,49,-314,1002,17,331
victor_torp,Coventry City,MD,5.4,5,Nott'm Forest,False,0,0,188,47,2026-09-19T16:30:00Z,0,1,False,0,0,0,0,0,0,0,0,0,0,0,0,0.0,0.0,0.0,0.0,0,0,0,0,0,0.00,0.00,0.00,0.00,54,-1090,10920,52,1142
george_shepherd,Coventry City,MD,4.4,5,Nott'm Forest,False,0,0,189,47,2026-09-19T16:30:00Z,0,1,False,0,0,0,0,0,0,0,0,0,0,0,0,0.0,0.0,0.0,0.0,0,0,0,0,0,0.00,0.00,0.00,0.00,44,-251,30329,2708,2959
loum_tchaouna,Coventry City,MD,5.4,5,Nott'm Forest,False,45,1,190,47,2026-09-19T16:30:00Z,0,1,False,0,0,0,0,0,0,0,0,0,0,0,5,8.4,1.2,17.0,2.7,1,2,0,3,0,0.04,0.00,0.04,0.50,54,-1058,10419,39,1097
raphael_borges rodrigues,Coventry City,MD,4.5,5,Nott'm Forest,False,0,0,191,47,2026-09-19T16:30:00Z,0,1,False,0,0,0,0,0,0,0,0,0,0,0,0,0.0,0.0,0.0,0.0,0,0,0,0,0,0.00,0.00,0.00,0.00,45,-1935,9331,0,1935
kai_andrews,Coventry City,MD,4.5,5,Nott'm Forest,False,0,0,192,47,2026-09-19T16:30:00Z,0,1,False,0,0,0,0,0,0,0,0,0,0,0,0,0.0,0.0,0.0,0.0,0,0,0,0,0,0.00,0.00,0.00,0.00,45,-5803,31304,0,5803
haji_wright,Coventry City,FW,5.4,5,Nott'm Forest,False,0,0,193,47,2026-09-19T16:30:00Z,0,1,False,0,0,0,0,0,0,0,0,0,0,0,0,0.0,0.0,0.0,0.0,0,0,0,0,0,0.00,0.00,0.00,0.00,54,-1150,7895,97,1247
brandon_thomas-asante,Coventry City,FW,5.0,5,Nott'm Forest,False,90,4,194,47,2026-09-19T16:30:00Z,0,1,False,0,0,1,0,0,0,0,0,0,0,0,16,15.8,0.6,19.0,3.5,6,7,3,16,1,0.13,0.01,0.13,1.10,50,-4476,81447,8488,12964
ellis_simms,Coventry City,FW,5.0,5,Nott'm Forest,False,16,1,195,47,2026-09-19T16:30:00Z,0,1,False,0,0,0,0,0,0,0,0,0,0,0,3,0.2,0.3,0.0,0.1,0,0,0,0,0,0.00,0.00,0.00,0.24,50,-10520,72122,2905,13425
jahnoah_markelo,Coventry City,FW,5.0,5,Nott'm Forest,False,0,0,196,47,2026-09-19T16:30:00Z,0,1,False,0,0,0,0,0,0,0,0,0,0,0,0,0.0,0.0,0.0,0.0,0,0,0,0,0,0.00,0.00,0.00,0.00,50,-105,704,0,105
norman_bassette,Coventry City,FW,4.5,5,Nott'm Forest,False,0,0,197,47,2026-09-19T16:30:00Z,0,1,False,0,0,0,0,0,0,0,0,0,0,0,0,0.0,0.0,0.0,0.0,0,0,0,0,0,0.00,0.00,0.00,0.00,45,-273,2648,0,273
taiwo_awoniyi,Coventry City,FW,5.5,5,Nott'm Forest,False,0,0,492,47,2026-09-19T16:30:00Z,0,1,False,0,0,0,0,0,0,0,0,0,0,0,0,0.0,0.0,0.0,0.0,0,0,0,0,0,0.00,0.00,0.00,0.00,55,-21461,46922,586,22047
caleb_yirenkyi,Coventry City,MD,4.9,5,Nott'm Forest,False,90,3,575,47,2026-09-19T16:30:00Z,0,1,False,0,0,1,0,0,0,0,0,0,0,0,10,5.0,11.7,0.0,1.7,2,2,1,5,1,0.00,0.01,0.01,1.08,49,-2510,15964,236,2746
gustavo_hamer,Coventry City,MD,5.4,5,Nott'm Forest,False,0,0,584,47,2026-09-19T16:30:00Z,0,1,False,0,0,0,0,0,0,0,0,0,0,0,0,0.0,0.0,0.0,0.0,0,0,0,0,0,0.00,0.00,0.00,0.00,54,-947,10051,64,1011
sidiki_cherif,Coventry City,FW,5.0,5,Nott'm Forest,False,0,0,599,47,2026-09-19T16:30:00Z,0,1,False,0,0,0,0,0,0,0,0,0,0,0,0,0.0,0.0,0.0,0.0,0,0,0,0,0,0.00,0.00,0.00,0.00,50,173,10975,1653,1480
dan_bentley,Coventry City,GK,4.0,5,Nott'm Forest,False,0,0,623,47,2026-09-19T16:30:00Z,0,1,False,0,0,0,0,0,0,0,0,0,0,0,0,0.0,0.0,0.0,0.0,0,0,0,0,0,0.00,0.00,0.00,0.00,40,10344,66230,13315,2971
yann_gboho,Coventry City,MD,5.5,5,Nott'm Forest,False,0,0,655,47,2026-09-19T16:30:00Z,0,1,False,0,0,0,0,0,0,0,0,0,0,0,0,0.0,0.0,0.0,0.0,0,0,0,0,0,0.00,0.00,0.00,0.00,55,91,195,133,42
stephen_mfuni,Coventry City,DF,4.0,5,Nott'm Forest,False,90,6,656,47,2026-09-19T16:30:00Z,0,1,False,0,0,1,0,0,0,0,0,0,0,0,27,17.6,0.7,4.0,2.2,7,3,1,8,1,0.00,0.01,0.01,1.10,40,3967,10713,5501,1534
evann_guessand,Crystal Palace,MD,5.4,5,Leeds,False,0,0,42,44,2026-09-20T13:00:00Z,0,0,False,0,0,0,0,0,0,0,0,0,0,0,0,0.0,0.0,0.0,0.0,0,0,0,0,0,0.00,0.00,0.00,0.00,54,-483,4188,319,802
axel_disasi,Crystal Palace,DF,4.5,5,Leeds,False,0,0,153,44,2026-09-20T13:00:00Z,0,0,False,0,0,0,0,0,0,0,0,0,0,0,0,0.0,0.0,0.0,0.0,0,0,0,0,0,0.00,0.00,0.00,0.00,45,-5081,7522,157,5238
dean_henderson,Crystal Palace,GK,5.0,5,Leeds,False,0,0,198,44,2026-09-20T13:00:00Z,0,0,False,0,0,0,0,0,0,0,0,0,0,0,0,0.0,0.0,0.0,0.0,0,0,0,0,0,0.00,0.00,0.00,0.00,50,-59712,148996,210,59922
walter_benítez,Crystal Palace,GK,4.5,5,Leeds,False,90,6,199,44,2026-09-20T13:00:00Z,0,0,False,0,0,1,0,0,0,0,0,0,2,0,26,18.6,0.0,0.0,1.9,1,4,0,0,1,0.00,0.00,0.00,1.31,45,618,12323,1413,795
chris_richards,Crystal Palace,DF,5.0,5,Leeds,False,90,8,202,44,2026-09-20T13:00:00Z,0,0,False,0,0,1,0,0,0,0,0,0,0,0,29,22.6,0.5,0.0,2.3,8,3,2,10,1,0.00,0.01,0.01,1.31,50,-7644,63648,1854,9498
jaydee_canvot,Crystal Palace,DF,4.9,5,Leeds,False,90,8,203,44,2026-09-20T13:00:00Z,0,0,False,0,0,1,0,0,0,0,0,0,0,0,26,19.8,17.2,2.0,3.9,9,5,1,10,1,0.00,0.12,0.12,1.31,49,-4457,20646,259,4716
tyrick_mitchell,Crystal Palace,DF,4.5,5,Leeds,False,90,7,204,44,2026-09-20T13:00:00Z,0,0,False,0,0,1,0,0,0,0,0,0,0,1,30,19.2,3.7,6.0,2.9,3,8,5,8,1,0.00,0.02,0.02,1.31,45,-51939,647215,21781,73720
borna_sosa,Crystal Palace,DF,4.5,5,Leeds,False,0,0,205,44,2026-09-20T13:00:00Z,0,0,False,0,0,0,0,0,0,0,0,0,0,0,0,0.0,0.0,0.0,0.0,0,0,0,0,0,0.00,0.00,0.00,0.00,45,-274,1673,0,274
chadi_riad dnanou,Crystal Palace,DF,4.4,5,Leeds,False,0,0,206,44,2026-09-20T13:00:00Z,0,0,False,0,0,0,0,0,0,0,0,0,0,0,0,0.0,0.0,0.0,0.0,0,0,0,0,0,0.00,0.00,0.00,0.00,44,-330,2215,53,383
oscar_mingueza,Crystal Palace,DF,4.4,5,Leeds,False,0,0,207,44,2026-09-20T13:00:00Z,0,0,False,0,0,0,0,0,0,0,0,0,0,0,0,0.0,0.0,0.0,0.0,0,0,0,0,0,0.00,0.00,0.00,0.00,44,-708,6288,250,958
ismaïla_sarr,Crystal Palace,MD,6.2,5,Leeds,False,8,1,208,44,2026-09-20T13:00:00Z,0,0,False,0,0,0,0,0,0,0,0,0,0,0,3,0.0,0.5,0.0,0.1,0,0,0,0,0,0.00,0.01,0.01,0.06,62,-10945,67923,1443,12388
adam_wharton,Crystal Palace,MD,5.5,5,Leeds,False,90,2,210,44,2026-09-20T13:00:00Z,0,0,False,0,0,1,0,0,0,0,1,0,0,0,13,20.0,26.8,13.0,6.0,4,1,2,7,1,0.07,0.22,0.29,1.31,55,-9048,82270,2827,11875
yéremy_pino santos,Crystal Palace,MD,5.5,5,Leeds,False,81,2,211,44,2026-09-20T13:00:00Z,0,0,False,0,0,1,0,0,0,0,1,0,0,0,10,9.4,8.3,10.0,2.8,2,3,0,5,1,0.16,0.15,0.31,1.26,55,-12233,38017,1928,14161
will_hughes,Crystal Palace,MD,4.4,5,Leeds,False,0,0,212,44,2026-09-20T13:00:00Z,0,0,False,0,0,0,0,0,0,0,0,0,0,0,0,0.0,0.0,0.0,0.0,0,0,0,0,0,0.00,0.00,0.00,0.00,44,-71924,838201,29011,100935
jefferson_lerma solís,Crystal Palace,MD,4.9,5,Leeds,False,45,0,213,44,2026-09-20T13:00:00Z,0,0,False,0,0,0,0,0,0,0,1,0,0,0,3,15.4,0.5,11.0,2.7,6,3,2,11,0,0.26,0.00,0.26,0.77,49,-677,7985,179,856
daichi_kamada,Crystal Palace,MD,5.0,5,Leeds,False,90,3,214,44,2026-09-20T13:00:00Z,0,0,False,0,0,1,0,0,0,0,0,0,0,0,12,1.8,4.0,27.0,3.3,0,9,1,10,1,0.42,0.03,0.45,1.31,50,14554,59125,22401,7847
justin_devenny,Crystal Palace,MD,5.0,5,Leeds,False,0,0,215,44,2026-09-20T13:00:00Z,0,0,False,0,0,0,0,0,0,0,0,0,0,0,0,0.0,0.0,0.0,0.0,0,0,0,0,0,0.00,0.00,0.00,0.00,50,-124,537,0,124
romain_esse,Crystal Palace,MD,5.0,5,Leeds,False,0,0,216,44,2026-09-20T13:00:00Z,0,0,False,0,0,0,0,0,0,0,0,0,0,0,0,0.0,0.0,0.0,0.0,0,0,0,0,0,0.00,0.00,0.00,0.00,50,-405,1807,0,405
matheus_frança de oliveira,Crystal Palace,MD,4.9,5,Leeds,False,0,0,217,44,2026-09-20T13:00:00Z,0,0,False,0,0,0,0,0,0,0,0,0,0,0,0,0.0,0.0,0.0,0.0,0,0,0,0,0,0.00,0.00,0.00,0.00,49,-675,1249,0,675
cheick_doucouré,Crystal Palace,MD,4.9,5,Leeds,False,0,0,218,44,2026-09-20T13:00:00Z,0,0,False,0,0,0,0,0,0,0,0,0,0,0,0,0.0,0.0,0.0,0.0,0,0,0,0,0,0.00,0.00,0.00,0.00,49,-576,5232,272,848
jesurun_rak-sakyi,Crystal Palace,MD,4.9,5,Leeds,False,0,0,219,44,2026-09-20T13:00:00Z,0,0,False,0,0,0,0,0,0,0,0,0,0,0,0,0.0,0.0,0.0,0.0,0,0,0,0,0,0.00,0.00,0.00,0.00,49,-101,390,0,101
rio_cardines,Crystal Palace,DF,4.5,5,Leeds,False,0,0,220,44,2026-09-20T13:00:00Z,0,0,False,0,0,0,0,0,0,0,0,0,0,0,0,0.0,0.0,0.0,0.0,0,0,0,0,0,0.00,0.00,0.00,0.00,45,-8,132,0,8
joél_drakes-thomas,Crystal Palace,MD,4.5,5,Leeds,False,0,0,221,44,2026-09-20T13:00:00Z,0,0,False,0,0,0,0,0,0,0,0,0,0,0,0,0.0,0.0,0.0,0.0,0,0,0,0,0,0.00,0.00,0.00,0.00,45,-630,7788,360,990
jørgen_strand larsen,Crystal Palace,FW,6.0,5,Leeds,False,81,2,222,44,2026-09-20T13:00:00Z,0,0,False,0,0,1,0,0,0,0,0,0,0,0,10,13.2,15.1,13.0,4.1,3,0,0,3,1,0.04,0.17,0.21,1.26,60,4053,69381,15191,11138
jean-philippe_mateta,Crystal Palace,FW,6.3,5,Leeds,False,0,0,223,44,2026-09-20T13:00:00Z,0,0,False,0,0,0,0,0,0,0,0,0,0,0,0,0.0,0.0,0.0,0.0,0,0,0,0,0,0.00,0.00,0.00,0.00,63,-29302,148086,232,29534
eddie_nketiah,Crystal Palace,FW,5.5,5,Leeds,False,8,1,224,44,2026-09-20T13:00:00Z,0,0,False,0,0,0,0,0,0,0,0,0,0,0,2,0.0,0.6,0.0,0.0,0,1,0,1,0,0.00,0.02,0.02,0.06,55,-21953,55856,1026,22979
christantus_uche,Crystal Palace,FW,5.0,5,Leeds,False,0,0,225,44,2026-09-20T13:00:00Z,0,0,False,0,0,0,0,0,0,0,0,0,0,0,0,0.0,0.0,0.0,0.0,0,0,0,0,0,0.00,0.00,0.00,0.00,50,0,0,0,0
dwight_mcneil,Crystal Palace,MD,5.4,5,Leeds,False,0,0,241,44,2026-09-20T13:00:00Z,0,0,False,0,0,0,0,0,0,0,0,0,0,0,0,0.0,0.0,0.0,0.0,0,0,0,0,0,0.00,0.00,0.00,0.00,54,-1374,12442,185,1559
remi_matthews,Crystal Palace,GK,4.0,5,Leeds,False,0,0,555,44,2026-09-20T13:00:00Z,0,0,False,0,0,0,0,0,0,0,0,0,0,0,0,0.0,0.0,0.0,0.0,0,0,0,0,0,0.00,0.00,0.00,0.00,40,-2332,185661,3461,5793
takehiro_tomiyasu,Crystal Palace,DF,4.4,5,Leeds,False,45,1,577,44,2026-09-20T13:00:00Z,0,0,False,0,0,0,0,0,0,0,0,0,0,0,4,10.6,10.6,2.0,2.3,3,0,0,3,1,0.00,0.01,0.01,0.54,44,-2327,29233,497,2824
anan_khalaili,Crystal Palace,DF,5.0,5,Leeds,False,90,6,588,44,2026-09-20T13:00:00Z,0,0,False,0,0,1,0,0,0,0,0,0,0,0,23,15.8,2.5,2.0,2.0,4,11,2,6,1,0.00,0.02,0.02,1.31,50,-717,31883,5814,6531
zavier_gozo,Crystal Palace,MD,5.0,5,Leeds,False,0,0,595,44,2026-09-20T13:00:00Z,0,0,False,0,0,0,0,0,0,0,0,0,0,0,0,0.0,0.0,0.0,0.0,0,0,0,0,0,0.00,0.00,0.00,0.00,50,-117,1330,81,198
honest_ahanor,Crystal Palace,DF,4.5,5,Leeds,False,0,0,633,44,2026-09-20T13:00:00Z,0,0,False,0,0,0,0,0,0,0,0,0,0,0,0,0.0,0.0,0.0,0.0,0,0,0,0,0,0.00,0.00,0.00,0.00,45,470,1692,710,240
ben_chilwell,Crystal Palace,DF,4.5,5,Leeds,False,0,0,643,44,2026-09-20T13:00:00Z,0,0,False,0,0,0,0,0,0,0,0,0,0,0,0,0.0,0.0,0.0,0.0,0,0,0,0,0,0.00,0.00,0.00,0.00,45,-6188,50011,3269,9457
quinten_timber,Crystal Palace,MD,5.0,5,Leeds,False,90,3,644,44,2026-09-20T13:00:00Z,0,0,False,0,0,1,0,0,0,0,0,0,0,0,13,8.4,24.0,6.0,3.8,2,1,2,5,1,0.12,0.03,0.15,1.31,50,782,3505,1410,628
darío_osorio,Crystal Palace,MD,5.5,5,Leeds,False,0,0,647,44,2026-09-20T13:00:00Z,0,0,False,0,0,0,0,0,0,0,0,0,0,0,0,0.0,0.0,0.0,0.0,0,0,0,0,0,0.00,0.00,0.00,0.00,55,-91,833,80,171
christian_nørgaard,Everton,MD,4.9,5,Ipswich Town,True,0,0,21,43,2026-09-19T14:00:00Z,1,0,False,0,0,0,0,0,0,0,0,0,0,0,0,0.0,0.0,0.0,0.0,0,0,0,0,0,0.00,0.00,0.00,0.00,49,-737,4666,46,783
brennan_johnson,Everton,MD,5.9,5,Ipswich Town,True,65,3,209,43,2026-09-19T14:00:00Z,1,0,False,0,0,1,0,0,0,0,0,0,0,0,6,0.0,0.6,10.0,1.0,1,4,3,8,1,0.82,0.00,0.82,1.06,59,847,13882,2308,1461
jordan_pickford,Everton,GK,5.5,5,Ipswich Town,True,90,8,226,43,2026-09-19T14:00:00Z,1,0,False,0,0,1,0,0,0,0,0,0,4,1,34,35.0,0.0,0.0,3.5,1,7,0,0,1,0.00,0.00,0.00,1.44,55,36703,1016911,77729,41026
mark_travers,Everton,GK,5.0,5,Ipswich Town,True,0,0,227,43,2026-09-19T14:00:00Z,1,0,False,0,0,0,0,0,0,0,0,0,0,0,0,0.0,0.0,0.0,0.0,0,0,0,0,0,0.00,0.00,0.00,0.00,50,114,4152,576,462
tom_king,Everton,GK,4.5,5,Ipswich Town,True,0,0,228,43,2026-09-19T14:00:00Z,1,0,False,0,0,0,0,0,0,0,0,0,0,0,0,0.0,0.0,0.0,0.0,0,0,0,0,0,0.00,0.00,0.00,0.00,45,-53,4710,243,296
james_tarkowski,Everton,DF,6.1,5,Ipswich Town,True,90,14,229,43,2026-09-19T14:00:00Z,1,0,False,0,1,1,0,0,0,0,0,0,0,3,43,36.0,10.7,1.0,4.8,11,5,1,12,1,0.01,0.01,0.02,1.44,61,243664,1610335,292865,49201
jarrad_branthwaite,Everton,DF,5.5,5,Ipswich Town,True,90,8,230,43,2026-09-19T14:00:00Z,1,0,False,0,0,1,0,0,0,0,0,0,0,0,27,32.6,0.9,0.0,3.4,14,3,0,14,1,0.00,0.00,0.00,1.44,55,36903,255437,50096,13193
michael_keane,Everton,DF,4.8,5,Ipswich Town,True,0,0,231,43,2026-09-19T14:00:00Z,1,0,False,0,0,0,0,0,0,0,0,0,0,0,0,0.0,0.0,0.0,0.0,0,0,0,0,0,0.00,0.00,0.00,0.00,48,-10126,83228,2083,12209
jake_o'brien,Everton,DF,4.9,5,Ipswich Town,True,1,1,232,43,2026-09-19T14:00:00Z,1,0,False,0,0,0,0,0,0,0,0,0,0,0,3,2.0,0.0,0.0,0.2,1,1,0,1,0,0.00,0.00,0.00,0.16,49,-1516,31104,1257,2773
vitalii_mykolenko,Everton,DF,4.5,5,Ipswich Town,True,90,5,233,43,2026-09-19T14:00:00Z,1,0,False,0,0,1,0,0,0,0,1,0,0,0,29,18.8,7.1,7.0,3.3,3,11,3,6,1,0.04,0.02,0.06,1.44,45,214484,463207,238606,24122
nathan_patterson,Everton,DF,4.5,5,Ipswich Town,True,0,0,234,43,2026-09-19T14:00:00Z,1,0,False,0,0,0,0,0,0,0,0,0,0,0,0,0.0,0.0,0.0,0.0,0,0,0,0,0,0.00,0.00,0.00,0.00,45,-321,1666,0,321
adam_aznou,Everton,DF,4.0,5,Ipswich Town,True,0,0,235,43,2026-09-19T14:00:00Z,1,0,False,0,0,0,0,0,0,0,0,0,0,0,0,0.0,0.0,0.0,0.0,0,0,0,0,0,0.00,0.00,0.00,0.00,40,-1647,10301,0,1647
kiernan_dewsbury-hall,Everton,MD,6.5,5,Ipswich Town,True,90,3,236,43,2026-09-19T14:00:00Z,1,0,False,0,0,1,0,0,0,0,0,0,0,0,10,1.6,31.2,28.0,6.1,0,5,2,7,1,0.37,0.34,0.71,1.28,65,156556,731679,216116,59560
jack_grealish,Everton,MD,6.5,5,Ipswich Town,True,78,3,238,43,2026-09-19T14:00:00Z,1,0,False,0,0,1,0,0,0,0,0,0,0,0,22,11.2,57.6,8.0,7.7,0,7,0,7,1,0.00,0.30,0.30,1.06,65,4275,48806,10313,6038
james_garner,Everton,MD,6.0,5,Ipswich Town,True,90,3,239,43,2026-09-19T14:00:00Z,1,0,False,0,0,1,0,0,0,0,0,0,0,0,14,10.0,19.2,4.0,3.3,4,5,0,9,1,0.16,0.04,0.20,1.44,60,9028,25087,12252,3224
tyrique_george,Everton,MD,5.5,5,Ipswich Town,True,11,1,242,43,2026-09-19T14:00:00Z,1,0,False,0,0,0,0,0,0,0,0,0,0,0,4,0.4,0.8,4.0,0.5,0,2,0,2,0,0.03,0.01,0.04,0.38,55,39603,111866,50560,10957
carlos_alcaraz durán,Everton,MD,4.9,5,Ipswich Town,True,0,0,243,43,2026-09-19T14:00:00Z,1,0,False,0,0,0,0,0,0,0,0,0,0,0,0,0.0,0.0,0.0,0.0,0,0,0,0,0,0.00,0.00,0.00,0.00,49,-492,7950,539,1031
harrison_armstrong,Everton,MD,5.0,5,Ipswich Town,True,90,2,244,43,2026-09-19T14:00:00Z,1,0,False,0,0,1,0,0,0,0,1,0,0,0,13,5.0,26.3,4.0,3.5,1,2,2,5,1,0.12,0.37,0.49,1.44,50,-2908,43182,5950,8858
tyler_dibling,Everton,MD,5.4,5,Ipswich Town,True,24,1,245,43,2026-09-19T14:00:00Z,1,0,False,0,0,0,0,0,0,0,0,0,0,0,10,7.2,24.4,26.0,5.8,0,0,0,0,0,0.17,0.16,0.33,0.38,54,-87,3032,288,375
merlin_röhl,Everton,MD,4.9,5,Ipswich Town,True,0,0,246,43,2026-09-19T14:00:00Z,1,0,False,0,0,0,0,0,0,0,0,0,0,0,0,0.0,0.0,0.0,0.0,0,0,0,0,0,0.00,0.00,0.00,0.00,49,-971,4100,285,1256
hayden_hackney,Everton,MD,5.5,5,Ipswich Town,True,1,1,247,43,2026-09-19T14:00:00Z,1,0,False,0,0,0,0,0,0,0,0,0,0,0,3,0.2,0.1,0.0,0.0,0,0,0,0,0,0.00,0.00,0.00,0.16,55,-1236,20687,726,1962
norberto bercique_gomes betuncal,Everton,FW,5.4,5,Ipswich Town,True,0,0,248,43,2026-09-19T14:00:00Z,1,0,False,0,0,0,0,0,0,0,0,0,0,0,0,0.0,0.0,0.0,0.0,0,0,0,0,0,0.00,0.00,0.00,0.00,54,-25316,72058,0,25316
thierno_barry,Everton,FW,5.6,5,Ipswich Town,True,90,6,249,43,2026-09-19T14:00:00Z,1,0,False,1,0,1,0,0,0,0,0,0,0,0,28,34.4,12.3,27.0,7.4,2,3,0,5,1,0.52,0.01,0.53,1.44,56,177881,908127,262211,84330
ainsley_maitland-niles,Everton,DF,4.5,5,Ipswich Town,True,90,8,649,43,2026-09-19T14:00:00Z,1,0,False,0,0,1,0,0,0,0,0,0,0,2,39,23.8,26.0,0.0,5.0,5,3,3,8,1,0.00,0.11,0.11,1.28,45,48006,111542,54068,6062
braiden_graham,Everton,MD,4.5,5,Ipswich Town,True,0,0,654,43,2026-09-19T14:00:00Z,1,0,False,0,0,0,0,0,0,0,0,0,0,0,0,0.0,0.0,0.0,0.0,0,0,0,0,0,0.00,0.00,0.00,0.00,45,-659,11586,1585,2244
bernd_leno,Fulham,GK,4.5,5,Man Utd,True,90,3,250,50,2026-09-20T15:30:00Z,1,1,False,0,0,0,1,0,0,0,0,0,5,0,18,34.6,0.0,0.0,3.5,2,8,0,0,1,0.00,0.00,0.00,1.60,45,19961,335875,37373,17412
benjamin_lecomte,Fulham,GK,4.0,5,Man Utd,True,0,0,251,50,2026-09-20T15:30:00Z,1,1,False,0,0,0,0,0,0,0,0,0,0,0,0,0.0,0.0,0.0,0.0,0,0,0,0,0,0.00,0.00,0.00,0.00,40,-651,123460,3635,4286
alfie_mcnally,Fulham,GK,4.0,5,Man Utd,True,0,0,252,50,2026-09-20T15:30:00Z,1,1,False,0,0,0,0,0,0,0,0,0,0,0,0,0.0,0.0,0.0,0.0,0,0,0,0,0,0.00,0.00,0.00,0.00,40,-908,12542,0,908
joachim_andersen,Fulham,DF,5.0,5,Man Utd,True,10,1,253,50,2026-09-20T15:30:00Z,1,1,False,0,0,0,1,0,0,0,0,0,0,0,0,10.0,0.0,0.0,1.0,5,0,0,5,0,0.00,0.00,0.00,0.36,50,-246,14092,1831,2077
antonee_robinson,Fulham,DF,4.5,5,Man Utd,True,90,2,254,50,2026-09-20T15:30:00Z,1,1,False,0,0,0,1,0,0,0,0,0,0,0,19,30.0,30.0,0.0,6.0,4,4,3,7,1,0.00,0.09,0.09,1.60,45,290,147666,11569,11279
jorge_cuenca barreno,Fulham,DF,4.5,5,Man Utd,True,0,0,255,50,2026-09-20T15:30:00Z,1,1,False,0,0,0,0,0,0,0,0,0,0,0,0,0.0,0.0,0.0,0.0,0,0,0,0,0,0.00,0.00,0.00,0.00,45,-243,2849,89,332
kenny_tete,Fulham,DF,4.4,5,Man Utd,True,0,0,256,50,2026-09-20T15:30:00Z,1,1,False,0,0,0,0,0,0,0,0,0,0,0,0,0.0,0.0,0.0,0.0,0,0,0,0,0,0.00,0.00,0.00,0.00,44,-1747,20252,326,2073
calvin_bassey,Fulham,DF,4.5,5,Man Utd,True,90,6,257,50,2026-09-20T15:30:00Z,1,1,False,0,1,0,1,0,0,0,0,0,0,1,26,26.6,1.8,17.0,4.5,6,7,2,8,1,0.06,0.01,0.07,1.60,45,-255,72972,3658,3913
timothy_castagne,Fulham,DF,4.5,5,Man Utd,True,90,1,258,50,2026-09-20T15:30:00Z,1,1,False,0,0,0,1,0,0,0,1,0,0,0,3,20.6,5.2,2.0,2.8,9,4,0,9,1,0.00,0.01,0.01,1.60,45,6515,92417,14129,7614
alex_iwobi,Fulham,MD,5.4,5,Man Utd,True,70,5,261,50,2026-09-20T15:30:00Z,1,1,False,0,0,1,0,0,0,0,0,0,0,2,27,21.0,63.3,26.0,11.0,1,5,1,7,1,0.19,0.41,0.60,1.12,54,-6504,70405,3075,9579
emile_smith rowe,Fulham,MD,5.4,5,Man Utd,True,0,0,262,50,2026-09-20T15:30:00Z,1,1,False,0,0,0,0,0,0,0,0,0,0,0,0,0.0,0.0,0.0,0.0,0,0,0,0,0,0.00,0.00,0.00,0.00,54,-2909,26201,582,3491
kevin_santos lopes de macedo,Fulham,MD,5.3,5,Man Utd,True,19,1,263,50,2026-09-20T15:30:00Z,1,1,False,0,0,0,1,0,0,0,0,0,0,0,6,5.2,0.1,17.0,2.2,1,1,0,2,0,0.04,0.00,0.04,0.49,53,-75,4353,596,671
oscar_bobb,Fulham,MD,5.5,5,Man Utd,True,70,3,264,50,2026-09-20T15:30:00Z,1,1,False,0,0,1,0,0,0,0,0,0,0,0,6,4.0,3.7,8.0,1.6,1,3,2,6,1,0.22,0.09,0.31,1.12,55,-1134,30671,2742,3876
sander_berge,Fulham,MD,4.9,5,Man Utd,True,76,3,265,50,2026-09-20T15:30:00Z,1,1,False,0,0,1,0,0,0,0,0,0,0,0,16,10.0,15.4,7.0,3.2,2,0,0,2,1,0.05,0.02,0.07,1.18,49,-1553,31167,1643,3196
tom_cairney,Fulham,MD,4.9,5,Man Utd,True,0,0,266,50,2026-09-20T15:30:00Z,1,1,False,0,0,0,0,0,0,0,0,0,0,0,0,0.0,0.0,0.0,0.0,0,0,0,0,0,0.00,0.00,0.00,0.00,49,-46,305,15,61
josh_king,Fulham,MD,5.5,5,Man Utd,True,79,2,268,50,2026-09-20T15:30:00Z,1,1,False,0,0,1,0,0,0,0,1,0,0,0,10,3.2,6.8,46.0,5.6,1,4,0,5,1,0.38,0.03,0.41,1.25,55,78271,214660,104721,26450
ryan_sessegnon,Fulham,DF,4.4,5,Man Utd,True,0,0,269,50,2026-09-20T15:30:00Z,1,1,False,0,0,0,0,0,0,0,0,0,0,0,0,0.0,0.0,0.0,0.0,0,0,0,0,0,0.00,0.00,0.00,0.00,44,-5062,29229,228,5290
harrison_reed,Fulham,MD,4.4,5,Man Utd,True,0,0,270,50,2026-09-20T15:30:00Z,1,1,False,0,0,0,0,0,0,0,0,0,0,0,0,0.0,0.0,0.0,0.0,0,0,0,0,0,0.00,0.00,0.00,0.00,44,-430,130240,16215,16645
rodrigo_muniz carvalho,Fulham,FW,5.4,5,Man Utd,True,10,0,271,50,2026-09-20T15:30:00Z,1,1,False,0,0,0,1,0,0,0,1,0,0,0,-1,0.2,0.3,0.0,0.1,1,0,0,1,0,0.00,0.00,0.00,0.36,54,-2843,44522,3484,6327
jonah_kusi-asare,Fulham,FW,4.5,5,Man Utd,True,0,0,272,50,2026-09-20T15:30:00Z,1,1,False,0,0,0,0,0,0,0,0,0,0,0,0,0.0,0.0,0.0,0.0,0,0,0,0,0,0.00,0.00,0.00,0.00,45,-40658,610960,30186,70844
gonzalo_garcía,Fulham,FW,6.0,5,Man Utd,True,79,2,569,50,2026-09-20T15:30:00Z,1,1,False,0,0,1,0,0,0,0,0,0,0,0,3,0.0,14.8,12.0,2.3,1,1,0,2,1,0.69,0.33,1.02,1.25,60,-31297,386933,42871,74168
césar_palacios,Fulham,MD,5.4,5,Man Utd,True,19,1,570,50,2026-09-20T15:30:00Z,1,1,False,0,0,0,1,0,0,0,0,0,0,0,5,5.8,10.3,0.0,1.6,1,2,1,4,0,0.00,0.00,0.00,0.49,54,-456,18361,1918,2374
shea_charles,Fulham,MD,5.0,5,Man Utd,True,90,4,580,50,2026-09-20T15:30:00Z,1,1,False,0,0,0,1,0,0,0,0,0,0,0,16,40.0,3.4,0.0,4.3,11,0,2,13,1,0.00,0.02,0.02,1.60,50,49,7677,742,693
luc_de fougerolles,Fulham,DF,4.0,5,Man Utd,True,0,0,610,50,2026-09-20T15:30:00Z,1,1,False,0,0,0,0,0,0,0,0,0,0,0,0,0.0,0.0,0.0,0.0,0,0,0,0,0,0.00,0.00,0.00,0.00,40,-1168,7831,0,1168
macaulay_zepa,Fulham,MD,4.5,5,Man Utd,True,0,0,626,50,2026-09-20T15:30:00Z,1,1,False,0,0,0,0,0,0,0,0,0,0,0,0,0.0,0.0,0.0,0.0,0,0,0,0,0,0.00,0.00,0.00,0.00,45,-3861,32375,996,4857
hugo_larsson,Fulham,MD,5.0,5,Man Utd,True,13,1,635,50,2026-09-20T15:30:00Z,1,1,False,0,0,0,1,0,0,0,0,0,0,0,3,3.2,0.1,0.0,0.3,2,2,0,4,0,0.00,0.00,0.00,0.42,50,66,760,191,125
manuel ángel_morán ibáñez,Fulham,MD,5.0,5,Man Utd,True,0,0,636,50,2026-09-20T15:30:00Z,1,1,False,0,0,0,0,0,0,0,0,0,0,0,0,0.0,0.0,0.0,0.0,0,0,0,0,0,0.00,0.00,0.00,0.00,50,10,361,84,74
david_affengruber,Fulham,DF,4.5,5,Man Utd,True,90,4,650,50,2026-09-20T15:30:00Z,1,1,False,0,0,0,1,0,0,0,0,0,0,0,17,32.4,11.3,0.0,4.4,9,4,2,11,1,0.00,0.02,0.02,1.60,45,1907,2846,2400,493
tim_iroegbunam,Hull City,MD,5.0,5,Newcastle,False,45,1,240,46,2026-09-19T14:00:00Z,2,1,False,0,0,0,0,0,0,0,0,0,0,0,6,6.2,11.3,10.0,2.8,0,5,2,7,0,0.12,0.01,0.13,0.25,50,101,1818,374,273
dillon_phillips,Hull City,GK,4.0,5,Newcastle,False,0,0,273,46,2026-09-19T14:00:00Z,2,1,False,0,0,0,0,0,0,0,0,0,0,0,0,0.0,0.0,0.0,0.0,0,0,0,0,0,0.00,0.00,0.00,0.00,40,-1640,154014,5096,6736
jack_butland,Hull City,GK,4.5,5,Newcastle,False,0,0,274,46,2026-09-19T14:00:00Z,2,1,False,0,0,0,0,0,0,0,0,0,0,0,0,0.0,0.0,0.0,0.0,0,0,0,0,0,0.00,0.00,0.00,0.00,45,-460,7533,109,569
harvey_cartwright,Hull City,GK,4.0,5,Newcastle,False,0,0,275,46,2026-09-19T14:00:00Z,2,1,False,0,0,0,0,0,0,0,0,0,0,0,0,0.0,0.0,0.0,0.0,0,0,0,0,0,0.00,0.00,0.00,0.00,40,-41,714,0,41
thimothée_lo-tutala,Hull City,GK,4.0,5,Newcastle,False,0,0,276,46,2026-09-19T14:00:00Z,2,1,False,0,0,0,0,0,0,0,0,0,0,0,0,0.0,0.0,0.0,0.0,0,0,0,0,0,0.00,0.00,0.00,0.00,40,-135,2510,0,135
john_egan,Hull City,DF,4.1,5,Newcastle,False,77,1,277,46,2026-09-19T14:00:00Z,2,1,False,0,0,0,2,0,0,0,0,0,0,0,2,14.0,0.2,13.0,2.7,2,1,2,4,1,0.01,0.00,0.01,1.31,41,76284,776181,120781,44497
charlie_hughes,Hull City,DF,3.9,5,Newcastle,False,0,0,278,46,2026-09-19T14:00:00Z,2,1,False,0,0,0,0,0,0,0,0,0,0,0,0,0.0,0.0,0.0,0.0,0,0,0,0,0,0.00,0.00,0.00,0.00,39,9741,32994,15378,5637
semi_ajayi,Hull City,DF,4.2,5,Newcastle,False,90,1,279,46,2026-09-19T14:00:00Z,2,1,False,0,0,0,2,0,0,0,0,0,0,0,5,9.4,1.2,10.0,2.1,2,5,2,4,1,0.01,0.01,0.02,1.44,42,162949,1547412,250066,87117
lewie_coyle,Hull City,DF,4.0,5,Newcastle,False,90,1,280,46,2026-09-19T14:00:00Z,2,1,False,0,0,0,2,0,0,0,0,0,0,0,3,6.6,2.8,6.0,1.5,1,3,1,2,1,0.00,0.04,0.04,1.44,40,7516,74510,11929,4413
cody_drameh,Hull City,DF,4.0,5,Newcastle,False,0,0,281,46,2026-09-19T14:00:00Z,2,1,False,0,0,0,0,0,0,0,0,0,0,0,0,0.0,0.0,0.0,0.0,0,0,0,0,0,0.00,0.00,0.00,0.00,40,-664,4645,0,664
ryan_giles,Hull City,DF,4.0,5,Newcastle,False,90,0,282,46,2026-09-19T14:00:00Z,2,1,False,0,0,0,2,0,0,0,1,0,0,0,-1,12.2,38.8,0.0,5.1,4,2,1,5,1,0.00,0.08,0.08,1.44,40,118366,326502,141201,22835
matty_jacob,Hull City,DF,4.0,5,Newcastle,False,0,0,283,46,2026-09-19T14:00:00Z,2,1,False,0,0,0,0,0,0,0,0,0,0,0,0,0.0,0.0,0.0,0.0,0,0,0,0,0,0.00,0.00,0.00,0.00,40,-94,831,0,94
cathal_mccarthy,Hull City,DF,4.0,5,Newcastle,False,0,0,284,46,2026-09-19T14:00:00Z,2,1,False,0,0,0,0,0,0,0,0,0,0,0,0,0.0,0.0,0.0,0.0,0,0,0,0,0,0.00,0.00,0.00,0.00,40,425,10301,1366,941
paddy_mcnair,Hull City,DF,4.0,5,Newcastle,False,0,0,285,46,2026-09-19T14:00:00Z,2,1,False,0,0,0,0,0,0,0,0,0,0,0,0,0.0,0.0,0.0,0.0,0,0,0,0,0,0.00,0.00,0.00,0.00,40,-192,12664,725,917
mohamed_belloumi,Hull City,MD,5.1,5,Newcastle,False,82,4,286,46,2026-09-19T14:00:00Z,2,1,False,0,1,0,2,0,0,0,1,0,0,0,22,33.0,29.1,41.0,10.3,0,5,6,11,1,0.35,0.31,0.66,1.31,51,329008,497698,362918,33910
liam_millar,Hull City,MD,5.0,5,Newcastle,False,0,0,287,46,2026-09-19T14:00:00Z,2,1,False,0,0,0,0,0,0,0,0,0,0,0,0,0.0,0.0,0.0,0.0,0,0,0,0,0,0.00,0.00,0.00,0.00,50,-1008,3415,0,1008
kieran_dowell,Hull City,MD,4.5,5,Newcastle,False,0,0,288,46,2026-09-19T14:00:00Z,2,1,False,0,0,0,0,0,0,0,0,0,0,0,0,0.0,0.0,0.0,0.0,0,0,0,0,0,0.00,0.00,0.00,0.00,45,-2921,33164,1553,4474
matt_crooks,Hull City,MD,4.5,5,Newcastle,False,45,0,289,46,2026-09-19T14:00:00Z,2,1,False,0,0,0,2,0,0,0,1,0,0,0,6,7.8,14.5,0.0,2.2,0,0,2,2,1,0.00,0.12,0.12,1.19,45,-2230,51411,4076,6306
regan_slater,Hull City,MD,4.5,5,Newcastle,False,77,2,290,46,2026-09-19T14:00:00Z,2,1,False,0,0,0,2,0,0,0,0,0,0,0,9,4.2,23.8,9.0,3.7,1,2,0,3,1,0.13,0.03,0.16,1.31,45,-886,597244,62686,63572
eliot_matazo,Hull City,MD,4.5,5,Newcastle,False,0,0,291,46,2026-09-19T14:00:00Z,2,1,False,0,0,0,0,0,0,0,0,0,0,0,0,0.0,0.0,0.0,0.0,0,0,0,0,0,0.00,0.00,0.00,0.00,45,-23,638,67,90
abdülkadir_ömür,Hull City,MD,4.9,5,Newcastle,False,0,0,292,46,2026-09-19T14:00:00Z,2,1,False,0,0,0,0,0,0,0,0,0,0,0,0,0.0,0.0,0.0,0.0,0,0,0,0,0,0.00,0.00,0.00,0.00,49,-24,1845,288,312
abu_kamara,Hull City,MD,5.0,5,Newcastle,False,0,0,293,46,2026-09-19T14:00:00Z,2,1,False,0,0,0,0,0,0,0,0,0,0,0,0,0.0,0.0,0.0,0.0,0,0,0,0,0,0.00,0.00,0.00,0.00,50,-22,193,0,22
óscar_zambrano,Hull City,MD,4.5,5,Newcastle,False,0,0,294,46,2026-09-19T14:00:00Z,2,1,False,0,0,0,0,0,0,0,0,0,0,0,0,0.0,0.0,0.0,0.0,0,0,0,0,0,0.00,0.00,0.00,0.00,45,63,10217,1214,1151
oli_mcburnie,Hull City,FW,5.5,5,Newcastle,False,90,1,295,46,2026-09-19T14:00:00Z,2,1,False,0,0,0,2,0,0,0,1,0,0,0,5,3.0,12.6,20.0,3.6,3,3,0,6,1,0.36,0.02,0.38,1.44,55,6823,213941,35498,28675
david_akintola,Hull City,MD,5.0,5,Newcastle,False,0,0,296,46,2026-09-19T14:00:00Z,2,1,False,0,0,0,0,0,0,0,0,0,0,0,0,0.0,0.0,0.0,0.0,0,0,0,0,0,0.00,0.00,0.00,0.00,50,-1213,2690,0,1213
darko_gyabi,Hull City,MD,4.5,5,Newcastle,False,0,0,297,46,2026-09-19T14:00:00Z,2,1,False,0,0,0,0,0,0,0,0,0,0,0,0,0.0,0.0,0.0,0.0,0,0,0,0,0,0.00,0.00,0.00,0.00,45,-156,1875,61,217
enis_destan,Hull City,FW,4.5,5,Newcastle,False,0,0,298,46,2026-09-19T14:00:00Z,2,1,False,0,0,0,0,0,0,0,0,0,0,0,0,0.0,0.0,0.0,0.0,0,0,0,0,0,0.00,0.00,0.00,0.00,45,-2761,19933,0,2761
mason_burstow,Hull City,FW,4.5,5,Newcastle,False,0,0,299,46,2026-09-19T14:00:00Z,2,1,False,0,0,0,0,0,0,0,0,0,0,0,0,0.0,0.0,0.0,0.0,0,0,0,0,0,0.00,0.00,0.00,0.00,45,-365,3535,0,365
joe_gelhardt,Hull City,MD,5.0,5,Newcastle,False,7,1,340,46,2026-09-19T14:00:00Z,2,1,False,0,0,0,0,0,0,0,0,0,0,0,5,1.6,1.3,12.0,1.5,0,1,0,1,0,0.10,0.02,0.12,0.13,50,48,1289,281,233
matt_targett,Hull City,DF,4.0,5,Newcastle,False,0,0,556,46,2026-09-19T14:00:00Z,2,1,False,0,0,0,0,0,0,0,0,0,0,0,0,0.0,0.0,0.0,0.0,0,0,0,0,0,0.00,0.00,0.00,0.00,40,-15803,187250,3674,19477
hidemasa_morita,Hull City,MD,5.0,5,Newcastle,False,0,0,563,46,2026-09-19T14:00:00Z,2,1,False,0,0,0,0,0,0,0,0,0,0,0,0,0.0,0.0,0.0,0.0,0,0,0,0,0,0.00,0.00,0.00,0.00,50,-418,1759,23,441
konstantinos_tzolakis,Hull City,GK,4.6,5,Newcastle,False,90,6,572,46,2026-09-19T14:00:00Z,2,1,False,0,0,0,2,0,1,0,1,0,3,0,16,48.2,0.0,0.0,4.8,0,11,1,0,1,0.00,0.00,0.00,1.44,46,108104,1243266,162718,54614
jens_hjertø-dahl,Hull City,MD,4.9,5,Newcastle,False,0,0,574,46,2026-09-19T14:00:00Z,2,1,False,0,0,0,0,0,0,0,0,0,0,0,0,0.0,0.0,0.0,0.0,0,0,0,0,0,0.00,0.00,0.00,0.00,49,-537,6046,289,826
elliot_stroud,Hull City,MD,5.0,5,Newcastle,False,0,0,576,46,2026-09-19T14:00:00Z,2,1,False,0,0,0,0,0,0,0,0,0,0,0,0,0.0,0.0,0.0,0.0,0,0,0,0,0,0.00,0.00,0.00,0.00,50,-208,8823,701,909
lucas_herrington,Hull City,DF,4.0,5,Newcastle,False,90,1,585,46,2026-09-19T14:00:00Z,2,1,False,0,0,0,2,0,0,0,0,0,0,0,11,23.6,22.4,11.0,5.7,7,5,1,8,1,0.02,0.03,0.05,1.44,40,-136,63742,3458,3594
nobel_mendy,Hull City,DF,4.1,5,Newcastle,False,0,0,586,46,2026-09-19T14:00:00Z,2,1,False,0,0,0,0,0,0,0,0,0,0,0,0,0.0,0.0,0.0,0.0,0,0,0,0,0,0.00,0.00,0.00,0.00,41,-152875,693276,13422,166297
lucas_gourna-douath,Hull City,MD,5.0,5,Newcastle,False,12,1,589,46,2026-09-19T14:00:00Z,2,1,False,0,0,0,0,0,0,0,0,0,0,0,5,3.2,11.0,2.0,1.6,0,0,1,1,0,0.03,0.01,0.04,0.13,50,-143,2600,149,292
mohamed-ali_cho,Hull City,MD,5.0,5,Newcastle,False,27,6,617,46,2026-09-19T14:00:00Z,2,1,False,1,0,0,0,0,0,0,0,0,0,0,25,39.2,25.1,17.0,8.1,0,0,0,0,0,0.27,0.20,0.47,0.16,50,172,1422,401,229
ilyas_ansah,Hull City,FW,5.0,5,Newcastle,False,0,0,632,46,2026-09-19T14:00:00Z,2,1,False,0,0,0,0,0,0,0,0,0,0,0,0,0.0,0.0,0.0,0.0,0,0,0,0,0,0.00,0.00,0.00,0.00,50,-1167,3032,151,1318
robinio_vaz,Hull City,FW,5.0,5,Newcastle,False,12,1,637,46,2026-09-19T14:00:00Z,2,1,False,0,0,0,0,0,0,0,0,0,0,0,5,2.4,11.2,2.0,1.6,0,1,0,1,0,0.00,0.01,0.01,0.13,50,3868,10422,5586,1718
brooke_norton-cuffy,Hull City,DF,4.0,5,Newcastle,False,0,0,638,46,2026-09-19T14:00:00Z,2,1,False,0,0,0,0,0,0,0,0,0,0,0,0,0.0,0.0,0.0,0.0,0,0,0,0,0,0.00,0.00,0.00,0.00,40,1437,29384,5014,3577
sorba_thomas,Hull City,MD,5.5,5,Newcastle,False,62,2,642,46,2026-09-19T14:00:00Z,2,1,False,0,0,0,2,0,0,0,0,0,0,0,2,0.0,15.3,8.0,2.0,0,2,1,3,1,0.19,0.04,0.23,1.28,55,761,2637,1275,514
christos_mouzakitis,Hull City,MD,5.0,5,Newcastle,False,0,0,645,46,2026-09-19T14:00:00Z,2,1,False,0,0,0,0,0,0,0,0,0,0,0,0,0.0,0.0,0.0,0.0,0,0,0,0,0,0.00,0.00,0.00,0.00,50,100,784,212,112
issa_diop,Ipswich Town,DF,4.0,5,Everton,False,90,4,259,43,2026-09-19T14:00:00Z,1,0,False,0,0,0,1,0,0,0,0,0,0,0,13,31.4,10.5,5.0,4.7,10,4,0,10,1,0.06,0.01,0.07,2.24,40,-93272,1423347,19674,112946
saša_lukić,Ipswich Town,MD,5.0,5,Everton,False,72,2,267,43,2026-09-19T14:00:00Z,1,0,False,0,0,0,1,0,0,0,0,0,0,0,14,9.6,16.8,0.0,2.6,2,3,1,6,1,0.00,0.25,0.25,1.76,50,-916,10737,469,1385
christian_walton,Ipswich Town,GK,4.4,5,Everton,False,90,2,300,43,2026-09-19T14:00:00Z,1,0,False,0,0,0,1,0,0,0,0,0,1,0,10,12.0,0.0,0.0,1.2,2,17,0,0,1,0.00,0.01,0.01,2.24,44,-1343,41812,763,2106
alex_palmer,Ipswich Town,GK,4.0,5,Everton,False,0,0,301,43,2026-09-19T14:00:00Z,1,0,False,0,0,0,0,0,0,0,0,0,0,0,0,0.0,0.0,0.0,0.0,0,0,0,0,0,0.00,0.00,0.00,0.00,40,-10957,432976,9183,20140
david_button,Ipswich Town,GK,4.0,5,Everton,False,0,0,302,43,2026-09-19T14:00:00Z,1,0,False,0,0,0,0,0,0,0,0,0,0,0,0,0.0,0.0,0.0,0.0,0,0,0,0,0,0.00,0.00,0.00,0.00,40,611,64291,2951,2340
cédric_kipré,Ipswich Town,DF,3.9,5,Everton,False,0,0,303,43,2026-09-19T14:00:00Z,1,0,False,0,0,0,0,0,0,0,0,0,0,0,0,0.0,0.0,0.0,0.0,0,0,0,0,0,0.00,0.00,0.00,0.00,39,32822,129561,43068,10246
dara_o'shea,Ipswich Town,DF,4.0,5,Everton,False,90,2,304,43,2026-09-19T14:00:00Z,1,0,False,0,0,0,1,0,0,0,0,0,0,0,12,28.6,10.5,2.0,4.1,9,5,0,9,1,0.00,0.00,0.00,2.24,40,-14193,302768,7422,21615
leif_davis,Ipswich Town,DF,4.0,5,Everton,False,90,2,305,43,2026-09-19T14:00:00Z,1,0,False,0,0,0,1,0,0,0,0,0,0,0,2,10.4,6.3,9.0,2.6,5,2,0,5,1,0.42,0.02,0.44,2.24,40,168534,755615,204377,35843
jacob_greaves,Ipswich Town,DF,4.0,5,Everton,False,0,0,306,43,2026-09-19T14:00:00Z,1,0,False,0,0,0,0,0,0,0,0,0,0,0,0,0.0,0.0,0.0,0.0,0,0,0,0,0,0.00,0.00,0.00,0.00,40,-6269,121588,1426,7695
ben_johnson,Ipswich Town,DF,4.0,5,Everton,False,0,0,307,43,2026-09-19T14:00:00Z,1,0,False,0,0,0,0,0,0,0,0,0,0,0,0,0.0,0.0,0.0,0.0,0,0,0,0,0,0.00,0.00,0.00,0.00,40,-1177,6704,0,1177
darnell_furlong,Ipswich Town,DF,3.9,5,Everton,False,0,0,308,43,2026-09-19T14:00:00Z,1,0,False,0,0,0,0,0,0,0,0,0,0,0,0,0.0,0.0,0.0,0.0,0,0,0,0,0,0.00,0.00,0.00,0.00,39,7228,80113,11325,4097
marcelino_núñez,Ipswich Town,MD,4.9,5,Everton,False,0,0,309,43,2026-09-19T14:00:00Z,1,0,False,0,0,0,0,0,0,0,0,0,0,0,0,0.0,0.0,0.0,0.0,0,0,0,0,0,0.00,0.00,0.00,0.00,49,-1430,11613,337,1767
azor_matusiwa,Ipswich Town,MD,4.9,5,Everton,False,0,0,310,43,2026-09-19T14:00:00Z,1,0,False,0,0,0,0,0,0,0,0,0,0,0,0,0.0,0.0,0.0,0.0,0,0,0,0,0,0.00,0.00,0.00,0.00,49,15,330,51,36
wes_burns,Ipswich Town,MD,5.0,5,Everton,False,0,0,311,43,2026-09-19T14:00:00Z,1,0,False,0,0,0,0,0,0,0,0,0,0,0,0,0.0,0.0,0.0,0.0,0,0,0,0,0,0.00,0.00,0.00,0.00,50,-21,223,0,21
jack_taylor,Ipswich Town,MD,4.5,5,Everton,False,0,0,312,43,2026-09-19T14:00:00Z,1,0,False,0,0,0,0,0,0,0,0,0,0,0,0,0.0,0.0,0.0,0.0,0,0,0,0,0,0.00,0.00,0.00,0.00,45,-250,3061,99,349
jack_clarke,Ipswich Town,MD,5.4,5,Everton,False,65,2,313,43,2026-09-19T14:00:00Z,1,0,False,0,0,0,1,0,0,0,0,0,0,0,10,10.0,30.1,2.0,4.2,2,2,0,4,1,0.00,0.33,0.33,1.68,54,-2389,19907,514,2903
chiedozie_ogbene,Ipswich Town,MD,4.9,5,Everton,False,0,0,314,43,2026-09-19T14:00:00Z,1,0,False,0,0,0,0,0,0,0,0,0,0,0,0,0.0,0.0,0.0,0.0,0,0,0,0,0,0.00,0.00,0.00,0.00,49,-155,701,0,155
abdul_fatawu,Ipswich Town,MD,5.4,5,Everton,False,66,-1,315,43,2026-09-19T14:00:00Z,1,0,False,0,0,0,1,0,0,0,0,1,0,0,4,3.2,18.8,21.0,4.3,2,2,0,4,1,0.14,0.28,0.42,1.68,54,-2031,19671,636,2667
emersonn_correia da silva,Ipswich Town,FW,5.5,5,Everton,False,80,2,316,43,2026-09-19T14:00:00Z,1,0,False,0,0,0,1,0,0,0,0,0,0,0,9,2.4,0.6,21.0,2.4,0,0,1,1,1,0.13,0.01,0.14,2.07,55,133193,360268,160060,26867
george_hirst,Ipswich Town,FW,5.0,5,Everton,False,0,0,317,43,2026-09-19T14:00:00Z,1,0,False,0,0,0,0,0,0,0,0,0,0,0,0,0.0,0.0,0.0,0.0,0,0,0,0,0,0.00,0.00,0.00,0.00,50,-1398,8627,0,1398
jaden_philogene,Ipswich Town,MD,5.4,5,Everton,False,24,1,318,43,2026-09-19T14:00:00Z,1,0,False,0,0,0,0,0,0,0,0,0,0,0,5,1.4,3.8,4.0,0.9,0,1,0,1,0,0.06,0.01,0.07,0.56,54,-322,7806,83,405
sam_szmodics,Ipswich Town,MD,5.0,5,Everton,False,0,0,319,43,2026-09-19T14:00:00Z,1,0,False,0,0,0,0,0,0,0,0,0,0,0,0,0.0,0.0,0.0,0.0,0,0,0,0,0,0.00,0.00,0.00,0.00,50,-60,295,0,60
chuba_akpom,Ipswich Town,FW,5.0,5,Everton,False,9,1,320,43,2026-09-19T14:00:00Z,1,0,False,0,0,0,0,0,0,0,0,0,0,0,3,0.0,0.8,5.0,0.6,0,0,0,0,0,0.17,0.00,0.17,0.16,50,597,132823,22206,21609
sindre_walle egeli,Ipswich Town,FW,4.5,5,Everton,False,0,0,321,43,2026-09-19T14:00:00Z,1,0,False,0,0,0,0,0,0,0,0,0,0,0,0,0.0,0.0,0.0,0.0,0,0,0,0,0,0.00,0.00,0.00,0.00,45,12737,402496,62123,49386
ali_al-hamadi,Ipswich Town,FW,5.0,5,Everton,False,0,0,322,43,2026-09-19T14:00:00Z,1,0,False,0,0,0,0,0,0,0,0,0,0,0,0,0.0,0.0,0.0,0.0,0,0,0,0,0,0.00,0.00,0.00,0.00,50,-988,5776,0,988
kasey_mcateer,Ipswich Town,MD,4.5,5,Everton,False,0,0,323,43,2026-09-19T14:00:00Z,1,0,False,0,0,0,0,0,0,0,0,0,0,0,0,0.0,0.0,0.0,0.0,0,0,0,0,0,0.00,0.00,0.00,0.00,45,-11642,114904,2383,14025
anis_mehmeti,Ipswich Town,MD,4.9,5,Everton,False,0,0,324,43,2026-09-19T14:00:00Z,1,0,False,0,0,0,0,0,0,0,0,0,0,0,0,0.0,0.0,0.0,0.0,0,0,0,0,0,0.00,0.00,0.00,0.00,49,-262,3505,80,342
kayne_van oevelen,Ipswich Town,GK,4.5,5,Everton,False,0,0,554,43,2026-09-19T14:00:00Z,1,0,False,0,0,0,0,0,0,0,0,0,0,0,0,0.0,0.0,0.0,0.0,0,0,0,0,0,0.00,0.00,0.00,0.00,45,-237,1878,0,237
daizen_maeda,Ipswich Town,MD,5.4,5,Everton,False,16,1,562,43,2026-09-19T14:00:00Z,1,0,False,0,0,0,0,0,0,0,0,0,0,0,5,2.2,0.3,4.0,0.7,0,0,1,1,0,0.00,0.01,0.01,0.48,54,-4147,25203,224,4371
kjell_scherpen,Ipswich Town,GK,4.5,5,Everton,False,0,0,564,43,2026-09-19T14:00:00Z,1,0,False,0,0,0,0,0,0,0,0,0,0,0,0,0.0,0.0,0.0,0.0,0,0,0,0,0,0.00,0.00,0.00,0.00,45,-1335,63895,2903,4238
florentino ibrain_morris luís,Ipswich Town,MD,4.9,5,Everton,False,17,1,571,43,2026-09-19T14:00:00Z,1,0,False,0,0,0,0,0,0,0,0,0,0,0,1,0.0,1.0,0.0,0.0,0,0,0,0,0,0.00,0.00,0.00,0.48,49,-759,8567,181,940
julio_enciso,Ipswich Town,MD,5.5,5,Everton,False,73,2,591,43,2026-09-19T14:00:00Z,1,0,False,0,0,0,1,0,0,0,0,0,0,0,11,4.4,12.9,25.0,4.2,0,5,0,5,1,0.34,0.05,0.39,1.76,55,-6004,89625,9464,15468
abdoul_ouattara,Ipswich Town,DF,4.0,5,Everton,False,90,2,592,43,2026-09-19T14:00:00Z,1,0,False,0,0,0,1,0,0,0,0,0,0,0,17,20.0,11.4,9.0,4.0,5,10,3,8,1,0.02,0.01,0.03,2.24,40,-2909,94948,2569,5478
cameron_humphreys,Ipswich Town,MD,4.5,5,Everton,False,0,0,602,43,2026-09-19T14:00:00Z,1,0,False,0,0,0,0,0,0,0,0,0,0,0,0,0.0,0.0,0.0,0.0,0,0,0,0,0,0.00,0.00,0.00,0.00,45,-489,2526,0,489
exequiel_palacios,Ipswich Town,MD,5.0,5,Everton,False,80,2,619,43,2026-09-19T14:00:00Z,1,0,False,0,0,0,1,0,0,0,0,0,0,0,15,10.0,6.2,0.0,1.6,2,3,1,6,1,0.00,0.02,0.02,2.07,50,3407,7887,4756,1349
zian_flemming,Ipswich Town,FW,5.5,5,Everton,False,9,0,640,43,2026-09-19T14:00:00Z,1,0,False,0,0,0,0,0,0,0,1,0,0,0,-2,0.0,10.3,4.0,1.4,0,2,1,3,0,0.10,0.00,0.10,0.16,55,2777,7673,4077,1300
harry_wilson,Leeds,MD,6.2,5,Crystal Palace,True,0,0,260,44,2026-09-20T13:00:00Z,0,0,False,0,0,0,0,0,0,0,0,0,0,0,0,0.0,0.0,0.0,0.0,0,0,0,0,0,0.00,0.00,0.00,0.00,62,-75090,220557,3457,78547
lucas estella_perri,Leeds,GK,4.5,5,Crystal Palace,True,0,0,326,44,2026-09-20T13:00:00Z,0,0,False,0,0,0,0,0,0,0,0,0,0,0,0,0.0,0.0,0.0,0.0,0,0,0,0,0,0.00,0.00,0.00,0.00,45,-3459,35299,0,3459
jaka_bijol,Leeds,DF,5.0,5,Crystal Palace,True,0,0,327,44,2026-09-20T13:00:00Z,0,0,False,0,0,0,0,0,0,0,0,0,0,0,0,0.0,0.0,0.0,0.0,0,0,0,0,0,0.00,0.00,0.00,0.00,50,-9261,79639,3804,13065
joe_rodon,Leeds,DF,4.4,5,Crystal Palace,True,0,0,329,44,2026-09-20T13:00:00Z,0,0,False,0,0,0,0,0,0,0,0,0,0,0,0,0.0,0.0,0.0,0.0,0,0,0,0,0,0.00,0.00,0.00,0.00,44,-34904,89396,56,34960
jayden_bogle,Leeds,DF,4.6,5,Crystal Palace,True,66,5,330,44,2026-09-20T13:00:00Z,0,0,False,0,0,1,0,0,0,0,1,0,0,0,14,0.0,2.0,11.0,1.3,1,2,0,1,1,0.07,0.00,0.07,0.66,46,366973,695534,393603,26630
gabriel_gudmundsson,Leeds,DF,4.5,5,Crystal Palace,True,90,6,331,44,2026-09-20T13:00:00Z,0,0,False,0,0,1,0,0,0,0,0,0,0,0,27,16.0,19.7,2.0,3.8,2,1,3,5,1,0.00,0.03,0.03,1.06,45,1220,8163,1740,520
james_justin,Leeds,DF,4.5,5,Crystal Palace,True,90,8,332,44,2026-09-20T13:00:00Z,0,0,False,0,0,1,0,0,0,0,0,0,0,2,31,19.2,14.9,5.0,3.9,6,2,3,9,1,0.05,0.12,0.17,1.06,45,-1614,160178,10354,11968
sebastiaan_bornauw,Leeds,DF,4.5,5,Crystal Palace,True,0,0,333,44,2026-09-20T13:00:00Z,0,0,False,0,0,0,0,0,0,0,0,0,0,0,0,0.0,0.0,0.0,0.0,0,0,0,0,0,0.00,0.00,0.00,0.00,45,-22,219,0,22
tarik_muharemović,Leeds,DF,5.0,5,Crystal Palace,True,90,6,334,44,2026-09-20T13:00:00Z,0,0,False,0,0,1,0,0,0,0,0,0,0,0,22,14.0,0.9,18.0,3.3,7,5,1,8,1,0.40,0.01,0.41,1.06,50,48147,492213,74089,25942
anton_stach,Leeds,MD,6.0,5,Crystal Palace,True,90,5,335,44,2026-09-20T13:00:00Z,0,0,False,0,0,1,0,0,0,0,0,0,0,0,13,16.6,17.1,4.0,3.8,6,5,2,13,1,0.05,0.08,0.13,1.06,60,-8309,291868,24102,32411
noah_okafor,Leeds,MD,5.8,5,Crystal Palace,True,75,3,336,44,2026-09-20T13:00:00Z,0,0,False,0,0,1,0,0,0,0,0,0,0,0,17,7.8,1.5,3.0,1.2,0,3,2,5,1,0.02,0.01,0.03,0.68,58,14111,50221,19172,5061
brenden_aaronson,Leeds,MD,5.4,5,Crystal Palace,True,22,1,337,44,2026-09-20T13:00:00Z,0,0,False,0,0,0,0,0,0,0,0,0,0,0,5,1.4,0.7,0.0,0.2,0,3,1,4,0,0.00,0.00,0.00,0.40,54,-7941,54410,849,8790
ethan_ampadu,Leeds,MD,5.4,5,Crystal Palace,True,90,5,338,44,2026-09-20T13:00:00Z,0,0,False,0,0,1,0,0,0,0,0,0,0,0,19,18.8,24.2,0.0,4.3,5,6,3,14,1,0.00,0.10,0.10,1.06,54,-4200,102625,5751,9951
sean_longstaff,Leeds,MD,4.9,5,Crystal Palace,True,0,0,339,44,2026-09-20T13:00:00Z,0,0,False,0,0,0,0,0,0,0,0,0,0,0,0,0.0,0.0,0.0,0.0,0,0,0,0,0,0.00,0.00,0.00,0.00,49,-977,9382,466,1443
wilfried_gnonto,Leeds,MD,5.0,5,Crystal Palace,True,0,0,341,44,2026-09-20T13:00:00Z,0,0,False,0,0,0,0,0,0,0,0,0,0,0,0,0.0,0.0,0.0,0.0,0,0,0,0,0,0.00,0.00,0.00,0.00,50,-179,790,0,179
jack_harrison,Leeds,MD,5.0,5,Crystal Palace,True,0,0,342,44,2026-09-20T13:00:00Z,0,0,False,0,0,0,0,0,0,0,0,0,0,0,0,0.0,0.0,0.0,0.0,0,0,0,0,0,0.00,0.00,0.00,0.00,50,-10,60,0,10
daniel_james,Leeds,MD,4.9,5,Crystal Palace,True,23,1,343,44,2026-09-20T13:00:00Z,0,0,False,0,0,0,0,0,0,0,0,0,0,0,3,1.2,0.2,4.0,0.5,1,0,0,1,0,0.00,0.00,0.00,0.40,49,-709,10249,721,1430
ilia_gruev,Leeds,MD,5.0,5,Crystal Palace,True,0,0,344,44,2026-09-20T13:00:00Z,0,0,False,0,0,0,0,0,0,0,0,0,0,0,0,0.0,0.0,0.0,0.0,0,0,0,0,0,0.00,0.00,0.00,0.00,50,-13,312,24,37
tanaka_ao,Leeds,MD,4.9,5,Crystal Palace,True,67,2,345,44,2026-09-20T13:00:00Z,0,0,False,0,0,1,0,0,0,0,1,0,0,0,0,0.0,1.2,5.0,0.4,2,2,1,5,1,0.14,0.00,0.14,0.66,49,7073,35115,10406,3333
dominic_calvert-lewin,Leeds,FW,6.0,5,Crystal Palace,True,90,2,346,44,2026-09-20T13:00:00Z,0,0,False,0,0,1,0,0,0,0,0,0,0,0,7,10.2,1.3,19.0,3.1,4,4,0,8,1,0.52,0.00,0.52,1.06,60,390459,2888883,533433,142974
lukas_nmecha,Leeds,FW,5.4,5,Crystal Palace,True,14,1,347,44,2026-09-20T13:00:00Z,0,0,False,0,0,0,0,0,0,0,0,0,0,0,4,2.0,0.0,0.0,0.2,0,1,1,2,0,0.00,0.00,0.00,0.37,54,-1434,51218,6227,7661
joël_piroe,Leeds,FW,5.0,5,Crystal Palace,True,0,0,348,44,2026-09-20T13:00:00Z,0,0,False,0,0,0,0,0,0,0,0,0,0,0,0,0.0,0.0,0.0,0.0,0,0,0,0,0,0.00,0.00,0.00,0.00,50,-983,6500,0,983
mateo_joseph fernández-regatillo,Leeds,FW,4.5,5,Crystal Palace,True,0,0,349,44,2026-09-20T13:00:00Z,0,0,False,0,0,0,0,0,0,0,0,0,0,0,0,0.0,0.0,0.0,0.0,0,0,0,0,0,0.00,0.00,0.00,0.00,45,-70,5721,739,809
james_trafford,Leeds,GK,5.0,5,Crystal Palace,True,90,10,385,44,2026-09-20T13:00:00Z,0,0,False,0,0,1,0,0,0,0,0,0,5,3,34,27.8,0.0,0.0,2.8,0,16,0,0,1,0.00,0.00,0.00,1.06,50,1014,601728,32312,31298
nico_elvedi,Leeds,DF,4.5,5,Crystal Palace,True,90,6,598,44,2026-09-20T13:00:00Z,0,0,False,0,0,1,0,0,0,0,0,0,0,0,27,20.8,2.3,17.0,4.0,4,1,0,4,1,0.07,0.01,0.08,1.06,45,782,6514,1258,476
jayden_lienou,Leeds,DF,4.0,5,Crystal Palace,True,0,0,603,44,2026-09-20T13:00:00Z,0,0,False,0,0,0,0,0,0,0,0,0,0,0,0,0.0,0.0,0.0,0.0,0,0,0,0,0,0.00,0.00,0.00,0.00,40,249,11401,1223,974
alfie_cresswell,Leeds,MD,4.5,5,Crystal Palace,True,0,0,604,44,2026-09-20T13:00:00Z,0,0,False,0,0,0,0,0,0,0,0,0,0,0,0,0.0,0.0,0.0,0.0,0,0,0,0,0,0.00,0.00,0.00,0.00,45,-571,14890,1362,1933
alex_cairns,Leeds,GK,4.0,5,Crystal Palace,True,0,0,625,44,2026-09-20T13:00:00Z,0,0,False,0,0,0,0,0,0,0,0,0,0,0,0,0.0,0.0,0.0,0.0,0,0,0,0,0,0.00,0.00,0.00,0.00,40,2006,23234,3467,1461
michael_zetterer,Leeds,GK,4.0,5,Crystal Palace,True,0,0,629,44,2026-09-20T13:00:00Z,0,0,False,0,0,0,0,0,0,0,0,0,0,0,0,0.0,0.0,0.0,0.0,0,0,0,0,0,0.00,0.00,0.00,0.00,40,13986,86238,18956,4970
melvin_bard,Leeds,DF,4.5,5,Crystal Palace,True,0,0,641,44,2026-09-20T13:00:00Z,0,0,False,0,0,0,0,0,0,0,0,0,0,0,0,0.0,0.0,0.0,0.0,0,0,0,0,0,0.00,0.00,0.00,0.00,45,220,877,363,143
jean-mattéo_bahoya,Leeds,MD,5.0,5,Crystal Palace,True,1,1,648,44,2026-09-20T13:00:00Z,0,0,False,0,0,0,0,0,0,0,0,0,0,0,5,1.0,0.3,0.0,0.1,0,0,0,0,0,0.00,0.00,0.00,0.00,50,-47,1449,363,410
alisson_becker,Liverpool,GK,5.5,5,Bournemouth,False,90,8,350,49,2026-09-20T13:00:00Z,0,1,False,0,0,1,0,0,0,0,0,0,2,2,30,22.4,0.0,0.0,2.2,4,9,0,0,1,0.00,0.00,0.00,0.79,55,-4413,422308,20069,24482
giorgi_mamardashvili,Liverpool,GK,4.9,5,Bournemouth,False,0,0,351,49,2026-09-20T13:00:00Z,0,1,False,0,0,0,0,0,0,0,0,0,0,0,0,0.0,0.0,0.0,0.0,0,0,0,0,0,0.00,0.00,0.00,0.00,49,-846,13807,439,1285
freddie_woodman,Liverpool,GK,4.0,5,Bournemouth,False,0,0,352,49,2026-09-20T13:00:00Z,0,1,False,0,0,0,0,0,0,0,0,0,0,0,0,0.0,0.0,0.0,0.0,0,0,0,0,0,0.00,0.00,0.00,0.00,40,-1961,112455,2495,4456
armin_pecsi,Liverpool,GK,4.0,5,Bournemouth,False,0,0,353,49,2026-09-20T13:00:00Z,0,1,False,0,0,0,0,0,0,0,0,0,0,0,0,0.0,0.0,0.0,0.0,0,0,0,0,0,0.00,0.00,0.00,0.00,40,-109,1905,0,109
vitezslav_jaros,Liverpool,GK,4.0,5,Bournemouth,False,0,0,354,49,2026-09-20T13:00:00Z,0,1,False,0,0,0,0,0,0,0,0,0,0,0,0,0.0,0.0,0.0,0.0,0,0,0,0,0,0.00,0.00,0.00,0.00,40,107,2153,268,161
harvey_davies,Liverpool,GK,4.0,5,Bournemouth,False,0,0,355,49,2026-09-20T13:00:00Z,0,1,False,0,0,0,0,0,0,0,0,0,0,0,0,0.0,0.0,0.0,0.0,0,0,0,0,0,0.00,0.00,0.00,0.00,40,96,17657,896,800
virgil_van dijk,Liverpool,DF,6.5,5,Bournemouth,False,90,8,356,49,2026-09-20T13:00:00Z,0,1,False,0,0,1,0,0,0,0,0,0,0,0,26,25.8,1.8,0.0,2.8,13,2,0,13,1,0.00,0.01,0.01,0.79,65,-57021,1767010,34977,91998
jeremie_frimpong,Liverpool,DF,5.3,5,Bournemouth,False,0,0,357,49,2026-09-20T13:00:00Z,0,1,False,0,0,0,0,0,0,0,0,0,0,0,0,0.0,0.0,0.0,0.0,0,0,0,0,0,0.00,0.00,0.00,0.00,53,-39805,198877,3000,42805
milos_kerkez,Liverpool,DF,5.4,5,Bournemouth,False,90,6,358,49,2026-09-20T13:00:00Z,0,1,False,0,0,1,0,0,0,0,0,0,0,0,22,9.8,2.3,2.0,1.4,6,2,1,7,1,0.05,0.01,0.06,0.79,54,-40437,246708,3035,43472
joe_gomez,Liverpool,DF,4.9,5,Bournemouth,False,0,0,359,49,2026-09-20T13:00:00Z,0,1,False,0,0,0,0,0,0,0,0,0,0,0,0,0.0,0.0,0.0,0.0,0,0,0,0,0,0.00,0.00,0.00,0.00,49,78,1679,197,119
conor_bradley,Liverpool,DF,5.0,5,Bournemouth,False,0,0,360,49,2026-09-20T13:00:00Z,0,1,False,0,0,0,0,0,0,0,0,0,0,0,0,0.0,0.0,0.0,0.0,0,0,0,0,0,0.00,0.00,0.00,0.00,50,-57,1005,57,114
wellity_lucky,Liverpool,DF,4.0,5,Bournemouth,False,0,0,361,49,2026-09-20T13:00:00Z,0,1,False,0,0,0,0,0,0,0,0,0,0,0,0,0.0,0.0,0.0,0.0,0,0,0,0,0,0.00,0.00,0.00,0.00,40,-466,13179,717,1183
jeremy_jacquet,Liverpool,DF,5.0,5,Bournemouth,False,90,6,362,49,2026-09-20T13:00:00Z,0,1,False,0,0,1,0,0,0,0,0,0,0,0,26,20.0,1.7,0.0,2.2,5,6,3,8,1,0.00,0.02,0.02,0.79,50,50743,355709,69754,19011
giovanni_leoni,Liverpool,DF,4.0,5,Bournemouth,False,0,0,363,49,2026-09-20T13:00:00Z,0,1,False,0,0,0,0,0,0,0,0,0,0,0,0,0.0,0.0,0.0,0.0,0,0,0,0,0,0.00,0.00,0.00,0.00,40,-211,3493,126,337
kostas_tsimikas,Liverpool,DF,4.9,5,Bournemouth,False,0,0,364,49,2026-09-20T13:00:00Z,0,1,False,0,0,0,0,0,0,0,0,0,0,0,0,0.0,0.0,0.0,0.0,0,0,0,0,0,0.00,0.00,0.00,0.00,49,-362,7658,299,661
calvin_ramsay,Liverpool,DF,4.0,5,Bournemouth,False,0,0,365,49,2026-09-20T13:00:00Z,0,1,False,0,0,0,0,0,0,0,0,0,0,0,0,0.0,0.0,0.0,0.0,0,0,0,0,0,0.00,0.00,0.00,0.00,40,-1195,10034,0,1195
florian_wirtz,Liverpool,MD,7.3,5,Bournemouth,False,70,6,366,49,2026-09-20T13:00:00Z,0,1,False,0,1,1,0,0,0,0,0,0,0,0,25,13.2,39.3,16.0,6.9,1,4,3,8,1,0.22,0.05,0.27,0.66,73,-173849,650329,5737,179586
cody_gakpo,Liverpool,MD,7.2,5,Bournemouth,False,90,3,367,49,2026-09-20T13:00:00Z,0,1,False,0,0,1,0,0,0,0,0,0,0,0,13,15.8,43.0,7.0,6.6,2,1,2,5,1,0.20,0.49,0.69,0.79,72,19543,1383393,175676,156133
dominik_szoboszlai,Liverpool,MD,7.0,5,Bournemouth,False,80,2,368,49,2026-09-20T13:00:00Z,0,1,False,0,0,1,0,0,0,0,1,0,0,0,5,1.6,4.6,2.0,0.8,2,2,2,6,1,0.13,0.02,0.15,0.66,70,-405826,3685230,91695,497521
rio_ngumoha,Liverpool,MD,5.8,5,Bournemouth,False,0,0,369,49,2026-09-20T13:00:00Z,0,1,False,0,0,0,0,0,0,0,0,0,0,0,0,0.0,0.0,0.0,0.0,0,0,0,0,0,0.00,0.00,0.00,0.00,58,-9591,52264,1736,11327
federico_chiesa,Liverpool,MD,5.4,5,Bournemouth,False,0,0,370,49,2026-09-20T13:00:00Z,0,1,False,0,0,0,0,0,0,0,0,0,0,0,0,0.0,0.0,0.0,0.0,0,0,0,0,0,0.00,0.00,0.00,0.00,54,-641,5019,16,657
ryan_gravenberch,Liverpool,MD,5.9,5,Bournemouth,False,9,1,371,49,2026-09-20T13:00:00Z,0,1,False,0,0,0,0,0,0,0,0,0,0,0,3,0.0,1.5,0.0,0.1,0,1,0,1,0,0.00,0.01,0.01,0.14,59,-19324,124836,3604,22928
alexis_mac allister,Liverpool,MD,5.4,5,Bournemouth,False,90,5,372,49,2026-09-20T13:00:00Z,0,1,False,0,0,1,0,0,0,0,0,0,0,0,19,14.0,6.5,4.0,2.5,4,7,2,13,1,0.00,0.05,0.05,0.79,54,-7900,141772,11435,19335
curtis_jones,Liverpool,MD,5.5,5,Bournemouth,False,0,0,373,49,2026-09-20T13:00:00Z,0,1,False,0,0,0,0,0,0,0,0,0,0,0,0,0.0,0.0,0.0,0.0,0,0,0,0,0,0.00,0.00,0.00,0.00,55,-157,2382,0,157
endo_wataru,Liverpool,MD,4.9,5,Bournemouth,False,0,0,374,49,2026-09-20T13:00:00Z,0,1,False,0,0,0,0,0,0,0,0,0,0,0,0,0.0,0.0,0.0,0.0,0,0,0,0,0,0.00,0.00,0.00,0.00,49,-487,6761,349,836
trey_nyoni,Liverpool,MD,4.9,5,Bournemouth,False,19,1,375,49,2026-09-20T13:00:00Z,0,1,False,0,0,0,0,0,0,0,0,0,0,0,3,9.6,0.6,0.0,1.0,5,0,0,5,0,0.00,0.00,0.00,0.14,49,-350,4129,188,538
stefan_bajčetić maquieira,Liverpool,MD,5.0,5,Bournemouth,False,0,0,376,49,2026-09-20T13:00:00Z,0,1,False,0,0,0,0,0,0,0,0,0,0,0,0,0.0,0.0,0.0,0.0,0,0,0,0,0,0.00,0.00,0.00,0.00,50,-9,119,0,9
victor_munoz,Liverpool,MD,6.5,5,Bournemouth,False,18,1,377,49,2026-09-20T13:00:00Z,0,1,False,0,0,0,0,0,0,0,0,0,0,0,7,5.8,11.0,0.0,1.7,1,1,1,3,0,0.00,0.06,0.06,0.14,65,-24989,105157,5622,30611
james_mcconnell,Liverpool,MD,4.4,5,Bournemouth,False,0,0,378,49,2026-09-20T13:00:00Z,0,1,False,0,0,0,0,0,0,0,0,0,0,0,0,0.0,0.0,0.0,0.0,0,0,0,0,0,0.00,0.00,0.00,0.00,44,98,26448,2718,2620
alexander_isak,Liverpool,FW,9.1,5,Bournemouth,False,80,8,379,49,2026-09-20T13:00:00Z,0,1,False,1,0,1,0,0,0,0,1,0,0,3,31,32.6,13.4,31.0,7.7,1,0,0,1,1,0.75,0.02,0.77,0.66,91,-103033,2350302,139899,242932
hugo_ekitiké,Liverpool,FW,7.4,5,Bournemouth,False,0,0,380,49,2026-09-20T13:00:00Z,0,1,False,0,0,0,0,0,0,0,0,0,0,0,0,0.0,0.0,0.0,0.0,0,0,0,0,0,0.00,0.00,0.00,0.00,74,-790,11579,393,1183
lewis_koumas,Liverpool,MD,5.0,5,Bournemouth,False,9,1,381,49,2026-09-20T13:00:00Z,0,1,False,0,0,0,0,0,0,0,0,0,0,0,7,3.0,0.0,17.0,2.0,0,0,0,0,0,0.25,0.00,0.25,0.14,50,-88,2933,207,295
jayden_danns,Liverpool,FW,4.5,5,Bournemouth,False,0,0,382,49,2026-09-20T13:00:00Z,0,1,False,0,0,0,0,0,0,0,0,0,0,0,0,0.0,0.0,0.0,0.0,0,0,0,0,0,0.00,0.00,0.00,0.00,45,6226,25967,9567,3341
harvey_elliott,Liverpool,MD,5.4,5,Bournemouth,False,0,0,383,49,2026-09-20T13:00:00Z,0,1,False,0,0,0,0,0,0,0,0,0,0,0,0,0.0,0.0,0.0,0.0,0,0,0,0,0,0.00,0.00,0.00,0.00,54,-576,3642,0,576
ronald_araujo,Liverpool,DF,5.4,5,Bournemouth,False,90,7,579,49,2026-09-20T13:00:00Z,0,1,False,0,0,1,0,0,0,0,0,0,0,1,28,12.0,2.8,2.0,1.7,3,6,2,5,1,0.00,0.01,0.01,0.79,54,19285,315443,36773,17488
bradley_barcola,Liverpool,MD,8.0,5,Bournemouth,False,71,3,627,49,2026-09-20T13:00:00Z,0,1,False,0,0,1,0,0,0,0,0,0,0,0,8,2.2,3.3,21.0,2.7,0,3,0,3,1,0.05,0.03,0.08,0.66,80,-20897,203917,24870,45767
enzo_fernández,Man City,MD,6.9,5,Sunderland,True,90,7,155,45,2026-09-20T13:00:00Z,5,3,False,1,0,0,3,0,0,0,0,0,0,0,33,39.8,21.2,9.0,7.0,1,4,0,5,1,0.04,0.26,0.30,3.57,69,23625,380480,56551,32926
iliman_ndiaye,Man City,MD,5.9,5,Sunderland,True,74,5,237,45,2026-09-20T13:00:00Z,5,3,False,0,1,0,3,0,0,0,0,0,0,0,31,7.6,28.6,10.0,4.6,1,3,0,4,1,0.10,0.14,0.24,3.15,59,-147652,784775,43488,191140
gianluigi_donnarumma,Man City,GK,5.5,5,Sunderland,True,90,2,384,45,2026-09-20T13:00:00Z,5,3,False,0,0,0,3,0,0,0,0,0,4,0,9,31.6,0.0,0.0,3.2,2,8,0,0,1,0.00,0.00,0.00,3.57,55,16386,879025,58809,42423
marcus_bettinelli,Man City,GK,4.5,5,Sunderland,True,0,0,386,45,2026-09-20T13:00:00Z,5,3,False,0,0,0,0,0,0,0,0,0,0,0,0,0.0,0.0,0.0,0.0,0,0,0,0,0,0.00,0.00,0.00,0.00,45,-106,2873,80,186
nico_o'reilly,Man City,DF,6.4,5,Sunderland,True,5,1,387,45,2026-09-20T13:00:00Z,5,3,False,0,0,0,0,0,0,0,0,0,0,0,3,5.4,0.8,17.0,2.3,1,1,1,2,0,0.78,0.00,0.78,0.39,64,-178243,1243931,12818,191061
marc_guéhi,Man City,DF,6.0,5,Sunderland,True,90,4,388,45,2026-09-20T13:00:00Z,5,3,False,0,1,0,3,0,0,0,0,0,0,0,13,32.8,13.1,9.0,5.5,4,2,0,4,1,0.06,0.01,0.07,3.57,60,13337,2017850,86049,72712
matheus_nunes,Man City,DF,5.9,5,Sunderland,True,90,1,389,45,2026-09-20T13:00:00Z,5,3,False,0,0,0,3,0,0,0,0,0,0,0,0,25.0,3.3,0.0,2.8,8,0,1,9,1,0.00,0.01,0.01,3.57,59,3022,107181,7244,4222
rúben_dos santos gato alves dias,Man City,DF,5.5,5,Sunderland,True,90,1,390,45,2026-09-20T13:00:00Z,5,3,False,0,0,0,3,0,0,0,0,0,0,0,-7,4.8,0.3,7.0,1.2,4,0,0,4,1,0.20,0.00,0.20,3.57,55,10534,208870,21282,10748
joško_gvardiol,Man City,DF,5.7,5,Sunderland,True,90,4,391,45,2026-09-20T13:00:00Z,5,3,False,0,1,0,3,0,0,0,0,0,0,0,22,34.0,11.4,2.0,4.7,7,6,0,7,1,0.00,0.63,0.63,3.57,57,548451,2895075,589540,41089
rayan_aït-nouri,Man City,DF,5.3,5,Sunderland,True,0,0,392,45,2026-09-20T13:00:00Z,5,3,False,0,0,0,0,0,0,0,0,0,0,0,0,0.0,0.0,0.0,0.0,0,0,0,0,0,0.00,0.00,0.00,0.00,53,-4869,45028,1361,6230
abdukodir_khusanov,Man City,DF,5.4,5,Sunderland,True,0,0,393,45,2026-09-20T13:00:00Z,5,3,False,0,0,0,0,0,0,0,0,0,0,0,0,0.0,0.0,0.0,0.0,0,0,0,0,0,0.00,0.00,0.00,0.00,54,-15213,154215,3443,18656
max_alleyne,Man City,DF,5.0,5,Sunderland,True,0,0,394,45,2026-09-20T13:00:00Z,5,3,False,0,0,0,0,0,0,0,0,0,0,0,0,0.0,0.0,0.0,0.0,0,0,0,0,0,0.00,0.00,0.00,0.00,50,-39,500,0,39
rico_lewis,Man City,DF,4.4,5,Sunderland,True,0,0,395,45,2026-09-20T13:00:00Z,5,3,False,0,0,0,0,0,0,0,0,0,0,0,0,0.0,0.0,0.0,0.0,0,0,0,0,0,0.00,0.00,0.00,0.00,44,-1584,21617,1147,2731
vitor_de oliveira nunes dos reis,Man City,DF,4.5,5,Sunderland,True,0,0,396,45,2026-09-20T13:00:00Z,5,3,False,0,0,0,0,0,0,0,0,0,0,0,0,0.0,0.0,0.0,0.0,0,0,0,0,0,0.00,0.00,0.00,0.00,45,-82,3479,156,238
antoine_semenyo,Man City,MD,8.4,5,Sunderland,True,90,17,397,45,2026-09-20T13:00:00Z,5,3,False,2,1,0,3,0,0,0,0,0,0,2,65,95.6,34.2,42.0,17.2,2,3,2,7,1,0.16,0.17,0.33,3.57,84,-139426,1598756,37411,176837
phil_foden,Man City,MD,6.9,5,Sunderland,True,0,0,398,45,2026-09-20T13:00:00Z,5,3,False,0,0,0,0,0,0,0,0,0,0,0,0,0.0,0.0,0.0,0.0,0,0,0,0,0,0.00,0.00,0.00,0.00,69,-204579,209654,2056,206635
rayan_cherki,Man City,MD,7.8,5,Sunderland,True,84,8,399,45,2026-09-20T13:00:00Z,5,3,False,1,0,0,3,0,0,0,0,0,0,1,35,42.8,43.6,27.0,11.3,2,3,0,5,1,0.13,0.13,0.26,3.18,78,-126234,3041594,163004,289238
jérémy_doku,Man City,MD,7.4,5,Sunderland,True,15,1,400,45,2026-09-20T13:00:00Z,5,3,False,0,0,0,0,0,0,0,0,0,0,0,7,3.6,13.8,5.0,2.2,1,1,0,2,0,0.23,0.32,0.55,0.42,74,-6700,71797,271,6971
rodrigo 'rodri'_hernandez cascante,Man City,MD,6.5,5,Sunderland,True,0,0,402,45,2026-09-20T13:00:00Z,5,3,False,0,0,0,0,0,0,0,0,0,0,0,0,0.0,0.0,0.0,0.0,0,0,0,0,0,0.00,0.00,0.00,0.00,65,-52,1158,0,52
tijjani_reijnders,Man City,MD,6.0,5,Sunderland,True,0,0,404,45,2026-09-20T13:00:00Z,5,3,False,0,0,0,0,0,0,0,0,0,0,0,0,0.0,0.0,0.0,0.0,0,0,0,0,0,0.00,0.00,0.00,0.00,60,-224,3723,0,224
mateo_kovačić,Man City,MD,5.4,5,Sunderland,True,0,0,406,45,2026-09-20T13:00:00Z,5,3,False,0,0,0,0,0,0,0,0,0,0,0,0,0.0,0.0,0.0,0.0,0,0,0,0,0,0.00,0.00,0.00,0.00,54,-731,8157,241,972
claudio_echeverri,Man City,MD,4.9,5,Sunderland,True,0,0,407,45,2026-09-20T13:00:00Z,5,3,False,0,0,0,0,0,0,0,0,0,0,0,0,0.0,0.0,0.0,0.0,0,0,0,0,0,0.00,0.00,0.00,0.00,49,-136,955,0,136
kalvin_phillips,Man City,MD,5.0,5,Sunderland,True,0,0,408,45,2026-09-20T13:00:00Z,5,3,False,0,0,0,0,0,0,0,0,0,0,0,0,0.0,0.0,0.0,0.0,0,0,0,0,0,0.00,0.00,0.00,0.00,50,-39,517,0,39
divine_mukasa,Man City,MD,4.5,5,Sunderland,True,0,0,409,45,2026-09-20T13:00:00Z,5,3,False,0,0,0,0,0,0,0,0,0,0,0,0,0.0,0.0,0.0,0.0,0,0,0,0,0,0.00,0.00,0.00,0.00,45,-1698,9744,0,1698
jeremy_monga,Man City,MD,4.9,5,Sunderland,True,0,0,410,45,2026-09-20T13:00:00Z,5,3,False,0,0,0,0,0,0,0,0,0,0,0,0,0.0,0.0,0.0,0.0,0,0,0,0,0,0.00,0.00,0.00,0.00,49,-122,874,0,122
erling_haaland,Man City,FW,15.6,5,Sunderland,True,90,6,411,45,2026-09-20T13:00:00Z,5,3,False,1,0,0,3,0,0,0,0,0,0,0,25,28.6,2.0,57.0,8.8,2,0,0,2,1,1.09,0.02,1.11,3.57,156,172491,7989349,196912,24421
elliot_anderson,Man City,MD,6.3,5,Sunderland,True,90,2,481,45,2026-09-20T13:00:00Z,5,3,False,0,0,0,3,0,0,0,0,0,0,0,15,13.4,4.7,1.0,1.9,4,3,2,9,1,0.02,0.02,0.04,3.57,63,-8817,452582,29694,38511
gerónimo_rulli,Man City,GK,5.0,5,Sunderland,True,0,0,587,45,2026-09-20T13:00:00Z,5,3,False,0,0,0,0,0,0,0,0,0,0,0,0,0.0,0.0,0.0,0.0,0,0,0,0,0,0.00,0.00,0.00,0.00,50,-29,2254,162,191
ayyoub_bouaddi,Man City,MD,5.5,5,Sunderland,True,0,0,616,45,2026-09-20T13:00:00Z,5,3,False,0,0,0,0,0,0,0,0,0,0,0,0,0.0,0.0,0.0,0.0,0,0,0,0,0,0.00,0.00,0.00,0.00,55,-924,18994,2946,3870
ryan_mcaidoo,Man City,MD,4.5,5,Sunderland,True,0,0,621,45,2026-09-20T13:00:00Z,5,3,False,0,0,0,0,0,0,0,0,0,0,0,0,0.0,0.0,0.0,0.0,0,0,0,0,0,0.00,0.00,0.00,0.00,45,-967,11797,905,1872
kaden_braithwaite,Man City,DF,4.0,5,Sunderland,True,0,0,622,45,2026-09-20T13:00:00Z,5,3,False,0,0,0,0,0,0,0,0,0,0,0,0,0.0,0.0,0.0,0.0,0,0,0,0,0,0.00,0.00,0.00,0.00,40,-322,18924,2303,2625
allan_andrade elias,Man City,MD,6.0,5,Sunderland,True,0,0,628,45,2026-09-20T13:00:00Z,5,3,False,0,0,0,0,0,0,0,0,0,0,0,0,0.0,0.0,0.0,0.0,0,0,0,0,0,0.00,0.00,0.00,0.00,60,112,959,354,242
floyd_samba,Man City,MD,4.5,5,Sunderland,True,0,0,653,45,2026-09-20T13:00:00Z,5,3,False,0,0,0,0,0,0,0,0,0,0,0,0,0.0,0.0,0.0,0.0,0,0,0,0,0,0.00,0.00,0.00,0.00,45,-124,3973,751,875
youri_tielemans,Man Utd,MD,5.8,5,Fulham,False,90,4,43,50,2026-09-20T15:30:00Z,1,1,False,0,0,0,1,0,0,0,0,0,0,0,22,18.2,22.3,6.0,4.7,2,8,3,13,1,0.09,0.20,0.29,1.62,58,-17007,165689,8170,25177
carlos_baleba,Man Utd,MD,4.9,5,Fulham,False,0,0,131,50,2026-09-20T15:30:00Z,1,1,False,0,0,0,0,0,0,0,0,0,0,0,0,0.0,0.0,0.0,0.0,0,0,0,0,0,0.00,0.00,0.00,0.00,49,-1080,12600,636,1716
andrey_nascimento dos santos,Man Utd,MD,4.8,5,Fulham,False,0,0,162,50,2026-09-20T15:30:00Z,1,1,False,0,0,0,0,0,0,0,0,0,0,0,0,0.0,0.0,0.0,0.0,0,0,0,0,0,0.00,0.00,0.00,0.00,48,-9593,64624,2868,12461
karl_darlow,Man Utd,GK,4.5,5,Fulham,False,0,0,325,50,2026-09-20T15:30:00Z,1,1,False,0,0,0,0,0,0,0,0,0,0,0,0,0.0,0.0,0.0,0.0,0,0,0,0,0,0.00,0.00,0.00,0.00,45,-148,4302,169,317
senne_lammens,Man Utd,GK,4.9,5,Fulham,False,90,4,412,50,2026-09-20T15:30:00Z,1,1,False,0,0,0,1,0,0,0,0,0,6,0,22,47.2,0.0,0.0,4.7,0,5,0,0,1,0.00,0.00,0.00,1.62,49,-106249,1105256,13915,120164
altay_bayındır,Man Utd,GK,4.5,5,Fulham,False,0,0,413,50,2026-09-20T15:30:00Z,1,1,False,0,0,0,0,0,0,0,0,0,0,0,0,0.0,0.0,0.0,0.0,0,0,0,0,0,0.00,0.00,0.00,0.00,45,-93,1255,0,93
tom_heaton,Man Utd,GK,4.0,5,Fulham,False,0,0,414,50,2026-09-20T15:30:00Z,1,1,False,0,0,0,0,0,0,0,0,0,0,0,0,0.0,0.0,0.0,0.0,0,0,0,0,0,0.00,0.00,0.00,0.00,40,-118,8762,373,491
patrick_dorgu,Man Utd,MD,5.8,5,Fulham,False,6,4,415,50,2026-09-20T15:30:00Z,1,1,False,0,1,0,0,0,0,0,0,0,0,0,12,18.4,11.2,11.0,4.1,2,0,0,2,0,0.13,0.01,0.14,0.00,58,-6276,58577,2869,9145
matthijs_de ligt,Man Utd,DF,5.0,5,Fulham,False,0,0,416,50,2026-09-20T15:30:00Z,1,1,False,0,0,0,0,0,0,0,0,0,0,0,0,0.0,0.0,0.0,0.0,0,0,0,0,0,0.00,0.00,0.00,0.00,50,-119,2417,79,198
diogo_dalot teixeira,Man Utd,DF,4.9,5,Fulham,False,90,2,417,50,2026-09-20T15:30:00Z,1,1,False,0,0,0,1,0,0,0,0,0,0,0,11,8.6,15.0,7.0,3.1,1,7,1,2,1,0.06,0.05,0.11,1.62,49,-16480,180890,3696,20176
harry_maguire,Man Utd,DF,4.9,5,Fulham,False,90,2,418,50,2026-09-20T15:30:00Z,1,1,False,0,0,0,1,0,0,0,0,0,0,0,17,17.2,17.1,12.0,4.6,4,4,1,5,1,0.01,0.03,0.04,1.62,49,-142518,993742,13938,156456
lisandro_martínez,Man Utd,DF,5.0,5,Fulham,False,90,0,419,50,2026-09-20T15:30:00Z,1,1,False,0,0,0,1,1,0,0,0,0,0,0,6,12.4,13.3,22.0,4.8,4,1,0,4,1,0.15,0.02,0.17,1.62,50,823,138877,10516,9693
leny_yoro,Man Utd,DF,4.9,5,Fulham,False,0,0,420,50,2026-09-20T15:30:00Z,1,1,False,0,0,0,0,0,0,0,0,0,0,0,0,0.0,0.0,0.0,0.0,0,0,0,0,0,0.00,0.00,0.00,0.00,49,-4322,50197,617,4939
ayden_heaven,Man Utd,DF,4.4,5,Fulham,False,0,0,421,50,2026-09-20T15:30:00Z,1,1,False,0,0,0,0,0,0,0,0,0,0,0,0,0.0,0.0,0.0,0.0,0,0,0,0,0,0.00,0.00,0.00,0.00,44,-3023,29351,613,3636
noussair_mazraoui,Man Utd,DF,4.4,5,Fulham,False,0,0,422,50,2026-09-20T15:30:00Z,1,1,False,0,0,0,0,0,0,0,0,0,0,0,0,0.0,0.0,0.0,0.0,0,0,0,0,0,0.00,0.00,0.00,0.00,44,-5332,55791,2584,7916
luke_shaw,Man Utd,DF,4.4,5,Fulham,False,83,2,423,50,2026-09-20T15:30:00Z,1,1,False,0,0,0,1,0,0,0,0,0,0,0,7,6.6,6.0,4.0,1.7,3,1,0,3,1,0.01,0.07,0.08,1.62,44,-360683,879239,2227,362910
harry_amass,Man Utd,DF,4.0,5,Fulham,False,0,0,424,50,2026-09-20T15:30:00Z,1,1,False,0,0,0,0,0,0,0,0,0,0,0,0,0.0,0.0,0.0,0.0,0,0,0,0,0,0.00,0.00,0.00,0.00,40,-321,21588,1392,1713
tyler_fredricson,Man Utd,DF,4.0,5,Fulham,False,0,0,425,50,2026-09-20T15:30:00Z,1,1,False,0,0,0,0,0,0,0,0,0,0,0,0,0.0,0.0,0.0,0.0,0,0,0,0,0,0.00,0.00,0.00,0.00,40,-107,1329,0,107
bruno_borges fernandes,Man Utd,MD,12.0,5,Fulham,False,90,2,426,50,2026-09-20T15:30:00Z,1,1,False,0,0,0,1,0,0,0,0,0,0,0,15,14.0,58.8,13.0,8.6,0,5,1,6,1,0.28,0.19,0.47,1.62,120,-282231,4318751,68228,350459
bryan_mbeumo,Man Utd,MD,7.9,5,Fulham,False,90,2,427,50,2026-09-20T15:30:00Z,1,1,False,0,0,0,1,0,0,0,0,0,0,0,23,14.6,46.3,30.0,9.1,2,1,1,4,1,0.27,0.25,0.52,1.62,79,-206528,2322581,95476,302004
matheus_santos carneiro da cunha,Man Utd,MD,7.9,5,Fulham,False,90,10,428,50,2026-09-20T15:30:00Z,1,1,False,1,0,0,1,0,0,0,0,0,0,3,32,42.4,35.2,26.0,10.4,1,2,0,3,1,0.05,0.39,0.44,1.62,79,-75494,620030,11557,87051
marcus_rashford,Man Utd,MD,7.0,5,Fulham,False,76,2,429,50,2026-09-20T15:30:00Z,1,1,False,0,0,0,1,0,0,0,0,0,0,0,15,16.6,53.7,58.0,12.8,2,0,0,2,1,0.40,0.14,0.54,1.62,70,-4515,171653,18390,22905
mason_mount,Man Utd,MD,5.4,5,Fulham,False,10,1,430,50,2026-09-20T15:30:00Z,1,1,False,0,0,0,0,0,0,0,0,0,0,0,3,0.6,1.1,5.0,0.7,0,1,0,1,0,0.09,0.01,0.10,0.00,54,88,3100,361,273
amad_diallo,Man Utd,MD,5.7,5,Fulham,False,0,0,431,50,2026-09-20T15:30:00Z,1,1,False,0,0,0,0,0,0,0,0,0,0,0,0,0.0,0.0,0.0,0.0,0,0,0,0,0,0.00,0.00,0.00,0.00,57,-5804,33185,75,5879
kobbie_mainoo,Man Utd,MD,5.5,5,Fulham,False,79,4,432,50,2026-09-20T15:30:00Z,1,1,False,0,0,0,1,0,0,0,0,0,0,0,18,11.2,17.4,9.0,3.8,1,10,1,12,1,0.06,0.10,0.16,1.62,55,20730,177650,33995,13265
manuel_ugarte ribeiro,Man Utd,MD,5.0,5,Fulham,False,0,0,433,50,2026-09-20T15:30:00Z,1,1,False,0,0,0,0,0,0,0,0,0,0,0,0,0.0,0.0,0.0,0.0,0,0,0,0,0,0.00,0.00,0.00,0.00,50,-21,386,15,36
jack_fletcher,Man Utd,MD,4.9,5,Fulham,False,0,0,434,50,2026-09-20T15:30:00Z,1,1,False,0,0,0,0,0,0,0,0,0,0,0,0,0.0,0.0,0.0,0.0,0,0,0,0,0,0.00,0.00,0.00,0.00,49,-71,1151,54,125
shea_lacey,Man Utd,MD,4.9,5,Fulham,False,0,0,435,50,2026-09-20T15:30:00Z,1,1,False,0,0,0,0,0,0,0,0,0,0,0,0,0.0,0.0,0.0,0.0,0,0,0,0,0,0.00,0.00,0.00,0.00,49,-32,5831,531,563
toby_collyer,Man Utd,MD,5.0,5,Fulham,False,0,0,436,50,2026-09-20T15:30:00Z,1,1,False,0,0,0,0,0,0,0,0,0,0,0,0,0.0,0.0,0.0,0.0,0,0,0,0,0,0.00,0.00,0.00,0.00,50,-135,1099,0,135
bendito_mantato,Man Utd,MD,4.5,5,Fulham,False,0,0,437,50,2026-09-20T15:30:00Z,1,1,False,0,0,0,0,0,0,0,0,0,0,0,0,0.0,0.0,0.0,0.0,0,0,0,0,0,0.00,0.00,0.00,0.00,45,-1079,18231,624,1703
tyler_fletcher,Man Utd,MD,4.4,5,Fulham,False,0,0,438,50,2026-09-20T15:30:00Z,1,1,False,0,0,0,0,0,0,0,0,0,0,0,0,0.0,0.0,0.0,0.0,0,0,0,0,0,0.00,0.00,0.00,0.00,44,250,36458,3537,3287
benjamin_sesko,Man Utd,FW,7.0,5,Fulham,False,0,0,439,50,2026-09-20T15:30:00Z,1,1,False,0,0,0,0,0,0,0,0,0,0,0,0,0.0,0.0,0.0,0.0,0,0,0,0,0,0.00,0.00,0.00,0.00,70,1630,192336,24959,23329
joshua_zirkzee,Man Utd,FW,5.4,5,Fulham,False,13,1,440,50,2026-09-20T15:30:00Z,1,1,False,0,0,0,0,0,0,0,0,0,0,0,4,3.2,10.1,0.0,1.3,1,0,0,1,0,0.00,0.00,0.00,0.00,54,-3447,43505,2606,6053
chido_obi,Man Utd,FW,4.5,5,Fulham,False,0,0,441,50,2026-09-20T15:30:00Z,1,1,False,0,0,0,0,0,0,0,0,0,0,0,0,0.0,0.0,0.0,0.0,0,0,0,0,0,0.00,0.00,0.00,0.00,45,-16201,111907,5061,21262
nico_gonzález iglesias,Newcastle,MD,5.5,5,Hull City,True,0,0,405,46,2026-09-19T14:00:00Z,2,1,False,0,0,0,0,0,0,0,0,0,0,0,0,0.0,0.0,0.0,0.0,0,0,0,0,0,0.00,0.00,0.00,0.00,55,-5729,21094,1106,6835
nick_pope,Newcastle,GK,4.9,5,Hull City,True,0,0,442,46,2026-09-19T14:00:00Z,2,1,False,0,0,0,0,0,0,0,0,0,0,0,0,0.0,0.0,0.0,0.0,0,0,0,0,0,0.00,0.00,0.00,0.00,49,-5404,105050,1831,7235
mark_gillespie,Newcastle,GK,4.5,5,Hull City,True,0,0,443,46,2026-09-19T14:00:00Z,2,1,False,0,0,0,0,0,0,0,0,0,0,0,0,0.0,0.0,0.0,0.0,0,0,0,0,0,0.00,0.00,0.00,0.00,45,-33,3606,183,216
ewen_jaouen,Newcastle,GK,4.5,5,Hull City,True,0,0,444,46,2026-09-19T14:00:00Z,2,1,False,0,0,0,0,0,0,0,0,0,0,0,0,0.0,0.0,0.0,0.0,0,0,0,0,0,0.00,0.00,0.00,0.00,45,-225,2273,30,255
malick_thiaw,Newcastle,DF,5.0,5,Hull City,True,90,4,445,46,2026-09-19T14:00:00Z,2,1,False,0,0,0,1,0,0,0,0,0,0,0,13,31.4,1.4,2.0,3.5,13,3,0,13,1,0.00,0.01,0.01,1.59,50,4121,240813,28969,24848
fabian_schär,Newcastle,DF,4.9,5,Hull City,True,24,1,446,46,2026-09-19T14:00:00Z,2,1,False,0,0,0,1,0,0,0,0,0,0,0,1,25.0,10.5,0.0,3.6,7,0,0,7,0,0.00,0.01,0.01,1.08,49,-1391,22572,1121,2512
sven_botman,Newcastle,DF,5.0,5,Hull City,True,90,4,447,46,2026-09-19T14:00:00Z,2,1,False,0,0,0,1,0,0,0,0,0,0,0,12,35.2,0.8,17.0,5.3,17,1,1,18,1,0.05,0.00,0.05,1.59,50,1958,76821,8365,6407
dan_burn,Newcastle,DF,4.9,5,Hull City,True,0,0,448,46,2026-09-19T14:00:00Z,2,1,False,0,0,0,0,0,0,0,0,0,0,0,0,0.0,0.0,0.0,0.0,0,0,0,0,0,0.00,0.00,0.00,0.00,49,-11893,84798,180,12073
lewis_hall,Newcastle,DF,5.2,5,Hull City,True,90,13,449,46,2026-09-19T14:00:00Z,2,1,False,1,0,0,1,0,0,0,0,0,0,3,38,65.6,29.2,24.0,11.9,9,7,1,10,1,0.19,0.11,0.30,1.59,52,107688,1629142,220393,112705
tino_livramento,Newcastle,DF,4.9,5,Hull City,True,0,0,450,46,2026-09-19T14:00:00Z,2,1,False,0,0,0,0,0,0,0,0,0,0,0,0,0.0,0.0,0.0,0.0,0,0,0,0,0,0.00,0.00,0.00,0.00,49,4786,12541,6097,1311
alex_murphy,Newcastle,DF,4.0,5,Hull City,True,0,0,451,46,2026-09-19T14:00:00Z,2,1,False,0,0,0,0,0,0,0,0,0,0,0,0,0.0,0.0,0.0,0.0,0,0,0,0,0,0.00,0.00,0.00,0.00,40,-592,6248,0,592
harvey_barnes,Newcastle,MD,6.0,5,Hull City,True,90,9,453,46,2026-09-19T14:00:00Z,2,1,False,0,2,0,1,0,0,0,0,0,0,1,34,47.6,36.8,27.0,11.1,4,5,0,9,1,0.11,0.11,0.22,1.59,60,179416,496155,220394,40978
anthony_elanga,Newcastle,MD,6.2,5,Hull City,True,0,0,454,46,2026-09-19T14:00:00Z,2,1,False,0,0,0,0,0,0,0,0,0,0,0,0,0.0,0.0,0.0,0.0,0,0,0,0,0,0.00,0.00,0.00,0.00,62,-564623,616024,53653,618276
jacob_ramsey,Newcastle,MD,4.9,5,Hull City,True,0,0,456,46,2026-09-19T14:00:00Z,2,1,False,0,0,0,0,0,0,0,0,0,0,0,0,0.0,0.0,0.0,0.0,0,0,0,0,0,0.00,0.00,0.00,0.00,49,-8206,30346,1789,9995
jacob_murphy,Newcastle,MD,5.9,5,Hull City,True,90,1,457,46,2026-09-19T14:00:00Z,2,1,False,0,0,0,1,0,0,0,1,0,0,0,12,9.4,19.7,4.0,3.3,3,3,2,8,1,0.03,0.07,0.10,1.59,59,349,14522,2209,1860
joelinton cássio_apolinário de lira,Newcastle,MD,5.4,5,Hull City,True,0,0,458,46,2026-09-19T14:00:00Z,2,1,False,0,0,0,0,0,0,0,0,0,0,0,0,0.0,0.0,0.0,0.0,0,0,0,0,0,0.00,0.00,0.00,0.00,54,-136,1916,44,180
lewis_miley,Newcastle,MD,5.5,5,Hull City,True,90,4,459,46,2026-09-19T14:00:00Z,2,1,False,0,0,0,1,0,0,0,0,0,0,0,19,21.8,15.6,0.0,3.7,7,5,4,16,1,0.00,0.04,0.04,1.59,55,-101,8479,1217,1318
joe_willock,Newcastle,MD,5.0,5,Hull City,True,86,10,460,46,2026-09-19T14:00:00Z,2,1,False,1,0,0,1,0,0,0,0,0,0,3,38,40.2,7.3,22.0,7.0,1,4,1,6,1,0.17,0.04,0.21,1.46,50,-1121,51669,7299,8420
bazoumana_touré,Newcastle,MD,5.8,5,Hull City,True,16,1,461,46,2026-09-19T14:00:00Z,2,1,False,0,0,0,0,0,0,0,0,0,0,0,2,1.0,0.0,0.0,0.1,1,1,0,2,0,0.00,0.00,0.00,0.60,58,325,14309,1837,1512
sean_steur,Newcastle,MD,4.9,5,Hull City,True,65,3,462,46,2026-09-19T14:00:00Z,2,1,False,0,0,1,0,0,0,0,0,0,0,0,18,16.0,30.3,0.0,4.6,2,3,2,7,1,0.00,0.03,0.03,0.52,49,-576,7714,420,996
nick_woltemade,Newcastle,FW,5.9,5,Hull City,True,0,0,463,46,2026-09-19T14:00:00Z,2,1,False,0,0,0,0,0,0,0,0,0,0,0,0,0.0,0.0,0.0,0.0,0,0,0,0,0,0.00,0.00,0.00,0.00,59,-11535,55762,0,11535
yoane_wissa,Newcastle,FW,6.2,5,Hull City,True,90,0,464,46,2026-09-19T14:00:00Z,2,1,False,0,0,0,1,0,0,1,0,0,0,0,0,8.8,5.2,20.0,3.4,2,3,0,5,1,0.84,0.01,0.85,1.59,62,124486,2094339,338910,214424
william_osula,Newcastle,FW,5.9,5,Hull City,True,0,0,465,46,2026-09-19T14:00:00Z,2,1,False,0,0,0,0,0,0,0,0,0,0,0,0,0.0,0.0,0.0,0.0,0,0,0,0,0,0.00,0.00,0.00,0.00,59,-6475,35111,188,6663
sean_neave,Newcastle,FW,4.5,5,Hull City,True,0,0,466,46,2026-09-19T14:00:00Z,2,1,False,0,0,0,0,0,0,0,0,0,0,0,0,0.0,0.0,0.0,0.0,0,0,0,0,0,0.00,0.00,0.00,0.00,45,-9244,58232,0,9244
aladji_bamba,Newcastle,MD,4.9,5,Hull City,True,3,1,559,46,2026-09-19T14:00:00Z,2,1,False,0,0,0,0,0,0,0,0,0,0,0,3,6.2,0.1,0.0,0.6,2,1,1,4,0,0.00,0.00,0.00,0.14,49,-781,10531,377,1158
lukás_hornícek,Newcastle,GK,5.0,5,Hull City,True,90,3,567,46,2026-09-19T14:00:00Z,2,1,False,0,0,0,1,0,0,0,0,0,3,0,14,17.0,0.0,0.0,1.7,3,12,0,0,1,0.00,0.00,0.00,1.59,50,8198,163512,22769,14571
amar_dedic,Newcastle,DF,4.5,5,Hull City,True,0,0,593,46,2026-09-19T14:00:00Z,2,1,False,0,0,0,0,0,0,0,0,0,0,0,0,0.0,0.0,0.0,0.0,0,0,0,0,0,0.00,0.00,0.00,0.00,45,-92524,219257,11096,103620
leo_shahar,Newcastle,DF,4.0,5,Hull City,True,0,0,609,46,2026-09-19T14:00:00Z,2,1,False,0,0,0,0,0,0,0,0,0,0,0,0,0.0,0.0,0.0,0.0,0,0,0,0,0,0.00,0.00,0.00,0.00,40,-5521,20140,0,5521
matias_fernandez-pardo,Newcastle,FW,6.0,5,Hull City,True,73,2,634,46,2026-09-19T14:00:00Z,2,1,False,0,0,0,1,0,0,0,0,0,0,0,7,1.2,0.8,5.0,0.7,0,1,1,2,1,0.05,0.00,0.05,0.99,60,1205,12360,3570,2365
mason_miley,Newcastle,MD,4.5,5,Hull City,True,0,0,659,46,2026-09-19T14:00:00Z,2,1,False,0,0,0,0,0,0,0,0,0,0,0,0,0.0,0.0,0.0,0.0,0,0,0,0,0,0.00,0.00,0.00,0.00,45,2836,4509,3438,602
miodrag_pivas,Newcastle,DF,4.0,5,Hull City,True,0,0,663,46,2026-09-19T14:00:00Z,2,1,False,0,0,0,0,0,0,0,0,0,0,0,0,0.0,0.0,0.0,0.0,0,0,0,0,0,0.00,0.00,0.00,0.00,40,0,0,0,0
vakhtang_salia,Newcastle,FW,4.5,5,Hull City,True,0,0,664,46,2026-09-19T14:00:00Z,2,1,False,0,0,0,0,0,0,0,0,0,0,0,0,0.0,0.0,0.0,0.0,0,0,0,0,0,0.00,0.00,0.00,0.00,45,0,0,0,0
michael_mills,Newcastle,MD,4.5,5,Hull City,True,0,0,665,46,2026-09-19T14:00:00Z,2,1,False,0,0,0,0,0,0,0,0,0,0,0,0,0.0,0.0,0.0,0.0,0,0,0,0,0,0.00,0.00,0.00,0.00,45,0,0,0,0
kyran_thompson,Newcastle,MD,4.5,5,Hull City,True,0,0,666,46,2026-09-19T14:00:00Z,2,1,False,0,0,0,0,0,0,0,0,0,0,0,0,0.0,0.0,0.0,0.0,0,0,0,0,0,0.00,0.00,0.00,0.00,45,0,0,0,0
liam_delap,Nott'm Forest,FW,5.5,5,Coventry City,True,90,1,167,47,2026-09-19T16:30:00Z,0,1,False,0,0,0,1,0,0,0,1,0,0,0,9,5.0,25.1,21.0,5.1,2,5,1,8,1,0.13,0.21,0.34,0.67,55,200788,344489,222393,21605
daniel_muñoz mejía,Nott'm Forest,DF,5.4,5,Coventry City,True,82,2,201,47,2026-09-19T16:30:00Z,0,1,False,0,0,0,1,0,0,0,0,0,0,0,5,4.0,3.8,15.0,2.3,2,3,1,3,1,0.12,0.02,0.14,0.67,54,48095,706118,100431,52336
matz_sels,Nott'm Forest,GK,5.0,5,Coventry City,True,90,2,467,47,2026-09-19T16:30:00Z,0,1,False,0,0,0,1,0,0,0,0,0,2,0,10,13.8,0.0,0.0,1.4,0,9,0,0,1,0.00,0.00,0.00,0.67,50,26195,207232,39386,13191
john victor_maciel furtado,Nott'm Forest,GK,4.5,5,Coventry City,True,0,0,468,47,2026-09-19T16:30:00Z,0,1,False,0,0,0,0,0,0,0,0,0,0,0,0,0.0,0.0,0.0,0.0,0,0,0,0,0,0.00,0.00,0.00,0.00,45,-135,6278,197,332
neco_williams,Nott'm Forest,DF,5.0,5,Coventry City,True,90,2,469,47,2026-09-19T16:30:00Z,0,1,False,0,0,0,1,0,0,0,0,0,0,0,19,20.6,61.8,16.0,9.8,1,8,1,2,1,0.09,0.21,0.30,0.67,50,105000,1063643,154932,49932
felipe_rodrigues da silva,Nott'm Forest,DF,5.0,5,Coventry City,True,0,0,470,47,2026-09-19T16:30:00Z,0,1,False,0,0,0,0,0,0,0,0,0,0,0,0,0.0,0.0,0.0,0.0,0,0,0,0,0,0.00,0.00,0.00,0.00,50,-425,2127,0,425
nikola_milenković,Nott'm Forest,DF,5.5,5,Coventry City,True,0,0,471,47,2026-09-19T16:30:00Z,0,1,False,0,0,0,0,0,0,0,0,0,0,0,0,0.0,0.0,0.0,0.0,0,0,0,0,0,0.00,0.00,0.00,0.00,55,-50208,119506,256,50464
murillo_costa dos santos,Nott'm Forest,DF,5.5,5,Coventry City,True,90,4,472,47,2026-09-19T16:30:00Z,0,1,False,0,0,0,1,0,0,0,0,0,0,0,16,30.0,24.3,9.0,6.3,10,2,1,11,1,0.07,0.08,0.15,0.67,55,50117,260474,61530,11413
ola_aina,Nott'm Forest,DF,4.5,5,Coventry City,True,0,0,473,47,2026-09-19T16:30:00Z,0,1,False,0,0,0,0,0,0,0,0,0,0,0,0,0.0,0.0,0.0,0.0,0,0,0,0,0,0.00,0.00,0.00,0.00,45,-3199,278049,21418,24617
jair_paula da cunha filho,Nott'm Forest,DF,4.5,5,Coventry City,True,90,1,474,47,2026-09-19T16:30:00Z,0,1,False,0,0,0,1,0,0,0,1,0,0,0,5,14.2,11.8,1.0,2.7,6,3,2,8,1,0.02,0.01,0.03,0.67,45,-4535,19913,225,4760
nicolò_savona,Nott'm Forest,DF,4.5,5,Coventry City,True,0,0,475,47,2026-09-19T16:30:00Z,0,1,False,0,0,0,0,0,0,0,0,0,0,0,0,0.0,0.0,0.0,0.0,0,0,0,0,0,0.00,0.00,0.00,0.00,45,-22,237,17,39
omar_richards,Nott'm Forest,DF,4.0,5,Coventry City,True,0,0,476,47,2026-09-19T16:30:00Z,0,1,False,0,0,0,0,0,0,0,0,0,0,0,0,0.0,0.0,0.0,0.0,0,0,0,0,0,0.00,0.00,0.00,0.00,40,-649,22848,1022,1671
zach_abbott,Nott'm Forest,DF,4.0,5,Coventry City,True,0,0,477,47,2026-09-19T16:30:00Z,0,1,False,0,0,0,0,0,0,0,0,0,0,0,0,0.0,0.0,0.0,0.0,0,0,0,0,0,0.00,0.00,0.00,0.00,40,-2263,16093,0,2263
luca_netz,Nott'm Forest,DF,4.4,5,Coventry City,True,7,1,478,47,2026-09-19T16:30:00Z,0,1,False,0,0,0,0,0,0,0,0,0,0,0,5,4.0,16.6,2.0,2.3,0,0,0,0,0,0.00,0.02,0.02,0.00,44,-97,3276,246,343
tyler_bindon,Nott'm Forest,DF,4.0,5,Coventry City,True,0,0,479,47,2026-09-19T16:30:00Z,0,1,False,0,0,0,0,0,0,0,0,0,0,0,0,0.0,0.0,0.0,0.0,0,0,0,0,0,0.00,0.00,0.00,0.00,40,-1397,12104,0,1397
morgan_gibbs-white,Nott'm Forest,MD,8.0,5,Coventry City,True,90,2,480,47,2026-09-19T16:30:00Z,0,1,False,0,0,0,1,0,0,0,0,0,0,0,25,22.4,81.4,6.0,11.0,0,2,0,2,1,0.00,0.40,0.40,0.67,80,705914,1912107,744604,38690
callum_hudson-odoi,Nott'm Forest,MD,5.8,5,Coventry City,True,0,0,482,47,2026-09-19T16:30:00Z,0,1,False,0,0,0,0,0,0,0,0,0,0,0,0,0.0,0.0,0.0,0.0,0,0,0,0,0,0.00,0.00,0.00,0.00,58,-730,16903,1902,2632
dan_ndoye,Nott'm Forest,MD,5.5,5,Coventry City,True,58,1,483,47,2026-09-19T16:30:00Z,0,1,False,0,0,0,1,0,0,0,0,0,0,0,3,1.4,25.3,16.0,4.3,1,0,0,1,1,0.20,0.05,0.25,0.63,55,14955,87185,26545,11590
omari_hutchinson,Nott'm Forest,MD,5.4,5,Coventry City,True,0,0,484,47,2026-09-19T16:30:00Z,0,1,False,0,0,0,0,0,0,0,0,0,0,0,0,0.0,0.0,0.0,0.0,0,0,0,0,0,0.00,0.00,0.00,0.00,54,-1093,7897,0,1093
dilane_bakwa,Nott'm Forest,MD,5.5,5,Coventry City,True,0,0,485,47,2026-09-19T16:30:00Z,0,1,False,0,0,0,0,0,0,0,0,0,0,0,0,0.0,0.0,0.0,0.0,0,0,0,0,0,0.00,0.00,0.00,0.00,55,-60,579,0,60
james_mcatee,Nott'm Forest,MD,5.5,5,Coventry City,True,82,2,486,47,2026-09-19T16:30:00Z,0,1,False,0,0,0,1,0,0,0,0,0,0,0,17,13.6,27.0,18.0,5.9,1,2,1,4,1,0.21,0.04,0.25,0.67,55,1989,11916,3622,1633
nicolás_domínguez,Nott'm Forest,MD,4.9,5,Coventry City,True,0,0,487,47,2026-09-19T16:30:00Z,0,1,False,0,0,0,0,0,0,0,0,0,0,0,0,0.0,0.0,0.0,0.0,0,0,0,0,0,0.00,0.00,0.00,0.00,49,-459,6327,254,713
ibrahim_sangaré,Nott'm Forest,MD,4.9,5,Coventry City,True,7,1,488,47,2026-09-19T16:30:00Z,0,1,False,0,0,0,0,0,0,0,0,0,0,0,3,1.4,0.3,0.0,0.2,0,0,0,0,0,0.00,0.00,0.00,0.00,49,-5438,48314,1567,7005
ryan_yates,Nott'm Forest,MD,4.5,5,Coventry City,True,0,0,489,47,2026-09-19T16:30:00Z,0,1,False,0,0,0,0,0,0,0,0,0,0,0,0,0.0,0.0,0.0,0.0,0,0,0,0,0,0.00,0.00,0.00,0.00,45,-12157,132416,2939,15096
chris_wood,Nott'm Forest,FW,5.8,5,Coventry City,True,17,1,490,47,2026-09-19T16:30:00Z,0,1,False,0,0,0,0,0,0,0,0,0,0,0,4,1.0,2.3,0.0,0.3,0,0,0,0,0,0.00,0.00,0.00,0.04,58,-9928,100797,5666,15594
igor jesus_maciel da cruz,Nott'm Forest,FW,5.8,5,Coventry City,True,31,1,491,47,2026-09-19T16:30:00Z,0,1,False,0,0,0,0,0,0,0,0,0,0,0,4,3.4,9.2,14.0,2.7,0,3,0,3,0,0.16,0.01,0.17,0.04,58,37689,310521,70541,32852
arnaud_kalimuendo,Nott'm Forest,FW,5.4,5,Coventry City,True,0,0,493,47,2026-09-19T16:30:00Z,0,1,False,0,0,0,0,0,0,0,0,0,0,0,0,0.0,0.0,0.0,0.0,0,0,0,0,0,0.00,0.00,0.00,0.00,54,-342,5589,483,825
xaver_schlager,Nott'm Forest,MD,5.0,5,Coventry City,True,90,2,558,47,2026-09-19T16:30:00Z,0,1,False,0,0,0,1,0,0,0,0,0,0,0,16,13.6,5.8,4.0,2.3,2,3,2,7,1,0.05,0.10,0.15,0.67,50,1774,12605,3063,1289
ousmane_diomande,Nott'm Forest,DF,5.4,5,Coventry City,True,72,2,581,47,2026-09-19T16:30:00Z,0,1,False,0,0,0,1,0,0,0,0,0,0,0,4,7.8,0.6,8.0,1.6,5,7,0,5,1,0.05,0.01,0.06,0.63,54,619,59651,4010,3391
steven_benda,Nott'm Forest,GK,4.5,5,Coventry City,True,0,0,590,47,2026-09-19T16:30:00Z,0,1,False,0,0,0,0,0,0,0,0,0,0,0,0,0.0,0.0,0.0,0.0,0,0,0,0,0,0.00,0.00,0.00,0.00,45,-141,7565,422,563
jan paul_van hecke,Spurs,DF,4.9,5,Aston Villa,True,90,6,112,48,2026-09-19T11:30:00Z,2,3,False,1,0,0,3,0,0,0,1,0,0,0,17,62.0,30.4,17.0,10.9,6,4,3,9,1,0.35,0.30,0.65,1.16,49,-3149,721559,40803,43952
tosin_adarabioyo,Spurs,DF,4.4,5,Aston Villa,True,0,0,147,48,2026-09-19T11:30:00Z,2,3,False,0,0,0,0,0,0,0,0,0,0,0,0,0.0,0.0,0.0,0.0,0,0,0,0,0,0.00,0.00,0.00,0.00,44,-600,16621,437,1037
omar_marmoush,Spurs,FW,7.0,5,Aston Villa,True,90,2,401,48,2026-09-19T11:30:00Z,2,3,False,0,0,0,3,0,0,0,0,0,0,0,8,5.6,6.4,6.0,1.8,0,3,1,4,1,0.02,0.04,0.06,1.16,70,-10121,240325,35220,45341
sávio_moreira de oliveira,Spurs,MD,6.5,5,Aston Villa,True,90,2,403,48,2026-09-19T11:30:00Z,2,3,False,0,0,0,3,0,0,0,0,0,0,0,29,24.4,59.0,53.0,13.6,2,3,0,5,1,0.29,0.17,0.46,1.16,65,-481,74946,12804,13285
sandro_tonali,Spurs,MD,5.4,5,Aston Villa,True,83,2,455,48,2026-09-19T11:30:00Z,2,3,False,0,0,0,3,0,0,0,0,0,0,0,18,16.8,17.6,10.0,4.4,1,4,6,11,1,0.06,0.21,0.27,1.10,54,-56370,210274,4540,60910
guglielmo_vicario,Spurs,GK,4.5,5,Aston Villa,True,0,0,494,48,2026-09-19T11:30:00Z,2,3,False,0,0,0,0,0,0,0,0,0,0,0,0,0.0,0.0,0.0,0.0,0,0,0,0,0,0.00,0.00,0.00,0.00,45,-1689,14414,0,1689
brandon_austin,Spurs,GK,4.0,5,Aston Villa,True,0,0,495,48,2026-09-19T11:30:00Z,2,3,False,0,0,0,0,0,0,0,0,0,0,0,0,0.0,0.0,0.0,0.0,0,0,0,0,0,0.00,0.00,0.00,0.00,40,1559,112272,6139,4580
antonín_kinský,Spurs,GK,4.5,5,Aston Villa,True,90,2,496,48,2026-09-19T11:30:00Z,2,3,False,0,0,0,3,0,0,0,0,0,3,0,5,27.2,0.0,0.0,2.7,0,5,0,0,1,0.00,0.00,0.00,1.16,45,-1315,1963942,95710,97025
martin_dubravka,Spurs,GK,4.0,5,Aston Villa,True,0,0,497,48,2026-09-19T11:30:00Z,2,3,False,0,0,0,0,0,0,0,0,0,0,0,0,0.0,0.0,0.0,0.0,0,0,0,0,0,0.00,0.00,0.00,0.00,40,-25006,1908194,59833,84839
marcos_senesi barón,Spurs,DF,5.8,5,Aston Villa,True,0,0,498,48,2026-09-19T11:30:00Z,2,3,False,0,0,0,0,0,0,0,0,0,0,0,0,0.0,0.0,0.0,0.0,0,0,0,0,0,0.00,0.00,0.00,0.00,58,-70189,403044,2509,72698
pedro_porro sauceda,Spurs,DF,5.4,5,Aston Villa,True,18,1,499,48,2026-09-19T11:30:00Z,2,3,False,0,0,0,0,0,0,0,0,0,0,0,4,0.0,3.9,1.0,0.5,0,0,1,1,1,0.01,0.00,0.01,0.04,54,-237532,889495,5333,242865
cristian_romero,Spurs,DF,5.0,5,Aston Villa,True,0,0,500,48,2026-09-19T11:30:00Z,2,3,False,0,0,0,0,0,0,0,0,0,0,0,0,0.0,0.0,0.0,0.0,0,0,0,0,0,0.00,0.00,0.00,0.00,50,-610,9526,0,610
andrew_robertson,Spurs,DF,4.4,5,Aston Villa,True,90,4,502,48,2026-09-19T11:30:00Z,2,3,False,0,1,0,3,0,0,0,0,0,0,0,15,29.8,56.1,6.0,9.2,1,7,2,3,1,0.00,0.26,0.26,1.16,44,-2558,283003,20149,22707
micky_van de ven,Spurs,DF,5.0,5,Aston Villa,True,90,1,503,48,2026-09-19T11:30:00Z,2,3,False,0,0,0,3,0,0,0,0,0,0,0,7,24.2,2.3,4.0,3.1,5,5,1,6,1,0.02,0.01,0.03,1.16,50,8883,429279,29652,20769
djed_spence,Spurs,DF,4.5,5,Aston Villa,True,0,0,505,48,2026-09-19T11:30:00Z,2,3,False,0,0,0,0,0,0,0,0,0,0,0,0,0.0,0.0,0.0,0.0,0,0,0,0,0,0.00,0.00,0.00,0.00,45,-2653,25713,0,2653
destiny_udogie,Spurs,DF,4.4,5,Aston Villa,True,0,0,506,48,2026-09-19T11:30:00Z,2,3,False,0,0,0,0,0,0,0,0,0,0,0,0,0.0,0.0,0.0,0.0,0,0,0,0,0,0.00,0.00,0.00,0.00,44,-4010,37654,949,4959
ashley_phillips,Spurs,DF,4.5,5,Aston Villa,True,0,0,507,48,2026-09-19T11:30:00Z,2,3,False,0,0,0,0,0,0,0,0,0,0,0,0,0.0,0.0,0.0,0.0,0,0,0,0,0,0.00,0.00,0.00,0.00,45,-106,1372,0,106
ben_davies,Spurs,DF,4.0,5,Aston Villa,True,0,0,508,48,2026-09-19T11:30:00Z,2,3,False,0,0,0,0,0,0,0,0,0,0,0,0,0.0,0.0,0.0,0.0,0,0,0,0,0,0.00,0.00,0.00,0.00,40,-5694,88779,2044,7738
jun'ai_byfield,Spurs,DF,4.0,5,Aston Villa,True,0,0,509,48,2026-09-19T11:30:00Z,2,3,False,0,0,0,0,0,0,0,0,0,0,0,0,0.0,0.0,0.0,0.0,0,0,0,0,0,0.00,0.00,0.00,0.00,40,-17,6772,556,573
james_rowswell,Spurs,DF,4.0,5,Aston Villa,True,0,0,510,48,2026-09-19T11:30:00Z,2,3,False,0,0,0,0,0,0,0,0,0,0,0,0,0.0,0.0,0.0,0.0,0,0,0,0,0,0.00,0.00,0.00,0.00,40,-78,9834,672,750
joão victor_de souza menezes,Spurs,DF,4.0,5,Aston Villa,True,0,0,511,48,2026-09-19T11:30:00Z,2,3,False,0,0,0,0,0,0,0,0,0,0,0,0,0.0,0.0,0.0,0.0,0,0,0,0,0,0.00,0.00,0.00,0.00,40,-2391,18271,0,2391
mohammed_kudus,Spurs,MD,6.5,5,Aston Villa,True,45,4,512,48,2026-09-19T11:30:00Z,2,3,False,0,1,0,2,0,0,0,0,0,0,0,24,24.8,17.5,7.0,4.9,0,5,2,7,0,0.07,0.20,0.27,0.35,65,-95,14877,2728,2823
xavi_simons,Spurs,MD,5.9,5,Aston Villa,True,0,0,513,48,2026-09-19T11:30:00Z,2,3,False,0,0,0,0,0,0,0,0,0,0,0,0,0.0,0.0,0.0,0.0,0,0,0,0,0,0.00,0.00,0.00,0.00,59,-71,1301,51,122
mathys_tel,Spurs,MD,5.8,5,Aston Villa,True,0,0,514,48,2026-09-19T11:30:00Z,2,3,False,0,0,0,0,0,0,0,0,0,0,0,0,0.0,0.0,0.0,0.0,0,0,0,0,0,0.00,0.00,0.00,0.00,58,-5320,21179,897,6217
james_maddison,Spurs,MD,6.3,5,Aston Villa,True,24,1,515,48,2026-09-19T11:30:00Z,2,3,False,0,0,0,2,0,0,0,0,0,0,0,9,10.6,2.4,11.0,2.4,0,2,4,6,0,0.06,0.02,0.08,0.15,63,-2925,43979,1741,4666
rodrigo_bentancur,Spurs,MD,5.5,5,Aston Villa,True,83,4,516,48,2026-09-19T11:30:00Z,2,3,False,0,0,0,3,0,0,0,0,0,0,0,15,19.0,6.3,2.0,2.7,3,8,6,17,1,0.00,0.04,0.04,1.10,55,497,19246,2106,1609
wilson_odobert,Spurs,MD,5.5,5,Aston Villa,True,0,0,517,48,2026-09-19T11:30:00Z,2,3,False,0,0,0,0,0,0,0,0,0,0,0,0,0.0,0.0,0.0,0.0,0,0,0,0,0,0.00,0.00,0.00,0.00,55,3,159,23,20
pape matar_sarr,Spurs,MD,4.9,5,Aston Villa,True,0,0,518,48,2026-09-19T11:30:00Z,2,3,False,0,0,0,0,0,0,0,0,0,0,0,0,0.0,0.0,0.0,0.0,0,0,0,0,0,0.00,0.00,0.00,0.00,49,-2148,8302,0,2148
conor_gallagher,Spurs,MD,5.3,5,Aston Villa,True,6,6,519,48,2026-09-19T11:30:00Z,2,3,False,1,0,0,0,0,0,0,0,0,0,0,24,38.4,2.3,33.0,7.4,0,1,3,4,0,0.35,0.00,0.35,0.07,53,-1786,19752,812,2598
lucas_bergvall,Spurs,MD,5.4,5,Aston Villa,True,6,1,520,48,2026-09-19T11:30:00Z,2,3,False,0,0,0,0,0,0,0,0,0,0,0,3,3.0,0.9,2.0,0.6,0,0,1,1,0,0.00,0.01,0.01,0.07,54,-913,15731,344,1257
dejan_kulusevski,Spurs,MD,6.5,5,Aston Villa,True,0,0,521,48,2026-09-19T11:30:00Z,2,3,False,0,0,0,0,0,0,0,0,0,0,0,0,0.0,0.0,0.0,0.0,0,0,0,0,0,0.00,0.00,0.00,0.00,65,-30,892,63,93
archie_gray,Spurs,MD,4.9,5,Aston Villa,True,71,2,522,48,2026-09-19T11:30:00Z,2,3,False,0,0,0,3,0,0,0,0,0,0,0,14,10.8,3.1,17.0,3.1,1,2,2,5,0,0.14,0.01,0.15,1.12,49,-637,19727,1629,2266
mikey_moore,Spurs,MD,5.0,5,Aston Villa,True,0,0,523,48,2026-09-19T11:30:00Z,2,3,False,0,0,0,0,0,0,0,0,0,0,0,0,0.0,0.0,0.0,0.0,0,0,0,0,0,0.00,0.00,0.00,0.00,50,-1980,6388,0,1980
callum_olusesi,Spurs,MD,4.4,5,Aston Villa,True,0,0,524,48,2026-09-19T11:30:00Z,2,3,False,0,0,0,0,0,0,0,0,0,0,0,0,0.0,0.0,0.0,0.0,0,0,0,0,0,0.00,0.00,0.00,0.00,44,17246,117471,32226,14980
mateus_fernandes,Spurs,MD,5.8,5,Aston Villa,True,45,1,525,48,2026-09-19T11:30:00Z,2,3,False,0,0,0,1,0,0,0,0,0,0,0,2,0.0,5.7,9.0,1.1,2,4,1,7,1,0.07,0.02,0.09,0.82,58,-11274,89133,2671,13945
dominic_solanke-mitchell,Spurs,FW,5.8,5,Aston Villa,True,65,2,526,48,2026-09-19T11:30:00Z,2,3,False,0,0,0,1,0,0,0,0,0,0,0,9,5.2,12.6,16.0,3.4,1,3,2,6,1,0.12,0.00,0.12,1.01,58,-7033,92077,6047,13080
richarlison_de andrade,Spurs,FW,5.9,5,Aston Villa,True,0,0,527,48,2026-09-19T11:30:00Z,2,3,False,0,0,0,0,0,0,0,0,0,0,0,0,0.0,0.0,0.0,0.0,0,0,0,0,0,0.00,0.00,0.00,0.00,59,-22415,74547,0,22415
dane_scarlett,Spurs,FW,4.5,5,Aston Villa,True,0,0,528,48,2026-09-19T11:30:00Z,2,3,False,0,0,0,0,0,0,0,0,0,0,0,0,0.0,0.0,0.0,0.0,0,0,0,0,0,0.00,0.00,0.00,0.00,45,-18539,125898,0,18539
mykhailo_mudryk,Spurs,MD,5.4,5,Aston Villa,True,0,0,578,48,2026-09-19T11:30:00Z,2,3,False,0,0,0,0,0,0,0,0,0,0,0,0,0.0,0.0,0.0,0.0,0,0,0,0,0,0.00,0.00,0.00,0.00,54,-2108,4612,32,2140
luca_williams-barnett,Spurs,MD,4.5,5,Aston Villa,True,0,0,601,48,2026-09-19T11:30:00Z,2,3,False,0,0,0,0,0,0,0,0,0,0,0,0,0.0,0.0,0.0,0.0,0,0,0,0,0,0.00,0.00,0.00,0.00,45,-957,13898,655,1612
kevin_danso,Sunderland,DF,5.0,5,Man City,False,90,0,501,45,2026-09-20T13:00:00Z,5,3,False,0,0,0,5,0,0,0,0,0,0,0,-8,17.6,11.0,19.0,4.8,8,5,0,8,1,0.07,0.01,0.08,2.82,50,-16,17126,1530,1546
robin_roefs,Sunderland,GK,4.9,5,Man City,False,90,0,529,45,2026-09-20T13:00:00Z,5,3,False,0,0,0,5,0,0,0,0,0,1,0,-8,14.4,0.0,0.0,1.4,2,4,0,0,1,0.00,0.01,0.01,2.82,49,-33760,271819,2559,36319
anthony_patterson,Sunderland,GK,4.0,5,Man City,False,0,0,530,45,2026-09-20T13:00:00Z,5,3,False,0,0,0,0,0,0,0,0,0,0,0,0,0.0,0.0,0.0,0.0,0,0,0,0,0,0.00,0.00,0.00,0.00,40,-743,12868,0,743
melker_ellborg,Sunderland,GK,4.5,5,Man City,False,0,0,531,45,2026-09-20T13:00:00Z,5,3,False,0,0,0,0,0,0,0,0,0,0,0,0,0.0,0.0,0.0,0.0,0,0,0,0,0,0.00,0.00,0.00,0.00,45,-360,8450,190,550
daniel_ballard,Sunderland,DF,4.9,5,Man City,False,90,2,532,45,2026-09-20T13:00:00Z,5,3,False,0,0,0,5,0,0,0,0,0,0,0,-12,28.4,0.3,11.0,4.0,10,3,4,14,1,0.14,0.00,0.14,2.82,49,-46490,279291,6303,52793
nordi_mukiele,Sunderland,DF,5.4,5,Man City,False,90,0,533,45,2026-09-20T13:00:00Z,5,3,False,0,0,0,5,0,0,0,0,0,0,0,5,30.2,30.5,11.0,7.2,5,3,4,9,1,0.05,0.23,0.28,2.82,54,-23536,207085,5413,28949
trai_hume,Sunderland,DF,4.4,5,Man City,False,11,1,534,45,2026-09-20T13:00:00Z,5,3,False,0,0,0,1,0,0,0,0,0,0,0,-2,0.4,0.4,8.0,0.9,0,0,1,1,0,0.10,0.01,0.11,1.48,44,-88631,317533,1810,90441
omar_alderete,Sunderland,DF,4.9,5,Man City,False,0,0,535,45,2026-09-20T13:00:00Z,5,3,False,0,0,0,0,0,0,0,0,0,0,0,0,0.0,0.0,0.0,0.0,0,0,0,0,0,0.00,0.00,0.00,0.00,49,-3936,25847,280,4216
reinildo_mandava,Sunderland,DF,4.5,5,Man City,False,0,0,536,45,2026-09-20T13:00:00Z,5,3,False,0,0,0,0,0,0,0,0,0,0,0,0,0.0,0.0,0.0,0.0,0,0,0,0,0,0.00,0.00,0.00,0.00,45,-9631,28357,136,9767
jenson_seelt,Sunderland,DF,4.5,5,Man City,False,0,0,537,45,2026-09-20T13:00:00Z,5,3,False,0,0,0,0,0,0,0,0,0,0,0,0,0.0,0.0,0.0,0.0,0,0,0,0,0,0.00,0.00,0.00,0.00,45,-55,566,0,55
leo fuhr_hjelde,Sunderland,DF,4.0,5,Man City,False,0,0,538,45,2026-09-20T13:00:00Z,5,3,False,0,0,0,0,0,0,0,0,0,0,0,0,0.0,0.0,0.0,0.0,0,0,0,0,0,0.00,0.00,0.00,0.00,40,-298,3843,0,298
luke_o'nien,Sunderland,DF,4.0,5,Man City,False,0,0,539,45,2026-09-20T13:00:00Z,5,3,False,0,0,0,0,0,0,0,0,0,0,0,0,0.0,0.0,0.0,0.0,0,0,0,0,0,0.00,0.00,0.00,0.00,40,-23037,258432,2157,25194
arthur_masuaku,Sunderland,DF,4.0,5,Man City,False,0,0,540,45,2026-09-20T13:00:00Z,5,3,False,0,0,0,0,0,0,0,0,0,0,0,0,0.0,0.0,0.0,0.0,0,0,0,0,0,0.00,0.00,0.00,0.00,40,-1276,14606,0,1276
thomas_meunier,Sunderland,DF,4.5,5,Man City,False,78,3,541,45,2026-09-20T13:00:00Z,5,3,False,0,1,0,4,0,0,0,0,0,0,0,5,22.8,12.8,2.0,3.8,2,3,2,4,1,0.00,0.45,0.45,1.34,45,-1159,28358,971,2130
enzo_le fée,Sunderland,MD,5.8,5,Man City,False,90,5,542,45,2026-09-20T13:00:00Z,5,3,False,0,1,0,5,0,0,0,0,0,0,0,33,33.8,72.8,2.0,10.9,2,0,1,3,1,0.00,0.52,0.52,2.82,58,-95316,367322,5741,101057
habib_diarra,Sunderland,MD,5.4,5,Man City,False,0,0,543,45,2026-09-20T13:00:00Z,5,3,False,0,0,0,0,0,0,0,0,0,0,0,0,0.0,0.0,0.0,0.0,0,0,0,0,0,0.00,0.00,0.00,0.00,54,-660,2684,12,672
granit_xhaka,Sunderland,MD,5.5,5,Man City,False,90,2,544,45,2026-09-20T13:00:00Z,5,3,False,0,0,0,5,0,0,0,0,0,0,0,25,24.6,37.3,0.0,6.2,3,2,3,8,1,0.00,0.38,0.38,2.82,55,-45393,405611,13122,58515
noah_sadiki,Sunderland,MD,4.9,5,Man City,False,67,2,545,45,2026-09-20T13:00:00Z,5,3,False,0,0,0,4,0,0,0,0,0,0,0,9,0.0,3.3,1.0,0.3,1,2,0,3,1,0.04,0.01,0.05,1.02,49,-2498,24166,1171,3669
simon_adingra,Sunderland,MD,4.9,5,Man City,False,0,0,546,45,2026-09-20T13:00:00Z,5,3,False,0,0,0,0,0,0,0,0,0,0,0,0,0.0,0.0,0.0,0.0,0,0,0,0,0,0.00,0.00,0.00,0.00,49,-645,2712,0,645
romaine_mundle,Sunderland,MD,4.9,5,Man City,False,0,0,547,45,2026-09-20T13:00:00Z,5,3,False,0,0,0,0,0,0,0,0,0,0,0,0,0.0,0.0,0.0,0.0,0,0,0,0,0,0.00,0.00,0.00,0.00,49,-120,586,15,135
chris_rigg,Sunderland,MD,4.9,5,Man City,False,0,0,548,45,2026-09-20T13:00:00Z,5,3,False,0,0,0,0,0,0,0,0,0,0,0,0,0.0,0.0,0.0,0.0,0,0,0,0,0,0.00,0.00,0.00,0.00,49,-439,4992,65,504
chemsdine_talbi,Sunderland,MD,5.3,5,Man City,False,0,0,549,45,2026-09-20T13:00:00Z,5,3,False,0,0,0,0,0,0,0,0,0,0,0,0,0.0,0.0,0.0,0.0,0,0,0,0,0,0.00,0.00,0.00,0.00,53,-1389,14043,308,1697
djiamgone jocelin ta_bi,Sunderland,MD,5.0,5,Man City,False,0,0,550,45,2026-09-20T13:00:00Z,5,3,False,0,0,0,0,0,0,0,0,0,0,0,0,0.0,0.0,0.0,0.0,0,0,0,0,0,0.00,0.00,0.00,0.00,50,-24,627,64,88
nilson_angulo,Sunderland,MD,5.0,5,Man City,False,59,4,551,45,2026-09-20T13:00:00Z,5,3,False,0,1,0,4,0,0,0,0,0,0,0,13,21.4,11.7,13.0,4.6,3,1,0,4,1,0.45,0.01,0.46,0.75,50,-1429,12830,718,2147
brian_brobbey,Sunderland,FW,5.8,5,Man City,False,90,17,552,45,2026-09-20T13:00:00Z,5,3,False,3,0,0,5,0,0,0,0,0,0,3,92,104.0,16.1,84.0,20.4,0,0,0,0,1,2.35,0.04,2.39,2.82,58,-145137,577036,12010,157147
wilson_isidor,Sunderland,FW,5.5,5,Man City,False,22,1,553,45,2026-09-20T13:00:00Z,5,3,False,0,0,0,1,0,0,0,0,0,0,0,3,0.2,0.3,0.0,0.1,0,1,1,2,0,0.00,0.00,0.00,1.79,55,-18986,143906,6445,25431
dayann_méthalie,Sunderland,DF,4.5,5,Man City,False,90,-1,612,45,2026-09-20T13:00:00Z,5,3,False,0,0,0,5,0,0,0,1,0,0,0,-8,8.0,2.0,2.0,1.2,2,4,1,3,1,0.03,0.01,0.04,2.82,45,49,834,145,96
jules_ahoka,Sunderland,MD,4.5,5,Man City,False,0,0,613,45,2026-09-20T13:00:00Z,5,3,False,0,0,0,0,0,0,0,0,0,0,0,0,0.0,0.0,0.0,0.0,0,0,0,0,0,0.00,0.00,0.00,0.00,45,-1414,26173,2205,3619
malick_fofana,Sunderland,MD,5.5,5,Man City,False,30,1,646,45,2026-09-20T13:00:00Z,5,3,False,0,0,0,1,0,0,0,0,0,0,0,6,12.4,0.8,38.0,5.1,0,2,1,3,0,0.39,0.01,0.40,2.07,55,-160,3082,472,632
juan_angulo,Sunderland,FW,4.5,5,Man City,False,0,0,651,45,2026-09-20T13:00:00Z,5,3,False,0,0,0,0,0,0,0,0,0,0,0,0,0.0,0.0,0.0,0.0,0,0,0,0,0,0.00,0.00,0.00,0.00,45,21901,87358,33544,11643
