date,home,away,home_score,away_score,home_turnovers_won,away_turnovers_won,home_turnovers_lost,away_turnovers_lost,home_eighty_min_score,away_eighty_min_score,home_half_time_score,away_half_time_score,home_carries,away_carries,home_carries_crossed_gain_line,away_carries_crossed_gain_line,home_carries_not_made_gain_line,away_carries_not_made_gain_line,home_clean_breaks,away_clean_breaks,home_conversion_goals,away_conversion_goals,home_defenders_beaten,away_defenders_beaten,home_drop_goal_missed,away_drop_goal_missed,home_drop_goals_converted,away_drop_goals_converted,home_free_kick_conceded_at_lineout,away_free_kick_conceded_at_lineout,home_goals,away_goals,home_kick_from_hand_metres,away_kick_from_hand_metres,home_kick_metres,away_kick_metres,home_kick_percent_success,away_kick_percent_success,home_kicking_competition_goals,away_kicking_competition_goals,home_kicks_from_hand,away_kicks_from_hand,home_lineout_success,away_lineout_success,home_lineout_throw_lost_handling_error,away_lineout_throw_lost_handling_error,home_lineout_throw_lost_penalty,away_lineout_throw_lost_penalty,home_lineout_throw_not_straight,away_lineout_throw_not_straight,home_lineout_throw_won_penalty,away_lineout_throw_won_penalty,home_lineout_throw_won_tap,away_lineout_throw_won_tap,home_lineouts_lost,away_lineouts_lost,home_lineouts_won,away_lineouts_won,home_maul_success,away_maul_success,home_mauls_lost,away_mauls_lost,home_mauls_lost_outright,away_mauls_lost_outright,home_mauls_total,away_mauls_total,home_mauls_won,away_mauls_won,home_mauls_won_outright,away_mauls_won_outright,home_mauls_won_penalty,away_mauls_won_penalty,home_mauls_won_penalty_try,away_mauls_won_penalty_try,home_mauls_won_try,away_mauls_won_try,home_metres,away_metres,home_missed_conversion_goals,away_missed_conversion_goals,home_missed_goals,away_missed_goals,home_missed_penalty_goals,away_missed_penalty_goals,home_missed_tackles,away_missed_tackles,home_num_visits_to22,away_num_visits_to22,home_number_of_times_in_possession,away_number_of_times_in_possession,home_offload,away_offload,home_passes,away_passes,home_penalties_conceded,away_penalties_conceded,home_penalty_conceded_collapsing_maul,away_penalty_conceded_collapsing_maul,home_penalty_conceded_delib_knock_on,away_penalty_conceded_delib_knock_on,home_penalty_conceded_foul_play,away_penalty_conceded_foul_play,home_penalty_conceded_handling_in_ruck,away_penalty_conceded_handling_in_ruck,home_penalty_conceded_lineout_offence,away_penalty_conceded_lineout_offence,home_penalty_conceded_obstruction,away_penalty_conceded_obstruction,home_penalty_conceded_offside,away_penalty_conceded_offside,home_penalty_conceded_other,away_penalty_conceded_other,home_penalty_conceded_scrum_offence,away_penalty_conceded_scrum_offence,home_penalty_conceded_wrong_side,away_penalty_conceded_wrong_side,home_penalty_goals,away_penalty_goals,home_penalty_tries,away_penalty_tries,home_points,away_points,home_points_from_visits_to22,away_points_from_visits_to22,home_possession,away_possession,home_red_card_second_yellow,away_red_card_second_yellow,home_red_cards,away_red_cards,home_restart22m,away_restart22m,home_restart_error_not_ten,away_restart_error_not_ten,home_restart_error_out_of_play,away_restart_error_out_of_play,home_restart_halfway,away_restart_halfway,home_restart_opp_error,away_restart_opp_error,home_restart_own_player,away_restart_own_player,home_restarts_success,away_restarts_success,home_retained_kicks,away_retained_kicks,home_ruck_success,away_ruck_success,home_rucks_lost,away_rucks_lost,home_rucks_won,away_rucks_won,home_scrums_lost,away_scrums_lost,home_scrums_lost_free_kick,away_scrums_lost_free_kick,home_scrums_lost_outright,away_scrums_lost_outright,home_scrums_lost_penalty,away_scrums_lost_penalty,home_scrums_lost_reversed,away_scrums_lost_reversed,home_scrums_reset,away_scrums_reset,home_scrums_success,away_scrums_success,home_scrums_won,away_scrums_won,home_scrums_won_free_kick,away_scrums_won_free_kick,home_scrums_won_outright,away_scrums_won_outright,home_scrums_won_penalty,away_scrums_won_penalty,home_tackle_success,away_tackle_success,home_tackles,away_tackles,home_territory,away_territory,home_total_kicks,away_total_kicks,home_total_kicks_succeeded,away_total_kicks_succeeded,home_total_lineouts,away_total_lineouts,home_tries,away_tries,home_try_assists,away_try_assists,home_try_kicks,away_try_kicks,home_turnover_bad_pass,away_turnover_bad_pass,home_turnover_carried_in_touch,away_turnover_carried_in_touch,home_turnover_forward_pass,away_turnover_forward_pass,home_turnover_knock_on,away_turnover_knock_on,home_yellow_cards,away_yellow_cards
2025-09-26,Glasgow,Sharks,35.0,19.0,5.0,7.0,12.0,10.0,35.0,19.0,14.0,12.0,126.0,121.0,52.0,53.0,57.0,57.0,15.0,6.0,4.0,2.0,22.0,22.0,0.0,0.0,0.0,0.0,0.0,0.0,4.0,2.0,563.0,394.0,563.0,394.0,1.0,0.6667000000000001,0.0,0.0,23.0,16.0,0.9444,1.0,0.0,0.0,0.0,0.0,0.0,0.0,0.0,0.0,0.0,0.0,1.0,0.0,17.0,10.0,0.75,1.0,2.0,0.0,1.0,0.0,8.0,3.0,6.0,3.0,3.0,3.0,1.0,0.0,1.0,0.0,1.0,0.0,408.0,375.0,0.0,1.0,0.0,1.0,0.0,0.0,22.0,22.0,17.0,10.0,44.0,34.0,10.0,2.0,152.0,159.0,8.0,15.0,0.0,2.0,0.0,0.0,0.0,3.0,0.0,0.0,0.0,0.0,0.0,0.0,1.0,3.0,1.0,0.0,2.0,3.0,0.0,1.0,0.0,0.0,1.0,0.0,35.0,19.0,35.0,19.0,0.4963,0.5036999999999999,0.0,0.0,0.0,0.0,0.0,0.0,0.0,0.0,0.0,0.0,3.0,6.0,0.0,0.0,0.0,0.0,0.0,0.0,5.0,2.0,0.9783,0.9444,1.0,0.0,89.0,99.0,0.0,0.0,0.0,0.0,0.0,0.0,0.0,0.0,0.0,0.0,1.0,2.0,1.0,1.0,7.0,6.0,1.0,1.0,4.0,3.0,2.0,2.0,0.8522,0.7920999999999999,173.0,141.0,0.5059,0.4941,4.0,3.0,4.0,2.0,18.0,10.0,5.0,3.0,2.0,2.0,0.0,0.0,0.0,1.0,0.0,0.0,0.0,0.0,0.0,0.0,0.0,2.0
2025-09-26,Stormers,Leinster,35.0,0.0,3.0,6.0,13.0,18.0,35.0,0.0,6.0,0.0,105.0,74.0,41.0,33.0,47.0,27.0,9.0,5.0,3.0,0.0,25.0,17.0,1.0,0.0,0.0,0.0,0.0,0.0,6.0,0.0,824.0,510.0,824.0,510.0,0.6,0.0,0.0,0.0,32.0,19.0,0.9444,0.75,0.0,1.0,0.0,0.0,0.0,0.0,0.0,0.0,0.0,3.0,1.0,2.0,17.0,9.0,0.75,1.0,2.0,0.0,1.0,0.0,8.0,1.0,6.0,1.0,3.0,1.0,1.0,0.0,0.0,0.0,2.0,0.0,412.0,296.0,1.0,0.0,4.0,0.0,3.0,0.0,17.0,25.0,12.0,4.0,46.0,34.0,7.0,6.0,92.0,83.0,9.0,16.0,0.0,0.0,0.0,0.0,0.0,1.0,0.0,0.0,0.0,0.0,0.0,0.0,0.0,2.0,0.0,0.0,6.0,8.0,0.0,2.0,3.0,0.0,0.0,0.0,35.0,0.0,26.0,0.0,0.5846,0.4154,0.0,0.0,0.0,0.0,0.0,2.0,0.0,1.0,0.0,0.0,1.0,8.0,0.0,0.0,0.0,1.0,0.5,0.1,11.0,3.0,0.9855,0.94,1.0,0.0,66.0,42.0,0.0,2.0,0.0,0.0,0.0,0.0,0.0,2.0,0.0,0.0,1.0,1.0,1.0,0.7778,9.0,7.0,1.0,2.0,2.0,1.0,6.0,4.0,0.7112999999999999,0.7342,69.0,116.0,0.6169,0.3831,10.0,0.0,6.0,0.0,18.0,12.0,4.0,0.0,2.0,0.0,0.0,0.0,0.0,1.0,0.0,1.0,1.0,0.0,0.0,0.0,0.0,2.0
2025-09-26,Ulster,Dragons,42.0,21.0,7.0,4.0,12.0,9.0,42.0,21.0,28.0,14.0,162.0,73.0,76.0,37.0,68.0,27.0,16.0,4.0,6.0,3.0,25.0,11.0,0.0,1.0,0.0,0.0,0.0,0.0,6.0,3.0,373.0,621.0,373.0,621.0,1.0,1.0,0.0,0.0,14.0,24.0,0.8125,0.875,1.0,0.0,0.0,0.0,1.0,0.0,0.0,0.0,0.0,1.0,1.0,2.0,13.0,14.0,1.0,0.25,0.0,3.0,0.0,1.0,5.0,4.0,5.0,1.0,5.0,1.0,0.0,0.0,0.0,0.0,0.0,0.0,560.0,184.0,0.0,0.0,0.0,0.0,0.0,0.0,11.0,25.0,10.0,7.0,39.0,38.0,13.0,3.0,222.0,64.0,6.0,11.0,0.0,0.0,0.0,0.0,0.0,0.0,0.0,0.0,0.0,1.0,0.0,0.0,0.0,2.0,1.0,0.0,1.0,3.0,0.0,2.0,0.0,0.0,0.0,0.0,42.0,21.0,42.0,21.0,0.6379,0.3621,0.0,0.0,0.0,0.0,1.0,0.0,0.0,0.0,0.0,0.0,4.0,6.0,0.0,0.0,0.0,0.0,0.0,0.1429,1.0,5.0,0.9646,0.92,0.0,1.0,106.0,45.0,0.0,0.0,0.0,0.0,0.0,0.0,0.0,0.0,0.0,0.0,3.0,0.0,1.0,1.0,6.0,7.0,1.0,0.0,3.0,6.0,2.0,1.0,0.81,0.7714,81.0,189.0,0.6425,0.3575,6.0,3.0,6.0,3.0,16.0,16.0,6.0,3.0,4.0,1.0,0.0,1.0,2.0,0.0,0.0,0.0,1.0,2.0,0.0,0.0,0.0,0.0
2025-09-27,Bulls,Ospreys,53.0,40.0,4.0,7.0,16.0,9.0,53.0,40.0,19.0,26.0,139.0,92.0,75.0,49.0,46.0,31.0,6.0,12.0,4.0,5.0,26.0,23.0,0.0,0.0,0.0,0.0,0.0,0.0,4.0,5.0,350.0,392.0,350.0,392.0,0.4443999999999999,0.8332999999999999,0.0,0.0,17.0,14.0,1.0,0.6667000000000001,0.0,2.0,0.0,0.0,0.0,1.0,0.0,0.0,0.0,0.0,0.0,1.0,19.0,8.0,1.0,1.0,0.0,0.0,0.0,0.0,9.0,2.0,9.0,2.0,4.0,2.0,3.0,0.0,0.0,0.0,2.0,0.0,487.0,334.0,5.0,1.0,5.0,1.0,0.0,0.0,23.0,26.0,17.0,10.0,43.0,33.0,6.0,4.0,132.0,108.0,8.0,13.0,0.0,0.0,1.0,0.0,2.0,1.0,0.0,0.0,0.0,0.0,0.0,0.0,0.0,2.0,0.0,0.0,0.0,5.0,0.0,3.0,0.0,0.0,0.0,0.0,53.0,40.0,53.0,40.0,0.5864,0.4135999999999999,0.0,0.0,0.0,0.0,0.0,0.0,0.0,0.0,0.0,0.0,5.0,10.0,0.0,2.0,0.0,1.0,0.0,0.3636,4.0,1.0,0.9556,0.9355,0.0,1.0,86.0,56.0,0.0,2.0,0.0,0.0,0.0,0.0,0.0,2.0,0.0,0.0,0.0,1.0,1.0,0.7778,4.0,7.0,1.0,0.0,1.0,7.0,2.0,0.0,0.7384999999999999,0.7487999999999999,96.0,161.0,0.5841,0.4159,9.0,6.0,4.0,5.0,19.0,12.0,9.0,6.0,4.0,5.0,0.0,0.0,2.0,1.0,1.0,0.0,0.0,0.0,1.0,0.0,1.0,1.0
2025-09-27,Cardiff,Lions,33.0,20.0,10.0,8.0,13.0,16.0,33.0,20.0,14.0,13.0,113.0,88.0,61.0,40.0,43.0,34.0,14.0,3.0,4.0,2.0,15.0,14.0,0.0,0.0,0.0,0.0,0.0,0.0,4.0,4.0,646.0,530.0,646.0,530.0,0.8,1.0,0.0,0.0,28.0,19.0,0.8,0.8234999999999999,0.0,0.0,0.0,0.0,0.0,1.0,0.0,0.0,0.0,0.0,3.0,2.0,12.0,14.0,1.0,1.0,0.0,0.0,0.0,0.0,4.0,2.0,4.0,2.0,3.0,2.0,0.0,0.0,0.0,0.0,1.0,0.0,345.0,234.0,1.0,0.0,1.0,0.0,0.0,0.0,14.0,15.0,10.0,7.0,41.0,38.0,10.0,0.0,137.0,100.0,14.0,9.0,0.0,0.0,0.0,0.0,2.0,0.0,1.0,0.0,0.0,0.0,0.0,0.0,0.0,1.0,0.0,1.0,3.0,3.0,0.0,0.0,0.0,2.0,0.0,0.0,33.0,20.0,33.0,14.0,0.5091,0.4909,0.0,0.0,1.0,0.0,0.0,0.0,0.0,0.0,0.0,0.0,5.0,6.0,0.0,0.0,0.0,0.0,0.0,0.0,9.0,4.0,0.9221,0.9211,1.0,1.0,69.0,67.0,1.0,0.0,0.0,0.0,0.0,0.0,1.0,0.0,0.0,0.0,1.0,0.0,0.8889,1.0,8.0,5.0,0.0,0.0,5.0,2.0,3.0,2.0,0.8356,0.7959,122.0,117.0,0.5146000000000001,0.4854,5.0,4.0,4.0,4.0,15.0,17.0,5.0,2.0,2.0,0.0,0.0,0.0,0.0,0.0,0.0,0.0,0.0,1.0,1.0,0.0,0.0,0.0
2025-09-27,Connacht,Benetton,26.0,15.0,5.0,3.0,7.0,10.0,26.0,15.0,12.0,3.0,145.0,148.0,75.0,50.0,57.0,75.0,5.0,10.0,3.0,1.0,28.0,20.0,0.0,0.0,0.0,0.0,0.0,0.0,3.0,2.0,854.0,671.0,854.0,671.0,0.75,0.6667000000000001,0.0,0.0,26.0,23.0,0.9167,0.8125,0.0,0.0,0.0,0.0,0.0,0.0,0.0,1.0,0.0,2.0,1.0,3.0,11.0,13.0,0.8,0.6,1.0,2.0,0.0,0.0,5.0,5.0,4.0,3.0,3.0,3.0,1.0,0.0,0.0,0.0,0.0,0.0,395.0,412.0,1.0,1.0,1.0,1.0,0.0,0.0,20.0,28.0,11.0,12.0,44.0,40.0,3.0,13.0,169.0,167.0,14.0,11.0,0.0,1.0,1.0,0.0,2.0,1.0,0.0,1.0,1.0,0.0,2.0,0.0,1.0,3.0,2.0,0.0,1.0,1.0,0.0,0.0,0.0,1.0,0.0,0.0,26.0,15.0,26.0,12.0,0.5372,0.4628,0.0,0.0,0.0,0.0,0.0,0.0,0.0,0.0,0.0,0.0,3.0,5.0,0.0,0.0,0.0,0.0,0.0,0.0,4.0,2.0,0.9664,0.9898,1.0,0.0,111.0,96.0,0.0,0.0,0.0,0.0,0.0,0.0,0.0,0.0,0.0,0.0,2.0,2.0,1.0,1.0,5.0,3.0,1.0,0.0,4.0,2.0,0.0,1.0,0.7826000000000001,0.8297,162.0,190.0,0.5720000000000001,0.428,4.0,3.0,3.0,2.0,12.0,16.0,4.0,2.0,3.0,2.0,0.0,0.0,0.0,0.0,0.0,2.0,0.0,1.0,0.0,0.0,1.0,2.0
2025-09-27,Scarlets,Munster,21.0,34.0,8.0,7.0,7.0,13.0,21.0,34.0,0.0,13.0,134.0,110.0,51.0,51.0,74.0,41.0,7.0,16.0,3.0,4.0,22.0,26.0,0.0,0.0,0.0,0.0,0.0,0.0,3.0,6.0,525.0,408.0,525.0,408.0,1.0,1.0,0.0,0.0,23.0,21.0,0.9048,0.8889,0.0,0.0,0.0,0.0,0.0,0.0,0.0,0.0,2.0,0.0,2.0,1.0,19.0,8.0,1.0,1.0,0.0,0.0,0.0,0.0,8.0,5.0,8.0,5.0,7.0,5.0,1.0,0.0,0.0,0.0,0.0,0.0,259.0,461.0,0.0,0.0,0.0,0.0,0.0,0.0,26.0,22.0,12.0,9.0,39.0,39.0,4.0,9.0,153.0,123.0,8.0,13.0,0.0,0.0,0.0,0.0,0.0,1.0,2.0,0.0,0.0,0.0,0.0,0.0,0.0,4.0,0.0,0.0,2.0,2.0,0.0,2.0,0.0,2.0,0.0,0.0,21.0,34.0,21.0,31.0,0.5622,0.4378,0.0,0.0,0.0,0.0,0.0,0.0,0.0,0.0,0.0,0.0,7.0,4.0,1.0,0.0,0.0,1.0,0.2857,0.0,4.0,5.0,0.9712,0.9459,1.0,0.0,99.0,64.0,0.0,0.0,0.0,0.0,0.0,0.0,0.0,0.0,0.0,0.0,0.0,2.0,1.0,1.0,7.0,5.0,0.0,1.0,5.0,2.0,2.0,2.0,0.7215,0.8623999999999999,114.0,188.0,0.6787000000000001,0.3213,3.0,6.0,3.0,6.0,21.0,9.0,3.0,4.0,2.0,2.0,1.0,0.0,0.0,0.0,0.0,2.0,0.0,1.0,0.0,1.0,0.0,0.0
2025-09-27,Zebre,Edinburgh,31.0,28.0,5.0,8.0,16.0,12.0,31.0,28.0,21.0,14.0,86.0,87.0,38.0,34.0,36.0,38.0,6.0,3.0,4.0,4.0,18.0,9.0,0.0,1.0,0.0,0.0,0.0,0.0,5.0,4.0,531.0,738.0,531.0,738.0,1.0,1.0,0.0,0.0,21.0,26.0,0.9091,0.8667,1.0,0.0,0.0,0.0,0.0,1.0,1.0,0.0,3.0,1.0,1.0,1.0,20.0,13.0,0.8889,1.0,1.0,0.0,1.0,0.0,9.0,3.0,8.0,3.0,7.0,2.0,1.0,0.0,0.0,0.0,0.0,1.0,318.0,255.0,0.0,0.0,0.0,0.0,0.0,0.0,9.0,18.0,11.0,9.0,41.0,42.0,12.0,3.0,79.0,93.0,9.0,10.0,0.0,0.0,0.0,0.0,2.0,2.0,0.0,0.0,0.0,1.0,0.0,1.0,0.0,2.0,0.0,0.0,3.0,2.0,0.0,1.0,1.0,0.0,0.0,0.0,31.0,28.0,28.0,28.0,0.4511,0.5489,0.0,0.0,1.0,0.0,1.0,0.0,0.0,0.0,0.0,1.0,5.0,6.0,0.0,0.0,0.0,1.0,0.1429,0.1667,3.0,4.0,0.8936,0.9365,2.0,2.0,40.0,57.0,0.0,1.0,0.0,0.0,0.0,0.0,0.0,1.0,0.0,0.0,1.0,2.0,1.0,0.875,4.0,7.0,1.0,1.0,3.0,4.0,0.0,2.0,0.8603000000000001,0.6522,117.0,75.0,0.4557,0.5443,5.0,4.0,5.0,4.0,22.0,15.0,4.0,4.0,1.0,1.0,0.0,0.0,0.0,0.0,0.0,1.0,2.0,0.0,0.0,0.0,1.0,0.0
2025-10-03,Dragons,Sharks,17.0,17.0,4.0,1.0,12.0,10.0,17.0,17.0,14.0,17.0,93.0,76.0,24.0,23.0,53.0,38.0,4.0,1.0,2.0,2.0,26.0,9.0,0.0,0.0,0.0,0.0,0.0,0.0,3.0,3.0,705.0,539.0,705.0,539.0,1.0,1.0,0.0,0.0,23.0,25.0,0.6429,0.7895,1.0,1.0,0.0,0.0,2.0,1.0,1.0,0.0,0.0,0.0,2.0,2.0,9.0,15.0,1.0,0.8889,0.0,1.0,0.0,0.0,2.0,9.0,2.0,8.0,2.0,6.0,0.0,2.0,0.0,0.0,0.0,0.0,231.0,230.0,0.0,0.0,0.0,0.0,0.0,0.0,9.0,26.0,4.0,7.0,31.0,37.0,0.0,5.0,75.0,60.0,15.0,8.0,0.0,0.0,0.0,0.0,1.0,0.0,0.0,0.0,1.0,1.0,0.0,0.0,2.0,2.0,0.0,0.0,10.0,1.0,1.0,0.0,1.0,1.0,0.0,0.0,17.0,17.0,14.0,14.0,0.5678,0.4322,0.0,0.0,0.0,0.0,0.0,0.0,0.0,0.0,3.0,1.0,4.0,4.0,0.0,0.0,3.0,1.0,0.0,0.25,1.0,4.0,0.988,0.9423,1.0,0.0,81.0,47.0,1.0,0.0,0.0,0.0,0.0,0.0,1.0,0.0,0.0,0.0,1.0,3.0,0.75,1.0,3.0,12.0,0.0,1.0,2.0,2.0,1.0,9.0,0.823,0.825,93.0,132.0,0.5114,0.4886,3.0,3.0,3.0,3.0,14.0,19.0,2.0,2.0,2.0,0.0,0.0,0.0,0.0,0.0,0.0,2.0,0.0,0.0,0.0,1.0,1.0,0.0
2025-10-03,Stormers,Ospreys,26.0,10.0,11.0,11.0,19.0,12.0,26.0,10.0,8.0,10.0,124.0,109.0,58.0,39.0,50.0,54.0,7.0,2.0,1.0,0.0,29.0,22.0,0.0,0.0,0.0,0.0,0.0,0.0,4.0,0.0,618.0,576.0,618.0,576.0,0.5714,0.0,0.0,0.0,23.0,24.0,1.0,0.9231,0.0,0.0,0.0,0.0,0.0,0.0,0.0,0.0,1.0,0.0,0.0,1.0,21.0,12.0,1.0,0.6,0.0,2.0,0.0,2.0,5.0,5.0,5.0,3.0,4.0,3.0,1.0,0.0,0.0,0.0,0.0,0.0,352.0,380.0,2.0,2.0,3.0,2.0,1.0,0.0,22.0,29.0,9.0,9.0,42.0,41.0,8.0,5.0,154.0,127.0,7.0,16.0,0.0,1.0,0.0,0.0,1.0,0.0,0.0,0.0,0.0,0.0,0.0,0.0,2.0,2.0,0.0,0.0,0.0,6.0,0.0,1.0,3.0,0.0,0.0,0.0,26.0,10.0,20.0,10.0,0.5021,0.4979,0.0,0.0,0.0,0.0,0.0,1.0,0.0,0.0,0.0,0.0,3.0,6.0,1.0,0.0,0.0,0.0,0.25,0.25,6.0,4.0,0.908,0.8976999999999999,3.0,3.0,77.0,78.0,0.0,1.0,0.0,0.0,0.0,0.0,0.0,1.0,0.0,0.0,3.0,0.0,1.0,0.75,5.0,3.0,0.0,0.0,0.0,3.0,5.0,0.0,0.7901,0.7551000000000001,128.0,148.0,0.5587,0.4413,7.0,2.0,4.0,0.0,21.0,13.0,3.0,2.0,2.0,1.0,1.0,0.0,2.0,0.0,1.0,1.0,0.0,1.0,0.0,0.0,0.0,0.0
2025-10-04,Benetton,Glasgow,16.0,14.0,7.0,4.0,11.0,15.0,16.0,14.0,3.0,14.0,110.0,137.0,40.0,37.0,58.0,71.0,3.0,11.0,1.0,2.0,9.0,32.0,1.0,0.0,1.0,0.0,0.0,0.0,3.0,2.0,843.0,688.0,843.0,688.0,0.75,0.6667000000000001,0.0,0.0,27.0,28.0,0.8667,0.8824,0.0,0.0,0.0,0.0,0.0,0.0,0.0,0.0,0.0,2.0,2.0,2.0,13.0,15.0,0.3333,1.0,2.0,0.0,0.0,0.0,3.0,3.0,1.0,3.0,1.0,3.0,0.0,0.0,0.0,0.0,0.0,0.0,267.0,461.0,0.0,0.0,1.0,1.0,1.0,1.0,32.0,9.0,6.0,9.0,41.0,41.0,2.0,2.0,147.0,152.0,8.0,13.0,0.0,0.0,1.0,0.0,2.0,1.0,1.0,0.0,0.0,0.0,0.0,0.0,0.0,2.0,0.0,0.0,1.0,2.0,0.0,0.0,2.0,0.0,0.0,0.0,16.0,14.0,10.0,14.0,0.485,0.515,0.0,0.0,0.0,0.0,1.0,2.0,0.0,0.0,0.0,0.0,3.0,4.0,0.0,1.0,0.0,0.0,0.0,0.2857,4.0,9.0,1.0,0.96,0.0,0.0,84.0,92.0,1.0,0.0,0.0,0.0,0.0,0.0,1.0,0.0,0.0,0.0,1.0,0.0,0.875,1.0,7.0,1.0,0.0,0.0,5.0,1.0,2.0,0.0,0.7835,0.9012,152.0,155.0,0.5205,0.4795,4.0,3.0,3.0,2.0,15.0,17.0,1.0,2.0,1.0,1.0,0.0,0.0,1.0,0.0,1.0,1.0,0.0,1.0,0.0,0.0,1.0,0.0
2025-10-04,Bulls,Leinster,39.0,31.0,6.0,7.0,16.0,16.0,39.0,31.0,22.0,10.0,90.0,160.0,31.0,76.0,35.0,64.0,14.0,15.0,3.0,4.0,19.0,12.0,0.0,1.0,0.0,0.0,0.0,0.0,4.0,5.0,889.0,899.0,889.0,899.0,0.5714,0.8332999999999999,0.0,0.0,29.0,30.0,0.75,1.0,1.0,0.0,0.0,0.0,0.0,0.0,1.0,0.0,0.0,1.0,3.0,0.0,12.0,12.0,0.75,1.0,1.0,0.0,0.0,0.0,4.0,1.0,3.0,1.0,3.0,1.0,0.0,0.0,0.0,0.0,0.0,0.0,431.0,516.0,3.0,0.0,3.0,1.0,0.0,1.0,12.0,19.0,8.0,9.0,45.0,51.0,6.0,10.0,80.0,194.0,9.0,8.0,0.0,0.0,0.0,0.0,1.0,2.0,0.0,0.0,0.0,1.0,0.0,1.0,2.0,0.0,0.0,0.0,4.0,1.0,0.0,1.0,1.0,1.0,0.0,0.0,39.0,31.0,36.0,31.0,0.3697999999999999,0.6302,0.0,0.0,0.0,0.0,1.0,0.0,0.0,0.0,0.0,0.0,6.0,5.0,1.0,0.0,0.0,0.0,0.125,0.0,4.0,8.0,0.9464,0.9667,2.0,1.0,52.0,115.0,0.0,1.0,0.0,0.0,0.0,0.0,0.0,1.0,0.0,0.0,0.0,2.0,1.0,0.8571,3.0,6.0,0.0,0.0,2.0,2.0,1.0,4.0,0.8833,0.6967,212.0,85.0,0.375,0.625,7.0,6.0,4.0,5.0,16.0,12.0,6.0,4.0,4.0,3.0,2.0,0.0,0.0,1.0,1.0,4.0,0.0,0.0,0.0,0.0,0.0,1.0
2025-10-04,Munster,Cardiff,23.0,20.0,1.0,7.0,10.0,12.0,23.0,20.0,5.0,5.0,107.0,105.0,41.0,39.0,52.0,52.0,3.0,6.0,1.0,0.0,13.0,16.0,0.0,0.0,1.0,0.0,0.0,0.0,2.0,0.0,653.0,650.0,653.0,650.0,0.5,0.0,0.0,0.0,26.0,28.0,0.8824,0.8667,0.0,0.0,0.0,0.0,1.0,1.0,0.0,0.0,0.0,1.0,1.0,1.0,15.0,13.0,0.8571,0.0,1.0,0.0,0.0,0.0,7.0,0.0,6.0,0.0,4.0,0.0,2.0,0.0,0.0,0.0,0.0,0.0,206.0,252.0,2.0,4.0,2.0,5.0,0.0,1.0,16.0,13.0,9.0,9.0,39.0,35.0,3.0,2.0,116.0,109.0,10.0,12.0,0.0,0.0,0.0,0.0,0.0,3.0,1.0,0.0,0.0,0.0,0.0,0.0,0.0,1.0,0.0,0.0,2.0,3.0,0.0,2.0,1.0,0.0,0.0,0.0,23.0,20.0,23.0,20.0,0.5061,0.4939,0.0,0.0,0.0,0.0,1.0,0.0,0.0,0.0,1.0,0.0,4.0,6.0,0.0,0.0,1.0,0.0,0.0,0.0,5.0,7.0,0.9551,0.9885,1.0,0.0,80.0,80.0,1.0,0.0,0.0,0.0,0.0,0.0,1.0,0.0,0.0,0.0,1.0,0.0,0.75,1.0,3.0,7.0,1.0,0.0,0.0,6.0,2.0,1.0,0.8462000000000001,0.8613,143.0,149.0,0.5402,0.4598,4.0,5.0,2.0,0.0,17.0,15.0,3.0,4.0,2.0,4.0,0.0,2.0,0.0,2.0,0.0,1.0,0.0,0.0,1.0,1.0,1.0,1.0
2025-10-05,Zebre,Lions,22.0,20.0,5.0,4.0,12.0,8.0,22.0,20.0,12.0,3.0,96.0,150.0,44.0,61.0,35.0,60.0,4.0,13.0,2.0,1.0,22.0,27.0,0.0,0.0,0.0,0.0,0.0,0.0,3.0,2.0,720.0,885.0,720.0,885.0,0.6,0.5,0.0,0.0,26.0,27.0,0.8824,1.0,0.0,0.0,0.0,0.0,1.0,0.0,0.0,0.0,0.0,0.0,1.0,0.0,15.0,16.0,1.0,1.0,0.0,0.0,0.0,0.0,9.0,2.0,9.0,2.0,6.0,2.0,2.0,0.0,0.0,0.0,1.0,0.0,299.0,448.0,1.0,2.0,2.0,2.0,1.0,0.0,27.0,22.0,7.0,10.0,39.0,44.0,2.0,14.0,103.0,176.0,8.0,13.0,0.0,1.0,0.0,0.0,2.0,0.0,0.0,0.0,0.0,0.0,0.0,0.0,2.0,1.0,1.0,0.0,0.0,3.0,0.0,1.0,1.0,1.0,0.0,0.0,22.0,20.0,22.0,17.0,0.4422,0.5578,0.0,0.0,0.0,0.0,0.0,1.0,0.0,0.0,0.0,0.0,4.0,5.0,0.0,0.0,0.0,0.0,0.0,0.0,0.0,5.0,0.9863,0.9412,1.0,0.0,72.0,93.0,0.0,2.0,0.0,0.0,0.0,0.0,0.0,2.0,0.0,0.0,0.0,0.0,1.0,0.5,4.0,2.0,0.0,0.0,3.0,2.0,1.0,0.0,0.7717,0.8188,169.0,122.0,0.4182,0.5818,5.0,4.0,3.0,2.0,17.0,16.0,3.0,3.0,1.0,3.0,0.0,0.0,0.0,0.0,1.0,0.0,1.0,2.0,0.0,0.0,1.0,0.0
2025-10-10,Munster,Edinburgh,20.0,19.0,6.0,6.0,11.0,14.0,20.0,19.0,10.0,12.0,132.0,115.0,59.0,43.0,59.0,62.0,9.0,4.0,0.0,2.0,24.0,19.0,0.0,0.0,0.0,0.0,0.0,0.0,0.0,2.0,451.0,493.0,451.0,493.0,0.0,0.6667000000000001,0.0,0.0,15.0,21.0,0.7778,1.0,1.0,0.0,0.0,0.0,0.0,0.0,1.0,1.0,0.0,0.0,3.0,0.0,14.0,13.0,1.0,0.8,0.0,1.0,0.0,0.0,7.0,5.0,7.0,4.0,7.0,3.0,0.0,0.0,0.0,0.0,0.0,1.0,375.0,238.0,4.0,1.0,4.0,1.0,0.0,0.0,19.0,24.0,13.0,7.0,36.0,35.0,10.0,6.0,155.0,136.0,10.0,14.0,0.0,0.0,0.0,0.0,1.0,5.0,0.0,0.0,1.0,1.0,2.0,0.0,0.0,1.0,0.0,0.0,2.0,1.0,0.0,0.0,0.0,0.0,0.0,0.0,20.0,19.0,20.0,19.0,0.5021,0.4979,0.0,0.0,0.0,0.0,0.0,0.0,0.0,0.0,0.0,0.0,4.0,5.0,0.0,1.0,0.0,0.0,0.0,0.2,4.0,3.0,0.9326,0.9651,2.0,1.0,79.0,81.0,0.0,0.0,0.0,0.0,0.0,0.0,0.0,0.0,0.0,0.0,2.0,1.0,1.0,1.0,7.0,5.0,0.0,0.0,6.0,3.0,1.0,2.0,0.8332999999999999,0.7629,145.0,148.0,0.5,0.5,4.0,3.0,0.0,2.0,18.0,13.0,4.0,3.0,1.0,1.0,0.0,1.0,0.0,1.0,0.0,0.0,0.0,1.0,1.0,1.0,0.0,4.0
2025-10-10,Scarlets,Stormers,0.0,34.0,2.0,10.0,15.0,10.0,0.0,34.0,0.0,17.0,109.0,72.0,35.0,35.0,60.0,23.0,2.0,7.0,0.0,3.0,28.0,10.0,0.0,0.0,0.0,0.0,0.0,0.0,0.0,4.0,790.0,902.0,790.0,902.0,0.0,0.5,0.0,0.0,32.0,30.0,1.0,0.8845999999999999,0.0,0.0,0.0,0.0,0.0,0.0,0.0,2.0,4.0,2.0,0.0,3.0,16.0,23.0,0.5,1.0,1.0,0.0,0.0,0.0,2.0,12.0,1.0,12.0,1.0,7.0,0.0,5.0,0.0,0.0,0.0,0.0,169.0,272.0,0.0,2.0,0.0,4.0,0.0,2.0,10.0,28.0,10.0,14.0,47.0,50.0,5.0,4.0,140.0,66.0,20.0,11.0,4.0,0.0,0.0,1.0,1.0,2.0,0.0,0.0,2.0,0.0,0.0,1.0,2.0,1.0,0.0,0.0,5.0,0.0,1.0,3.0,0.0,1.0,0.0,0.0,0.0,34.0,0.0,31.0,0.588,0.412,0.0,0.0,0.0,0.0,1.0,0.0,0.0,0.0,0.0,0.0,6.0,1.0,1.0,0.0,0.0,0.0,0.3333,0.0,4.0,3.0,0.9574,0.9388,0.0,1.0,86.0,43.0,0.0,0.0,0.0,0.0,0.0,0.0,0.0,0.0,0.0,0.0,0.0,2.0,1.0,1.0,1.0,8.0,0.0,1.0,1.0,3.0,0.0,4.0,0.7706000000000001,0.8011,84.0,145.0,0.5183,0.4817,0.0,8.0,0.0,4.0,16.0,26.0,0.0,5.0,0.0,1.0,0.0,0.0,0.0,0.0,1.0,1.0,0.0,1.0,1.0,0.0,2.0,2.0
2025-10-11,Benetton,Lions,41.0,15.0,7.0,8.0,13.0,14.0,41.0,15.0,24.0,10.0,118.0,127.0,65.0,57.0,36.0,47.0,16.0,10.0,4.0,1.0,27.0,29.0,0.0,0.0,0.0,0.0,0.0,1.0,5.0,2.0,711.0,680.0,711.0,680.0,0.7143,0.6667000000000001,0.0,0.0,30.0,26.0,0.9,0.6667000000000001,0.0,0.0,0.0,0.0,1.0,1.0,0.0,0.0,0.0,1.0,0.0,4.0,9.0,12.0,1.0,0.3333,0.0,2.0,0.0,1.0,4.0,3.0,4.0,1.0,4.0,1.0,0.0,0.0,0.0,0.0,0.0,0.0,665.0,410.0,2.0,1.0,2.0,1.0,0.0,0.0,29.0,27.0,13.0,8.0,48.0,46.0,6.0,17.0,141.0,170.0,9.0,7.0,0.0,0.0,1.0,1.0,1.0,0.0,1.0,0.0,0.0,1.0,0.0,2.0,1.0,0.0,0.0,0.0,2.0,1.0,0.0,0.0,1.0,1.0,0.0,0.0,41.0,15.0,41.0,12.0,0.4915,0.5085000000000001,0.0,0.0,0.0,0.0,0.0,0.0,0.0,0.0,0.0,0.0,4.0,7.0,0.0,0.0,0.0,0.0,0.0,0.0,4.0,3.0,0.9178,0.9605,3.0,1.0,65.0,71.0,0.0,0.0,0.0,0.0,0.0,0.0,0.0,0.0,0.0,0.0,1.0,1.0,1.0,1.0,8.0,7.0,0.0,1.0,7.0,5.0,1.0,1.0,0.6726000000000001,0.7254999999999999,113.0,111.0,0.4161999999999999,0.5838,7.0,3.0,5.0,2.0,10.0,18.0,6.0,2.0,5.0,1.0,0.0,0.0,0.0,0.0,0.0,0.0,0.0,0.0,0.0,0.0,2.0,2.0
2025-10-11,Cardiff,Connacht,14.0,8.0,9.0,10.0,24.0,11.0,14.0,8.0,7.0,3.0,152.0,161.0,51.0,50.0,75.0,90.0,8.0,8.0,2.0,0.0,20.0,20.0,0.0,0.0,0.0,0.0,0.0,0.0,2.0,1.0,1058.0,1219.0,1058.0,1219.0,1.0,0.5,0.0,0.0,42.0,39.0,0.875,0.5714,0.0,1.0,0.0,0.0,0.0,2.0,0.0,0.0,0.0,0.0,2.0,3.0,14.0,8.0,0.6667000000000001,1.0,1.0,0.0,0.0,0.0,3.0,2.0,2.0,2.0,2.0,2.0,0.0,0.0,0.0,0.0,0.0,0.0,396.0,347.0,0.0,1.0,0.0,1.0,0.0,0.0,20.0,20.0,11.0,9.0,55.0,52.0,4.0,6.0,156.0,162.0,6.0,10.0,0.0,0.0,0.0,0.0,0.0,0.0,1.0,1.0,0.0,0.0,0.0,0.0,3.0,1.0,0.0,0.0,2.0,2.0,0.0,1.0,0.0,1.0,0.0,0.0,14.0,8.0,14.0,8.0,0.4771,0.5229,0.0,0.0,0.0,0.0,0.0,0.0,0.0,0.0,0.0,0.0,2.0,3.0,0.0,1.0,0.0,0.0,0.0,0.25,11.0,7.0,0.9439,0.9444,4.0,1.0,99.0,119.0,1.0,1.0,0.0,0.0,0.0,0.0,1.0,1.0,0.0,0.0,2.0,2.0,0.8,0.9,4.0,9.0,1.0,1.0,3.0,8.0,0.0,0.0,0.875,0.8632,210.0,164.0,0.4457,0.5543,2.0,2.0,2.0,1.0,16.0,14.0,2.0,1.0,1.0,0.0,1.0,0.0,1.0,0.0,1.0,2.0,1.0,0.0,0.0,0.0,0.0,0.0
2025-10-11,Glasgow,Dragons,49.0,0.0,8.0,10.0,10.0,17.0,49.0,0.0,14.0,0.0,176.0,107.0,75.0,32.0,86.0,71.0,8.0,5.0,6.0,0.0,20.0,11.0,0.0,0.0,0.0,0.0,0.0,0.0,6.0,0.0,478.0,278.0,478.0,278.0,1.0,0.0,0.0,0.0,20.0,11.0,0.9333,0.8125,0.0,0.0,0.0,0.0,1.0,0.0,0.0,0.0,0.0,2.0,0.0,3.0,14.0,13.0,0.8571,0.3333,1.0,2.0,0.0,0.0,7.0,3.0,6.0,1.0,5.0,1.0,0.0,0.0,0.0,0.0,1.0,0.0,596.0,189.0,0.0,0.0,0.0,0.0,0.0,0.0,11.0,20.0,14.0,7.0,42.0,31.0,8.0,4.0,228.0,144.0,12.0,10.0,0.0,0.0,0.0,0.0,0.0,3.0,0.0,0.0,0.0,0.0,0.0,1.0,0.0,1.0,1.0,0.0,4.0,3.0,1.0,0.0,0.0,0.0,1.0,0.0,49.0,0.0,49.0,0.0,0.5919,0.4081,0.0,0.0,0.0,0.0,0.0,0.0,0.0,0.0,0.0,0.0,1.0,7.0,0.0,0.0,0.0,0.0,0.0,0.0,4.0,4.0,0.937,0.9639,1.0,1.0,117.0,77.0,1.0,1.0,1.0,0.0,0.0,1.0,0.0,0.0,0.0,0.0,2.0,0.0,0.8332999999999999,0.8571,5.0,6.0,2.0,1.0,2.0,3.0,1.0,2.0,0.8889,0.8423,152.0,203.0,0.542,0.4579999999999999,6.0,0.0,6.0,0.0,15.0,16.0,7.0,0.0,4.0,0.0,0.0,0.0,0.0,0.0,0.0,1.0,0.0,0.0,0.0,0.0,0.0,1.0
2025-10-11,Leinster,Sharks,31.0,5.0,9.0,4.0,19.0,16.0,31.0,5.0,21.0,5.0,145.0,95.0,69.0,32.0,53.0,50.0,13.0,5.0,3.0,0.0,22.0,17.0,0.0,0.0,0.0,0.0,0.0,0.0,3.0,0.0,791.0,691.0,791.0,691.0,0.6,0.0,0.0,0.0,34.0,30.0,0.9412,0.6875,1.0,1.0,0.0,0.0,0.0,0.0,0.0,0.0,1.0,0.0,0.0,4.0,16.0,11.0,0.75,0.6667000000000001,1.0,1.0,0.0,0.0,4.0,3.0,3.0,2.0,3.0,2.0,0.0,0.0,0.0,0.0,0.0,0.0,536.0,264.0,2.0,1.0,2.0,1.0,0.0,0.0,17.0,22.0,14.0,7.0,54.0,38.0,13.0,3.0,181.0,105.0,5.0,11.0,0.0,0.0,0.0,0.0,0.0,3.0,0.0,1.0,0.0,0.0,0.0,0.0,2.0,1.0,0.0,0.0,5.0,1.0,0.0,2.0,0.0,0.0,0.0,0.0,31.0,5.0,31.0,5.0,0.5637,0.4363,0.0,0.0,0.0,0.0,0.0,0.0,0.0,0.0,0.0,0.0,2.0,6.0,0.0,0.0,0.0,0.0,0.0,0.0,8.0,9.0,1.0,0.9259,0.0,2.0,90.0,75.0,1.0,0.0,0.0,0.0,0.0,0.0,1.0,0.0,0.0,0.0,2.0,2.0,0.8332999999999999,1.0,5.0,7.0,0.0,2.0,4.0,3.0,1.0,2.0,0.8609,0.7411,130.0,146.0,0.5131,0.4869,5.0,1.0,3.0,0.0,17.0,16.0,5.0,1.0,3.0,0.0,1.0,0.0,2.0,0.0,1.0,0.0,1.0,0.0,0.0,0.0,1.0,0.0
2025-10-11,Ospreys,Zebre,24.0,0.0,6.0,6.0,20.0,16.0,24.0,0.0,14.0,0.0,176.0,68.0,73.0,22.0,78.0,32.0,8.0,5.0,3.0,0.0,42.0,14.0,0.0,0.0,0.0,0.0,0.0,0.0,4.0,0.0,625.0,502.0,625.0,502.0,1.0,0.0,0.0,0.0,27.0,20.0,0.9167,0.6875,1.0,0.0,0.0,0.0,0.0,1.0,0.0,0.0,0.0,1.0,0.0,4.0,11.0,11.0,1.0,1.0,0.0,0.0,0.0,0.0,5.0,4.0,5.0,4.0,5.0,4.0,0.0,0.0,0.0,0.0,0.0,0.0,558.0,279.0,0.0,0.0,0.0,0.0,0.0,0.0,14.0,42.0,11.0,2.0,50.0,34.0,14.0,6.0,191.0,93.0,7.0,11.0,0.0,0.0,0.0,2.0,0.0,0.0,0.0,0.0,0.0,0.0,0.0,0.0,0.0,0.0,0.0,0.0,2.0,6.0,0.0,0.0,1.0,0.0,0.0,0.0,24.0,0.0,24.0,0.0,0.6594,0.3406,0.0,0.0,0.0,0.0,0.0,0.0,0.0,0.0,0.0,0.0,1.0,5.0,1.0,0.0,0.0,0.0,1.0,0.0,7.0,2.0,0.9619,0.9362,1.0,0.0,98.0,41.0,0.0,3.0,0.0,2.0,0.0,0.0,0.0,1.0,0.0,0.0,0.0,3.0,1.0,0.7273000000000001,8.0,8.0,0.0,1.0,5.0,6.0,3.0,1.0,0.7419,0.7362000000000001,69.0,187.0,0.6404000000000001,0.3596,4.0,0.0,4.0,0.0,12.0,16.0,3.0,0.0,3.0,0.0,0.0,0.0,1.0,1.0,0.0,0.0,0.0,3.0,0.0,0.0,0.0,0.0
2025-10-11,Ulster,Bulls,28.0,7.0,5.0,9.0,17.0,18.0,28.0,7.0,7.0,7.0,116.0,100.0,51.0,44.0,50.0,44.0,14.0,1.0,4.0,1.0,23.0,21.0,0.0,0.0,0.0,0.0,0.0,0.0,4.0,1.0,486.0,458.0,486.0,458.0,0.8,1.0,0.0,0.0,20.0,21.0,0.8332999999999999,0.7646999999999999,0.0,2.0,0.0,0.0,0.0,0.0,0.0,0.0,0.0,1.0,1.0,2.0,5.0,13.0,0.75,0.25,1.0,3.0,0.0,0.0,4.0,4.0,3.0,1.0,3.0,1.0,0.0,0.0,0.0,0.0,0.0,0.0,445.0,301.0,0.0,0.0,1.0,0.0,1.0,0.0,21.0,23.0,11.0,14.0,38.0,46.0,17.0,7.0,133.0,117.0,16.0,7.0,0.0,0.0,0.0,1.0,0.0,0.0,0.0,1.0,0.0,0.0,0.0,0.0,4.0,2.0,0.0,0.0,7.0,1.0,0.0,0.0,0.0,0.0,0.0,0.0,28.0,7.0,28.0,7.0,0.4736999999999999,0.5263,0.0,0.0,0.0,0.0,0.0,0.0,0.0,0.0,0.0,1.0,2.0,5.0,0.0,2.0,0.0,1.0,0.0,0.3333,3.0,2.0,0.9333,0.961,3.0,0.0,67.0,70.0,0.0,0.0,0.0,0.0,0.0,0.0,0.0,0.0,0.0,0.0,2.0,1.0,1.0,1.0,10.0,12.0,1.0,1.0,9.0,5.0,0.0,6.0,0.7716,0.7093,125.0,122.0,0.4975,0.5025,5.0,1.0,4.0,1.0,6.0,17.0,4.0,1.0,1.0,1.0,0.0,0.0,1.0,1.0,0.0,0.0,0.0,0.0,0.0,0.0,1.0,1.0
2025-10-17,Connacht,Bulls,27.0,28.0,7.0,3.0,10.0,19.0,27.0,28.0,7.0,12.0,179.0,105.0,65.0,39.0,87.0,38.0,7.0,9.0,2.0,2.0,26.0,13.0,0.0,0.0,0.0,1.0,0.0,0.0,3.0,4.0,796.0,664.0,796.0,664.0,0.5,0.8,0.0,0.0,30.0,28.0,1.0,0.9167,0.0,0.0,0.0,0.0,0.0,0.0,2.0,1.0,0.0,0.0,0.0,1.0,10.0,11.0,1.0,0.5,0.0,2.0,0.0,0.0,3.0,4.0,3.0,2.0,3.0,2.0,0.0,0.0,0.0,0.0,0.0,0.0,437.0,369.0,2.0,1.0,3.0,1.0,1.0,0.0,13.0,26.0,8.0,6.0,44.0,44.0,6.0,3.0,196.0,122.0,9.0,6.0,0.0,0.0,0.0,0.0,5.0,1.0,0.0,0.0,1.0,2.0,0.0,0.0,0.0,1.0,0.0,0.0,3.0,1.0,0.0,2.0,1.0,2.0,0.0,0.0,27.0,28.0,24.0,25.0,0.6254,0.3746,0.0,0.0,1.0,0.0,0.0,2.0,0.0,0.0,0.0,1.0,7.0,6.0,0.0,0.0,0.0,1.0,0.2857,0.0,3.0,3.0,0.9928,0.9701,0.0,1.0,136.0,63.0,2.0,0.0,1.0,0.0,1.0,0.0,0.0,0.0,0.0,0.0,1.0,0.0,0.7143,1.0,5.0,4.0,1.0,0.0,4.0,2.0,0.0,2.0,0.8284,0.8641,111.0,248.0,0.6265999999999999,0.3734,6.0,5.0,3.0,4.0,10.0,12.0,4.0,3.0,3.0,3.0,0.0,0.0,1.0,0.0,0.0,1.0,1.0,1.0,0.0,2.0,0.0,0.0
2025-10-17,Dragons,Cardiff,17.0,24.0,7.0,4.0,13.0,14.0,17.0,24.0,7.0,17.0,132.0,125.0,43.0,37.0,75.0,66.0,10.0,6.0,2.0,2.0,22.0,18.0,0.0,0.0,0.0,0.0,0.0,0.0,3.0,2.0,875.0,870.0,875.0,870.0,0.6,0.5,0.0,0.0,34.0,38.0,0.9,0.8332999999999999,0.0,1.0,0.0,1.0,0.0,0.0,1.0,0.0,1.0,2.0,2.0,0.0,18.0,10.0,1.0,1.0,0.0,0.0,0.0,0.0,3.0,3.0,3.0,3.0,3.0,2.0,0.0,0.0,0.0,0.0,0.0,1.0,283.0,291.0,0.0,2.0,2.0,2.0,2.0,0.0,18.0,22.0,6.0,6.0,47.0,47.0,2.0,6.0,158.0,156.0,9.0,10.0,0.0,0.0,0.0,0.0,2.0,2.0,0.0,0.0,0.0,2.0,1.0,0.0,1.0,0.0,2.0,0.0,0.0,0.0,0.0,0.0,1.0,0.0,0.0,0.0,17.0,24.0,14.0,24.0,0.5282,0.4718,0.0,0.0,0.0,0.0,0.0,2.0,0.0,0.0,0.0,0.0,5.0,4.0,1.0,0.0,0.0,0.0,0.4,0.3333,5.0,6.0,0.9655,0.9694,2.0,0.0,108.0,92.0,0.0,0.0,0.0,0.0,0.0,0.0,0.0,0.0,0.0,0.0,1.0,0.0,1.0,1.0,3.0,2.0,0.0,0.0,3.0,2.0,0.0,0.0,0.8103,0.8522,158.0,173.0,0.521,0.479,5.0,4.0,3.0,2.0,20.0,12.0,2.0,4.0,0.0,3.0,0.0,0.0,1.0,1.0,1.0,1.0,0.0,0.0,2.0,1.0,0.0,0.0
2025-10-17,Edinburgh,Benetton,43.0,0.0,5.0,6.0,9.0,21.0,43.0,0.0,21.0,0.0,154.0,90.0,67.0,33.0,69.0,44.0,8.0,3.0,4.0,0.0,35.0,12.0,0.0,0.0,0.0,0.0,0.0,0.0,4.0,0.0,801.0,428.0,801.0,428.0,0.5714,0.0,0.0,0.0,40.0,16.0,1.0,0.7778,0.0,0.0,0.0,0.0,0.0,1.0,1.0,1.0,1.0,0.0,0.0,3.0,12.0,14.0,1.0,1.0,0.0,0.0,0.0,0.0,2.0,5.0,2.0,5.0,1.0,5.0,1.0,0.0,0.0,0.0,0.0,0.0,505.0,185.0,3.0,0.0,3.0,0.0,0.0,0.0,12.0,35.0,15.0,6.0,51.0,34.0,4.0,4.0,175.0,99.0,8.0,12.0,0.0,1.0,0.0,0.0,1.0,2.0,0.0,0.0,1.0,1.0,0.0,0.0,0.0,2.0,0.0,1.0,0.0,3.0,0.0,0.0,0.0,0.0,0.0,0.0,43.0,0.0,43.0,0.0,0.631,0.369,0.0,0.0,0.0,0.0,0.0,0.0,0.0,0.0,0.0,0.0,1.0,8.0,0.0,0.0,0.0,0.0,0.0,0.0,11.0,2.0,0.9391,0.9516,2.0,1.0,107.0,57.0,0.0,1.0,0.0,0.0,0.0,0.0,0.0,1.0,0.0,0.0,3.0,0.0,1.0,0.0,12.0,0.0,1.0,0.0,10.0,0.0,1.0,0.0,0.8016,0.7746,101.0,165.0,0.625,0.375,7.0,0.0,4.0,0.0,12.0,18.0,7.0,0.0,6.0,0.0,0.0,0.0,1.0,0.0,1.0,1.0,0.0,1.0,0.0,0.0,0.0,2.0
2025-10-18,Leinster,Munster,14.0,31.0,5.0,15.0,17.0,8.0,14.0,31.0,7.0,21.0,191.0,84.0,90.0,33.0,81.0,38.0,10.0,6.0,2.0,3.0,26.0,20.0,0.0,0.0,0.0,0.0,0.0,0.0,2.0,4.0,336.0,803.0,336.0,803.0,1.0,1.0,0.0,0.0,13.0,28.0,1.0,1.0,0.0,0.0,0.0,0.0,0.0,0.0,0.0,0.0,2.0,0.0,0.0,0.0,16.0,9.0,0.5,0.6667000000000001,3.0,1.0,0.0,0.0,6.0,3.0,3.0,2.0,3.0,2.0,0.0,0.0,0.0,0.0,0.0,0.0,587.0,323.0,0.0,0.0,0.0,0.0,0.0,0.0,20.0,26.0,19.0,10.0,44.0,38.0,12.0,7.0,205.0,83.0,7.0,15.0,0.0,0.0,0.0,0.0,0.0,1.0,0.0,0.0,0.0,0.0,0.0,0.0,1.0,0.0,1.0,0.0,0.0,7.0,0.0,1.0,0.0,1.0,0.0,1.0,14.0,31.0,14.0,28.0,0.6455,0.3545,0.0,0.0,0.0,0.0,0.0,0.0,0.0,0.0,0.0,0.0,6.0,2.0,0.0,0.0,0.0,0.0,0.0,0.0,1.0,6.0,0.9556,0.9661,2.0,0.0,123.0,56.0,1.0,2.0,0.0,1.0,1.0,0.0,0.0,1.0,0.0,0.0,0.0,2.0,0.8571,0.6667000000000001,6.0,4.0,0.0,0.0,1.0,4.0,5.0,0.0,0.7519,0.8133,97.0,244.0,0.6917,0.3082999999999999,2.0,4.0,2.0,4.0,16.0,9.0,2.0,4.0,1.0,2.0,0.0,1.0,0.0,0.0,0.0,1.0,1.0,0.0,1.0,1.0,1.0,1.0
2025-10-18,Lions,Scarlets,29.0,18.0,3.0,9.0,12.0,13.0,29.0,18.0,5.0,3.0,125.0,73.0,48.0,29.0,57.0,29.0,18.0,5.0,0.0,0.0,32.0,7.0,0.0,0.0,0.0,0.0,1.0,0.0,3.0,2.0,771.0,907.0,771.0,907.0,0.4286,0.5,0.0,0.0,30.0,31.0,0.9412,0.875,0.0,0.0,0.0,0.0,0.0,0.0,0.0,0.0,2.0,0.0,0.0,2.0,16.0,14.0,0.8571,1.0,1.0,0.0,0.0,0.0,7.0,1.0,6.0,1.0,4.0,0.0,1.0,0.0,0.0,1.0,1.0,0.0,398.0,177.0,4.0,1.0,4.0,2.0,0.0,1.0,7.0,32.0,10.0,5.0,48.0,40.0,9.0,4.0,155.0,89.0,10.0,9.0,1.0,0.0,0.0,0.0,1.0,0.0,0.0,0.0,1.0,0.0,1.0,0.0,0.0,3.0,0.0,0.0,0.0,4.0,0.0,1.0,3.0,2.0,0.0,1.0,29.0,18.0,20.0,12.0,0.5871999999999999,0.4128,0.0,0.0,0.0,0.0,1.0,0.0,0.0,0.0,0.0,0.0,5.0,7.0,0.0,0.0,0.0,0.0,0.0,0.0,7.0,5.0,0.9091,0.9615,3.0,1.0,79.0,48.0,0.0,3.0,0.0,0.0,0.0,0.0,0.0,3.0,0.0,0.0,2.0,0.0,1.0,0.25,4.0,1.0,1.0,0.0,3.0,1.0,0.0,0.0,0.8046,0.7337,70.0,135.0,0.5889,0.4111,7.0,4.0,3.0,2.0,17.0,16.0,4.0,2.0,2.0,0.0,0.0,0.0,2.0,3.0,0.0,1.0,0.0,0.0,0.0,0.0,1.0,0.0
2025-10-18,Ospreys,Glasgow,17.0,42.0,5.0,9.0,14.0,10.0,17.0,42.0,10.0,21.0,94.0,145.0,46.0,62.0,28.0,62.0,3.0,9.0,2.0,6.0,20.0,18.0,0.0,0.0,0.0,0.0,0.0,0.0,3.0,6.0,581.0,852.0,581.0,852.0,1.0,1.0,0.0,0.0,26.0,31.0,0.8462000000000001,0.9444,1.0,0.0,0.0,0.0,0.0,1.0,1.0,0.0,0.0,0.0,1.0,0.0,11.0,17.0,0.3333,1.0,4.0,0.0,0.0,0.0,6.0,8.0,2.0,8.0,2.0,5.0,0.0,1.0,0.0,0.0,0.0,2.0,323.0,397.0,0.0,0.0,0.0,0.0,0.0,0.0,18.0,20.0,7.0,15.0,42.0,47.0,4.0,5.0,97.0,163.0,9.0,10.0,0.0,0.0,0.0,0.0,1.0,1.0,0.0,0.0,0.0,1.0,1.0,1.0,1.0,2.0,0.0,0.0,3.0,3.0,1.0,0.0,1.0,0.0,0.0,0.0,17.0,42.0,14.0,42.0,0.4216,0.5784,0.0,0.0,0.0,0.0,0.0,0.0,0.0,0.0,0.0,0.0,6.0,4.0,1.0,0.0,0.0,0.0,0.125,0.0,2.0,5.0,0.9467,0.9643,1.0,0.0,70.0,108.0,2.0,1.0,1.0,1.0,0.0,0.0,1.0,0.0,0.0,0.0,2.0,1.0,0.7143,0.6667000000000001,5.0,2.0,1.0,1.0,3.0,1.0,1.0,0.0,0.8767,0.8289,192.0,126.0,0.3182,0.6818000000000001,3.0,6.0,3.0,6.0,13.0,18.0,2.0,6.0,1.0,2.0,0.0,0.0,0.0,0.0,1.0,1.0,0.0,0.0,0.0,0.0,1.0,0.0
2025-10-18,Sharks,Ulster,26.0,34.0,1.0,8.0,14.0,5.0,26.0,34.0,5.0,20.0,99.0,92.0,41.0,26.0,40.0,46.0,6.0,10.0,2.0,4.0,22.0,22.0,0.0,0.0,0.0,0.0,0.0,0.0,2.0,6.0,394.0,667.0,394.0,667.0,0.4,0.8571,0.0,0.0,16.0,24.0,0.9231,0.375,0.0,0.0,0.0,0.0,0.0,3.0,2.0,0.0,0.0,0.0,1.0,2.0,12.0,3.0,0.8571,1.0,1.0,0.0,0.0,0.0,7.0,2.0,6.0,2.0,4.0,2.0,1.0,0.0,0.0,0.0,1.0,0.0,257.0,316.0,1.0,0.0,3.0,1.0,2.0,1.0,22.0,22.0,12.0,4.0,41.0,29.0,4.0,8.0,109.0,92.0,7.0,17.0,0.0,1.0,0.0,0.0,2.0,0.0,0.0,0.0,0.0,2.0,0.0,0.0,2.0,7.0,0.0,0.0,0.0,5.0,0.0,0.0,0.0,2.0,1.0,0.0,26.0,34.0,26.0,31.0,0.5354,0.4646,0.0,0.0,1.0,0.0,1.0,1.0,0.0,0.0,0.0,0.0,7.0,5.0,2.0,0.0,0.0,0.0,0.2221999999999999,0.0,2.0,6.0,0.942,0.9844,1.0,0.0,64.0,63.0,0.0,1.0,0.0,0.0,0.0,0.0,0.0,1.0,0.0,0.0,6.0,1.0,1.0,0.6667000000000001,9.0,2.0,0.0,0.0,5.0,2.0,3.0,0.0,0.7279000000000001,0.7963,99.0,129.0,0.6178,0.3822,5.0,7.0,2.0,6.0,13.0,8.0,4.0,4.0,1.0,3.0,0.0,1.0,0.0,0.0,1.0,0.0,0.0,0.0,0.0,0.0,1.0,1.0
2025-10-18,Zebre,Stormers,13.0,31.0,6.0,8.0,13.0,14.0,13.0,31.0,7.0,12.0,101.0,69.0,28.0,30.0,52.0,25.0,4.0,10.0,1.0,3.0,11.0,16.0,0.0,1.0,0.0,0.0,0.0,0.0,3.0,3.0,562.0,787.0,562.0,787.0,1.0,0.6,0.0,0.0,25.0,27.0,0.6667000000000001,1.0,0.0,0.0,0.0,0.0,0.0,0.0,2.0,0.0,1.0,1.0,5.0,0.0,10.0,16.0,0.5,1.0,3.0,0.0,2.0,0.0,6.0,7.0,3.0,7.0,2.0,5.0,1.0,1.0,0.0,0.0,0.0,1.0,240.0,293.0,0.0,2.0,0.0,2.0,0.0,0.0,16.0,11.0,8.0,15.0,40.0,49.0,10.0,6.0,77.0,74.0,11.0,8.0,1.0,1.0,0.0,0.0,0.0,0.0,1.0,0.0,0.0,2.0,0.0,0.0,2.0,1.0,0.0,0.0,3.0,2.0,0.0,0.0,2.0,0.0,0.0,0.0,13.0,31.0,13.0,31.0,0.5625,0.4375,0.0,0.0,0.0,0.0,1.0,0.0,0.0,0.0,0.0,0.0,5.0,4.0,1.0,0.0,0.0,1.0,0.375,0.0,5.0,5.0,0.9577,0.9459,0.0,0.0,67.0,34.0,0.0,0.0,0.0,0.0,0.0,0.0,0.0,0.0,0.0,0.0,1.0,2.0,1.0,1.0,5.0,9.0,1.0,0.0,3.0,4.0,1.0,5.0,0.7143,0.7918999999999999,65.0,118.0,0.5059,0.4941,3.0,5.0,3.0,3.0,15.0,16.0,1.0,5.0,0.0,2.0,0.0,0.0,2.0,0.0,0.0,0.0,0.0,0.0,0.0,0.0,1.0,0.0
2025-10-24,Glasgow,Bulls,21.0,12.0,5.0,8.0,13.0,14.0,21.0,12.0,7.0,5.0,194.0,101.0,71.0,42.0,106.0,42.0,4.0,8.0,2.0,1.0,36.0,23.0,0.0,0.0,0.0,0.0,0.0,0.0,2.0,1.0,435.0,322.0,435.0,322.0,1.0,0.3333,0.0,0.0,16.0,15.0,0.9333,1.0,0.0,0.0,0.0,0.0,1.0,0.0,0.0,0.0,0.0,0.0,0.0,0.0,14.0,11.0,1.0,0.6667000000000001,0.0,2.0,0.0,0.0,5.0,6.0,5.0,4.0,4.0,4.0,0.0,0.0,1.0,0.0,0.0,0.0,423.0,417.0,0.0,1.0,0.0,2.0,0.0,1.0,23.0,36.0,14.0,6.0,38.0,34.0,10.0,6.0,240.0,120.0,7.0,13.0,0.0,1.0,0.0,0.0,1.0,2.0,0.0,2.0,0.0,0.0,0.0,0.0,0.0,3.0,0.0,0.0,5.0,2.0,1.0,0.0,0.0,0.0,1.0,0.0,21.0,12.0,21.0,12.0,0.65,0.35,0.0,0.0,0.0,0.0,0.0,0.0,0.0,0.0,0.0,0.0,3.0,4.0,0.0,0.0,0.0,0.0,0.0,0.0,1.0,3.0,0.9796,0.9552,2.0,0.0,140.0,63.0,1.0,1.0,1.0,0.0,0.0,0.0,0.0,1.0,0.0,0.0,1.0,2.0,0.875,0.875,7.0,7.0,0.0,0.0,6.0,3.0,1.0,4.0,0.7639,0.8,110.0,228.0,0.7443000000000001,0.2557,2.0,3.0,2.0,1.0,15.0,11.0,3.0,2.0,1.0,2.0,0.0,0.0,1.0,0.0,2.0,1.0,0.0,0.0,2.0,1.0,1.0,1.0
2025-10-25,Benetton,Stormers,16.0,31.0,6.0,5.0,14.0,10.0,16.0,31.0,16.0,8.0,110.0,102.0,33.0,45.0,50.0,27.0,4.0,6.0,1.0,2.0,15.0,21.0,0.0,1.0,0.0,0.0,1.0,0.0,4.0,6.0,741.0,1092.0,741.0,1092.0,0.6667000000000001,0.8571,0.0,0.0,26.0,40.0,0.8,1.0,0.0,0.0,0.0,0.0,0.0,0.0,0.0,1.0,0.0,0.0,1.0,0.0,8.0,10.0,1.0,1.0,0.0,0.0,0.0,0.0,1.0,5.0,1.0,5.0,1.0,4.0,0.0,1.0,0.0,0.0,0.0,0.0,367.0,359.0,0.0,1.0,2.0,1.0,2.0,0.0,21.0,15.0,4.0,10.0,40.0,49.0,4.0,5.0,118.0,107.0,8.0,7.0,1.0,0.0,0.0,0.0,0.0,1.0,0.0,1.0,2.0,0.0,0.0,0.0,1.0,0.0,0.0,0.0,4.0,2.0,0.0,0.0,3.0,4.0,0.0,0.0,16.0,31.0,7.0,25.0,0.5109,0.4891,0.0,0.0,0.0,0.0,1.0,1.0,0.0,0.0,0.0,0.0,7.0,5.0,0.0,0.0,0.0,0.0,0.0,0.0,2.0,8.0,0.939,0.9844,2.0,0.0,72.0,62.0,0.0,0.0,0.0,0.0,0.0,0.0,0.0,0.0,0.0,0.0,2.0,0.0,1.0,1.0,7.0,7.0,1.0,1.0,5.0,3.0,1.0,3.0,0.7609,0.8590000000000001,105.0,134.0,0.4896,0.5104,6.0,7.0,4.0,6.0,10.0,10.0,1.0,3.0,1.0,2.0,0.0,0.0,0.0,0.0,1.0,2.0,0.0,0.0,0.0,0.0,0.0,0.0
2025-10-25,Cardiff,Edinburgh,20.0,19.0,7.0,4.0,11.0,12.0,20.0,19.0,12.0,19.0,146.0,107.0,69.0,45.0,57.0,43.0,5.0,10.0,1.0,2.0,19.0,21.0,0.0,0.0,0.0,0.0,0.0,0.0,2.0,2.0,721.0,668.0,721.0,668.0,0.5,0.6667000000000001,0.0,0.0,28.0,28.0,0.6364,0.9091,0.0,0.0,0.0,0.0,1.0,0.0,0.0,0.0,0.0,0.0,3.0,1.0,7.0,10.0,1.0,1.0,0.0,0.0,0.0,0.0,2.0,5.0,2.0,5.0,2.0,5.0,0.0,0.0,0.0,0.0,0.0,0.0,398.0,426.0,2.0,1.0,2.0,1.0,0.0,0.0,21.0,19.0,6.0,8.0,38.0,43.0,4.0,2.0,157.0,107.0,7.0,5.0,0.0,0.0,0.0,0.0,0.0,0.0,1.0,0.0,0.0,0.0,0.0,0.0,1.0,0.0,0.0,0.0,3.0,2.0,0.0,0.0,1.0,0.0,0.0,0.0,20.0,19.0,17.0,19.0,0.5371,0.4629,0.0,0.0,0.0,0.0,0.0,0.0,0.0,0.0,0.0,0.0,4.0,5.0,0.0,0.0,0.0,0.0,0.0,0.0,6.0,6.0,0.9744,0.9263,0.0,3.0,114.0,86.0,0.0,1.0,0.0,0.0,0.0,0.0,0.0,1.0,0.0,0.0,0.0,1.0,1.0,0.8889,6.0,8.0,1.0,2.0,5.0,5.0,0.0,1.0,0.8351999999999999,0.8824,147.0,195.0,0.5068,0.4932,4.0,3.0,2.0,2.0,11.0,11.0,3.0,3.0,3.0,2.0,0.0,1.0,0.0,0.0,0.0,0.0,0.0,2.0,0.0,2.0,0.0,0.0
2025-10-25,Dragons,Ospreys,19.0,19.0,4.0,3.0,17.0,12.0,19.0,19.0,7.0,12.0,142.0,91.0,55.0,46.0,77.0,33.0,1.0,7.0,2.0,2.0,28.0,14.0,0.0,0.0,0.0,0.0,0.0,0.0,2.0,2.0,579.0,613.0,579.0,613.0,0.5,0.6667000000000001,0.0,0.0,22.0,26.0,1.0,0.8125,0.0,0.0,0.0,0.0,0.0,0.0,1.0,0.0,1.0,0.0,0.0,3.0,16.0,13.0,1.0,1.0,0.0,0.0,0.0,0.0,6.0,4.0,6.0,4.0,3.0,4.0,1.0,0.0,0.0,0.0,2.0,0.0,347.0,313.0,1.0,1.0,2.0,1.0,1.0,0.0,14.0,28.0,12.0,8.0,38.0,36.0,3.0,8.0,173.0,105.0,10.0,12.0,0.0,0.0,0.0,0.0,1.0,3.0,0.0,0.0,0.0,0.0,2.0,0.0,0.0,1.0,0.0,0.0,5.0,2.0,0.0,0.0,0.0,0.0,0.0,0.0,19.0,19.0,19.0,19.0,0.6328,0.3671999999999999,0.0,0.0,0.0,0.0,1.0,1.0,0.0,0.0,0.0,0.0,4.0,4.0,0.0,2.0,0.0,0.0,0.0,0.4,4.0,7.0,0.9612,0.9355,2.0,1.0,121.0,56.0,1.0,2.0,1.0,1.0,0.0,0.0,0.0,1.0,0.0,0.0,1.0,3.0,0.8,0.75,4.0,6.0,0.0,0.0,4.0,2.0,0.0,4.0,0.7966,0.8442000000000001,94.0,195.0,0.6681999999999999,0.3318,4.0,3.0,2.0,2.0,16.0,16.0,3.0,3.0,0.0,2.0,0.0,0.0,1.0,0.0,1.0,0.0,0.0,0.0,0.0,0.0,0.0,1.0
2025-10-25,Leinster,Zebre,50.0,26.0,6.0,2.0,7.0,12.0,50.0,26.0,26.0,21.0,134.0,105.0,64.0,30.0,54.0,62.0,10.0,7.0,5.0,3.0,14.0,17.0,0.0,0.0,0.0,0.0,0.0,0.0,5.0,3.0,606.0,556.0,606.0,556.0,0.625,0.75,0.0,0.0,24.0,22.0,1.0,1.0,0.0,0.0,0.0,0.0,0.0,0.0,0.0,1.0,0.0,0.0,0.0,0.0,11.0,12.0,1.0,0.8889,0.0,1.0,0.0,0.0,3.0,9.0,3.0,8.0,3.0,6.0,0.0,1.0,0.0,0.0,0.0,1.0,394.0,160.0,3.0,1.0,3.0,1.0,0.0,0.0,17.0,14.0,14.0,9.0,40.0,36.0,9.0,3.0,138.0,109.0,7.0,9.0,1.0,0.0,0.0,0.0,1.0,2.0,0.0,0.0,1.0,0.0,0.0,1.0,1.0,1.0,0.0,0.0,1.0,4.0,0.0,0.0,0.0,0.0,0.0,0.0,50.0,26.0,50.0,26.0,0.5357,0.4643,0.0,0.0,1.0,1.0,0.0,1.0,0.0,0.0,1.0,1.0,5.0,9.0,0.0,0.0,1.0,1.0,0.0,0.1,5.0,3.0,0.9694,0.9878,0.0,1.0,94.0,80.0,0.0,0.0,0.0,0.0,0.0,0.0,0.0,0.0,0.0,0.0,1.0,0.0,1.0,1.0,6.0,7.0,1.0,1.0,2.0,6.0,3.0,0.0,0.8423999999999999,0.8295,139.0,180.0,0.5314,0.4686,8.0,4.0,5.0,3.0,11.0,12.0,8.0,4.0,6.0,1.0,0.0,1.0,1.0,1.0,1.0,1.0,0.0,0.0,0.0,0.0,0.0,0.0
2025-10-25,Lions,Ulster,49.0,31.0,8.0,4.0,12.0,14.0,49.0,31.0,17.0,19.0,120.0,116.0,68.0,52.0,40.0,46.0,12.0,13.0,4.0,3.0,28.0,19.0,0.0,0.0,0.0,0.0,1.0,0.0,6.0,3.0,716.0,606.0,716.0,606.0,0.6667000000000001,0.6,0.0,0.0,20.0,21.0,0.8332999999999999,0.875,0.0,1.0,0.0,0.0,0.0,0.0,0.0,0.0,2.0,0.0,2.0,0.0,15.0,7.0,1.0,1.0,0.0,0.0,0.0,0.0,3.0,2.0,3.0,2.0,3.0,2.0,0.0,0.0,0.0,0.0,0.0,0.0,447.0,413.0,3.0,2.0,3.0,2.0,0.0,0.0,19.0,28.0,15.0,11.0,40.0,38.0,15.0,14.0,120.0,135.0,6.0,11.0,0.0,0.0,0.0,0.0,2.0,0.0,0.0,0.0,1.0,0.0,0.0,0.0,1.0,4.0,1.0,0.0,0.0,3.0,0.0,0.0,2.0,0.0,0.0,0.0,49.0,31.0,46.0,31.0,0.5136,0.4864,0.0,0.0,0.0,0.0,0.0,0.0,0.0,0.0,0.0,0.0,5.0,9.0,0.0,1.0,0.0,0.0,0.0,0.2221999999999999,3.0,5.0,0.9605,0.9452,2.0,1.0,72.0,68.0,0.0,1.0,0.0,0.0,0.0,0.0,0.0,1.0,0.0,0.0,1.0,0.0,1.0,0.8571,7.0,6.0,0.0,0.0,4.0,6.0,3.0,0.0,0.7452,0.6857,117.0,120.0,0.5215,0.4785,9.0,5.0,6.0,3.0,18.0,8.0,7.0,5.0,6.0,4.0,0.0,1.0,0.0,0.0,0.0,2.0,1.0,1.0,1.0,0.0,1.0,0.0
2025-10-25,Munster,Connacht,17.0,15.0,5.0,3.0,11.0,9.0,17.0,15.0,12.0,15.0,172.0,117.0,66.0,42.0,86.0,59.0,9.0,2.0,1.0,0.0,29.0,14.0,0.0,0.0,0.0,0.0,0.0,0.0,1.0,0.0,883.0,1017.0,883.0,1017.0,0.3333,0.0,0.0,0.0,33.0,31.0,0.8332999999999999,1.0,0.0,0.0,0.0,0.0,0.0,0.0,0.0,0.0,0.0,1.0,3.0,0.0,15.0,13.0,1.0,0.6667000000000001,0.0,1.0,0.0,0.0,5.0,3.0,5.0,2.0,5.0,2.0,0.0,0.0,0.0,0.0,0.0,0.0,485.0,257.0,2.0,3.0,2.0,3.0,0.0,0.0,14.0,29.0,11.0,6.0,44.0,47.0,9.0,1.0,226.0,144.0,8.0,8.0,0.0,0.0,0.0,0.0,2.0,2.0,0.0,0.0,0.0,0.0,0.0,1.0,2.0,0.0,1.0,0.0,1.0,3.0,0.0,0.0,0.0,0.0,0.0,0.0,17.0,15.0,17.0,15.0,0.5650999999999999,0.4349,0.0,0.0,0.0,0.0,0.0,0.0,0.0,0.0,0.0,0.0,3.0,4.0,0.0,0.0,1.0,0.0,0.0,0.0,3.0,3.0,0.9781,0.9574,0.0,0.0,132.0,90.0,0.0,0.0,0.0,0.0,0.0,0.0,0.0,0.0,0.0,0.0,3.0,0.0,1.0,1.0,7.0,6.0,1.0,1.0,4.0,5.0,2.0,0.0,0.8995000000000001,0.8364,170.0,230.0,0.6397999999999999,0.3602,3.0,3.0,1.0,0.0,18.0,13.0,3.0,3.0,1.0,2.0,0.0,0.0,1.0,0.0,2.0,0.0,0.0,0.0,0.0,0.0,0.0,0.0
2025-10-25,Sharks,Scarlets,29.0,19.0,6.0,7.0,16.0,13.0,29.0,19.0,19.0,14.0,105.0,70.0,53.0,30.0,34.0,28.0,9.0,10.0,3.0,2.0,30.0,11.0,0.0,0.0,0.0,0.0,0.0,0.0,4.0,2.0,500.0,597.0,500.0,597.0,0.8,0.6667000000000001,0.0,0.0,27.0,22.0,0.9444,0.8462000000000001,1.0,0.0,0.0,0.0,0.0,0.0,0.0,1.0,1.0,3.0,0.0,2.0,17.0,11.0,0.8571,0.5,1.0,1.0,1.0,0.0,7.0,2.0,6.0,1.0,5.0,1.0,1.0,0.0,0.0,0.0,0.0,0.0,383.0,246.0,1.0,1.0,1.0,1.0,0.0,0.0,11.0,30.0,13.0,10.0,44.0,37.0,8.0,5.0,127.0,79.0,7.0,13.0,0.0,1.0,0.0,1.0,0.0,0.0,0.0,0.0,1.0,0.0,0.0,0.0,1.0,2.0,0.0,0.0,1.0,4.0,1.0,1.0,1.0,0.0,0.0,0.0,29.0,19.0,26.0,19.0,0.5968,0.4032,0.0,0.0,0.0,0.0,0.0,0.0,0.0,0.0,0.0,0.0,4.0,6.0,0.0,0.0,0.0,0.0,0.4286,0.0,8.0,5.0,0.9571,0.95,1.0,1.0,63.0,36.0,0.0,0.0,0.0,0.0,0.0,0.0,0.0,0.0,0.0,0.0,1.0,0.0,1.0,1.0,7.0,6.0,0.0,0.0,3.0,5.0,4.0,1.0,0.7363,0.6933,67.0,113.0,0.6081,0.3918999999999999,5.0,3.0,4.0,2.0,18.0,13.0,4.0,3.0,2.0,2.0,0.0,0.0,1.0,1.0,1.0,0.0,1.0,0.0,0.0,0.0,0.0,1.0
2025-11-28,Dragons,Leinster,10.0,24.0,6.0,2.0,14.0,8.0,10.0,24.0,7.0,5.0,94.0,134.0,42.0,76.0,45.0,45.0,2.0,8.0,1.0,2.0,13.0,26.0,0.0,0.0,0.0,0.0,1.0,0.0,2.0,2.0,396.0,547.0,396.0,547.0,0.6667000000000001,0.5,0.0,0.0,13.0,25.0,0.6875,1.0,0.0,0.0,0.0,0.0,1.0,0.0,0.0,0.0,0.0,0.0,3.0,0.0,11.0,16.0,1.0,0.7143,0.0,2.0,0.0,1.0,7.0,7.0,7.0,5.0,4.0,5.0,3.0,0.0,0.0,0.0,0.0,0.0,173.0,417.0,0.0,2.0,1.0,2.0,1.0,0.0,26.0,13.0,9.0,15.0,35.0,39.0,4.0,8.0,88.0,160.0,8.0,17.0,0.0,2.0,0.0,0.0,2.0,1.0,0.0,0.0,1.0,0.0,0.0,0.0,1.0,6.0,0.0,1.0,7.0,2.0,0.0,1.0,1.0,0.0,0.0,0.0,10.0,24.0,7.0,24.0,0.46,0.54,0.0,0.0,0.0,0.0,0.0,0.0,0.0,0.0,0.0,0.0,5.0,3.0,0.0,0.0,0.0,0.0,0.1667,0.0,0.0,8.0,0.9877,0.9412,0.0,2.0,77.0,96.0,1.0,2.0,0.0,1.0,0.0,0.0,1.0,1.0,0.0,0.0,1.0,0.0,0.6667000000000001,0.75,2.0,6.0,0.0,2.0,2.0,0.0,0.0,4.0,0.7897,0.8687999999999999,169.0,139.0,0.5043,0.4957,3.0,4.0,2.0,2.0,16.0,16.0,1.0,4.0,0.0,3.0,0.0,0.0,1.0,0.0,1.0,0.0,0.0,0.0,1.0,1.0,0.0,3.0
2025-11-28,Ulster,Benetton,47.0,13.0,10.0,5.0,17.0,15.0,47.0,13.0,12.0,13.0,147.0,120.0,78.0,57.0,51.0,47.0,15.0,3.0,5.0,1.0,37.0,11.0,0.0,0.0,0.0,0.0,0.0,0.0,5.0,3.0,704.0,503.0,704.0,503.0,0.8332999999999999,1.0,0.0,0.0,23.0,21.0,0.8667,0.9091,1.0,0.0,0.0,0.0,0.0,0.0,0.0,0.0,0.0,0.0,1.0,1.0,13.0,10.0,1.0,0.75,0.0,1.0,0.0,0.0,5.0,4.0,5.0,3.0,5.0,3.0,0.0,0.0,0.0,0.0,0.0,0.0,561.0,382.0,1.0,0.0,1.0,0.0,0.0,0.0,11.0,37.0,15.0,7.0,44.0,39.0,9.0,6.0,212.0,129.0,10.0,9.0,0.0,0.0,1.0,1.0,0.0,1.0,0.0,0.0,0.0,0.0,1.0,0.0,1.0,0.0,0.0,0.0,3.0,1.0,0.0,0.0,0.0,2.0,1.0,0.0,47.0,13.0,47.0,10.0,0.5367000000000001,0.4633,0.0,0.0,0.0,0.0,0.0,0.0,0.0,0.0,0.0,0.0,3.0,8.0,0.0,0.0,0.0,0.0,0.3333,0.1110999999999999,6.0,5.0,0.9794,0.9205,1.0,4.0,92.0,78.0,1.0,0.0,0.0,0.0,0.0,0.0,1.0,0.0,0.0,0.0,0.0,2.0,0.8,1.0,4.0,7.0,0.0,0.0,3.0,5.0,1.0,2.0,0.858,0.7264,139.0,154.0,0.5571,0.4429,6.0,3.0,5.0,3.0,15.0,11.0,7.0,1.0,5.0,0.0,1.0,0.0,3.0,0.0,0.0,1.0,0.0,1.0,0.0,0.0,0.0,1.0
2025-11-29,Bulls,Lions,33.0,43.0,2.0,6.0,19.0,12.0,33.0,43.0,19.0,22.0,102.0,88.0,55.0,43.0,25.0,32.0,13.0,13.0,4.0,5.0,30.0,28.0,0.0,0.0,0.0,0.0,0.0,0.0,4.0,6.0,493.0,941.0,493.0,941.0,0.8,0.75,0.0,0.0,16.0,29.0,0.9231,0.7692,0.0,1.0,0.0,0.0,0.0,0.0,0.0,0.0,2.0,2.0,1.0,2.0,12.0,10.0,1.0,1.0,0.0,0.0,0.0,0.0,4.0,4.0,4.0,4.0,2.0,4.0,1.0,0.0,0.0,0.0,1.0,0.0,603.0,333.0,1.0,1.0,1.0,2.0,0.0,1.0,28.0,30.0,13.0,9.0,47.0,43.0,6.0,14.0,113.0,94.0,7.0,9.0,0.0,0.0,0.0,0.0,0.0,1.0,0.0,1.0,0.0,0.0,0.0,0.0,2.0,3.0,1.0,0.0,2.0,1.0,0.0,1.0,0.0,1.0,0.0,0.0,33.0,43.0,33.0,40.0,0.5670000000000001,0.433,0.0,0.0,0.0,0.0,1.0,0.0,0.0,0.0,0.0,0.0,8.0,5.0,0.0,0.0,0.0,0.0,0.0,0.0,1.0,8.0,0.9403,0.9762,1.0,0.0,59.0,40.0,0.0,0.0,0.0,0.0,0.0,0.0,0.0,0.0,0.0,0.0,1.0,4.0,1.0,1.0,9.0,9.0,1.0,1.0,8.0,7.0,0.0,1.0,0.5603,0.6901,65.0,98.0,0.5740999999999999,0.4259,5.0,8.0,4.0,6.0,13.0,13.0,5.0,6.0,4.0,4.0,0.0,1.0,2.0,0.0,1.0,0.0,1.0,1.0,0.0,0.0,0.0,0.0
2025-11-29,Connacht,Sharks,44.0,17.0,7.0,3.0,7.0,17.0,44.0,17.0,23.0,5.0,148.0,72.0,61.0,27.0,68.0,28.0,11.0,2.0,5.0,1.0,32.0,8.0,0.0,0.0,0.0,0.0,0.0,0.0,8.0,1.0,782.0,582.0,782.0,582.0,1.0,0.3333,0.0,0.0,29.0,21.0,0.6429,0.8181999999999999,0.0,0.0,0.0,0.0,0.0,1.0,0.0,1.0,1.0,0.0,5.0,1.0,9.0,9.0,1.0,1.0,0.0,0.0,0.0,0.0,3.0,5.0,3.0,5.0,2.0,4.0,1.0,0.0,0.0,0.0,0.0,1.0,395.0,208.0,0.0,2.0,0.0,2.0,0.0,0.0,8.0,32.0,11.0,5.0,42.0,33.0,6.0,2.0,176.0,85.0,7.0,11.0,0.0,1.0,0.0,0.0,2.0,0.0,0.0,0.0,1.0,0.0,0.0,0.0,0.0,2.0,0.0,0.0,2.0,2.0,0.0,0.0,3.0,0.0,0.0,0.0,44.0,17.0,44.0,17.0,0.6515000000000001,0.3485,0.0,0.0,0.0,0.0,0.0,0.0,0.0,0.0,0.0,0.0,4.0,8.0,0.0,0.0,0.0,2.0,0.0,0.0,9.0,3.0,0.9829,0.9273,0.0,2.0,109.0,51.0,0.0,0.0,0.0,0.0,0.0,0.0,0.0,0.0,0.0,0.0,1.0,1.0,1.0,1.0,8.0,3.0,2.0,0.0,6.0,1.0,0.0,2.0,0.8504999999999999,0.8117,91.0,194.0,0.7240000000000001,0.276,8.0,3.0,8.0,1.0,14.0,11.0,5.0,3.0,3.0,2.0,0.0,0.0,0.0,0.0,1.0,1.0,0.0,0.0,0.0,0.0,0.0,1.0
2025-11-29,Edinburgh,Ospreys,19.0,17.0,5.0,7.0,14.0,12.0,19.0,17.0,5.0,5.0,146.0,82.0,43.0,22.0,83.0,37.0,3.0,10.0,2.0,1.0,17.0,14.0,0.0,0.0,0.0,0.0,0.0,0.0,2.0,1.0,470.0,625.0,470.0,625.0,0.6667000000000001,0.3333,0.0,0.0,25.0,27.0,1.0,0.75,0.0,1.0,0.0,0.0,0.0,0.0,1.0,0.0,0.0,0.0,0.0,2.0,18.0,9.0,1.0,1.0,0.0,0.0,0.0,0.0,13.0,6.0,13.0,6.0,12.0,5.0,0.0,1.0,0.0,0.0,1.0,0.0,297.0,250.0,1.0,2.0,1.0,2.0,0.0,0.0,14.0,17.0,15.0,7.0,47.0,39.0,6.0,8.0,191.0,111.0,9.0,14.0,1.0,0.0,0.0,0.0,1.0,0.0,0.0,0.0,0.0,1.0,0.0,0.0,0.0,2.0,0.0,0.0,3.0,5.0,0.0,1.0,0.0,0.0,0.0,0.0,19.0,17.0,19.0,17.0,0.6275,0.3725,0.0,0.0,0.0,0.0,0.0,0.0,0.0,0.0,0.0,1.0,4.0,4.0,0.0,1.0,0.0,1.0,0.0,0.25,5.0,3.0,0.9417,0.9492,1.0,0.0,110.0,55.0,0.0,0.0,0.0,0.0,0.0,0.0,0.0,0.0,0.0,0.0,1.0,0.0,1.0,1.0,6.0,4.0,0.0,1.0,1.0,1.0,5.0,2.0,0.7679,0.8364,86.0,179.0,0.6636,0.3364,3.0,3.0,2.0,1.0,18.0,12.0,3.0,3.0,2.0,3.0,1.0,0.0,1.0,0.0,0.0,1.0,0.0,0.0,0.0,0.0,0.0,0.0
2025-11-29,Munster,Stormers,21.0,27.0,7.0,4.0,15.0,13.0,21.0,27.0,21.0,6.0,95.0,66.0,39.0,36.0,42.0,19.0,8.0,4.0,3.0,3.0,21.0,12.0,0.0,0.0,0.0,0.0,0.0,0.0,3.0,5.0,590.0,584.0,590.0,584.0,0.75,0.8332999999999999,0.0,0.0,33.0,23.0,0.8332999999999999,0.8571,0.0,0.0,0.0,0.0,0.0,0.0,1.0,1.0,0.0,1.0,2.0,3.0,10.0,18.0,0.6,0.5,2.0,3.0,0.0,0.0,5.0,6.0,3.0,3.0,3.0,2.0,0.0,1.0,0.0,0.0,0.0,0.0,369.0,274.0,0.0,0.0,1.0,1.0,1.0,1.0,12.0,21.0,12.0,7.0,42.0,41.0,9.0,4.0,107.0,58.0,13.0,10.0,0.0,0.0,0.0,0.0,1.0,2.0,0.0,0.0,1.0,1.0,0.0,0.0,1.0,2.0,0.0,0.0,7.0,1.0,1.0,0.0,0.0,2.0,0.0,0.0,21.0,27.0,21.0,21.0,0.5767,0.4233,0.0,0.0,0.0,0.0,1.0,1.0,0.0,0.0,0.0,0.0,6.0,4.0,1.0,0.0,0.0,0.0,0.125,0.0,7.0,3.0,0.9853,0.9286,0.0,1.0,65.0,37.0,1.0,1.0,0.0,1.0,0.0,0.0,1.0,0.0,0.0,0.0,3.0,1.0,0.8332999999999999,0.8571,5.0,6.0,0.0,1.0,5.0,0.0,0.0,5.0,0.7717,0.7432,71.0,110.0,0.5325,0.4675,4.0,6.0,3.0,5.0,12.0,21.0,3.0,3.0,3.0,1.0,0.0,1.0,0.0,0.0,1.0,0.0,0.0,1.0,0.0,0.0,1.0,2.0
2025-11-29,Scarlets,Glasgow,23.0,0.0,12.0,3.0,5.0,18.0,23.0,0.0,13.0,0.0,80.0,133.0,32.0,56.0,36.0,58.0,2.0,5.0,2.0,0.0,6.0,24.0,0.0,0.0,0.0,0.0,0.0,0.0,5.0,0.0,946.0,438.0,946.0,438.0,1.0,0.0,0.0,0.0,35.0,16.0,0.8125,0.875,1.0,0.0,0.0,0.0,1.0,1.0,0.0,1.0,4.0,0.0,1.0,1.0,13.0,14.0,0.75,0.7143,1.0,2.0,0.0,2.0,4.0,7.0,3.0,5.0,1.0,3.0,1.0,2.0,0.0,0.0,1.0,0.0,204.0,597.0,0.0,0.0,0.0,0.0,0.0,0.0,24.0,6.0,7.0,11.0,44.0,41.0,3.0,6.0,78.0,186.0,12.0,13.0,1.0,0.0,0.0,0.0,2.0,0.0,1.0,0.0,1.0,0.0,0.0,0.0,5.0,1.0,0.0,2.0,0.0,5.0,0.0,2.0,3.0,0.0,0.0,0.0,23.0,0.0,17.0,0.0,0.4443999999999999,0.5556,0.0,0.0,0.0,0.0,0.0,0.0,0.0,0.0,0.0,0.0,1.0,6.0,0.0,0.0,0.0,0.0,0.0,0.0,6.0,1.0,0.9714,0.9429,1.0,1.0,65.0,96.0,0.0,1.0,0.0,0.0,0.0,0.0,0.0,1.0,0.0,0.0,0.0,1.0,1.0,0.6667000000000001,8.0,2.0,1.0,0.0,4.0,2.0,3.0,0.0,0.8151999999999999,0.9174,172.0,111.0,0.3797,0.6203,5.0,0.0,5.0,0.0,16.0,16.0,2.0,0.0,0.0,0.0,0.0,0.0,0.0,0.0,1.0,1.0,0.0,0.0,0.0,0.0,1.0,0.0
2025-11-29,Zebre,Cardiff,14.0,29.0,10.0,4.0,16.0,13.0,14.0,29.0,7.0,19.0,100.0,124.0,45.0,50.0,44.0,61.0,3.0,4.0,2.0,3.0,18.0,15.0,0.0,0.0,0.0,0.0,0.0,0.0,2.0,4.0,608.0,842.0,608.0,842.0,0.6667000000000001,0.8,0.0,0.0,19.0,31.0,0.8234999999999999,0.9444,0.0,0.0,0.0,0.0,1.0,0.0,0.0,0.0,0.0,0.0,2.0,1.0,14.0,17.0,1.0,0.8571,0.0,1.0,0.0,0.0,6.0,7.0,6.0,6.0,4.0,2.0,1.0,1.0,0.0,0.0,1.0,3.0,238.0,254.0,0.0,1.0,1.0,1.0,1.0,0.0,15.0,18.0,11.0,15.0,40.0,49.0,5.0,3.0,103.0,162.0,13.0,9.0,1.0,1.0,1.0,0.0,0.0,1.0,1.0,0.0,0.0,0.0,2.0,0.0,4.0,2.0,0.0,0.0,2.0,0.0,0.0,1.0,0.0,1.0,0.0,0.0,14.0,29.0,14.0,26.0,0.4578,0.5422,0.0,0.0,0.0,0.0,0.0,1.0,0.0,0.0,1.0,0.0,4.0,3.0,0.0,0.0,1.0,0.0,0.0,0.0,1.0,8.0,0.9867,0.9247,0.0,4.0,71.0,83.0,1.0,0.0,0.0,0.0,0.0,0.0,1.0,0.0,0.0,0.0,1.0,0.0,0.6667000000000001,1.0,2.0,10.0,0.0,1.0,2.0,9.0,0.0,0.0,0.8431000000000001,0.8025,129.0,126.0,0.4254,0.5746,3.0,5.0,2.0,4.0,17.0,18.0,2.0,4.0,1.0,0.0,0.0,0.0,0.0,0.0,0.0,1.0,0.0,0.0,0.0,0.0,3.0,1.0
2025-12-19,Cardiff,Scarlets,17.0,21.0,3.0,11.0,17.0,10.0,17.0,21.0,10.0,7.0,170.0,76.0,76.0,29.0,71.0,35.0,4.0,3.0,2.0,3.0,27.0,15.0,0.0,0.0,0.0,0.0,0.0,0.0,3.0,3.0,550.0,867.0,550.0,867.0,1.0,1.0,0.0,0.0,25.0,33.0,0.9333,0.8462000000000001,0.0,0.0,0.0,0.0,0.0,2.0,0.0,0.0,0.0,0.0,1.0,0.0,14.0,11.0,0.8332999999999999,1.0,1.0,0.0,0.0,0.0,6.0,3.0,5.0,3.0,4.0,3.0,1.0,0.0,0.0,0.0,0.0,0.0,474.0,236.0,0.0,0.0,0.0,0.0,0.0,0.0,15.0,27.0,22.0,5.0,50.0,37.0,7.0,1.0,210.0,74.0,5.0,15.0,0.0,0.0,0.0,1.0,0.0,2.0,0.0,0.0,0.0,0.0,0.0,1.0,1.0,6.0,0.0,0.0,3.0,4.0,0.0,1.0,1.0,0.0,0.0,0.0,17.0,21.0,17.0,21.0,0.6464,0.3535999999999999,0.0,0.0,0.0,0.0,0.0,0.0,0.0,0.0,0.0,0.0,4.0,3.0,1.0,0.0,0.0,0.0,0.25,0.2,5.0,7.0,0.9756,0.9825,1.0,1.0,118.0,56.0,0.0,1.0,0.0,0.0,0.0,0.0,0.0,1.0,0.0,0.0,0.0,1.0,1.0,0.8332999999999999,10.0,5.0,2.0,1.0,7.0,2.0,1.0,2.0,0.8332999999999999,0.8008,95.0,193.0,0.7434000000000001,0.2566,3.0,3.0,3.0,3.0,15.0,13.0,2.0,3.0,2.0,1.0,1.0,0.0,0.0,0.0,0.0,0.0,1.0,1.0,0.0,1.0,0.0,3.0
2025-12-19,Leinster,Ulster,24.0,20.0,5.0,5.0,13.0,14.0,24.0,20.0,7.0,17.0,168.0,92.0,81.0,35.0,69.0,32.0,7.0,3.0,2.0,1.0,13.0,21.0,0.0,0.0,0.0,0.0,0.0,0.0,2.0,2.0,610.0,710.0,610.0,710.0,0.5,0.5,0.0,0.0,26.0,27.0,0.9412,0.9167,0.0,0.0,0.0,0.0,1.0,0.0,0.0,0.0,0.0,3.0,0.0,1.0,16.0,11.0,0.75,0.8571,1.0,1.0,1.0,0.0,4.0,7.0,3.0,6.0,2.0,6.0,0.0,0.0,0.0,0.0,1.0,0.0,412.0,338.0,2.0,2.0,2.0,2.0,0.0,0.0,21.0,13.0,11.0,6.0,46.0,41.0,6.0,4.0,200.0,82.0,8.0,11.0,0.0,0.0,0.0,1.0,2.0,2.0,0.0,0.0,0.0,2.0,0.0,0.0,1.0,1.0,0.0,0.0,0.0,4.0,1.0,0.0,0.0,1.0,0.0,0.0,24.0,20.0,24.0,17.0,0.6227,0.3772999999999999,0.0,0.0,0.0,0.0,0.0,0.0,0.0,0.0,0.0,0.0,5.0,5.0,0.0,0.0,0.0,0.0,0.0,0.2,4.0,5.0,0.9764,0.9538,0.0,0.0,122.0,61.0,0.0,1.0,0.0,0.0,0.0,0.0,0.0,1.0,0.0,0.0,1.0,0.0,1.0,0.8,9.0,4.0,0.0,0.0,6.0,4.0,3.0,0.0,0.7902,0.9055,113.0,230.0,0.6344,0.3656,4.0,4.0,2.0,2.0,17.0,12.0,4.0,3.0,3.0,3.0,0.0,2.0,1.0,1.0,0.0,0.0,0.0,2.0,0.0,0.0,1.0,1.0
2025-12-20,Benetton,Zebre,21.0,15.0,5.0,6.0,19.0,9.0,21.0,15.0,13.0,3.0,133.0,115.0,43.0,48.0,69.0,52.0,6.0,5.0,1.0,1.0,17.0,17.0,0.0,0.0,0.0,0.0,0.0,0.0,4.0,2.0,518.0,743.0,518.0,743.0,0.8,0.6667000000000001,0.0,0.0,20.0,25.0,0.8667,1.0,1.0,0.0,0.0,0.0,0.0,0.0,1.0,0.0,1.0,0.0,1.0,0.0,13.0,9.0,1.0,0.8571,0.0,1.0,0.0,0.0,5.0,7.0,5.0,6.0,4.0,5.0,0.0,1.0,0.0,0.0,1.0,0.0,358.0,275.0,1.0,1.0,1.0,1.0,0.0,0.0,17.0,17.0,8.0,7.0,40.0,40.0,11.0,7.0,135.0,119.0,3.0,13.0,1.0,0.0,0.0,1.0,1.0,2.0,0.0,0.0,0.0,1.0,0.0,0.0,0.0,0.0,0.0,1.0,1.0,2.0,0.0,1.0,3.0,1.0,0.0,0.0,21.0,15.0,12.0,12.0,0.5103,0.4896999999999999,0.0,0.0,0.0,0.0,0.0,0.0,0.0,0.0,0.0,0.0,4.0,6.0,0.0,0.0,0.0,0.0,0.0,0.0,3.0,3.0,0.9767,0.9634,1.0,0.0,79.0,78.0,0.0,0.0,0.0,0.0,0.0,0.0,0.0,0.0,0.0,0.0,2.0,1.0,1.0,1.0,4.0,8.0,1.0,1.0,2.0,7.0,1.0,0.0,0.8402,0.8286,142.0,145.0,0.4593,0.5407,5.0,3.0,4.0,2.0,15.0,9.0,2.0,2.0,1.0,1.0,0.0,0.0,0.0,2.0,2.0,0.0,1.0,0.0,2.0,0.0,1.0,0.0
2025-12-20,Dragons,Connacht,48.0,28.0,7.0,4.0,11.0,17.0,48.0,28.0,28.0,7.0,112.0,152.0,50.0,52.0,43.0,78.0,13.0,6.0,5.0,4.0,36.0,15.0,0.0,0.0,0.0,0.0,0.0,0.0,7.0,4.0,836.0,504.0,836.0,504.0,1.0,1.0,0.0,0.0,28.0,17.0,0.875,0.9286,0.0,0.0,0.0,0.0,0.0,0.0,0.0,1.0,0.0,0.0,1.0,1.0,7.0,13.0,1.0,0.6667000000000001,0.0,3.0,0.0,2.0,4.0,9.0,4.0,6.0,2.0,6.0,2.0,0.0,0.0,0.0,0.0,0.0,499.0,411.0,0.0,0.0,0.0,0.0,0.0,0.0,15.0,36.0,12.0,17.0,41.0,43.0,9.0,5.0,128.0,194.0,11.0,7.0,0.0,1.0,0.0,0.0,3.0,0.0,0.0,0.0,1.0,0.0,0.0,0.0,2.0,1.0,0.0,0.0,6.0,3.0,0.0,0.0,2.0,0.0,1.0,0.0,48.0,28.0,42.0,28.0,0.4436,0.5564,0.0,0.0,0.0,0.0,1.0,0.0,0.0,0.0,0.0,0.0,4.0,8.0,0.0,1.0,0.0,0.0,0.0,0.25,6.0,1.0,0.9747,0.9722,1.0,2.0,76.0,104.0,0.0,0.0,0.0,0.0,0.0,0.0,0.0,0.0,0.0,0.0,2.0,1.0,1.0,1.0,9.0,7.0,1.0,2.0,6.0,1.0,2.0,4.0,0.8632,0.7231000000000001,183.0,141.0,0.4454,0.5546,7.0,4.0,7.0,4.0,8.0,14.0,6.0,4.0,3.0,3.0,0.0,0.0,0.0,2.0,1.0,0.0,1.0,0.0,2.0,0.0,0.0,1.0
2025-12-20,Glasgow,Edinburgh,24.0,12.0,6.0,7.0,11.0,9.0,24.0,12.0,7.0,5.0,178.0,89.0,89.0,30.0,76.0,49.0,6.0,2.0,2.0,1.0,28.0,12.0,0.0,0.0,0.0,0.0,0.0,0.0,2.0,1.0,478.0,409.0,478.0,409.0,0.5,0.5,0.0,0.0,18.0,17.0,0.8181999999999999,0.8695999999999999,0.0,0.0,0.0,0.0,1.0,0.0,0.0,0.0,0.0,1.0,1.0,3.0,9.0,20.0,0.625,0.8571,3.0,1.0,0.0,0.0,8.0,7.0,5.0,6.0,4.0,2.0,0.0,3.0,0.0,0.0,1.0,1.0,421.0,209.0,2.0,1.0,2.0,1.0,0.0,0.0,12.0,28.0,17.0,11.0,36.0,38.0,6.0,1.0,190.0,91.0,15.0,13.0,2.0,0.0,0.0,0.0,3.0,5.0,0.0,0.0,0.0,0.0,1.0,0.0,1.0,2.0,1.0,0.0,2.0,1.0,2.0,1.0,0.0,0.0,0.0,0.0,24.0,12.0,24.0,12.0,0.6254,0.3746,0.0,0.0,0.0,0.0,0.0,0.0,0.0,0.0,0.0,0.0,3.0,4.0,0.0,0.0,0.0,0.0,0.0,0.0,2.0,1.0,0.993,0.9577,0.0,0.0,139.0,62.0,0.0,0.0,0.0,0.0,0.0,0.0,0.0,0.0,0.0,0.0,2.0,1.0,1.0,1.0,4.0,4.0,0.0,1.0,3.0,2.0,1.0,1.0,0.863,0.8633,126.0,259.0,0.6575,0.3425,4.0,2.0,2.0,1.0,11.0,23.0,4.0,2.0,2.0,1.0,0.0,0.0,1.0,0.0,3.0,0.0,0.0,1.0,0.0,2.0,0.0,1.0
2025-12-20,Ospreys,Munster,10.0,26.0,4.0,8.0,11.0,14.0,10.0,26.0,3.0,19.0,155.0,107.0,53.0,51.0,82.0,46.0,2.0,8.0,1.0,3.0,14.0,14.0,0.0,0.0,0.0,0.0,0.0,0.0,2.0,3.0,438.0,620.0,438.0,620.0,0.6667000000000001,0.75,0.0,0.0,20.0,28.0,0.75,1.0,1.0,0.0,0.0,0.0,0.0,0.0,1.0,0.0,0.0,0.0,2.0,0.0,9.0,13.0,0.8332999999999999,1.0,1.0,0.0,1.0,0.0,6.0,8.0,5.0,8.0,4.0,6.0,1.0,2.0,0.0,0.0,0.0,0.0,299.0,223.0,0.0,1.0,1.0,1.0,1.0,0.0,14.0,14.0,9.0,10.0,40.0,40.0,6.0,12.0,174.0,148.0,11.0,11.0,0.0,0.0,0.0,1.0,2.0,0.0,0.0,0.0,0.0,1.0,1.0,0.0,1.0,4.0,0.0,0.0,4.0,3.0,1.0,1.0,1.0,0.0,0.0,0.0,10.0,26.0,10.0,26.0,0.5792,0.4208,0.0,0.0,0.0,0.0,0.0,1.0,0.0,0.0,0.0,0.0,4.0,3.0,0.0,0.0,0.0,0.0,0.2,0.0,2.0,5.0,0.9322,0.9857,5.0,1.0,108.0,68.0,1.0,0.0,0.0,0.0,0.0,0.0,1.0,0.0,0.0,0.0,1.0,1.0,0.8889,1.0,8.0,5.0,1.0,1.0,5.0,2.0,2.0,2.0,0.7692,0.8955,100.0,197.0,0.583,0.417,3.0,4.0,2.0,3.0,12.0,13.0,1.0,4.0,0.0,2.0,0.0,0.0,0.0,0.0,0.0,1.0,0.0,0.0,0.0,0.0,1.0,1.0
2025-12-20,Sharks,Bulls,21.0,12.0,7.0,7.0,20.0,15.0,21.0,12.0,7.0,9.0,106.0,77.0,48.0,32.0,43.0,24.0,5.0,5.0,3.0,0.0,14.0,13.0,0.0,0.0,0.0,0.0,0.0,0.0,3.0,4.0,553.0,447.0,553.0,447.0,0.75,0.8,0.0,0.0,23.0,20.0,0.9091,0.7778,0.0,0.0,0.0,0.0,0.0,0.0,0.0,0.0,0.0,1.0,1.0,2.0,10.0,7.0,0.5,1.0,1.0,0.0,0.0,0.0,2.0,3.0,1.0,3.0,1.0,3.0,0.0,0.0,0.0,0.0,0.0,0.0,370.0,265.0,0.0,0.0,1.0,1.0,1.0,1.0,13.0,14.0,9.0,5.0,42.0,37.0,11.0,7.0,108.0,79.0,13.0,8.0,0.0,0.0,0.0,1.0,1.0,0.0,1.0,0.0,0.0,0.0,0.0,0.0,1.0,1.0,0.0,0.0,7.0,1.0,0.0,0.0,0.0,4.0,0.0,0.0,21.0,12.0,21.0,6.0,0.5645,0.4355,0.0,0.0,0.0,0.0,0.0,1.0,0.0,0.0,0.0,0.0,5.0,4.0,1.0,1.0,0.0,0.0,0.3333,0.2,6.0,1.0,0.9545,0.9167,1.0,1.0,60.0,41.0,0.0,1.0,0.0,0.0,0.0,0.0,0.0,1.0,0.0,0.0,3.0,3.0,1.0,0.9,8.0,9.0,0.0,1.0,8.0,2.0,0.0,6.0,0.8073,0.7173999999999999,88.0,99.0,0.5342,0.4658,4.0,5.0,3.0,4.0,11.0,9.0,3.0,0.0,1.0,0.0,1.0,0.0,0.0,0.0,0.0,0.0,0.0,0.0,0.0,0.0,0.0,1.0
2025-12-20,Stormers,Lions,34.0,27.0,4.0,5.0,15.0,13.0,34.0,27.0,10.0,17.0,93.0,109.0,49.0,45.0,31.0,49.0,8.0,4.0,4.0,3.0,10.0,16.0,0.0,0.0,0.0,0.0,0.0,0.0,6.0,5.0,497.0,673.0,497.0,673.0,1.0,1.0,0.0,0.0,18.0,24.0,0.9333,0.8332999999999999,0.0,0.0,0.0,0.0,1.0,0.0,0.0,0.0,0.0,1.0,0.0,2.0,14.0,10.0,0.7778,1.0,2.0,0.0,1.0,0.0,9.0,1.0,7.0,1.0,5.0,1.0,1.0,0.0,0.0,0.0,1.0,0.0,365.0,383.0,0.0,0.0,0.0,0.0,0.0,0.0,16.0,10.0,6.0,11.0,39.0,36.0,7.0,13.0,99.0,124.0,6.0,12.0,0.0,0.0,0.0,0.0,1.0,1.0,0.0,0.0,0.0,0.0,0.0,0.0,3.0,1.0,0.0,0.0,1.0,5.0,0.0,1.0,2.0,2.0,0.0,0.0,34.0,27.0,31.0,24.0,0.4836,0.5164,0.0,0.0,0.0,0.0,0.0,0.0,0.0,0.0,0.0,0.0,5.0,7.0,0.0,3.0,0.0,0.0,0.0,0.4286,2.0,6.0,0.9846,0.961,1.0,0.0,60.0,72.0,0.0,1.0,0.0,0.0,0.0,0.0,0.0,1.0,0.0,0.0,0.0,2.0,1.0,0.8571,8.0,6.0,0.0,0.0,4.0,5.0,4.0,1.0,0.8023,0.7984,142.0,103.0,0.4925,0.5075,6.0,5.0,6.0,5.0,15.0,12.0,4.0,3.0,2.0,3.0,0.0,1.0,0.0,0.0,1.0,0.0,0.0,0.0,0.0,1.0,0.0,0.0
2025-12-26,Cardiff,Dragons,22.0,19.0,6.0,7.0,16.0,10.0,22.0,19.0,12.0,12.0,167.0,132.0,67.0,47.0,79.0,67.0,5.0,9.0,2.0,1.0,15.0,17.0,0.0,0.0,0.0,0.0,0.0,0.0,3.0,1.0,714.0,824.0,714.0,824.0,0.75,0.5,0.0,0.0,28.0,30.0,1.0,0.7857,0.0,0.0,0.0,0.0,0.0,3.0,0.0,0.0,0.0,0.0,0.0,0.0,15.0,11.0,1.0,1.0,0.0,0.0,0.0,0.0,6.0,4.0,6.0,4.0,5.0,3.0,1.0,1.0,0.0,0.0,0.0,0.0,426.0,320.0,1.0,1.0,1.0,1.0,0.0,0.0,17.0,15.0,15.0,6.0,51.0,42.0,3.0,5.0,182.0,138.0,9.0,15.0,0.0,0.0,0.0,0.0,3.0,3.0,0.0,0.0,0.0,0.0,0.0,0.0,2.0,1.0,0.0,0.0,1.0,2.0,1.0,2.0,1.0,0.0,0.0,1.0,22.0,19.0,22.0,19.0,0.557,0.4429999999999999,0.0,0.0,0.0,0.0,0.0,1.0,0.0,0.0,0.0,0.0,4.0,5.0,0.0,1.0,0.0,0.0,0.0,0.1667,3.0,4.0,0.9766,0.9608,2.0,1.0,120.0,97.0,0.0,0.0,0.0,0.0,0.0,0.0,0.0,0.0,0.0,0.0,0.0,2.0,1.0,1.0,7.0,7.0,0.0,0.0,5.0,6.0,2.0,1.0,0.8687,0.9076,172.0,216.0,0.6103999999999999,0.3896,4.0,2.0,3.0,1.0,15.0,14.0,3.0,3.0,2.0,2.0,0.0,0.0,1.0,0.0,1.0,0.0,0.0,0.0,0.0,1.0,1.0,1.0
2025-12-26,Scarlets,Ospreys,19.0,26.0,3.0,5.0,21.0,7.0,19.0,26.0,7.0,14.0,175.0,88.0,68.0,38.0,86.0,32.0,10.0,6.0,2.0,3.0,24.0,26.0,0.0,0.0,0.0,0.0,0.0,0.0,2.0,3.0,575.0,693.0,575.0,693.0,0.6667000000000001,0.6,0.0,0.0,25.0,23.0,0.9333,0.6429,1.0,0.0,0.0,0.0,0.0,2.0,1.0,1.0,0.0,1.0,0.0,3.0,14.0,9.0,1.0,0.6667000000000001,0.0,2.0,0.0,0.0,3.0,6.0,3.0,4.0,3.0,3.0,0.0,1.0,0.0,0.0,0.0,0.0,407.0,324.0,1.0,1.0,1.0,2.0,0.0,1.0,26.0,24.0,13.0,9.0,46.0,38.0,8.0,6.0,187.0,96.0,8.0,10.0,0.0,0.0,0.0,2.0,2.0,1.0,0.0,0.0,1.0,1.0,0.0,0.0,0.0,2.0,0.0,0.0,0.0,3.0,1.0,1.0,0.0,0.0,0.0,0.0,19.0,26.0,19.0,26.0,0.6391,0.3609,0.0,0.0,0.0,0.0,1.0,1.0,0.0,0.0,0.0,0.0,5.0,3.0,0.0,1.0,0.0,0.0,0.2857,0.25,8.0,3.0,0.9466,0.9508,1.0,2.0,123.0,58.0,0.0,2.0,0.0,0.0,0.0,0.0,0.0,2.0,0.0,0.0,0.0,0.0,1.0,0.3333,7.0,1.0,1.0,0.0,6.0,1.0,0.0,0.0,0.7023,0.8541,92.0,240.0,0.6408,0.3592,3.0,5.0,2.0,3.0,15.0,14.0,3.0,4.0,2.0,3.0,0.0,1.0,4.0,0.0,0.0,0.0,0.0,1.0,0.0,0.0,1.0,2.0
2025-12-27,Connacht,Ulster,24.0,29.0,4.0,7.0,12.0,9.0,24.0,29.0,10.0,12.0,127.0,82.0,56.0,34.0,58.0,31.0,6.0,6.0,3.0,2.0,23.0,18.0,0.0,0.0,0.0,0.0,0.0,0.0,4.0,3.0,678.0,499.0,678.0,499.0,0.8,0.75,0.0,0.0,21.0,19.0,0.7778,0.8234999999999999,0.0,2.0,0.0,0.0,1.0,1.0,1.0,0.0,0.0,0.0,3.0,0.0,14.0,14.0,1.0,0.8571,0.0,1.0,0.0,0.0,5.0,7.0,5.0,6.0,5.0,4.0,0.0,1.0,0.0,0.0,0.0,1.0,373.0,301.0,0.0,1.0,1.0,1.0,1.0,0.0,18.0,23.0,9.0,11.0,36.0,38.0,2.0,4.0,144.0,102.0,17.0,14.0,1.0,0.0,0.0,1.0,2.0,0.0,1.0,1.0,1.0,2.0,0.0,1.0,2.0,1.0,0.0,0.0,3.0,3.0,2.0,1.0,1.0,1.0,0.0,1.0,24.0,29.0,24.0,26.0,0.5895,0.4105,0.0,0.0,0.0,0.0,0.0,1.0,0.0,0.0,0.0,0.0,5.0,5.0,0.0,0.0,1.0,0.0,0.0,0.0,4.0,2.0,0.9706,0.9492,0.0,0.0,95.0,51.0,0.0,2.0,0.0,0.0,0.0,0.0,0.0,2.0,0.0,0.0,0.0,2.0,1.0,0.7143,5.0,5.0,0.0,1.0,4.0,2.0,1.0,2.0,0.7731,0.8564,92.0,167.0,0.5403,0.4597,5.0,4.0,4.0,3.0,18.0,17.0,3.0,4.0,2.0,3.0,0.0,0.0,0.0,0.0,0.0,0.0,0.0,0.0,0.0,0.0,2.0,2.0
2025-12-27,Edinburgh,Glasgow,3.0,21.0,5.0,8.0,18.0,16.0,3.0,21.0,3.0,7.0,97.0,166.0,45.0,65.0,37.0,84.0,1.0,3.0,0.0,3.0,16.0,28.0,0.0,0.0,0.0,0.0,0.0,0.0,1.0,3.0,580.0,811.0,580.0,811.0,1.0,1.0,0.0,0.0,23.0,31.0,0.85,0.8824,0.0,1.0,0.0,0.0,0.0,0.0,1.0,1.0,1.0,1.0,3.0,1.0,17.0,15.0,0.6667000000000001,0.8,2.0,1.0,0.0,0.0,6.0,5.0,4.0,4.0,3.0,3.0,1.0,1.0,0.0,0.0,0.0,0.0,346.0,380.0,0.0,0.0,0.0,0.0,0.0,0.0,28.0,16.0,6.0,11.0,43.0,52.0,2.0,2.0,131.0,193.0,14.0,12.0,0.0,0.0,0.0,0.0,2.0,2.0,0.0,0.0,0.0,1.0,0.0,0.0,4.0,1.0,0.0,0.0,4.0,1.0,2.0,1.0,1.0,0.0,0.0,0.0,3.0,21.0,0.0,21.0,0.3881,0.6119,0.0,0.0,0.0,0.0,1.0,0.0,0.0,0.0,0.0,0.0,4.0,2.0,1.0,0.0,0.0,0.0,0.2,0.0,1.0,6.0,0.9189,0.9609,3.0,1.0,65.0,120.0,0.0,0.0,0.0,0.0,0.0,0.0,0.0,0.0,0.0,0.0,1.0,2.0,1.0,1.0,3.0,9.0,0.0,2.0,2.0,5.0,1.0,2.0,0.8643000000000001,0.8506999999999999,223.0,114.0,0.4443999999999999,0.5556,1.0,3.0,1.0,3.0,20.0,17.0,0.0,3.0,0.0,1.0,0.0,1.0,1.0,0.0,2.0,1.0,0.0,0.0,1.0,0.0,0.0,1.0
2025-12-27,Munster,Leinster,8.0,13.0,8.0,6.0,19.0,13.0,8.0,13.0,0.0,7.0,136.0,88.0,40.0,33.0,83.0,45.0,7.0,1.0,0.0,1.0,19.0,13.0,0.0,0.0,0.0,0.0,0.0,0.0,1.0,3.0,395.0,614.0,395.0,614.0,0.5,1.0,0.0,0.0,19.0,24.0,1.0,0.8571,0.0,0.0,0.0,0.0,0.0,0.0,0.0,0.0,0.0,0.0,0.0,2.0,18.0,12.0,0.8,0.6,1.0,2.0,0.0,0.0,5.0,5.0,4.0,3.0,4.0,1.0,0.0,2.0,0.0,0.0,0.0,0.0,190.0,104.0,1.0,0.0,1.0,0.0,0.0,0.0,13.0,19.0,7.0,5.0,41.0,40.0,8.0,4.0,165.0,112.0,9.0,13.0,1.0,0.0,0.0,0.0,0.0,3.0,0.0,0.0,0.0,0.0,0.0,0.0,1.0,1.0,1.0,0.0,4.0,2.0,0.0,0.0,1.0,2.0,0.0,0.0,8.0,13.0,8.0,10.0,0.6157,0.3843,0.0,0.0,0.0,0.0,0.0,0.0,0.0,0.0,0.0,0.0,4.0,3.0,1.0,0.0,0.0,0.0,0.2,0.0,2.0,4.0,0.9558,0.8983,3.0,3.0,104.0,52.0,2.0,0.0,1.0,0.0,0.0,0.0,1.0,0.0,0.0,0.0,0.0,2.0,0.6667000000000001,1.0,4.0,7.0,1.0,0.0,2.0,5.0,1.0,2.0,0.8583,0.8384,109.0,166.0,0.6296,0.3704,2.0,3.0,1.0,3.0,18.0,14.0,1.0,1.0,1.0,0.0,0.0,0.0,1.0,0.0,0.0,1.0,1.0,0.0,0.0,1.0,0.0,0.0
2025-12-27,Zebre,Benetton,23.0,37.0,7.0,4.0,8.0,5.0,23.0,37.0,9.0,16.0,108.0,145.0,28.0,48.0,57.0,75.0,4.0,8.0,2.0,3.0,17.0,26.0,0.0,0.0,0.0,0.0,0.0,0.0,5.0,6.0,546.0,519.0,546.0,519.0,1.0,1.0,0.0,0.0,21.0,19.0,1.0,0.9474,0.0,0.0,0.0,0.0,0.0,0.0,1.0,0.0,1.0,1.0,0.0,1.0,8.0,18.0,1.0,1.0,0.0,0.0,0.0,0.0,5.0,12.0,5.0,12.0,5.0,8.0,0.0,3.0,0.0,1.0,0.0,0.0,259.0,440.0,0.0,0.0,0.0,0.0,0.0,0.0,26.0,17.0,4.0,15.0,34.0,42.0,10.0,12.0,112.0,158.0,15.0,11.0,3.0,0.0,0.0,0.0,3.0,2.0,0.0,0.0,0.0,1.0,0.0,1.0,2.0,1.0,1.0,0.0,1.0,1.0,1.0,0.0,3.0,3.0,0.0,1.0,23.0,37.0,17.0,31.0,0.4526,0.5474,0.0,0.0,0.0,0.0,0.0,0.0,0.0,0.0,0.0,0.0,7.0,6.0,0.0,0.0,0.0,0.0,0.25,0.0,1.0,2.0,0.9726,0.9444,1.0,1.0,71.0,81.0,0.0,0.0,0.0,0.0,0.0,0.0,0.0,0.0,0.0,0.0,0.0,1.0,1.0,1.0,3.0,3.0,0.0,0.0,2.0,2.0,1.0,1.0,0.7646999999999999,0.7939,156.0,131.0,0.4216,0.5784,5.0,6.0,5.0,6.0,8.0,19.0,2.0,4.0,2.0,2.0,0.0,0.0,1.0,0.0,1.0,0.0,0.0,0.0,0.0,0.0,2.0,1.0
2026-01-01,Dragons,Scarlets,28.0,5.0,4.0,7.0,9.0,14.0,28.0,5.0,7.0,5.0,74.0,135.0,32.0,65.0,29.0,51.0,3.0,1.0,4.0,0.0,15.0,15.0,0.0,0.0,0.0,0.0,0.0,0.0,4.0,0.0,829.0,616.0,829.0,616.0,0.8,0.0,0.0,0.0,30.0,30.0,1.0,0.8421,0.0,1.0,0.0,0.0,0.0,0.0,1.0,0.0,1.0,1.0,0.0,2.0,14.0,16.0,0.875,0.7143,1.0,2.0,0.0,0.0,8.0,7.0,7.0,5.0,6.0,4.0,1.0,1.0,0.0,0.0,0.0,0.0,236.0,344.0,0.0,1.0,1.0,2.0,1.0,1.0,15.0,15.0,9.0,8.0,46.0,44.0,1.0,8.0,72.0,163.0,11.0,15.0,0.0,0.0,1.0,0.0,0.0,2.0,0.0,1.0,0.0,1.0,1.0,1.0,0.0,2.0,0.0,0.0,2.0,5.0,0.0,2.0,0.0,0.0,0.0,0.0,28.0,5.0,28.0,5.0,0.3943,0.6057,0.0,0.0,0.0,1.0,1.0,1.0,0.0,0.0,0.0,0.0,2.0,5.0,0.0,1.0,0.0,0.0,0.0,0.3333,2.0,8.0,0.9273,0.9813,2.0,0.0,49.0,101.0,0.0,0.0,0.0,0.0,0.0,0.0,0.0,0.0,0.0,0.0,2.0,2.0,1.0,1.0,8.0,5.0,1.0,1.0,3.0,3.0,4.0,1.0,0.8558,0.8,184.0,92.0,0.3596,0.6404000000000001,5.0,2.0,4.0,0.0,14.0,19.0,4.0,1.0,3.0,1.0,0.0,0.0,0.0,1.0,1.0,0.0,0.0,1.0,0.0,0.0,0.0,1.0
2026-01-01,Ospreys,Cardiff,33.0,22.0,9.0,13.0,18.0,13.0,33.0,22.0,12.0,7.0,151.0,127.0,73.0,58.0,57.0,53.0,8.0,12.0,4.0,1.0,21.0,21.0,0.0,0.0,0.0,0.0,0.0,0.0,4.0,1.0,753.0,625.0,753.0,625.0,0.8,0.25,0.0,0.0,29.0,24.0,0.9474,0.8667,0.0,0.0,0.0,0.0,0.0,0.0,0.0,0.0,0.0,0.0,1.0,2.0,18.0,13.0,0.8181999999999999,1.0,2.0,0.0,0.0,0.0,11.0,4.0,9.0,4.0,8.0,4.0,1.0,0.0,0.0,0.0,0.0,0.0,466.0,492.0,1.0,3.0,1.0,3.0,0.0,0.0,21.0,21.0,13.0,9.0,51.0,40.0,3.0,2.0,148.0,166.0,7.0,15.0,0.0,0.0,0.0,0.0,1.0,3.0,0.0,0.0,0.0,0.0,0.0,0.0,3.0,1.0,0.0,0.0,0.0,2.0,1.0,2.0,0.0,0.0,0.0,0.0,33.0,22.0,33.0,22.0,0.5623,0.4377,0.0,0.0,0.0,0.0,0.0,0.0,0.0,0.0,0.0,0.0,4.0,6.0,0.0,0.0,1.0,0.0,0.2,0.0,6.0,5.0,0.9304,0.9222,5.0,1.0,104.0,83.0,0.0,0.0,0.0,0.0,0.0,0.0,0.0,0.0,0.0,0.0,1.0,1.0,1.0,1.0,5.0,3.0,0.0,0.0,3.0,3.0,2.0,0.0,0.8284,0.8608,140.0,204.0,0.623,0.377,5.0,4.0,4.0,1.0,19.0,15.0,5.0,4.0,3.0,4.0,0.0,0.0,1.0,2.0,3.0,0.0,0.0,0.0,2.0,0.0,1.0,1.0
2026-01-02,Ulster,Munster,28.0,3.0,6.0,7.0,14.0,13.0,28.0,3.0,6.0,3.0,159.0,91.0,71.0,33.0,70.0,48.0,10.0,0.0,2.0,0.0,39.0,16.0,0.0,0.0,0.0,0.0,0.0,0.0,5.0,1.0,557.0,392.0,557.0,392.0,0.8332999999999999,1.0,0.0,0.0,21.0,21.0,1.0,0.9231,0.0,0.0,0.0,0.0,0.0,0.0,0.0,1.0,2.0,1.0,0.0,1.0,10.0,12.0,0.6667000000000001,1.0,1.0,0.0,0.0,0.0,3.0,3.0,2.0,3.0,2.0,3.0,0.0,0.0,0.0,0.0,0.0,0.0,407.0,229.0,1.0,0.0,1.0,0.0,0.0,0.0,16.0,39.0,16.0,3.0,41.0,32.0,6.0,0.0,165.0,118.0,5.0,10.0,0.0,0.0,0.0,0.0,0.0,0.0,0.0,0.0,1.0,0.0,1.0,0.0,0.0,2.0,0.0,0.0,0.0,1.0,1.0,1.0,3.0,1.0,0.0,0.0,28.0,3.0,19.0,3.0,0.6085,0.3914999999999999,0.0,0.0,0.0,0.0,0.0,0.0,0.0,0.0,0.0,0.0,2.0,7.0,0.0,1.0,0.0,0.0,0.0,0.1429,6.0,3.0,0.9748,0.9452,1.0,1.0,112.0,68.0,0.0,1.0,0.0,0.0,0.0,0.0,0.0,1.0,0.0,0.0,0.0,3.0,1.0,0.875,7.0,7.0,0.0,0.0,7.0,7.0,0.0,0.0,0.8733,0.8107,131.0,227.0,0.6635,0.3364999999999999,6.0,1.0,5.0,1.0,10.0,13.0,3.0,0.0,1.0,0.0,0.0,0.0,1.0,0.0,1.0,0.0,1.0,1.0,0.0,0.0,0.0,0.0
2026-01-03,Benetton,Edinburgh,14.0,15.0,4.0,9.0,20.0,7.0,14.0,15.0,0.0,10.0,145.0,134.0,65.0,63.0,60.0,57.0,4.0,3.0,2.0,1.0,28.0,24.0,0.0,0.0,0.0,0.0,0.0,0.0,2.0,2.0,392.0,624.0,392.0,624.0,0.6667000000000001,0.5,0.0,0.0,17.0,27.0,0.8234999999999999,0.7,0.0,0.0,0.0,0.0,2.0,0.0,2.0,0.0,1.0,0.0,1.0,3.0,14.0,7.0,0.875,0.6667000000000001,1.0,1.0,0.0,0.0,8.0,3.0,7.0,2.0,5.0,2.0,2.0,0.0,0.0,0.0,0.0,0.0,370.0,392.0,0.0,1.0,1.0,2.0,1.0,1.0,24.0,28.0,7.0,8.0,42.0,36.0,6.0,5.0,156.0,152.0,8.0,14.0,0.0,0.0,0.0,0.0,1.0,3.0,1.0,0.0,0.0,2.0,0.0,0.0,0.0,1.0,0.0,1.0,2.0,2.0,0.0,1.0,0.0,1.0,0.0,0.0,14.0,15.0,14.0,12.0,0.5242,0.4758,0.0,0.0,0.0,0.0,0.0,1.0,0.0,0.0,0.0,0.0,4.0,3.0,0.0,0.0,0.0,0.0,0.0,0.0,3.0,7.0,0.9429,0.9684,1.0,0.0,98.0,90.0,0.0,0.0,0.0,0.0,0.0,0.0,0.0,0.0,0.0,0.0,1.0,0.0,1.0,1.0,4.0,10.0,1.0,1.0,2.0,8.0,1.0,1.0,0.8245999999999999,0.8114,141.0,185.0,0.512,0.488,3.0,4.0,2.0,2.0,17.0,10.0,2.0,2.0,1.0,0.0,0.0,0.0,2.0,1.0,0.0,0.0,0.0,0.0,0.0,0.0,0.0,0.0
2026-01-03,Glasgow,Zebre,47.0,10.0,5.0,9.0,18.0,15.0,47.0,10.0,19.0,5.0,145.0,85.0,54.0,45.0,76.0,30.0,14.0,5.0,6.0,0.0,27.0,24.0,0.0,0.0,0.0,0.0,1.0,0.0,6.0,0.0,453.0,424.0,453.0,424.0,0.8571,0.0,0.0,0.0,19.0,18.0,0.9048,0.6364,0.0,0.0,0.0,0.0,0.0,1.0,0.0,0.0,1.0,1.0,1.0,3.0,19.0,7.0,0.875,0.75,1.0,1.0,0.0,0.0,8.0,4.0,7.0,3.0,4.0,2.0,1.0,0.0,0.0,0.0,2.0,1.0,498.0,263.0,1.0,2.0,1.0,2.0,0.0,0.0,24.0,27.0,13.0,5.0,46.0,32.0,4.0,5.0,200.0,87.0,7.0,13.0,0.0,1.0,0.0,0.0,2.0,0.0,0.0,1.0,1.0,0.0,0.0,0.0,1.0,3.0,0.0,0.0,1.0,2.0,1.0,1.0,0.0,0.0,0.0,0.0,47.0,10.0,47.0,10.0,0.5905,0.4095,0.0,0.0,0.0,0.0,0.0,0.0,0.0,0.0,0.0,0.0,3.0,8.0,0.0,1.0,0.0,1.0,0.0,0.1110999999999999,5.0,4.0,0.9512,0.9153,1.0,1.0,71.0,53.0,1.0,2.0,1.0,1.0,0.0,0.0,0.0,1.0,0.0,0.0,2.0,0.0,0.8571,0.6667000000000001,6.0,4.0,0.0,0.0,6.0,4.0,0.0,0.0,0.7612000000000001,0.7955,102.0,140.0,0.5532,0.4468,7.0,2.0,6.0,0.0,21.0,11.0,7.0,2.0,4.0,0.0,1.0,0.0,0.0,1.0,0.0,1.0,1.0,0.0,0.0,0.0,0.0,1.0
2026-01-03,Leinster,Connacht,52.0,17.0,7.0,6.0,14.0,17.0,52.0,17.0,19.0,17.0,137.0,107.0,76.0,50.0,46.0,42.0,15.0,8.0,6.0,2.0,28.0,27.0,0.0,0.0,0.0,0.0,0.0,1.0,6.0,3.0,585.0,397.0,585.0,397.0,0.75,1.0,0.0,0.0,24.0,16.0,0.9091,0.6429,0.0,3.0,0.0,0.0,0.0,1.0,0.0,0.0,1.0,0.0,1.0,0.0,10.0,9.0,0.75,1.0,1.0,0.0,0.0,0.0,4.0,3.0,3.0,3.0,3.0,3.0,0.0,0.0,0.0,0.0,0.0,0.0,649.0,362.0,2.0,0.0,2.0,0.0,0.0,0.0,27.0,28.0,15.0,9.0,44.0,37.0,7.0,6.0,179.0,120.0,14.0,9.0,0.0,0.0,0.0,0.0,1.0,0.0,0.0,0.0,0.0,1.0,1.0,0.0,2.0,1.0,0.0,0.0,6.0,2.0,1.0,2.0,0.0,1.0,0.0,0.0,52.0,17.0,52.0,17.0,0.5368999999999999,0.4631,0.0,0.0,0.0,0.0,0.0,0.0,0.0,0.0,0.0,0.0,4.0,9.0,0.0,1.0,1.0,0.0,0.0,0.3333,5.0,1.0,0.9457,0.95,1.0,0.0,83.0,74.0,0.0,0.0,0.0,0.0,0.0,0.0,0.0,0.0,0.0,0.0,0.0,1.0,1.0,1.0,7.0,9.0,1.0,2.0,5.0,3.0,1.0,4.0,0.7637,0.7744,139.0,151.0,0.5522,0.4478,8.0,3.0,6.0,3.0,11.0,14.0,8.0,2.0,6.0,0.0,0.0,0.0,0.0,0.0,2.0,0.0,1.0,1.0,0.0,0.0,1.0,0.0
2026-01-03,Sharks,Lions,22.0,23.0,4.0,7.0,17.0,9.0,22.0,23.0,17.0,18.0,105.0,95.0,44.0,39.0,44.0,34.0,8.0,11.0,1.0,1.0,22.0,29.0,0.0,0.0,0.0,0.0,0.0,0.0,1.0,3.0,777.0,717.0,777.0,717.0,0.25,0.6,0.0,0.0,28.0,28.0,1.0,0.7692,0.0,0.0,0.0,0.0,0.0,0.0,1.0,0.0,0.0,1.0,0.0,3.0,13.0,10.0,0.8332999999999999,1.0,1.0,0.0,0.0,0.0,6.0,1.0,5.0,1.0,5.0,1.0,0.0,0.0,0.0,0.0,0.0,0.0,272.0,385.0,3.0,2.0,3.0,2.0,0.0,0.0,29.0,22.0,11.0,11.0,44.0,41.0,5.0,12.0,91.0,102.0,11.0,11.0,0.0,0.0,0.0,0.0,1.0,2.0,1.0,1.0,0.0,1.0,1.0,0.0,3.0,0.0,0.0,0.0,2.0,4.0,0.0,1.0,0.0,2.0,0.0,0.0,22.0,23.0,22.0,20.0,0.5217,0.4783,0.0,0.0,0.0,1.0,0.0,0.0,0.0,0.0,1.0,0.0,5.0,5.0,1.0,0.0,1.0,0.0,0.2,0.0,6.0,2.0,0.9846,0.9508,0.0,0.0,61.0,55.0,1.0,0.0,0.0,0.0,0.0,0.0,1.0,0.0,0.0,0.0,1.0,0.0,0.875,1.0,7.0,7.0,0.0,1.0,3.0,6.0,4.0,0.0,0.6503,0.7696999999999999,93.0,117.0,0.517,0.483,4.0,5.0,1.0,3.0,13.0,13.0,4.0,3.0,1.0,2.0,0.0,0.0,0.0,0.0,1.0,0.0,1.0,0.0,0.0,1.0,0.0,0.0
2026-01-03,Stormers,Bulls,13.0,8.0,3.0,6.0,21.0,15.0,13.0,8.0,8.0,5.0,89.0,82.0,41.0,32.0,37.0,34.0,5.0,5.0,0.0,0.0,24.0,13.0,1.0,0.0,0.0,0.0,0.0,1.0,1.0,1.0,477.0,603.0,477.0,603.0,0.3333,0.25,0.0,0.0,18.0,21.0,1.0,0.9167,0.0,0.0,0.0,0.0,0.0,0.0,1.0,2.0,1.0,0.0,0.0,0.0,18.0,11.0,0.8889,1.0,1.0,0.0,0.0,0.0,9.0,2.0,8.0,2.0,3.0,1.0,4.0,1.0,0.0,0.0,1.0,0.0,273.0,205.0,2.0,1.0,2.0,3.0,0.0,2.0,13.0,24.0,15.0,8.0,48.0,40.0,8.0,7.0,91.0,65.0,13.0,16.0,0.0,3.0,0.0,0.0,0.0,2.0,0.0,2.0,2.0,2.0,0.0,0.0,3.0,1.0,0.0,0.0,3.0,3.0,1.0,1.0,1.0,1.0,0.0,0.0,13.0,8.0,10.0,5.0,0.5663,0.4337,0.0,0.0,0.0,0.0,2.0,1.0,0.0,0.0,0.0,1.0,3.0,4.0,1.0,1.0,0.0,1.0,0.4,0.4,2.0,2.0,0.9545,0.9783,1.0,0.0,59.0,43.0,1.0,0.0,0.0,0.0,0.0,0.0,1.0,0.0,0.0,0.0,1.0,0.0,0.9167,1.0,11.0,4.0,0.0,0.0,8.0,2.0,3.0,2.0,0.8,0.7241,92.0,105.0,0.5543,0.4457,3.0,4.0,1.0,1.0,18.0,12.0,2.0,1.0,0.0,0.0,0.0,0.0,1.0,0.0,0.0,2.0,1.0,0.0,0.0,0.0,0.0,1.0
2026-01-23,Edinburgh,Bulls,17.0,19.0,9.0,6.0,13.0,11.0,17.0,19.0,17.0,5.0,104.0,120.0,42.0,55.0,41.0,46.0,10.0,5.0,1.0,2.0,23.0,18.0,0.0,0.0,0.0,0.0,0.0,0.0,1.0,2.0,690.0,572.0,690.0,572.0,0.3333,0.6667000000000001,0.0,0.0,28.0,26.0,1.0,0.8332999999999999,0.0,0.0,0.0,0.0,0.0,1.0,2.0,0.0,1.0,2.0,0.0,2.0,11.0,15.0,1.0,0.875,0.0,1.0,0.0,0.0,1.0,8.0,1.0,7.0,1.0,6.0,0.0,0.0,0.0,0.0,0.0,1.0,331.0,366.0,2.0,1.0,2.0,1.0,0.0,0.0,18.0,23.0,6.0,11.0,43.0,41.0,8.0,3.0,107.0,133.0,10.0,9.0,0.0,0.0,0.0,0.0,1.0,0.0,0.0,0.0,1.0,2.0,0.0,0.0,2.0,2.0,0.0,0.0,5.0,2.0,0.0,0.0,0.0,0.0,0.0,0.0,17.0,19.0,17.0,19.0,0.4656,0.5344,0.0,0.0,0.0,0.0,0.0,0.0,0.0,0.0,0.0,0.0,4.0,4.0,0.0,0.0,0.0,1.0,0.0,0.0,2.0,4.0,0.9474,0.9479,2.0,1.0,72.0,90.0,1.0,0.0,0.0,0.0,0.0,0.0,1.0,0.0,0.0,0.0,1.0,2.0,0.8889,1.0,8.0,6.0,1.0,1.0,6.0,2.0,1.0,3.0,0.8564,0.7622,155.0,125.0,0.4163,0.5837,3.0,3.0,1.0,2.0,11.0,18.0,3.0,3.0,2.0,0.0,0.0,0.0,0.0,0.0,2.0,0.0,1.0,1.0,0.0,0.0,0.0,0.0
2026-01-23,Munster,Dragons,22.0,20.0,5.0,3.0,10.0,9.0,22.0,20.0,7.0,13.0,148.0,70.0,64.0,36.0,71.0,24.0,0.0,5.0,2.0,2.0,8.0,19.0,0.0,0.0,0.0,0.0,0.0,0.0,3.0,4.0,608.0,654.0,608.0,654.0,0.75,1.0,0.0,0.0,25.0,22.0,1.0,0.9091,0.0,0.0,0.0,0.0,0.0,1.0,2.0,1.0,0.0,0.0,0.0,0.0,17.0,10.0,0.9,1.0,1.0,0.0,0.0,0.0,10.0,6.0,9.0,6.0,8.0,4.0,1.0,1.0,0.0,0.0,0.0,1.0,280.0,242.0,1.0,0.0,1.0,0.0,0.0,0.0,19.0,8.0,13.0,6.0,37.0,31.0,0.0,2.0,142.0,67.0,6.0,12.0,0.0,1.0,0.0,0.0,1.0,1.0,1.0,0.0,1.0,2.0,0.0,0.0,0.0,2.0,0.0,0.0,0.0,2.0,1.0,0.0,1.0,2.0,0.0,0.0,22.0,20.0,22.0,17.0,0.672,0.3279999999999999,0.0,0.0,0.0,0.0,0.0,0.0,0.0,0.0,0.0,0.0,5.0,5.0,0.0,1.0,0.0,0.0,0.2,0.1667,5.0,6.0,0.985,0.9444,1.0,1.0,127.0,49.0,0.0,0.0,0.0,0.0,0.0,0.0,0.0,0.0,0.0,0.0,0.0,1.0,1.0,1.0,5.0,5.0,1.0,0.0,3.0,5.0,1.0,0.0,0.7431,0.9364,81.0,221.0,0.7056,0.2944,4.0,4.0,3.0,4.0,17.0,11.0,3.0,2.0,1.0,1.0,0.0,0.0,1.0,0.0,0.0,1.0,0.0,1.0,0.0,0.0,0.0,1.0
2026-01-23,Ospreys,Lions,24.0,24.0,4.0,7.0,16.0,10.0,24.0,24.0,19.0,12.0,194.0,100.0,75.0,35.0,97.0,51.0,10.0,10.0,2.0,2.0,36.0,26.0,1.0,0.0,0.0,0.0,0.0,0.0,2.0,2.0,532.0,603.0,532.0,603.0,0.4,0.5,0.0,0.0,17.0,24.0,0.8462000000000001,0.8571,0.0,0.0,0.0,0.0,1.0,0.0,0.0,0.0,0.0,1.0,1.0,2.0,11.0,12.0,0.5714,0.8332999999999999,3.0,1.0,0.0,0.0,7.0,6.0,4.0,5.0,3.0,5.0,0.0,0.0,0.0,0.0,1.0,0.0,530.0,320.0,2.0,2.0,3.0,2.0,1.0,0.0,26.0,36.0,15.0,8.0,41.0,35.0,7.0,1.0,217.0,100.0,9.0,12.0,0.0,0.0,0.0,0.0,2.0,3.0,0.0,0.0,0.0,0.0,0.0,0.0,1.0,2.0,0.0,0.0,4.0,0.0,0.0,0.0,0.0,0.0,0.0,0.0,24.0,24.0,24.0,24.0,0.6601,0.3399,0.0,0.0,0.0,0.0,0.0,1.0,0.0,0.0,0.0,0.0,4.0,5.0,0.0,0.0,1.0,0.0,0.0,0.1429,3.0,3.0,0.9815,0.9577,2.0,0.0,154.0,68.0,0.0,0.0,0.0,0.0,0.0,0.0,0.0,0.0,0.0,0.0,0.0,0.0,1.0,1.0,3.0,8.0,0.0,1.0,3.0,4.0,0.0,3.0,0.8108,0.8157,120.0,239.0,0.6629999999999999,0.337,5.0,4.0,2.0,2.0,13.0,14.0,4.0,4.0,2.0,3.0,0.0,1.0,1.0,0.0,1.0,0.0,0.0,0.0,1.0,0.0,2.0,2.0
2026-01-24,Cardiff,Benetton,17.0,8.0,4.0,5.0,17.0,15.0,17.0,8.0,6.0,0.0,118.0,118.0,44.0,50.0,54.0,53.0,1.0,2.0,0.0,0.0,7.0,27.0,0.0,0.0,0.0,0.0,0.0,0.0,4.0,1.0,869.0,663.0,869.0,663.0,0.8,0.3333,0.0,0.0,35.0,23.0,0.9,0.9231,1.0,0.0,0.0,0.0,0.0,1.0,0.0,0.0,0.0,0.0,0.0,0.0,9.0,12.0,1.0,0.7,0.0,3.0,0.0,1.0,4.0,10.0,4.0,7.0,4.0,7.0,0.0,0.0,0.0,0.0,0.0,0.0,256.0,324.0,1.0,1.0,1.0,2.0,0.0,1.0,27.0,7.0,5.0,9.0,42.0,44.0,4.0,5.0,114.0,115.0,9.0,9.0,0.0,0.0,0.0,0.0,1.0,1.0,1.0,0.0,0.0,0.0,0.0,0.0,0.0,1.0,0.0,1.0,4.0,2.0,0.0,0.0,4.0,1.0,0.0,0.0,17.0,8.0,8.0,8.0,0.5079,0.4921,0.0,0.0,0.0,0.0,0.0,0.0,0.0,0.0,0.0,0.0,3.0,5.0,0.0,0.0,0.0,0.0,0.0,0.2,9.0,2.0,0.9667,0.9529,3.0,0.0,85.0,75.0,1.0,0.0,0.0,0.0,0.0,0.0,1.0,0.0,0.0,0.0,2.0,0.0,0.9091,1.0,10.0,6.0,1.0,0.0,8.0,3.0,1.0,3.0,0.7848999999999999,0.8933,146.0,134.0,0.48,0.52,5.0,3.0,4.0,1.0,10.0,13.0,1.0,1.0,0.0,1.0,0.0,0.0,0.0,0.0,1.0,0.0,0.0,3.0,0.0,0.0,1.0,0.0
2026-01-24,Connacht,Leinster,23.0,34.0,5.0,5.0,14.0,12.0,23.0,34.0,13.0,13.0,110.0,94.0,43.0,46.0,51.0,36.0,3.0,6.0,2.0,4.0,20.0,19.0,0.0,0.0,0.0,0.0,0.0,0.0,5.0,6.0,667.0,743.0,667.0,743.0,1.0,1.0,0.0,0.0,23.0,27.0,0.7857,0.9375,1.0,0.0,0.0,0.0,0.0,0.0,0.0,1.0,1.0,0.0,2.0,1.0,11.0,15.0,1.0,1.0,0.0,0.0,0.0,0.0,5.0,4.0,5.0,4.0,5.0,4.0,0.0,0.0,0.0,0.0,0.0,0.0,246.0,302.0,0.0,0.0,0.0,0.0,0.0,0.0,19.0,20.0,7.0,11.0,42.0,46.0,8.0,4.0,120.0,99.0,10.0,11.0,0.0,0.0,0.0,0.0,1.0,2.0,0.0,0.0,1.0,0.0,0.0,0.0,2.0,2.0,0.0,0.0,3.0,5.0,1.0,0.0,3.0,2.0,0.0,0.0,23.0,34.0,17.0,31.0,0.5132,0.4868,0.0,0.0,0.0,0.0,0.0,0.0,0.0,0.0,0.0,0.0,7.0,6.0,0.0,0.0,0.0,0.0,0.1429,0.0,2.0,3.0,0.9494,0.942,3.0,1.0,73.0,64.0,2.0,0.0,0.0,0.0,0.0,0.0,2.0,0.0,0.0,0.0,2.0,0.0,0.8181999999999999,1.0,9.0,3.0,1.0,1.0,4.0,2.0,4.0,0.0,0.7925,0.7895,126.0,135.0,0.5072,0.4928,5.0,6.0,5.0,6.0,14.0,16.0,2.0,4.0,1.0,3.0,0.0,0.0,0.0,0.0,0.0,0.0,0.0,1.0,0.0,0.0,0.0,0.0
2026-01-24,Scarlets,Ulster,27.0,22.0,7.0,5.0,8.0,15.0,27.0,22.0,17.0,12.0,82.0,125.0,37.0,55.0,34.0,59.0,4.0,2.0,3.0,2.0,12.0,14.0,0.0,0.0,0.0,0.0,0.0,0.0,5.0,3.0,566.0,642.0,566.0,642.0,1.0,0.75,0.0,0.0,22.0,28.0,0.8125,0.9444,0.0,0.0,0.0,0.0,1.0,0.0,0.0,0.0,2.0,0.0,2.0,1.0,13.0,17.0,1.0,0.8332999999999999,0.0,2.0,0.0,1.0,3.0,12.0,3.0,10.0,3.0,8.0,0.0,2.0,0.0,0.0,0.0,0.0,221.0,270.0,0.0,1.0,0.0,1.0,0.0,0.0,14.0,12.0,8.0,17.0,33.0,42.0,0.0,4.0,81.0,166.0,13.0,9.0,1.0,0.0,0.0,0.0,1.0,1.0,0.0,0.0,0.0,0.0,0.0,0.0,1.0,2.0,0.0,0.0,0.0,2.0,0.0,0.0,2.0,1.0,0.0,0.0,27.0,22.0,24.0,19.0,0.3922,0.6078,0.0,0.0,0.0,0.0,0.0,0.0,0.0,0.0,0.0,0.0,5.0,5.0,1.0,1.0,0.0,1.0,0.1667,0.4,7.0,6.0,0.9355,0.9802,1.0,0.0,56.0,93.0,0.0,0.0,0.0,0.0,0.0,0.0,0.0,0.0,0.0,0.0,3.0,0.0,1.0,1.0,6.0,3.0,0.0,0.0,4.0,3.0,2.0,0.0,0.8601000000000001,0.8390000000000001,166.0,99.0,0.3286,0.6714,5.0,4.0,5.0,3.0,16.0,18.0,3.0,3.0,2.0,1.0,0.0,0.0,1.0,1.0,0.0,2.0,0.0,1.0,0.0,0.0,1.0,1.0
2026-01-24,Stormers,Sharks,19.0,30.0,4.0,3.0,13.0,10.0,19.0,30.0,12.0,17.0,80.0,102.0,28.0,47.0,28.0,43.0,7.0,5.0,1.0,2.0,14.0,23.0,0.0,0.0,0.0,0.0,0.0,0.0,1.0,4.0,635.0,744.0,635.0,744.0,0.3333,0.6667000000000001,0.0,0.0,28.0,30.0,0.6667000000000001,0.85,0.0,0.0,0.0,0.0,2.0,0.0,1.0,2.0,1.0,1.0,4.0,3.0,12.0,17.0,0.5,0.8889,3.0,1.0,0.0,0.0,6.0,9.0,3.0,8.0,1.0,5.0,1.0,1.0,1.0,0.0,0.0,2.0,293.0,262.0,1.0,2.0,2.0,2.0,1.0,0.0,23.0,14.0,12.0,12.0,39.0,45.0,5.0,6.0,73.0,89.0,15.0,12.0,1.0,1.0,0.0,0.0,5.0,0.0,0.0,1.0,2.0,1.0,0.0,0.0,2.0,1.0,0.0,0.0,5.0,3.0,0.0,1.0,0.0,2.0,1.0,0.0,19.0,30.0,19.0,30.0,0.4158,0.5842,0.0,0.0,0.0,0.0,0.0,1.0,0.0,0.0,0.0,0.0,7.0,4.0,1.0,1.0,0.0,1.0,0.1429,0.1667,9.0,6.0,0.9574,0.9605,1.0,1.0,42.0,72.0,0.0,0.0,0.0,0.0,0.0,0.0,0.0,0.0,0.0,0.0,1.0,2.0,1.0,1.0,3.0,7.0,1.0,1.0,0.0,2.0,2.0,4.0,0.8098000000000001,0.7629,132.0,74.0,0.467,0.5329999999999999,3.0,6.0,1.0,4.0,18.0,20.0,3.0,4.0,2.0,1.0,0.0,1.0,0.0,0.0,0.0,3.0,0.0,0.0,0.0,1.0,2.0,1.0
2026-01-24,Zebre,Glasgow,21.0,26.0,6.0,5.0,11.0,13.0,21.0,26.0,7.0,21.0,97.0,111.0,46.0,43.0,41.0,53.0,3.0,3.0,3.0,2.0,20.0,23.0,0.0,0.0,0.0,0.0,0.0,0.0,3.0,2.0,481.0,469.0,481.0,469.0,1.0,0.6667000000000001,0.0,0.0,16.0,19.0,0.9444,0.9565,0.0,0.0,0.0,0.0,0.0,0.0,0.0,1.0,5.0,1.0,1.0,1.0,17.0,22.0,0.9,0.9333,1.0,1.0,0.0,0.0,10.0,15.0,9.0,14.0,9.0,7.0,0.0,5.0,0.0,1.0,0.0,1.0,311.0,266.0,0.0,1.0,0.0,1.0,0.0,0.0,23.0,20.0,10.0,12.0,36.0,45.0,3.0,4.0,84.0,127.0,19.0,8.0,3.0,0.0,0.0,0.0,0.0,1.0,0.0,1.0,1.0,0.0,0.0,0.0,4.0,0.0,0.0,0.0,4.0,2.0,0.0,1.0,0.0,0.0,0.0,1.0,21.0,26.0,21.0,26.0,0.4476,0.5524,0.0,0.0,0.0,0.0,0.0,0.0,0.0,0.0,0.0,0.0,5.0,4.0,1.0,0.0,0.0,0.0,0.2,0.0,0.0,1.0,0.9508,0.9595,0.0,0.0,56.0,69.0,2.0,1.0,0.0,0.0,0.0,0.0,2.0,1.0,0.0,0.0,1.0,2.0,0.7143,0.75,5.0,3.0,0.0,1.0,4.0,1.0,1.0,1.0,0.8049,0.7842,132.0,109.0,0.4614999999999999,0.5385,3.0,3.0,3.0,2.0,18.0,23.0,3.0,4.0,1.0,1.0,0.0,0.0,1.0,0.0,2.0,1.0,0.0,2.0,0.0,0.0,3.0,1.0
2026-01-30,Benetton,Scarlets,20.0,20.0,8.0,10.0,15.0,10.0,20.0,20.0,13.0,3.0,98.0,101.0,36.0,41.0,49.0,40.0,4.0,5.0,2.0,1.0,19.0,20.0,0.0,0.0,0.0,0.0,0.0,0.0,4.0,2.0,704.0,773.0,704.0,773.0,0.5714,0.5,0.0,0.0,22.0,32.0,0.9444,1.0,0.0,0.0,0.0,0.0,0.0,0.0,1.0,0.0,1.0,2.0,1.0,0.0,17.0,10.0,0.7778,1.0,2.0,0.0,0.0,0.0,9.0,5.0,7.0,5.0,6.0,4.0,1.0,1.0,0.0,0.0,0.0,0.0,194.0,294.0,0.0,2.0,3.0,2.0,3.0,0.0,20.0,19.0,10.0,9.0,38.0,47.0,0.0,1.0,104.0,94.0,10.0,13.0,1.0,0.0,0.0,0.0,1.0,0.0,0.0,0.0,0.0,1.0,1.0,2.0,0.0,0.0,0.0,0.0,2.0,1.0,0.0,1.0,2.0,1.0,0.0,0.0,20.0,20.0,20.0,17.0,0.4879,0.5121,0.0,0.0,0.0,0.0,0.0,2.0,0.0,0.0,0.0,1.0,5.0,5.0,0.0,2.0,0.0,1.0,0.0,0.2857,3.0,6.0,0.954,0.9302,1.0,0.0,81.0,78.0,1.0,0.0,0.0,0.0,0.0,0.0,1.0,0.0,0.0,0.0,1.0,1.0,0.8332999999999999,1.0,5.0,9.0,0.0,0.0,4.0,8.0,1.0,1.0,0.8411,0.8488,127.0,146.0,0.5916,0.4084,7.0,4.0,4.0,2.0,18.0,10.0,2.0,3.0,1.0,2.0,0.0,0.0,0.0,0.0,0.0,1.0,0.0,0.0,2.0,0.0,0.0,0.0
2026-01-30,Glasgow,Munster,31.0,22.0,6.0,8.0,14.0,13.0,31.0,22.0,28.0,5.0,168.0,86.0,63.0,31.0,85.0,46.0,12.0,7.0,4.0,1.0,34.0,13.0,0.0,0.0,0.0,0.0,0.0,0.0,5.0,1.0,397.0,574.0,397.0,574.0,1.0,0.25,0.0,0.0,15.0,21.0,0.875,0.9333,0.0,0.0,0.0,0.0,0.0,0.0,1.0,0.0,1.0,2.0,2.0,1.0,14.0,14.0,0.8,1.0,1.0,0.0,0.0,0.0,5.0,2.0,4.0,2.0,4.0,2.0,0.0,0.0,0.0,0.0,0.0,0.0,602.0,352.0,0.0,3.0,0.0,3.0,0.0,0.0,13.0,34.0,14.0,7.0,45.0,36.0,6.0,1.0,226.0,124.0,10.0,13.0,0.0,0.0,0.0,1.0,2.0,0.0,0.0,0.0,0.0,1.0,2.0,0.0,0.0,2.0,0.0,0.0,0.0,6.0,0.0,0.0,1.0,0.0,0.0,0.0,31.0,22.0,31.0,22.0,0.6046,0.3954,0.0,0.0,0.0,0.0,0.0,0.0,0.0,0.0,0.0,0.0,5.0,5.0,0.0,1.0,0.0,0.0,0.0,0.1667,2.0,2.0,0.958,0.9315,1.0,2.0,112.0,66.0,0.0,2.0,0.0,0.0,0.0,0.0,0.0,2.0,0.0,0.0,0.0,0.0,1.0,0.6667000000000001,9.0,4.0,1.0,0.0,5.0,4.0,3.0,0.0,0.8672,0.8228,111.0,209.0,0.6222,0.3778,5.0,4.0,5.0,1.0,16.0,15.0,4.0,4.0,2.0,2.0,0.0,0.0,0.0,0.0,2.0,0.0,0.0,0.0,1.0,1.0,0.0,2.0
2026-01-31,Leinster,Edinburgh,28.0,20.0,5.0,4.0,13.0,10.0,28.0,20.0,7.0,15.0,164.0,97.0,79.0,37.0,69.0,48.0,2.0,12.0,4.0,1.0,19.0,23.0,0.0,0.0,0.0,0.0,0.0,0.0,4.0,2.0,600.0,677.0,600.0,677.0,0.8,0.4,0.0,0.0,26.0,23.0,0.9231,1.0,0.0,0.0,0.0,0.0,0.0,0.0,1.0,0.0,0.0,1.0,1.0,0.0,12.0,13.0,1.0,0.8,0.0,1.0,0.0,0.0,2.0,5.0,2.0,4.0,1.0,3.0,1.0,1.0,0.0,0.0,0.0,0.0,402.0,324.0,0.0,2.0,1.0,3.0,1.0,1.0,23.0,19.0,13.0,7.0,45.0,39.0,11.0,10.0,158.0,119.0,12.0,14.0,0.0,0.0,0.0,0.0,1.0,1.0,0.0,0.0,0.0,1.0,0.0,2.0,1.0,2.0,0.0,0.0,4.0,0.0,2.0,1.0,0.0,1.0,0.0,0.0,28.0,20.0,28.0,17.0,0.6175999999999999,0.3824,0.0,0.0,0.0,0.0,1.0,1.0,0.0,0.0,0.0,0.0,4.0,5.0,1.0,0.0,0.0,0.0,0.2,0.0,4.0,3.0,0.9762,0.942,0.0,1.0,117.0,63.0,1.0,0.0,0.0,0.0,0.0,0.0,1.0,0.0,0.0,0.0,0.0,1.0,0.8,1.0,4.0,7.0,0.0,0.0,4.0,4.0,0.0,3.0,0.7286,0.8108,102.0,210.0,0.6511,0.3489,5.0,5.0,4.0,2.0,13.0,13.0,4.0,3.0,0.0,2.0,0.0,0.0,0.0,0.0,1.0,0.0,1.0,0.0,0.0,0.0,0.0,1.0
2026-01-31,Lions,Bulls,17.0,52.0,4.0,7.0,16.0,15.0,17.0,52.0,3.0,26.0,106.0,151.0,37.0,69.0,56.0,68.0,2.0,11.0,2.0,6.0,24.0,22.0,0.0,0.0,0.0,0.0,0.0,0.0,3.0,6.0,450.0,744.0,450.0,744.0,1.0,0.75,0.0,0.0,13.0,29.0,0.6923,0.8889,1.0,0.0,0.0,0.0,0.0,0.0,0.0,0.0,0.0,0.0,3.0,1.0,9.0,8.0,0.0,1.0,1.0,0.0,0.0,0.0,1.0,2.0,0.0,2.0,0.0,2.0,0.0,0.0,0.0,0.0,0.0,0.0,279.0,515.0,0.0,2.0,0.0,2.0,0.0,0.0,22.0,24.0,9.0,12.0,35.0,43.0,13.0,11.0,137.0,138.0,4.0,8.0,0.0,0.0,0.0,0.0,0.0,2.0,0.0,0.0,0.0,0.0,0.0,0.0,0.0,2.0,1.0,1.0,1.0,0.0,0.0,0.0,1.0,0.0,0.0,0.0,17.0,52.0,14.0,52.0,0.3918,0.6082,0.0,0.0,0.0,0.0,0.0,0.0,0.0,0.0,0.0,1.0,8.0,3.0,1.0,1.0,0.0,1.0,0.2221999999999999,0.3333,0.0,6.0,0.9385,0.9907,3.0,1.0,58.0,105.0,0.0,0.0,0.0,0.0,0.0,0.0,0.0,0.0,0.0,0.0,0.0,0.0,1.0,1.0,9.0,7.0,0.0,0.0,9.0,5.0,0.0,2.0,0.8009000000000001,0.6667000000000001,169.0,96.0,0.4315,0.5685,3.0,8.0,3.0,6.0,13.0,9.0,2.0,8.0,2.0,5.0,0.0,0.0,1.0,0.0,0.0,0.0,1.0,0.0,0.0,1.0,0.0,1.0
2026-01-31,Ospreys,Dragons,19.0,13.0,5.0,8.0,14.0,12.0,19.0,13.0,7.0,7.0,155.0,103.0,64.0,42.0,72.0,48.0,5.0,7.0,2.0,1.0,26.0,16.0,0.0,0.0,0.0,0.0,0.0,1.0,2.0,3.0,643.0,887.0,643.0,887.0,0.6667000000000001,0.75,0.0,0.0,27.0,30.0,1.0,0.75,0.0,0.0,0.0,0.0,0.0,2.0,0.0,1.0,2.0,0.0,0.0,1.0,19.0,12.0,0.8,1.0,1.0,0.0,0.0,0.0,5.0,6.0,4.0,6.0,3.0,6.0,0.0,0.0,0.0,0.0,1.0,0.0,517.0,236.0,1.0,0.0,1.0,1.0,0.0,1.0,16.0,26.0,11.0,8.0,45.0,42.0,4.0,3.0,209.0,103.0,9.0,7.0,0.0,0.0,0.0,0.0,1.0,1.0,1.0,0.0,1.0,0.0,0.0,0.0,2.0,0.0,0.0,0.0,2.0,2.0,0.0,1.0,0.0,2.0,0.0,0.0,19.0,13.0,19.0,7.0,0.5672999999999999,0.4327,0.0,0.0,0.0,0.0,0.0,0.0,0.0,0.0,0.0,0.0,4.0,3.0,0.0,0.0,0.0,0.0,0.0,0.0,5.0,1.0,0.9487,0.9747,3.0,2.0,107.0,75.0,2.0,1.0,0.0,0.0,0.0,0.0,2.0,1.0,0.0,0.0,1.0,2.0,0.6,0.8571,3.0,6.0,0.0,0.0,2.0,6.0,1.0,0.0,0.8531,0.8514,122.0,189.0,0.5854,0.4146,3.0,4.0,2.0,3.0,19.0,16.0,3.0,1.0,1.0,1.0,0.0,0.0,1.0,0.0,0.0,3.0,1.0,0.0,0.0,0.0,0.0,1.0
2026-01-31,Sharks,Stormers,36.0,24.0,2.0,4.0,17.0,9.0,36.0,24.0,14.0,17.0,93.0,53.0,41.0,20.0,35.0,15.0,8.0,2.0,4.0,1.0,23.0,11.0,0.0,0.0,0.0,0.0,0.0,0.0,5.0,5.0,679.0,735.0,679.0,735.0,0.8332999999999999,0.8332999999999999,0.0,0.0,26.0,28.0,0.8421,0.9,0.0,0.0,0.0,0.0,0.0,0.0,1.0,3.0,0.0,0.0,3.0,1.0,16.0,9.0,0.8332999999999999,1.0,1.0,0.0,0.0,0.0,6.0,4.0,5.0,4.0,3.0,1.0,2.0,3.0,0.0,0.0,0.0,0.0,262.0,200.0,1.0,1.0,1.0,1.0,0.0,0.0,11.0,23.0,15.0,9.0,44.0,39.0,6.0,6.0,86.0,36.0,13.0,16.0,0.0,1.0,0.0,0.0,1.0,2.0,2.0,1.0,1.0,1.0,0.0,1.0,1.0,2.0,0.0,0.0,4.0,4.0,3.0,0.0,1.0,4.0,0.0,0.0,36.0,24.0,33.0,15.0,0.6067,0.3933,0.0,0.0,0.0,0.0,0.0,0.0,0.0,0.0,1.0,1.0,6.0,7.0,0.0,0.0,2.0,1.0,0.0,0.0,8.0,6.0,0.9412,0.9394,1.0,1.0,57.0,28.0,3.0,4.0,1.0,1.0,0.0,1.0,2.0,2.0,0.0,0.0,0.0,1.0,0.5,0.5556,3.0,5.0,0.0,0.0,2.0,4.0,1.0,1.0,0.725,0.7372,58.0,101.0,0.7044,0.2956,6.0,6.0,5.0,5.0,19.0,10.0,5.0,2.0,2.0,1.0,0.0,0.0,0.0,1.0,0.0,0.0,1.0,0.0,1.0,0.0,0.0,2.0
2026-01-31,Ulster,Cardiff,21.0,14.0,6.0,6.0,14.0,11.0,21.0,14.0,14.0,0.0,137.0,108.0,55.0,38.0,64.0,55.0,8.0,4.0,3.0,2.0,25.0,17.0,0.0,0.0,0.0,0.0,0.0,0.0,3.0,2.0,753.0,642.0,753.0,642.0,1.0,1.0,0.0,0.0,27.0,28.0,1.0,0.9412,0.0,0.0,0.0,0.0,0.0,0.0,0.0,0.0,0.0,2.0,0.0,1.0,11.0,16.0,1.0,0.5,0.0,2.0,0.0,2.0,4.0,4.0,4.0,2.0,3.0,1.0,1.0,1.0,0.0,0.0,0.0,0.0,391.0,279.0,0.0,0.0,0.0,0.0,0.0,0.0,17.0,25.0,12.0,10.0,47.0,50.0,2.0,2.0,145.0,131.0,10.0,6.0,0.0,0.0,0.0,0.0,1.0,1.0,0.0,0.0,0.0,0.0,1.0,0.0,0.0,1.0,1.0,0.0,1.0,1.0,1.0,2.0,0.0,0.0,0.0,0.0,21.0,14.0,21.0,14.0,0.5294,0.4706,0.0,0.0,0.0,0.0,0.0,0.0,0.0,0.0,0.0,0.0,3.0,4.0,0.0,0.0,0.0,0.0,0.0,0.0,2.0,3.0,0.9798,0.963,0.0,1.0,96.0,75.0,0.0,1.0,0.0,0.0,0.0,1.0,0.0,0.0,0.0,0.0,0.0,1.0,1.0,0.9,9.0,9.0,1.0,0.0,8.0,8.0,0.0,1.0,0.8389,0.8047,125.0,173.0,0.5540999999999999,0.4459,3.0,2.0,3.0,2.0,11.0,17.0,3.0,2.0,1.0,1.0,0.0,0.0,0.0,1.0,0.0,0.0,1.0,3.0,0.0,0.0,0.0,0.0
2026-01-31,Zebre,Connacht,15.0,31.0,6.0,9.0,17.0,8.0,15.0,31.0,3.0,0.0,149.0,185.0,42.0,94.0,82.0,84.0,6.0,3.0,1.0,4.0,27.0,26.0,0.0,0.0,0.0,0.0,1.0,0.0,2.0,5.0,454.0,715.0,454.0,715.0,0.6667000000000001,1.0,0.0,0.0,21.0,23.0,0.7857,0.9444,0.0,0.0,0.0,1.0,0.0,0.0,0.0,0.0,1.0,1.0,2.0,0.0,11.0,17.0,0.6667000000000001,0.9,2.0,1.0,1.0,0.0,6.0,10.0,4.0,9.0,4.0,7.0,0.0,1.0,0.0,0.0,0.0,1.0,427.0,366.0,1.0,0.0,1.0,0.0,0.0,0.0,26.0,27.0,10.0,16.0,41.0,45.0,19.0,5.0,150.0,209.0,11.0,11.0,1.0,0.0,2.0,1.0,1.0,1.0,1.0,0.0,1.0,0.0,1.0,0.0,0.0,3.0,0.0,0.0,1.0,1.0,0.0,0.0,1.0,1.0,0.0,0.0,15.0,31.0,12.0,31.0,0.3935,0.6065,0.0,0.0,0.0,0.0,0.0,0.0,0.0,0.0,0.0,0.0,5.0,4.0,0.0,0.0,0.0,0.0,0.2,0.0,2.0,3.0,0.9643,0.9597,2.0,3.0,80.0,139.0,0.0,1.0,0.0,0.0,0.0,0.0,0.0,1.0,0.0,0.0,0.0,3.0,1.0,0.8571,4.0,6.0,0.0,0.0,4.0,5.0,0.0,1.0,0.8618000000000001,0.705,237.0,141.0,0.3898,0.6102000000000001,3.0,5.0,2.0,5.0,14.0,18.0,2.0,4.0,1.0,2.0,0.0,0.0,1.0,0.0,1.0,0.0,2.0,0.0,0.0,0.0,2.0,1.0
2026-02-21,Lions,Sharks,34.0,22.0,5.0,6.0,13.0,21.0,34.0,22.0,20.0,10.0,90.0,90.0,41.0,45.0,38.0,28.0,8.0,11.0,4.0,2.0,12.0,15.0,0.0,0.0,0.0,0.0,0.0,0.0,6.0,3.0,848.0,519.0,848.0,519.0,1.0,0.75,0.0,0.0,29.0,21.0,0.8889,0.8824,0.0,1.0,0.0,0.0,0.0,1.0,0.0,0.0,2.0,2.0,2.0,0.0,16.0,15.0,0.5,0.6667000000000001,1.0,2.0,0.0,0.0,2.0,6.0,1.0,4.0,1.0,3.0,0.0,0.0,0.0,0.0,0.0,1.0,330.0,435.0,0.0,1.0,0.0,1.0,0.0,0.0,15.0,12.0,12.0,9.0,45.0,44.0,7.0,8.0,88.0,88.0,12.0,7.0,0.0,0.0,0.0,0.0,2.0,2.0,0.0,1.0,0.0,0.0,0.0,1.0,0.0,1.0,0.0,0.0,5.0,2.0,0.0,0.0,2.0,1.0,0.0,0.0,34.0,22.0,31.0,22.0,0.5027,0.4972999999999999,0.0,0.0,0.0,0.0,0.0,0.0,0.0,0.0,0.0,0.0,3.0,7.0,0.0,0.0,0.0,1.0,0.0,0.0,7.0,3.0,0.96,0.96,0.0,2.0,44.0,44.0,2.0,0.0,0.0,0.0,0.0,0.0,2.0,0.0,0.0,0.0,0.0,3.0,0.8181999999999999,1.0,9.0,7.0,2.0,0.0,7.0,4.0,0.0,3.0,0.6917,0.7258,83.0,90.0,0.6087,0.3913,6.0,4.0,6.0,3.0,18.0,17.0,4.0,3.0,2.0,1.0,0.0,0.0,0.0,0.0,1.0,2.0,0.0,3.0,0.0,1.0,2.0,1.0
2026-02-27,Cardiff,Leinster,8.0,7.0,9.0,5.0,16.0,23.0,8.0,7.0,3.0,0.0,118.0,151.0,24.0,64.0,67.0,62.0,3.0,7.0,0.0,1.0,12.0,22.0,0.0,0.0,0.0,0.0,0.0,0.0,1.0,1.0,1170.0,817.0,1170.0,817.0,0.5,1.0,0.0,0.0,48.0,36.0,0.7222,0.9,1.0,0.0,0.0,0.0,0.0,1.0,1.0,0.0,1.0,0.0,4.0,0.0,13.0,9.0,1.0,1.0,0.0,0.0,0.0,0.0,4.0,4.0,4.0,4.0,3.0,4.0,1.0,0.0,0.0,0.0,0.0,0.0,199.0,480.0,1.0,0.0,1.0,0.0,0.0,0.0,22.0,12.0,7.0,2.0,49.0,51.0,1.0,10.0,131.0,152.0,3.0,8.0,0.0,1.0,1.0,0.0,0.0,3.0,0.0,0.0,0.0,1.0,0.0,0.0,0.0,1.0,0.0,0.0,2.0,1.0,0.0,0.0,1.0,0.0,0.0,0.0,8.0,7.0,8.0,7.0,0.4871,0.5129,0.0,0.0,0.0,0.0,0.0,0.0,0.0,0.0,0.0,0.0,2.0,3.0,0.0,0.0,0.0,0.0,0.0,0.0,14.0,6.0,0.9903,0.9818,1.0,0.0,101.0,108.0,1.0,0.0,0.0,0.0,0.0,0.0,1.0,0.0,0.0,0.0,1.0,1.0,0.875,1.0,7.0,7.0,1.0,0.0,6.0,6.0,0.0,1.0,0.8362,0.8946999999999999,194.0,136.0,0.6047,0.3953,2.0,1.0,1.0,1.0,18.0,10.0,1.0,1.0,1.0,1.0,0.0,0.0,0.0,1.0,0.0,4.0,0.0,0.0,1.0,0.0,1.0,1.0
2026-02-27,Edinburgh,Scarlets,24.0,19.0,9.0,10.0,17.0,14.0,24.0,19.0,7.0,14.0,130.0,106.0,57.0,42.0,51.0,49.0,13.0,9.0,2.0,2.0,35.0,21.0,0.0,1.0,0.0,0.0,0.0,0.0,2.0,2.0,540.0,657.0,540.0,657.0,0.5,0.6667000000000001,0.0,0.0,24.0,27.0,0.6842,0.8889,3.0,0.0,0.0,0.0,1.0,0.0,1.0,0.0,1.0,1.0,2.0,1.0,13.0,8.0,1.0,0.75,0.0,1.0,0.0,0.0,4.0,4.0,4.0,3.0,4.0,3.0,0.0,0.0,0.0,0.0,0.0,0.0,635.0,434.0,2.0,1.0,2.0,1.0,0.0,0.0,21.0,35.0,13.0,12.0,47.0,46.0,11.0,9.0,145.0,133.0,10.0,14.0,0.0,0.0,1.0,0.0,0.0,2.0,0.0,0.0,0.0,1.0,0.0,1.0,1.0,3.0,0.0,0.0,3.0,3.0,0.0,0.0,0.0,0.0,0.0,0.0,24.0,19.0,24.0,19.0,0.5246,0.4754,0.0,0.0,0.0,0.0,0.0,0.0,0.0,0.0,0.0,0.0,4.0,5.0,0.0,0.0,0.0,0.0,0.0,0.0,3.0,2.0,0.9101,0.9211,2.0,2.0,80.0,70.0,0.0,0.0,0.0,0.0,0.0,0.0,0.0,0.0,0.0,0.0,2.0,1.0,1.0,1.0,6.0,7.0,1.0,1.0,3.0,4.0,2.0,2.0,0.7564,0.6983,118.0,125.0,0.5708,0.4292,4.0,3.0,2.0,2.0,19.0,9.0,4.0,3.0,3.0,2.0,0.0,0.0,2.0,0.0,0.0,1.0,0.0,0.0,0.0,0.0,1.0,0.0
2026-02-28,Bulls,Sharks,41.0,12.0,7.0,4.0,9.0,18.0,41.0,12.0,22.0,0.0,103.0,100.0,48.0,42.0,35.0,37.0,12.0,3.0,3.0,1.0,27.0,22.0,0.0,0.0,0.0,0.0,0.0,0.0,3.0,1.0,931.0,626.0,931.0,626.0,0.4286,0.5,0.0,0.0,37.0,22.0,0.9,0.7143,0.0,1.0,0.0,0.0,0.0,2.0,0.0,0.0,0.0,1.0,1.0,1.0,9.0,10.0,1.0,0.0,0.0,1.0,0.0,0.0,1.0,1.0,1.0,0.0,0.0,0.0,1.0,0.0,0.0,0.0,0.0,0.0,471.0,341.0,4.0,1.0,4.0,1.0,0.0,0.0,22.0,27.0,11.0,6.0,48.0,39.0,14.0,6.0,103.0,100.0,7.0,5.0,0.0,1.0,0.0,0.0,0.0,0.0,0.0,0.0,0.0,0.0,0.0,0.0,3.0,1.0,0.0,0.0,3.0,0.0,0.0,0.0,0.0,0.0,0.0,0.0,41.0,12.0,41.0,12.0,0.5023,0.4977,0.0,0.0,0.0,0.0,0.0,0.0,0.0,0.0,0.0,0.0,3.0,8.0,1.0,1.0,0.0,0.0,0.6667000000000001,0.25,8.0,3.0,0.9365,0.9437,1.0,2.0,56.0,66.0,0.0,0.0,0.0,0.0,0.0,0.0,0.0,0.0,0.0,0.0,1.0,1.0,1.0,1.0,12.0,4.0,0.0,2.0,12.0,1.0,0.0,1.0,0.7798999999999999,0.6479,124.0,92.0,0.4365,0.5635,7.0,2.0,3.0,1.0,10.0,14.0,7.0,2.0,5.0,1.0,1.0,0.0,0.0,1.0,0.0,1.0,0.0,1.0,0.0,0.0,0.0,0.0
2026-02-28,Connacht,Glasgow,15.0,10.0,8.0,5.0,9.0,14.0,15.0,10.0,3.0,0.0,138.0,187.0,66.0,61.0,61.0,109.0,3.0,8.0,1.0,0.0,13.0,22.0,0.0,0.0,0.0,0.0,0.0,0.0,2.0,0.0,561.0,446.0,561.0,446.0,0.5,0.0,0.0,0.0,19.0,20.0,1.0,0.8824,0.0,0.0,0.0,0.0,0.0,1.0,0.0,0.0,0.0,0.0,0.0,1.0,13.0,15.0,0.6,1.0,2.0,0.0,0.0,0.0,5.0,6.0,3.0,6.0,3.0,5.0,0.0,1.0,0.0,0.0,0.0,0.0,354.0,401.0,1.0,2.0,2.0,2.0,1.0,0.0,22.0,13.0,8.0,8.0,36.0,34.0,9.0,4.0,158.0,242.0,8.0,9.0,0.0,0.0,0.0,0.0,3.0,1.0,0.0,0.0,0.0,0.0,0.0,0.0,0.0,2.0,1.0,0.0,0.0,1.0,0.0,1.0,1.0,0.0,0.0,0.0,15.0,10.0,12.0,10.0,0.429,0.5710000000000001,0.0,0.0,0.0,0.0,0.0,1.0,0.0,0.0,0.0,0.0,3.0,3.0,0.0,0.0,0.0,0.0,0.0,0.0,0.0,4.0,0.9691,0.9586,2.0,1.0,91.0,136.0,0.0,0.0,0.0,0.0,0.0,0.0,0.0,0.0,0.0,0.0,3.0,1.0,1.0,1.0,6.0,3.0,1.0,0.0,5.0,3.0,0.0,0.0,0.8873000000000001,0.8462000000000001,252.0,165.0,0.4259,0.5740999999999999,4.0,2.0,2.0,0.0,13.0,17.0,2.0,2.0,0.0,2.0,0.0,1.0,0.0,0.0,0.0,1.0,0.0,0.0,0.0,3.0,1.0,0.0
2026-02-28,Dragons,Benetton,15.0,15.0,11.0,4.0,10.0,15.0,15.0,15.0,7.0,10.0,146.0,106.0,62.0,37.0,67.0,46.0,6.0,6.0,1.0,0.0,26.0,21.0,0.0,0.0,0.0,0.0,0.0,0.0,2.0,0.0,1345.0,1208.0,1345.0,1208.0,0.6667000000000001,0.0,0.0,0.0,38.0,39.0,0.7143,1.0,0.0,0.0,0.0,0.0,1.0,0.0,0.0,0.0,0.0,1.0,3.0,0.0,10.0,13.0,0.8332999999999999,0.4,1.0,3.0,0.0,0.0,6.0,5.0,5.0,2.0,5.0,2.0,0.0,0.0,0.0,0.0,0.0,0.0,335.0,427.0,1.0,3.0,1.0,3.0,0.0,0.0,21.0,26.0,11.0,7.0,49.0,56.0,3.0,7.0,153.0,106.0,9.0,8.0,0.0,0.0,1.0,0.0,2.0,2.0,0.0,0.0,0.0,0.0,0.0,0.0,0.0,0.0,0.0,0.0,2.0,2.0,0.0,0.0,1.0,0.0,0.0,0.0,15.0,15.0,12.0,15.0,0.5866,0.4134,0.0,0.0,1.0,0.0,1.0,1.0,0.0,0.0,0.0,0.0,4.0,3.0,0.0,0.0,0.0,0.0,0.0,0.0,6.0,3.0,0.9669,0.9242,1.0,1.0,116.0,58.0,0.0,1.0,0.0,0.0,0.0,0.0,0.0,1.0,0.0,0.0,1.0,1.0,1.0,0.8571,6.0,6.0,1.0,1.0,5.0,4.0,0.0,1.0,0.7714,0.8447,108.0,185.0,0.6667000000000001,0.3333,3.0,3.0,2.0,0.0,14.0,13.0,2.0,3.0,2.0,1.0,0.0,0.0,0.0,0.0,0.0,0.0,0.0,0.0,0.0,0.0,1.0,1.0
2026-02-28,Lions,Stormers,24.0,10.0,8.0,4.0,15.0,21.0,24.0,10.0,14.0,0.0,64.0,124.0,31.0,57.0,19.0,48.0,9.0,8.0,3.0,1.0,19.0,30.0,0.0,1.0,0.0,0.0,1.0,0.0,4.0,2.0,848.0,589.0,848.0,589.0,0.8,0.6667000000000001,0.0,0.0,27.0,21.0,0.7273000000000001,1.0,0.0,0.0,0.0,0.0,1.0,0.0,0.0,0.0,0.0,1.0,1.0,0.0,8.0,15.0,0.0,0.7143,0.0,2.0,0.0,0.0,0.0,7.0,0.0,5.0,0.0,5.0,0.0,0.0,0.0,0.0,0.0,0.0,395.0,365.0,0.0,0.0,1.0,1.0,1.0,1.0,30.0,19.0,8.0,15.0,39.0,46.0,5.0,14.0,69.0,116.0,14.0,7.0,0.0,0.0,0.0,0.0,2.0,1.0,0.0,1.0,1.0,0.0,0.0,1.0,4.0,0.0,1.0,0.0,7.0,3.0,0.0,0.0,1.0,1.0,0.0,0.0,24.0,10.0,21.0,10.0,0.3906,0.6093999999999999,0.0,0.0,1.0,0.0,2.0,0.0,0.0,0.0,0.0,0.0,3.0,5.0,0.0,0.0,0.0,0.0,0.1667,0.0,4.0,3.0,0.9,0.9726,1.0,0.0,35.0,70.0,2.0,0.0,0.0,0.0,0.0,0.0,2.0,0.0,0.0,0.0,2.0,1.0,0.7778,1.0,7.0,8.0,1.0,1.0,4.0,3.0,2.0,4.0,0.6923,0.6707,126.0,55.0,0.3483,0.6517000000000001,5.0,3.0,4.0,2.0,11.0,15.0,3.0,1.0,3.0,1.0,1.0,0.0,0.0,3.0,0.0,1.0,0.0,1.0,0.0,0.0,1.0,0.0
2026-02-28,Munster,Zebre,21.0,7.0,5.0,3.0,19.0,14.0,21.0,7.0,7.0,7.0,144.0,105.0,64.0,37.0,63.0,56.0,5.0,2.0,3.0,1.0,11.0,16.0,0.0,0.0,0.0,0.0,0.0,0.0,3.0,1.0,725.0,764.0,725.0,764.0,1.0,1.0,0.0,0.0,29.0,28.0,0.9286,0.875,0.0,0.0,0.0,0.0,0.0,0.0,0.0,0.0,1.0,2.0,1.0,2.0,13.0,14.0,1.0,1.0,0.0,0.0,0.0,0.0,7.0,4.0,7.0,4.0,4.0,3.0,1.0,1.0,0.0,0.0,1.0,0.0,375.0,216.0,0.0,0.0,0.0,0.0,0.0,0.0,16.0,11.0,14.0,4.0,46.0,40.0,10.0,6.0,197.0,96.0,6.0,10.0,0.0,1.0,1.0,1.0,0.0,1.0,0.0,0.0,0.0,0.0,1.0,1.0,1.0,2.0,0.0,0.0,2.0,3.0,1.0,0.0,0.0,0.0,0.0,0.0,21.0,7.0,21.0,7.0,0.5440999999999999,0.4559,0.0,0.0,0.0,0.0,0.0,0.0,0.0,0.0,0.0,0.0,2.0,4.0,0.0,0.0,0.0,0.0,0.0,0.25,6.0,5.0,1.0,0.9767,0.0,1.0,100.0,84.0,0.0,0.0,0.0,0.0,0.0,0.0,0.0,0.0,0.0,0.0,0.0,0.0,1.0,1.0,6.0,8.0,2.0,0.0,3.0,6.0,1.0,2.0,0.8581,0.8458,133.0,170.0,0.5576,0.4424,3.0,1.0,3.0,1.0,14.0,16.0,3.0,1.0,1.0,1.0,0.0,0.0,2.0,1.0,2.0,1.0,2.0,1.0,1.0,0.0,0.0,1.0
2026-02-28,Ospreys,Ulster,21.0,10.0,6.0,5.0,6.0,14.0,21.0,10.0,7.0,10.0,172.0,115.0,73.0,50.0,88.0,48.0,6.0,3.0,3.0,0.0,29.0,23.0,0.0,0.0,0.0,0.0,0.0,0.0,3.0,0.0,549.0,535.0,549.0,535.0,1.0,0.0,0.0,0.0,22.0,20.0,0.9,0.8332999999999999,1.0,0.0,0.0,0.0,0.0,2.0,1.0,1.0,0.0,0.0,1.0,0.0,18.0,10.0,0.8,0.75,1.0,2.0,1.0,0.0,5.0,8.0,4.0,6.0,4.0,6.0,0.0,0.0,0.0,0.0,0.0,0.0,369.0,260.0,0.0,2.0,0.0,2.0,0.0,0.0,23.0,29.0,13.0,8.0,38.0,35.0,10.0,9.0,214.0,153.0,10.0,14.0,0.0,0.0,0.0,0.0,1.0,2.0,0.0,1.0,1.0,1.0,0.0,0.0,1.0,2.0,0.0,0.0,0.0,5.0,0.0,2.0,0.0,0.0,0.0,0.0,21.0,10.0,21.0,10.0,0.6007,0.3993,0.0,0.0,0.0,0.0,1.0,0.0,0.0,0.0,0.0,0.0,3.0,4.0,0.0,0.0,0.0,0.0,0.0,0.2,5.0,3.0,0.965,0.9762,0.0,0.0,135.0,80.0,0.0,0.0,0.0,0.0,0.0,0.0,0.0,0.0,0.0,0.0,1.0,1.0,1.0,1.0,6.0,2.0,0.0,0.0,1.0,2.0,5.0,0.0,0.7909999999999999,0.8295,140.0,219.0,0.6037,0.3963,3.0,2.0,3.0,0.0,20.0,12.0,3.0,2.0,1.0,1.0,0.0,1.0,1.0,1.0,0.0,2.0,0.0,0.0,2.0,0.0,0.0,1.0
2026-03-13,Connacht,Scarlets,31.0,14.0,4.0,1.0,4.0,11.0,31.0,14.0,12.0,0.0,165.0,153.0,81.0,60.0,65.0,70.0,6.0,9.0,3.0,2.0,28.0,17.0,0.0,0.0,0.0,0.0,0.0,0.0,3.0,2.0,824.0,610.0,824.0,610.0,0.6,1.0,0.0,0.0,28.0,21.0,0.7,1.0,0.0,0.0,0.0,0.0,0.0,0.0,0.0,2.0,1.0,3.0,3.0,0.0,7.0,13.0,1.0,0.6,0.0,2.0,0.0,0.0,1.0,5.0,1.0,3.0,1.0,3.0,0.0,0.0,0.0,0.0,0.0,0.0,446.0,444.0,2.0,0.0,2.0,0.0,0.0,0.0,17.0,28.0,12.0,11.0,39.0,38.0,4.0,16.0,172.0,203.0,9.0,9.0,0.0,0.0,0.0,0.0,1.0,2.0,0.0,0.0,2.0,0.0,1.0,0.0,1.0,3.0,0.0,0.0,1.0,1.0,2.0,0.0,0.0,0.0,0.0,0.0,31.0,14.0,31.0,14.0,0.5361,0.4639,0.0,0.0,0.0,0.0,0.0,0.0,0.0,0.0,0.0,0.0,3.0,6.0,0.0,0.0,0.0,0.0,0.25,0.0,3.0,3.0,0.9925,0.9649,0.0,1.0,130.0,107.0,1.0,0.0,1.0,0.0,0.0,0.0,0.0,0.0,0.0,0.0,1.0,0.0,0.8332999999999999,1.0,5.0,1.0,1.0,0.0,4.0,1.0,0.0,0.0,0.8128,0.8484999999999999,178.0,224.0,0.4964,0.5036,5.0,2.0,3.0,2.0,10.0,13.0,5.0,2.0,2.0,2.0,0.0,0.0,0.0,1.0,1.0,1.0,0.0,2.0,0.0,0.0,0.0,0.0
2026-03-13,Edinburgh,Ulster,19.0,40.0,10.0,7.0,11.0,11.0,19.0,40.0,19.0,14.0,114.0,164.0,45.0,83.0,56.0,63.0,11.0,10.0,2.0,5.0,30.0,31.0,0.0,0.0,0.0,0.0,0.0,0.0,2.0,5.0,414.0,343.0,414.0,343.0,0.6667000000000001,0.8332999999999999,0.0,0.0,17.0,16.0,0.8125,0.9231,0.0,0.0,0.0,0.0,1.0,0.0,1.0,0.0,0.0,0.0,2.0,1.0,13.0,12.0,0.6,1.0,2.0,0.0,0.0,0.0,5.0,3.0,3.0,3.0,3.0,3.0,0.0,0.0,0.0,0.0,0.0,0.0,348.0,499.0,1.0,1.0,1.0,1.0,0.0,0.0,31.0,30.0,12.0,16.0,35.0,37.0,7.0,11.0,120.0,170.0,10.0,12.0,0.0,0.0,0.0,0.0,1.0,2.0,0.0,1.0,0.0,1.0,0.0,0.0,0.0,2.0,0.0,0.0,4.0,0.0,0.0,0.0,0.0,0.0,0.0,0.0,19.0,40.0,19.0,40.0,0.4317,0.5683,0.0,0.0,1.0,1.0,0.0,0.0,0.0,0.0,0.0,0.0,7.0,4.0,1.0,1.0,0.0,0.0,0.2857,0.2,4.0,4.0,0.9535,0.959,1.0,0.0,80.0,115.0,1.0,1.0,0.0,0.0,0.0,1.0,1.0,0.0,0.0,0.0,0.0,4.0,0.5,0.8571,1.0,6.0,0.0,0.0,1.0,3.0,0.0,3.0,0.8014,0.7526999999999999,226.0,140.0,0.4074,0.5926,3.0,6.0,2.0,5.0,16.0,13.0,3.0,6.0,3.0,4.0,0.0,0.0,0.0,0.0,1.0,4.0,0.0,0.0,0.0,1.0,0.0,1.0
2026-03-14,Bulls,Stormers,19.0,32.0,5.0,7.0,19.0,13.0,19.0,32.0,7.0,10.0,115.0,76.0,52.0,30.0,37.0,31.0,14.0,7.0,1.0,2.0,21.0,17.0,0.0,0.0,0.0,0.0,0.0,0.0,1.0,4.0,466.0,760.0,466.0,760.0,0.5,0.5714,0.0,0.0,20.0,30.0,0.7692,1.0,0.0,0.0,0.0,0.0,0.0,0.0,0.0,0.0,0.0,1.0,3.0,0.0,10.0,17.0,0.5,1.0,1.0,0.0,0.0,0.0,2.0,7.0,1.0,7.0,0.0,1.0,0.0,4.0,1.0,1.0,0.0,1.0,467.0,260.0,1.0,1.0,1.0,3.0,0.0,2.0,17.0,21.0,9.0,12.0,36.0,43.0,8.0,5.0,116.0,83.0,15.0,7.0,1.0,1.0,0.0,0.0,3.0,1.0,0.0,0.0,0.0,0.0,0.0,0.0,3.0,1.0,0.0,0.0,5.0,3.0,2.0,0.0,0.0,2.0,1.0,1.0,19.0,32.0,19.0,32.0,0.5309,0.4690999999999999,0.0,0.0,0.0,0.0,2.0,1.0,0.0,0.0,0.0,0.0,7.0,4.0,0.0,1.0,2.0,0.0,0.0,0.2,4.0,6.0,0.9571,0.9231,1.0,3.0,66.0,47.0,2.0,2.0,1.0,0.0,0.0,0.0,1.0,2.0,0.0,0.0,2.0,1.0,0.6,0.7778,3.0,7.0,0.0,0.0,2.0,4.0,1.0,3.0,0.7759,0.7451000000000001,90.0,114.0,0.4654999999999999,0.5345,2.0,7.0,1.0,4.0,13.0,17.0,3.0,4.0,2.0,2.0,0.0,1.0,0.0,0.0,0.0,2.0,1.0,2.0,0.0,1.0,2.0,2.0
2026-03-20,Bulls,Cardiff,40.0,7.0,8.0,8.0,14.0,13.0,40.0,7.0,33.0,7.0,135.0,101.0,75.0,43.0,36.0,43.0,13.0,8.0,5.0,1.0,29.0,17.0,0.0,0.0,0.0,0.0,0.0,0.0,5.0,1.0,770.0,815.0,770.0,815.0,0.8332999999999999,0.5,0.0,0.0,31.0,27.0,1.0,0.875,0.0,0.0,0.0,0.0,0.0,0.0,1.0,0.0,1.0,0.0,0.0,2.0,13.0,14.0,0.6,1.0,2.0,0.0,0.0,0.0,5.0,1.0,3.0,1.0,2.0,1.0,0.0,0.0,0.0,0.0,1.0,0.0,714.0,330.0,1.0,0.0,1.0,1.0,0.0,1.0,17.0,29.0,17.0,8.0,55.0,46.0,9.0,9.0,129.0,130.0,10.0,13.0,0.0,0.0,0.0,0.0,0.0,0.0,1.0,0.0,0.0,1.0,3.0,0.0,1.0,2.0,0.0,0.0,1.0,2.0,0.0,0.0,0.0,0.0,0.0,0.0,40.0,7.0,40.0,7.0,0.5550999999999999,0.4449,0.0,0.0,0.0,0.0,1.0,0.0,0.0,0.0,0.0,0.0,2.0,6.0,0.0,0.0,0.0,0.0,0.0,0.0,5.0,5.0,0.931,0.913,2.0,1.0,77.0,61.0,0.0,1.0,0.0,0.0,0.0,0.0,0.0,1.0,0.0,0.0,1.0,2.0,1.0,0.8571,6.0,6.0,0.0,1.0,5.0,5.0,1.0,0.0,0.7734000000000001,0.7236,99.0,144.0,0.56,0.44,6.0,2.0,5.0,1.0,13.0,16.0,6.0,1.0,4.0,1.0,1.0,0.0,0.0,1.0,0.0,0.0,2.0,0.0,1.0,0.0,0.0,1.0
2026-03-20,Scarlets,Zebre,36.0,17.0,7.0,3.0,12.0,13.0,36.0,17.0,24.0,0.0,109.0,104.0,43.0,43.0,48.0,47.0,5.0,4.0,3.0,1.0,25.0,21.0,0.0,0.0,0.0,0.0,0.0,0.0,3.0,1.0,557.0,319.0,557.0,319.0,0.5,0.3333,0.0,0.0,24.0,13.0,0.9375,0.8824,0.0,0.0,0.0,0.0,0.0,0.0,0.0,1.0,0.0,0.0,1.0,2.0,15.0,15.0,0.8,0.7778,1.0,2.0,0.0,0.0,5.0,9.0,4.0,7.0,3.0,7.0,0.0,0.0,0.0,0.0,1.0,0.0,371.0,322.0,3.0,2.0,3.0,2.0,0.0,0.0,21.0,25.0,13.0,11.0,41.0,35.0,6.0,9.0,146.0,112.0,8.0,13.0,0.0,0.0,0.0,1.0,2.0,1.0,0.0,0.0,1.0,0.0,0.0,0.0,1.0,2.0,0.0,0.0,2.0,3.0,0.0,1.0,0.0,0.0,0.0,0.0,36.0,17.0,36.0,17.0,0.5229,0.4771,0.0,0.0,0.0,0.0,0.0,0.0,0.0,0.0,0.0,0.0,3.0,7.0,2.0,0.0,0.0,0.0,0.5,0.0,2.0,1.0,0.9481,0.9324,1.0,0.0,71.0,67.0,0.0,0.0,0.0,0.0,0.0,0.0,0.0,0.0,0.0,0.0,1.0,1.0,1.0,1.0,6.0,7.0,1.0,1.0,3.0,5.0,2.0,1.0,0.7543000000000001,0.7661,132.0,131.0,0.4783,0.5217,6.0,3.0,3.0,1.0,16.0,17.0,6.0,3.0,3.0,2.0,0.0,1.0,1.0,1.0,1.0,1.0,0.0,0.0,2.0,0.0,0.0,0.0
2026-03-20,Ulster,Connacht,19.0,26.0,7.0,9.0,17.0,13.0,19.0,26.0,7.0,7.0,170.0,101.0,73.0,51.0,79.0,33.0,5.0,9.0,2.0,3.0,30.0,20.0,0.0,0.0,0.0,0.0,0.0,1.0,2.0,3.0,654.0,819.0,654.0,819.0,0.6667000000000001,0.75,0.0,0.0,24.0,31.0,0.7857,0.9167,0.0,0.0,0.0,0.0,0.0,0.0,0.0,1.0,1.0,3.0,3.0,0.0,11.0,11.0,1.0,1.0,0.0,0.0,0.0,0.0,4.0,1.0,4.0,1.0,4.0,1.0,0.0,0.0,0.0,0.0,0.0,0.0,510.0,447.0,1.0,1.0,1.0,1.0,0.0,0.0,20.0,30.0,9.0,7.0,45.0,47.0,7.0,6.0,221.0,144.0,4.0,5.0,0.0,0.0,0.0,0.0,0.0,2.0,0.0,0.0,1.0,1.0,0.0,0.0,0.0,0.0,0.0,0.0,0.0,1.0,0.0,0.0,0.0,0.0,0.0,0.0,19.0,26.0,19.0,26.0,0.5861,0.4139,0.0,0.0,0.0,0.0,0.0,0.0,0.0,0.0,0.0,0.0,5.0,4.0,0.0,0.0,0.0,0.0,0.1429,0.0,1.0,2.0,0.9706,0.963,2.0,2.0,131.0,77.0,0.0,0.0,0.0,0.0,0.0,0.0,0.0,0.0,0.0,0.0,0.0,2.0,1.0,1.0,6.0,5.0,0.0,0.0,5.0,5.0,1.0,0.0,0.8026000000000001,0.8271,122.0,220.0,0.589,0.411,3.0,4.0,2.0,3.0,14.0,12.0,3.0,4.0,3.0,3.0,0.0,0.0,1.0,0.0,2.0,0.0,2.0,0.0,0.0,0.0,0.0,1.0
2026-03-21,Benetton,Ospreys,31.0,19.0,8.0,8.0,10.0,18.0,31.0,19.0,14.0,5.0,134.0,138.0,66.0,49.0,58.0,72.0,23.0,17.0,3.0,2.0,34.0,36.0,0.0,0.0,0.0,0.0,0.0,0.0,3.0,2.0,554.0,321.0,554.0,321.0,0.6,0.6667000000000001,0.0,0.0,23.0,12.0,0.9,0.8332999999999999,0.0,1.0,0.0,0.0,1.0,1.0,1.0,1.0,0.0,1.0,0.0,1.0,9.0,15.0,0.5,0.6667000000000001,1.0,2.0,0.0,0.0,2.0,6.0,1.0,4.0,0.0,4.0,0.0,0.0,0.0,0.0,1.0,0.0,599.0,501.0,2.0,1.0,2.0,1.0,0.0,0.0,36.0,34.0,15.0,11.0,39.0,40.0,16.0,13.0,162.0,175.0,17.0,6.0,0.0,0.0,1.0,0.0,1.0,2.0,0.0,1.0,1.0,1.0,0.0,0.0,2.0,1.0,1.0,0.0,3.0,0.0,1.0,0.0,0.0,0.0,0.0,0.0,31.0,19.0,31.0,19.0,0.4603,0.5397,0.0,0.0,0.0,1.0,0.0,0.0,0.0,0.0,0.0,0.0,4.0,6.0,2.0,1.0,0.0,0.0,0.4,0.2857,3.0,0.0,0.9467,0.9468,1.0,3.0,70.0,84.0,1.0,0.0,0.0,0.0,0.0,0.0,1.0,0.0,0.0,0.0,1.0,0.0,0.8889,1.0,8.0,3.0,0.0,0.0,8.0,1.0,0.0,2.0,0.6820999999999999,0.6347,133.0,106.0,0.4465,0.5535,5.0,3.0,3.0,2.0,10.0,18.0,5.0,3.0,4.0,3.0,0.0,0.0,0.0,0.0,1.0,2.0,0.0,1.0,0.0,0.0,2.0,1.0
2026-03-21,Glasgow,Leinster,38.0,17.0,5.0,5.0,9.0,12.0,38.0,17.0,26.0,12.0,138.0,152.0,54.0,59.0,69.0,78.0,13.0,7.0,4.0,1.0,23.0,18.0,0.0,0.0,0.0,0.0,0.0,0.0,4.0,1.0,653.0,489.0,653.0,489.0,0.6667000000000001,0.3333,0.0,0.0,23.0,23.0,0.9412,0.9231,1.0,0.0,0.0,0.0,0.0,0.0,0.0,0.0,0.0,1.0,0.0,1.0,16.0,12.0,1.0,0.0,0.0,0.0,0.0,0.0,7.0,0.0,7.0,0.0,6.0,0.0,0.0,0.0,0.0,0.0,1.0,0.0,423.0,413.0,2.0,2.0,2.0,2.0,0.0,0.0,18.0,23.0,13.0,10.0,42.0,41.0,6.0,11.0,170.0,233.0,6.0,9.0,0.0,0.0,0.0,0.0,1.0,1.0,1.0,1.0,0.0,0.0,0.0,0.0,0.0,3.0,0.0,0.0,2.0,2.0,1.0,0.0,0.0,0.0,0.0,0.0,38.0,17.0,38.0,17.0,0.4706,0.5294,0.0,0.0,0.0,0.0,1.0,0.0,0.0,0.0,0.0,0.0,3.0,7.0,0.0,0.0,0.0,1.0,0.0,0.1429,1.0,2.0,0.9691,0.9825,1.0,0.0,93.0,109.0,0.0,0.0,0.0,0.0,0.0,0.0,0.0,0.0,0.0,0.0,1.0,1.0,1.0,1.0,4.0,3.0,0.0,2.0,2.0,1.0,2.0,0.0,0.8362,0.7881999999999999,194.0,160.0,0.476,0.524,6.0,3.0,4.0,1.0,17.0,13.0,6.0,3.0,4.0,3.0,0.0,0.0,0.0,2.0,0.0,1.0,1.0,1.0,1.0,0.0,1.0,3.0
2026-03-21,Lions,Edinburgh,54.0,17.0,5.0,7.0,13.0,16.0,54.0,17.0,35.0,0.0,101.0,137.0,63.0,59.0,26.0,71.0,20.0,5.0,7.0,1.0,32.0,19.0,0.0,0.0,0.0,0.0,0.0,0.0,7.0,1.0,638.0,516.0,638.0,516.0,0.875,0.3333,0.0,0.0,21.0,16.0,1.0,0.7222,0.0,3.0,0.0,0.0,0.0,1.0,0.0,0.0,0.0,0.0,0.0,1.0,9.0,13.0,0.6667000000000001,1.0,1.0,0.0,0.0,0.0,3.0,6.0,2.0,6.0,1.0,5.0,1.0,0.0,0.0,0.0,0.0,1.0,646.0,333.0,1.0,2.0,1.0,2.0,0.0,0.0,19.0,32.0,16.0,11.0,39.0,34.0,19.0,8.0,102.0,177.0,9.0,4.0,0.0,1.0,1.0,0.0,0.0,0.0,0.0,0.0,0.0,0.0,0.0,0.0,2.0,0.0,0.0,0.0,4.0,0.0,0.0,0.0,0.0,0.0,0.0,0.0,54.0,17.0,54.0,17.0,0.3807,0.6193,0.0,0.0,0.0,0.0,0.0,0.0,0.0,0.0,0.0,1.0,4.0,8.0,0.0,0.0,0.0,1.0,0.0,0.2221999999999999,7.0,3.0,0.9778,0.9439,0.0,5.0,42.0,99.0,1.0,0.0,1.0,0.0,0.0,0.0,0.0,0.0,0.0,0.0,0.0,1.0,0.8,1.0,4.0,6.0,0.0,0.0,4.0,3.0,0.0,3.0,0.8262999999999999,0.4809,157.0,63.0,0.37,0.63,8.0,3.0,7.0,1.0,9.0,18.0,8.0,3.0,6.0,1.0,2.0,0.0,0.0,0.0,2.0,1.0,1.0,1.0,0.0,0.0,1.0,0.0
2026-03-21,Sharks,Munster,45.0,0.0,4.0,7.0,15.0,15.0,45.0,0.0,12.0,0.0,94.0,97.0,45.0,32.0,38.0,44.0,5.0,1.0,5.0,0.0,22.0,19.0,0.0,0.0,0.0,0.0,0.0,0.0,5.0,0.0,949.0,575.0,949.0,575.0,0.7143,0.0,0.0,0.0,33.0,18.0,0.9333,0.4,1.0,2.0,0.0,0.0,0.0,0.0,0.0,0.0,0.0,0.0,0.0,4.0,14.0,4.0,1.0,1.0,0.0,0.0,0.0,0.0,5.0,2.0,5.0,2.0,2.0,2.0,2.0,0.0,0.0,0.0,1.0,0.0,314.0,236.0,2.0,0.0,2.0,0.0,0.0,0.0,19.0,22.0,10.0,4.0,51.0,35.0,7.0,8.0,97.0,151.0,9.0,13.0,0.0,2.0,0.0,0.0,1.0,0.0,1.0,0.0,0.0,0.0,2.0,0.0,1.0,1.0,0.0,0.0,2.0,7.0,0.0,0.0,0.0,0.0,0.0,0.0,45.0,0.0,45.0,0.0,0.5185,0.4815,0.0,0.0,0.0,0.0,0.0,0.0,0.0,0.0,1.0,0.0,1.0,7.0,0.0,1.0,1.0,0.0,0.0,0.125,10.0,0.0,0.9531,0.9718,1.0,0.0,59.0,66.0,0.0,1.0,0.0,1.0,0.0,0.0,0.0,0.0,0.0,0.0,2.0,0.0,1.0,0.8571,8.0,6.0,0.0,1.0,2.0,4.0,6.0,1.0,0.7447,0.7153,105.0,103.0,0.5161,0.4839,7.0,0.0,5.0,0.0,15.0,10.0,7.0,0.0,4.0,0.0,1.0,0.0,0.0,1.0,0.0,0.0,0.0,1.0,1.0,0.0,0.0,0.0
2026-03-22,Stormers,Dragons,29.0,21.0,4.0,9.0,18.0,11.0,29.0,21.0,14.0,7.0,107.0,84.0,53.0,36.0,37.0,35.0,8.0,7.0,3.0,3.0,26.0,15.0,0.0,0.0,0.0,0.0,0.0,1.0,4.0,3.0,684.0,565.0,684.0,565.0,0.6667000000000001,1.0,0.0,0.0,28.0,23.0,1.0,0.8667,0.0,1.0,0.0,0.0,0.0,0.0,0.0,0.0,0.0,1.0,0.0,0.0,17.0,13.0,0.75,0.5,1.0,2.0,0.0,0.0,4.0,4.0,3.0,2.0,3.0,1.0,0.0,1.0,0.0,0.0,0.0,0.0,394.0,237.0,1.0,0.0,2.0,0.0,1.0,0.0,15.0,26.0,14.0,10.0,44.0,35.0,2.0,2.0,106.0,98.0,9.0,14.0,0.0,0.0,0.0,0.0,2.0,0.0,0.0,0.0,0.0,2.0,0.0,0.0,0.0,4.0,0.0,0.0,1.0,7.0,0.0,2.0,1.0,0.0,0.0,0.0,29.0,21.0,26.0,21.0,0.5687,0.4313,0.0,0.0,0.0,0.0,0.0,2.0,0.0,0.0,0.0,0.0,4.0,6.0,0.0,0.0,0.0,0.0,0.2,0.1110999999999999,10.0,5.0,0.962,0.9492,0.0,0.0,76.0,53.0,0.0,2.0,0.0,0.0,0.0,1.0,0.0,1.0,0.0,0.0,1.0,1.0,1.0,0.7143,7.0,5.0,0.0,1.0,1.0,4.0,6.0,0.0,0.8033,0.8095,98.0,136.0,0.5616,0.4384,6.0,3.0,4.0,3.0,17.0,15.0,4.0,3.0,2.0,2.0,0.0,0.0,0.0,0.0,1.0,0.0,0.0,1.0,0.0,0.0,0.0,0.0
2026-03-27,Glasgow,Benetton,31.0,10.0,11.0,4.0,12.0,19.0,31.0,10.0,7.0,10.0,166.0,140.0,79.0,54.0,64.0,67.0,4.0,8.0,3.0,1.0,36.0,35.0,0.0,0.0,0.0,0.0,0.0,0.0,3.0,2.0,651.0,525.0,651.0,525.0,0.6,1.0,0.0,0.0,24.0,19.0,0.7143,0.8181999999999999,1.0,0.0,0.0,0.0,1.0,0.0,0.0,0.0,0.0,1.0,4.0,2.0,15.0,9.0,1.0,0.0,0.0,1.0,0.0,0.0,7.0,1.0,7.0,0.0,6.0,0.0,0.0,0.0,0.0,0.0,1.0,0.0,465.0,493.0,2.0,0.0,2.0,0.0,0.0,0.0,35.0,36.0,12.0,9.0,43.0,38.0,7.0,6.0,176.0,156.0,7.0,13.0,0.0,0.0,0.0,0.0,1.0,1.0,0.0,0.0,0.0,0.0,0.0,0.0,1.0,2.0,0.0,0.0,2.0,3.0,0.0,0.0,0.0,1.0,0.0,0.0,31.0,10.0,31.0,7.0,0.5241,0.4759,0.0,0.0,0.0,0.0,0.0,0.0,0.0,0.0,0.0,0.0,2.0,6.0,0.0,0.0,0.0,1.0,0.0,0.0,4.0,1.0,0.982,0.9524,1.0,1.0,106.0,98.0,1.0,0.0,0.0,0.0,0.0,0.0,1.0,0.0,0.0,0.0,2.0,0.0,0.875,1.0,7.0,4.0,0.0,0.0,4.0,3.0,3.0,1.0,0.7877,0.7617,167.0,179.0,0.5194,0.4806,5.0,2.0,3.0,2.0,21.0,11.0,5.0,1.0,2.0,1.0,0.0,0.0,0.0,0.0,1.0,1.0,1.0,0.0,0.0,2.0,0.0,1.0
2026-03-27,Leinster,Scarlets,36.0,19.0,7.0,9.0,17.0,15.0,36.0,19.0,12.0,7.0,136.0,158.0,61.0,57.0,49.0,82.0,16.0,10.0,3.0,2.0,25.0,34.0,0.0,0.0,0.0,0.0,0.0,0.0,3.0,2.0,760.0,900.0,760.0,900.0,0.5,0.6667000000000001,0.0,0.0,33.0,37.0,0.9333,0.9091,0.0,0.0,0.0,0.0,0.0,0.0,0.0,2.0,0.0,0.0,1.0,2.0,14.0,20.0,1.0,0.625,0.0,3.0,0.0,0.0,3.0,8.0,3.0,5.0,3.0,5.0,0.0,0.0,0.0,0.0,0.0,0.0,519.0,343.0,3.0,1.0,3.0,1.0,0.0,0.0,34.0,25.0,11.0,16.0,53.0,52.0,14.0,19.0,185.0,179.0,10.0,9.0,0.0,0.0,0.0,1.0,2.0,2.0,1.0,1.0,2.0,0.0,0.0,0.0,1.0,0.0,0.0,1.0,2.0,2.0,1.0,0.0,0.0,0.0,0.0,0.0,36.0,19.0,36.0,19.0,0.4524,0.5476,0.0,0.0,0.0,0.0,0.0,0.0,0.0,0.0,0.0,0.0,4.0,7.0,0.0,1.0,0.0,0.0,0.1667,0.1429,5.0,7.0,0.9756,0.9561,0.0,2.0,78.0,106.0,0.0,1.0,0.0,0.0,0.0,1.0,0.0,0.0,0.0,0.0,0.0,1.0,1.0,0.8571,3.0,6.0,2.0,1.0,0.0,4.0,1.0,1.0,0.7537999999999999,0.7249,196.0,137.0,0.364,0.636,6.0,3.0,3.0,2.0,15.0,22.0,6.0,3.0,6.0,3.0,0.0,1.0,1.0,2.0,0.0,0.0,0.0,0.0,0.0,2.0,1.0,2.0
2026-03-27,Sharks,Cardiff,21.0,15.0,3.0,10.0,10.0,11.0,21.0,15.0,21.0,12.0,114.0,68.0,44.0,23.0,57.0,30.0,8.0,10.0,3.0,1.0,24.0,17.0,0.0,0.0,0.0,0.0,0.0,0.0,3.0,2.0,708.0,686.0,708.0,686.0,1.0,0.6667000000000001,0.0,0.0,30.0,31.0,0.9375,0.6842,0.0,1.0,0.0,0.0,0.0,2.0,1.0,0.0,0.0,1.0,1.0,3.0,15.0,13.0,1.0,1.0,0.0,0.0,0.0,0.0,7.0,1.0,7.0,1.0,6.0,1.0,0.0,0.0,0.0,0.0,1.0,0.0,286.0,297.0,0.0,1.0,0.0,1.0,0.0,0.0,17.0,24.0,7.0,6.0,42.0,37.0,9.0,5.0,108.0,82.0,12.0,9.0,0.0,0.0,1.0,0.0,1.0,1.0,0.0,0.0,1.0,1.0,0.0,0.0,3.0,1.0,1.0,0.0,2.0,4.0,0.0,0.0,0.0,1.0,0.0,0.0,21.0,15.0,21.0,15.0,0.5952000000000001,0.4048,0.0,0.0,0.0,0.0,0.0,0.0,0.0,0.0,0.0,0.0,4.0,4.0,0.0,0.0,0.0,0.0,0.0,0.0,7.0,6.0,0.9222,0.96,1.0,0.0,81.0,48.0,0.0,0.0,0.0,0.0,0.0,0.0,0.0,0.0,0.0,0.0,1.0,1.0,1.0,1.0,6.0,4.0,1.0,1.0,2.0,2.0,3.0,1.0,0.7326999999999999,0.795,74.0,159.0,0.5434,0.4565999999999999,3.0,3.0,3.0,2.0,16.0,19.0,3.0,2.0,0.0,2.0,0.0,1.0,0.0,0.0,2.0,0.0,1.0,0.0,0.0,0.0,1.0,0.0
2026-03-28,Bulls,Munster,34.0,31.0,10.0,6.0,15.0,16.0,34.0,31.0,14.0,7.0,68.0,111.0,34.0,42.0,23.0,53.0,9.0,4.0,4.0,3.0,23.0,26.0,0.0,1.0,0.0,0.0,0.0,0.0,6.0,3.0,632.0,659.0,632.0,659.0,1.0,0.6,0.0,0.0,22.0,22.0,0.9167,0.9444,0.0,0.0,0.0,0.0,0.0,0.0,0.0,1.0,0.0,0.0,1.0,1.0,11.0,17.0,0.5,1.0,3.0,0.0,2.0,0.0,6.0,3.0,3.0,3.0,2.0,3.0,1.0,0.0,0.0,0.0,0.0,0.0,382.0,350.0,0.0,2.0,0.0,2.0,0.0,0.0,26.0,23.0,9.0,10.0,37.0,45.0,9.0,9.0,80.0,143.0,10.0,9.0,0.0,0.0,1.0,0.0,1.0,0.0,0.0,0.0,1.0,0.0,0.0,1.0,2.0,0.0,0.0,0.0,0.0,4.0,1.0,1.0,2.0,0.0,0.0,0.0,34.0,31.0,28.0,31.0,0.4061999999999999,0.5938,0.0,0.0,0.0,0.0,1.0,0.0,0.0,0.0,0.0,0.0,6.0,7.0,0.0,1.0,0.0,1.0,0.0,0.1429,7.0,5.0,0.9318,0.9079,0.0,3.0,41.0,66.0,0.0,0.0,0.0,0.0,0.0,0.0,0.0,0.0,0.0,0.0,1.0,2.0,1.0,1.0,5.0,7.0,1.0,0.0,1.0,7.0,3.0,0.0,0.7468,0.6636,115.0,73.0,0.3889,0.6111,6.0,5.0,6.0,3.0,12.0,18.0,4.0,5.0,3.0,4.0,1.0,0.0,2.0,0.0,0.0,0.0,1.0,0.0,0.0,0.0,1.0,0.0
2026-03-28,Connacht,Ospreys,21.0,14.0,5.0,6.0,11.0,12.0,21.0,14.0,7.0,7.0,137.0,130.0,57.0,57.0,68.0,62.0,8.0,6.0,3.0,2.0,23.0,19.0,0.0,0.0,0.0,0.0,0.0,0.0,3.0,2.0,267.0,369.0,267.0,369.0,0.75,1.0,0.0,0.0,16.0,16.0,0.9167,0.7778,1.0,0.0,0.0,0.0,0.0,0.0,0.0,0.0,1.0,0.0,0.0,2.0,11.0,7.0,0.8,1.0,1.0,0.0,0.0,0.0,5.0,3.0,4.0,3.0,4.0,3.0,0.0,0.0,0.0,0.0,0.0,0.0,385.0,318.0,0.0,0.0,1.0,0.0,1.0,0.0,19.0,23.0,7.0,12.0,34.0,33.0,7.0,8.0,176.0,153.0,10.0,9.0,0.0,0.0,0.0,0.0,1.0,1.0,0.0,0.0,0.0,0.0,0.0,0.0,1.0,2.0,0.0,0.0,3.0,0.0,1.0,0.0,0.0,0.0,0.0,0.0,21.0,14.0,21.0,14.0,0.5126,0.4874,0.0,0.0,0.0,0.0,0.0,1.0,0.0,1.0,0.0,0.0,3.0,4.0,0.0,0.0,0.0,1.0,0.0,0.0,1.0,3.0,0.9643,0.9358,1.0,2.0,105.0,99.0,0.0,0.0,0.0,0.0,0.0,0.0,0.0,0.0,0.0,0.0,0.0,1.0,1.0,1.0,7.0,11.0,0.0,1.0,7.0,8.0,0.0,2.0,0.8325,0.8227,174.0,181.0,0.4714,0.5286,4.0,2.0,3.0,2.0,12.0,9.0,3.0,2.0,1.0,1.0,0.0,0.0,0.0,0.0,0.0,0.0,1.0,1.0,1.0,1.0,1.0,1.0
2026-03-28,Lions,Dragons,42.0,26.0,7.0,6.0,10.0,17.0,42.0,26.0,18.0,14.0,112.0,89.0,51.0,38.0,34.0,39.0,21.0,10.0,3.0,3.0,26.0,15.0,0.0,0.0,0.0,0.0,0.0,0.0,5.0,3.0,978.0,900.0,978.0,900.0,0.5556,0.75,0.0,0.0,32.0,28.0,0.8421,1.0,0.0,0.0,0.0,0.0,1.0,0.0,0.0,0.0,1.0,0.0,2.0,0.0,16.0,17.0,1.0,1.0,0.0,0.0,0.0,0.0,1.0,4.0,1.0,4.0,1.0,3.0,0.0,1.0,0.0,0.0,0.0,0.0,513.0,266.0,3.0,1.0,4.0,1.0,1.0,0.0,15.0,26.0,14.0,9.0,49.0,42.0,13.0,3.0,153.0,117.0,5.0,11.0,0.0,0.0,0.0,0.0,0.0,1.0,0.0,0.0,0.0,0.0,0.0,0.0,0.0,3.0,0.0,0.0,2.0,6.0,0.0,0.0,2.0,0.0,0.0,0.0,42.0,26.0,39.0,26.0,0.5396,0.4604,0.0,0.0,0.0,0.0,0.0,1.0,0.0,0.0,0.0,0.0,5.0,9.0,0.0,1.0,2.0,0.0,0.1667,0.1818,7.0,3.0,0.9375,0.9444,0.0,2.0,58.0,50.0,0.0,2.0,0.0,0.0,0.0,0.0,0.0,2.0,0.0,0.0,1.0,1.0,1.0,0.6667000000000001,4.0,4.0,1.0,2.0,0.0,2.0,3.0,0.0,0.7917000000000001,0.7047,76.0,105.0,0.5843,0.4157,9.0,4.0,5.0,3.0,19.0,17.0,6.0,4.0,5.0,4.0,0.0,1.0,0.0,1.0,1.0,0.0,1.0,0.0,0.0,2.0,0.0,1.0
2026-03-28,Stormers,Edinburgh,33.0,14.0,7.0,7.0,25.0,13.0,33.0,14.0,7.0,7.0,110.0,92.0,47.0,28.0,31.0,38.0,14.0,8.0,4.0,2.0,22.0,17.0,0.0,0.0,0.0,0.0,0.0,0.0,4.0,2.0,1101.0,1049.0,1101.0,1049.0,0.5714,1.0,0.0,0.0,45.0,40.0,0.7857,0.9,2.0,0.0,0.0,0.0,0.0,0.0,0.0,0.0,0.0,0.0,1.0,1.0,11.0,9.0,0.5,0.8,2.0,1.0,1.0,0.0,4.0,5.0,2.0,4.0,1.0,4.0,1.0,0.0,0.0,0.0,0.0,0.0,498.0,450.0,1.0,0.0,3.0,0.0,2.0,0.0,17.0,22.0,10.0,11.0,54.0,54.0,6.0,1.0,107.0,113.0,5.0,10.0,0.0,0.0,1.0,0.0,1.0,1.0,0.0,2.0,0.0,0.0,0.0,0.0,0.0,1.0,0.0,0.0,2.0,4.0,0.0,1.0,0.0,0.0,0.0,0.0,33.0,14.0,33.0,14.0,0.5,0.5,0.0,0.0,0.0,0.0,0.0,2.0,0.0,0.0,0.0,0.0,3.0,5.0,0.0,0.0,0.0,0.0,0.0,0.0,12.0,3.0,0.942,0.9286,2.0,2.0,63.0,64.0,0.0,2.0,0.0,0.0,0.0,1.0,0.0,1.0,0.0,0.0,2.0,1.0,1.0,0.75,5.0,6.0,2.0,1.0,2.0,4.0,1.0,1.0,0.8240000000000001,0.7585999999999999,103.0,110.0,0.4775999999999999,0.5224,7.0,2.0,4.0,2.0,14.0,10.0,5.0,2.0,4.0,0.0,0.0,0.0,0.0,0.0,1.0,1.0,1.0,0.0,0.0,0.0,1.0,0.0
2026-03-28,Zebre,Ulster,12.0,28.0,7.0,9.0,16.0,16.0,12.0,28.0,7.0,7.0,87.0,121.0,44.0,52.0,29.0,52.0,9.0,4.0,1.0,4.0,23.0,17.0,0.0,0.0,0.0,0.0,0.0,0.0,1.0,4.0,438.0,555.0,438.0,555.0,0.3333,1.0,0.0,0.0,21.0,22.0,0.95,1.0,1.0,0.0,0.0,0.0,0.0,0.0,0.0,1.0,0.0,0.0,0.0,0.0,19.0,17.0,0.7143,1.0,4.0,0.0,1.0,0.0,14.0,9.0,10.0,9.0,7.0,8.0,2.0,1.0,0.0,0.0,1.0,0.0,319.0,343.0,1.0,0.0,2.0,0.0,1.0,0.0,17.0,23.0,15.0,10.0,42.0,41.0,9.0,6.0,84.0,179.0,10.0,14.0,1.0,0.0,0.0,0.0,3.0,3.0,0.0,0.0,1.0,0.0,0.0,0.0,0.0,4.0,0.0,0.0,1.0,4.0,0.0,0.0,0.0,0.0,0.0,0.0,12.0,28.0,12.0,28.0,0.4364,0.5636,0.0,0.0,1.0,0.0,0.0,0.0,0.0,0.0,0.0,0.0,5.0,3.0,0.0,0.0,0.0,0.0,0.0,0.0,4.0,2.0,0.9385,0.9787,1.0,1.0,59.0,91.0,1.0,2.0,0.0,0.0,0.0,0.0,1.0,2.0,0.0,0.0,0.0,1.0,0.8571,0.6,6.0,3.0,0.0,0.0,4.0,3.0,2.0,0.0,0.8087000000000001,0.7387999999999999,148.0,99.0,0.4949,0.5051,3.0,4.0,1.0,4.0,20.0,17.0,2.0,4.0,0.0,3.0,0.0,0.0,1.0,0.0,1.0,1.0,1.0,0.0,0.0,0.0,0.0,1.0
2026-04-17,Dragons,Bulls,7.0,47.0,3.0,4.0,13.0,9.0,7.0,47.0,7.0,12.0,85.0,142.0,26.0,80.0,46.0,38.0,5.0,8.0,1.0,6.0,12.0,24.0,0.0,0.0,0.0,0.0,0.0,0.0,1.0,6.0,811.0,734.0,811.0,734.0,1.0,0.75,0.0,0.0,29.0,29.0,0.9474,1.0,0.0,0.0,0.0,0.0,0.0,0.0,1.0,0.0,1.0,0.0,1.0,0.0,18.0,13.0,1.0,1.0,0.0,0.0,0.0,0.0,4.0,5.0,4.0,5.0,4.0,5.0,0.0,0.0,0.0,0.0,0.0,0.0,254.0,587.0,0.0,1.0,0.0,2.0,0.0,1.0,24.0,12.0,5.0,15.0,40.0,50.0,2.0,10.0,103.0,136.0,12.0,9.0,0.0,0.0,1.0,1.0,1.0,2.0,1.0,0.0,0.0,1.0,0.0,0.0,1.0,0.0,0.0,0.0,5.0,0.0,2.0,0.0,0.0,0.0,0.0,0.0,7.0,47.0,7.0,47.0,0.4118,0.5882000000000001,0.0,0.0,0.0,0.0,0.0,0.0,0.0,0.0,0.0,0.0,7.0,2.0,1.0,0.0,1.0,0.0,0.1429,0.0,3.0,4.0,0.9667,0.9574,1.0,0.0,55.0,85.0,0.0,0.0,0.0,0.0,0.0,0.0,0.0,0.0,0.0,0.0,0.0,2.0,1.0,1.0,6.0,6.0,0.0,2.0,6.0,1.0,0.0,3.0,0.7806000000000001,0.8495999999999999,153.0,96.0,0.3989999999999999,0.601,1.0,8.0,1.0,6.0,19.0,13.0,1.0,7.0,1.0,1.0,0.0,0.0,1.0,0.0,0.0,1.0,0.0,0.0,0.0,0.0,0.0,0.0
2026-04-17,Edinburgh,Zebre,31.0,30.0,1.0,5.0,16.0,14.0,31.0,30.0,19.0,15.0,114.0,100.0,50.0,60.0,57.0,35.0,3.0,8.0,3.0,2.0,13.0,17.0,0.0,0.0,0.0,0.0,0.0,0.0,3.0,4.0,312.0,313.0,312.0,313.0,0.6,0.6667000000000001,0.0,0.0,16.0,11.0,0.8571,0.6154,1.0,1.0,0.0,0.0,0.0,1.0,0.0,0.0,0.0,0.0,1.0,3.0,12.0,8.0,0.9,1.0,1.0,0.0,0.0,0.0,10.0,3.0,9.0,3.0,7.0,2.0,2.0,1.0,0.0,0.0,0.0,0.0,238.0,332.0,2.0,2.0,2.0,2.0,0.0,0.0,17.0,13.0,7.0,10.0,34.0,27.0,1.0,7.0,120.0,88.0,8.0,8.0,0.0,0.0,0.0,0.0,1.0,3.0,0.0,0.0,1.0,1.0,0.0,0.0,3.0,1.0,0.0,0.0,1.0,3.0,1.0,0.0,0.0,2.0,0.0,0.0,31.0,30.0,31.0,27.0,0.5381,0.4619,0.0,0.0,0.0,0.0,0.0,0.0,0.0,0.0,0.0,0.0,6.0,6.0,1.0,1.0,0.0,0.0,0.1667,0.1667,3.0,4.0,0.973,0.9846,1.0,0.0,66.0,62.0,0.0,2.0,0.0,0.0,0.0,0.0,0.0,2.0,0.0,0.0,1.0,0.0,1.0,0.7778,10.0,7.0,1.0,1.0,9.0,6.0,0.0,0.0,0.7807999999999999,0.8140999999999999,114.0,127.0,0.5212,0.4788,5.0,6.0,3.0,4.0,14.0,13.0,5.0,4.0,3.0,3.0,0.0,0.0,0.0,0.0,1.0,0.0,0.0,1.0,1.0,2.0,0.0,0.0
2026-04-17,Ulster,Leinster,21.0,29.0,5.0,10.0,18.0,10.0,21.0,29.0,0.0,15.0,103.0,151.0,41.0,77.0,41.0,56.0,11.0,6.0,3.0,3.0,36.0,27.0,0.0,0.0,0.0,0.0,0.0,0.0,3.0,4.0,559.0,770.0,559.0,770.0,1.0,0.8,0.0,0.0,21.0,30.0,0.8571,0.8571,0.0,0.0,0.0,0.0,1.0,1.0,1.0,0.0,0.0,0.0,1.0,1.0,12.0,12.0,0.8,1.0,1.0,0.0,1.0,0.0,5.0,4.0,4.0,4.0,4.0,3.0,0.0,1.0,0.0,0.0,0.0,0.0,426.0,325.0,0.0,1.0,0.0,1.0,0.0,0.0,27.0,36.0,6.0,10.0,37.0,46.0,9.0,7.0,122.0,156.0,11.0,7.0,1.0,0.0,0.0,0.0,4.0,2.0,0.0,0.0,0.0,2.0,0.0,0.0,1.0,1.0,0.0,0.0,4.0,1.0,0.0,0.0,0.0,1.0,0.0,0.0,21.0,29.0,21.0,26.0,0.4045,0.5954999999999999,0.0,0.0,0.0,1.0,0.0,0.0,0.0,0.0,0.0,0.0,6.0,4.0,0.0,0.0,1.0,0.0,0.1667,0.0,0.0,5.0,0.9467,0.9826,3.0,0.0,70.0,111.0,2.0,0.0,1.0,0.0,0.0,0.0,1.0,0.0,0.0,0.0,3.0,0.0,0.6,1.0,3.0,4.0,1.0,0.0,2.0,2.0,0.0,2.0,0.8190000000000001,0.7048000000000001,190.0,117.0,0.371,0.629,3.0,5.0,3.0,4.0,14.0,14.0,3.0,4.0,3.0,4.0,0.0,0.0,0.0,1.0,3.0,0.0,0.0,1.0,0.0,0.0,1.0,0.0
2026-04-18,Benetton,Munster,15.0,45.0,4.0,11.0,17.0,9.0,15.0,45.0,3.0,19.0,133.0,117.0,60.0,66.0,60.0,35.0,9.0,8.0,1.0,5.0,28.0,32.0,0.0,0.0,0.0,0.0,0.0,0.0,2.0,5.0,469.0,881.0,469.0,881.0,0.6667000000000001,0.625,0.0,0.0,16.0,29.0,0.8234999999999999,0.75,0.0,0.0,0.0,0.0,0.0,1.0,0.0,0.0,1.0,0.0,3.0,1.0,14.0,6.0,0.6,1.0,2.0,0.0,1.0,0.0,5.0,3.0,3.0,3.0,2.0,2.0,1.0,1.0,0.0,0.0,0.0,0.0,447.0,391.0,1.0,2.0,1.0,3.0,0.0,1.0,32.0,28.0,13.0,12.0,40.0,41.0,6.0,6.0,160.0,136.0,5.0,10.0,0.0,1.0,0.0,1.0,1.0,1.0,0.0,0.0,0.0,0.0,0.0,0.0,0.0,2.0,0.0,1.0,3.0,1.0,1.0,0.0,1.0,0.0,0.0,0.0,15.0,45.0,15.0,45.0,0.5204,0.4796,0.0,0.0,0.0,0.0,0.0,0.0,0.0,0.0,0.0,0.0,8.0,3.0,0.0,2.0,0.0,0.0,0.25,0.6667000000000001,3.0,7.0,0.9615,0.9888,3.0,1.0,97.0,88.0,2.0,0.0,1.0,0.0,0.0,0.0,1.0,0.0,0.0,0.0,1.0,2.0,0.5,1.0,2.0,7.0,0.0,0.0,1.0,6.0,1.0,1.0,0.7318000000000001,0.792,131.0,179.0,0.5261,0.4739,3.0,8.0,2.0,5.0,17.0,8.0,2.0,7.0,1.0,6.0,0.0,1.0,2.0,0.0,1.0,0.0,0.0,2.0,0.0,0.0,0.0,2.0
2026-04-18,Lions,Glasgow,54.0,12.0,11.0,2.0,10.0,12.0,54.0,12.0,26.0,7.0,107.0,175.0,57.0,81.0,38.0,79.0,17.0,12.0,7.0,1.0,26.0,34.0,0.0,0.0,0.0,0.0,0.0,0.0,7.0,1.0,507.0,325.0,507.0,325.0,0.875,0.5,0.0,0.0,18.0,16.0,0.8667,1.0,0.0,0.0,0.0,0.0,0.0,0.0,0.0,0.0,1.0,0.0,2.0,0.0,13.0,12.0,0.5,0.8571,1.0,1.0,1.0,1.0,2.0,7.0,1.0,6.0,1.0,6.0,0.0,0.0,0.0,0.0,0.0,0.0,519.0,496.0,1.0,1.0,1.0,1.0,0.0,0.0,34.0,26.0,12.0,9.0,36.0,38.0,14.0,13.0,116.0,229.0,8.0,12.0,0.0,0.0,0.0,1.0,1.0,1.0,0.0,0.0,0.0,0.0,0.0,0.0,1.0,2.0,1.0,0.0,2.0,1.0,0.0,0.0,0.0,0.0,0.0,0.0,54.0,12.0,54.0,12.0,0.3797,0.6203,0.0,0.0,0.0,0.0,0.0,0.0,0.0,0.0,0.0,0.0,3.0,8.0,0.0,0.0,0.0,0.0,0.0,0.0,0.0,2.0,1.0,0.9083,0.0,2.0,52.0,105.0,0.0,1.0,0.0,0.0,0.0,0.0,0.0,1.0,0.0,0.0,0.0,1.0,1.0,0.8571,3.0,6.0,0.0,1.0,3.0,4.0,0.0,1.0,0.7634000000000001,0.6315999999999999,171.0,84.0,0.3838,0.6162,8.0,2.0,7.0,1.0,15.0,12.0,8.0,2.0,8.0,2.0,0.0,0.0,0.0,0.0,0.0,1.0,0.0,0.0,0.0,0.0,0.0,0.0
2026-04-18,Ospreys,Sharks,21.0,17.0,9.0,6.0,12.0,22.0,21.0,17.0,14.0,12.0,82.0,122.0,29.0,56.0,42.0,41.0,6.0,13.0,3.0,1.0,12.0,19.0,0.0,0.0,0.0,0.0,0.0,0.0,3.0,1.0,612.0,463.0,612.0,463.0,1.0,0.3333,0.0,0.0,25.0,22.0,0.6923,0.9231,0.0,1.0,0.0,0.0,0.0,0.0,0.0,0.0,0.0,0.0,4.0,0.0,9.0,12.0,0.75,0.875,1.0,1.0,0.0,0.0,4.0,8.0,3.0,7.0,2.0,6.0,0.0,0.0,0.0,0.0,1.0,1.0,260.0,527.0,0.0,2.0,0.0,2.0,0.0,0.0,19.0,12.0,7.0,13.0,36.0,43.0,6.0,12.0,93.0,163.0,6.0,8.0,0.0,0.0,0.0,0.0,1.0,1.0,1.0,0.0,0.0,0.0,0.0,0.0,1.0,0.0,0.0,0.0,1.0,3.0,0.0,1.0,0.0,0.0,0.0,0.0,21.0,17.0,21.0,17.0,0.44,0.56,0.0,0.0,0.0,0.0,0.0,0.0,0.0,0.0,0.0,0.0,3.0,4.0,1.0,0.0,0.0,0.0,0.25,0.5,3.0,6.0,0.9545,0.9432,2.0,1.0,62.0,80.0,2.0,0.0,0.0,0.0,1.0,0.0,1.0,0.0,0.0,0.0,4.0,1.0,0.8181999999999999,1.0,9.0,4.0,1.0,0.0,5.0,4.0,3.0,0.0,0.7944,0.8308,143.0,108.0,0.3684,0.6315999999999999,3.0,3.0,3.0,1.0,13.0,13.0,3.0,3.0,2.0,1.0,0.0,0.0,0.0,2.0,1.0,0.0,0.0,0.0,0.0,1.0,0.0,0.0
2026-04-18,Scarlets,Cardiff,24.0,28.0,3.0,2.0,12.0,8.0,24.0,28.0,5.0,7.0,99.0,130.0,50.0,57.0,41.0,55.0,8.0,6.0,2.0,4.0,15.0,18.0,0.0,0.0,0.0,0.0,1.0,0.0,2.0,4.0,725.0,613.0,725.0,613.0,0.5,1.0,0.0,0.0,27.0,29.0,0.8889,0.4667,0.0,1.0,0.0,0.0,0.0,0.0,1.0,0.0,0.0,1.0,1.0,7.0,16.0,7.0,0.5,0.0,1.0,0.0,1.0,0.0,2.0,0.0,1.0,0.0,1.0,0.0,0.0,0.0,0.0,0.0,0.0,0.0,313.0,435.0,2.0,0.0,2.0,0.0,0.0,0.0,18.0,15.0,12.0,8.0,46.0,39.0,6.0,1.0,101.0,160.0,11.0,11.0,0.0,0.0,1.0,0.0,3.0,1.0,1.0,0.0,1.0,1.0,1.0,0.0,2.0,2.0,0.0,0.0,3.0,2.0,0.0,1.0,0.0,0.0,0.0,0.0,24.0,28.0,24.0,28.0,0.4418999999999999,0.5581,0.0,0.0,0.0,0.0,0.0,0.0,0.0,0.0,0.0,0.0,4.0,5.0,0.0,0.0,0.0,0.0,0.0,0.0,2.0,8.0,0.9855,0.9633,0.0,2.0,63.0,103.0,1.0,2.0,0.0,0.0,0.0,0.0,1.0,2.0,0.0,0.0,0.0,2.0,0.75,0.75,3.0,6.0,1.0,1.0,2.0,4.0,0.0,1.0,0.8579000000000001,0.768,163.0,96.0,0.4943999999999999,0.5056,4.0,4.0,2.0,4.0,18.0,15.0,4.0,4.0,4.0,2.0,0.0,0.0,0.0,0.0,0.0,1.0,2.0,0.0,0.0,0.0,2.0,0.0
2026-04-18,Stormers,Connacht,24.0,33.0,4.0,8.0,12.0,15.0,24.0,33.0,10.0,7.0,120.0,107.0,60.0,50.0,48.0,50.0,3.0,8.0,3.0,4.0,18.0,22.0,0.0,0.0,0.0,0.0,0.0,0.0,4.0,4.0,572.0,585.0,572.0,585.0,1.0,0.8,0.0,0.0,25.0,21.0,0.8571,0.8125,0.0,0.0,0.0,0.0,1.0,1.0,1.0,1.0,0.0,2.0,2.0,2.0,18.0,13.0,1.0,1.0,0.0,0.0,0.0,0.0,6.0,6.0,6.0,6.0,3.0,6.0,3.0,0.0,0.0,0.0,0.0,0.0,362.0,317.0,0.0,1.0,0.0,1.0,0.0,0.0,22.0,18.0,11.0,11.0,40.0,38.0,7.0,4.0,107.0,116.0,10.0,10.0,0.0,0.0,0.0,0.0,1.0,0.0,0.0,0.0,1.0,1.0,0.0,0.0,0.0,0.0,0.0,0.0,1.0,4.0,1.0,2.0,1.0,0.0,0.0,0.0,24.0,33.0,21.0,33.0,0.4936,0.5064,0.0,0.0,0.0,0.0,0.0,0.0,0.0,0.0,0.0,1.0,6.0,4.0,0.0,0.0,0.0,1.0,0.3333,0.0,10.0,1.0,0.9383,0.9759,1.0,1.0,74.0,78.0,1.0,0.0,0.0,0.0,0.0,0.0,1.0,0.0,0.0,0.0,2.0,1.0,0.875,1.0,7.0,5.0,1.0,0.0,3.0,5.0,3.0,0.0,0.7948999999999999,0.8084,124.0,135.0,0.5189,0.4810999999999999,4.0,5.0,4.0,4.0,21.0,16.0,3.0,5.0,2.0,3.0,0.0,0.0,1.0,0.0,0.0,3.0,1.0,0.0,0.0,0.0,1.0,0.0
2026-04-24,Cardiff,Ospreys,24.0,21.0,5.0,5.0,13.0,7.0,24.0,21.0,10.0,7.0,133.0,101.0,60.0,52.0,58.0,38.0,10.0,6.0,3.0,3.0,18.0,18.0,0.0,0.0,0.0,0.0,0.0,0.0,4.0,3.0,551.0,480.0,551.0,480.0,1.0,1.0,0.0,0.0,26.0,18.0,0.9231,0.8181999999999999,0.0,0.0,0.0,0.0,0.0,0.0,0.0,0.0,1.0,4.0,1.0,4.0,12.0,18.0,1.0,0.75,0.0,1.0,0.0,0.0,5.0,4.0,5.0,3.0,5.0,3.0,0.0,0.0,0.0,0.0,0.0,0.0,357.0,350.0,0.0,0.0,0.0,0.0,0.0,0.0,18.0,18.0,13.0,5.0,42.0,35.0,5.0,7.0,184.0,117.0,12.0,16.0,0.0,0.0,0.0,0.0,3.0,2.0,0.0,1.0,0.0,0.0,0.0,0.0,1.0,5.0,0.0,0.0,5.0,2.0,0.0,0.0,1.0,0.0,0.0,0.0,24.0,21.0,21.0,21.0,0.5586,0.4414,0.0,0.0,0.0,1.0,0.0,0.0,0.0,0.0,0.0,0.0,4.0,5.0,0.0,0.0,0.0,0.0,0.0,0.0,6.0,1.0,0.9528,0.9398,2.0,0.0,98.0,77.0,2.0,1.0,0.0,0.0,0.0,0.0,2.0,1.0,0.0,0.0,2.0,0.0,0.6,0.8,3.0,4.0,1.0,0.0,2.0,1.0,0.0,3.0,0.7965000000000001,0.8377,137.0,160.0,0.6256,0.3743999999999999,4.0,3.0,4.0,3.0,13.0,22.0,3.0,3.0,0.0,2.0,0.0,0.0,0.0,0.0,1.0,0.0,0.0,1.0,0.0,1.0,2.0,2.0
2026-04-24,Edinburgh,Sharks,33.0,28.0,10.0,7.0,13.0,14.0,33.0,28.0,14.0,14.0,113.0,123.0,38.0,43.0,45.0,55.0,16.0,12.0,4.0,4.0,26.0,30.0,0.0,0.0,0.0,0.0,1.0,0.0,4.0,4.0,595.0,853.0,595.0,853.0,0.8,1.0,0.0,0.0,25.0,34.0,0.6923,0.8571,0.0,1.0,0.0,0.0,1.0,0.0,0.0,0.0,1.0,0.0,2.0,1.0,9.0,12.0,0.6667000000000001,1.0,1.0,0.0,0.0,0.0,3.0,3.0,2.0,3.0,2.0,2.0,0.0,0.0,0.0,0.0,0.0,1.0,479.0,342.0,1.0,0.0,1.0,0.0,0.0,0.0,30.0,26.0,10.0,9.0,46.0,44.0,6.0,6.0,110.0,133.0,10.0,10.0,0.0,0.0,0.0,1.0,1.0,0.0,0.0,0.0,1.0,0.0,1.0,0.0,1.0,3.0,0.0,1.0,4.0,1.0,0.0,1.0,0.0,0.0,0.0,0.0,33.0,28.0,33.0,28.0,0.4656,0.5344,0.0,0.0,0.0,0.0,1.0,0.0,0.0,0.0,0.0,0.0,4.0,6.0,0.0,1.0,0.0,1.0,0.0,0.1429,3.0,6.0,0.9718,0.967,0.0,0.0,67.0,86.0,0.0,1.0,0.0,1.0,0.0,0.0,0.0,0.0,0.0,0.0,0.0,3.0,1.0,0.8332999999999999,4.0,5.0,0.0,1.0,4.0,1.0,0.0,3.0,0.7818999999999999,0.7484000000000001,147.0,116.0,0.4512,0.5488000000000001,5.0,4.0,4.0,4.0,13.0,14.0,5.0,4.0,5.0,2.0,0.0,0.0,1.0,0.0,0.0,0.0,1.0,0.0,0.0,0.0,0.0,0.0
2026-04-24,Zebre,Dragons,18.0,19.0,6.0,3.0,11.0,11.0,18.0,19.0,3.0,7.0,114.0,150.0,54.0,84.0,41.0,56.0,4.0,3.0,1.0,2.0,21.0,17.0,0.0,0.0,0.0,0.0,0.0,0.0,3.0,2.0,580.0,689.0,580.0,689.0,0.75,0.6667000000000001,0.0,0.0,23.0,24.0,0.8234999999999999,1.0,1.0,0.0,0.0,0.0,1.0,0.0,0.0,0.0,2.0,0.0,1.0,0.0,14.0,17.0,0.8571,0.8,1.0,1.0,0.0,0.0,7.0,5.0,6.0,4.0,1.0,4.0,4.0,0.0,0.0,0.0,1.0,0.0,397.0,418.0,1.0,1.0,1.0,1.0,0.0,0.0,17.0,21.0,10.0,9.0,40.0,38.0,6.0,0.0,139.0,188.0,6.0,10.0,0.0,1.0,0.0,0.0,0.0,2.0,0.0,0.0,0.0,0.0,1.0,0.0,1.0,1.0,0.0,0.0,3.0,1.0,0.0,3.0,2.0,0.0,0.0,0.0,18.0,19.0,18.0,19.0,0.4355,0.5645,0.0,0.0,0.0,0.0,0.0,0.0,0.0,0.0,0.0,0.0,3.0,5.0,0.0,0.0,0.0,0.0,0.0,0.0,1.0,1.0,0.9884,0.9688,0.0,1.0,83.0,123.0,0.0,0.0,0.0,0.0,0.0,0.0,0.0,0.0,0.0,0.0,1.0,0.0,1.0,1.0,3.0,6.0,1.0,1.0,2.0,3.0,0.0,2.0,0.9095,0.7853,221.0,128.0,0.3915999999999999,0.6084,4.0,3.0,3.0,2.0,17.0,17.0,2.0,3.0,0.0,3.0,0.0,0.0,1.0,0.0,0.0,0.0,2.0,0.0,1.0,0.0,0.0,1.0
2026-04-25,Benetton,Leinster,29.0,26.0,7.0,4.0,16.0,13.0,29.0,26.0,5.0,14.0,91.0,163.0,34.0,67.0,45.0,75.0,7.0,6.0,3.0,3.0,18.0,25.0,0.0,0.0,0.0,0.0,0.0,0.0,4.0,3.0,485.0,638.0,485.0,638.0,0.8,0.75,0.0,0.0,22.0,24.0,0.8421,0.8,0.0,1.0,0.0,0.0,1.0,0.0,0.0,0.0,0.0,0.0,2.0,1.0,16.0,8.0,0.8332999999999999,0.0,1.0,0.0,0.0,0.0,6.0,0.0,5.0,0.0,4.0,0.0,0.0,0.0,0.0,0.0,1.0,0.0,333.0,458.0,1.0,1.0,1.0,1.0,0.0,0.0,25.0,18.0,8.0,8.0,39.0,43.0,7.0,1.0,98.0,188.0,8.0,10.0,0.0,0.0,1.0,0.0,1.0,1.0,0.0,0.0,0.0,0.0,0.0,0.0,0.0,1.0,0.0,0.0,3.0,4.0,1.0,0.0,1.0,0.0,0.0,0.0,29.0,26.0,26.0,26.0,0.3754999999999999,0.6245,0.0,0.0,0.0,0.0,0.0,1.0,0.0,0.0,0.0,0.0,5.0,5.0,0.0,0.0,0.0,0.0,0.0,0.0,3.0,4.0,1.0,0.9426,0.0,4.0,52.0,112.0,1.0,1.0,0.0,0.0,0.0,0.0,1.0,1.0,0.0,0.0,1.0,2.0,0.8,0.8571,4.0,6.0,1.0,0.0,1.0,4.0,2.0,2.0,0.8603000000000001,0.7734000000000001,197.0,99.0,0.3628,0.6372,5.0,4.0,4.0,3.0,19.0,10.0,4.0,4.0,2.0,4.0,0.0,0.0,2.0,1.0,0.0,1.0,1.0,1.0,1.0,1.0,0.0,0.0
2026-04-25,Lions,Connacht,33.0,21.0,11.0,7.0,10.0,17.0,33.0,21.0,21.0,0.0,103.0,154.0,58.0,65.0,31.0,71.0,12.0,2.0,4.0,3.0,29.0,16.0,0.0,0.0,0.0,0.0,0.0,0.0,4.0,3.0,745.0,637.0,745.0,637.0,0.8,1.0,0.0,0.0,29.0,23.0,0.7646999999999999,1.0,0.0,0.0,0.0,0.0,0.0,0.0,0.0,0.0,2.0,0.0,4.0,0.0,13.0,10.0,0.0,0.8,1.0,1.0,1.0,1.0,1.0,5.0,0.0,4.0,0.0,4.0,0.0,0.0,0.0,0.0,0.0,0.0,395.0,378.0,1.0,0.0,1.0,0.0,0.0,0.0,16.0,29.0,12.0,11.0,39.0,47.0,13.0,7.0,139.0,234.0,9.0,5.0,0.0,0.0,0.0,0.0,1.0,0.0,0.0,0.0,0.0,0.0,0.0,0.0,2.0,1.0,0.0,0.0,0.0,0.0,0.0,0.0,0.0,0.0,0.0,0.0,33.0,21.0,33.0,21.0,0.3829999999999999,0.617,0.0,0.0,0.0,0.0,0.0,0.0,0.0,0.0,0.0,0.0,3.0,5.0,0.0,0.0,0.0,0.0,0.0,0.2,7.0,1.0,0.9583,0.9695,0.0,0.0,68.0,124.0,0.0,0.0,0.0,0.0,0.0,0.0,0.0,0.0,0.0,0.0,2.0,0.0,1.0,1.0,7.0,5.0,0.0,0.0,7.0,5.0,0.0,0.0,0.8484999999999999,0.7055,196.0,115.0,0.3775,0.6225,5.0,3.0,4.0,3.0,17.0,10.0,5.0,3.0,5.0,1.0,0.0,0.0,1.0,2.0,0.0,2.0,0.0,1.0,1.0,1.0,1.0,0.0
2026-04-25,Munster,Ulster,41.0,14.0,7.0,6.0,12.0,19.0,41.0,14.0,12.0,7.0,116.0,142.0,59.0,55.0,49.0,76.0,13.0,7.0,3.0,2.0,27.0,26.0,0.0,0.0,0.0,0.0,0.0,0.0,3.0,2.0,369.0,143.0,369.0,143.0,0.4286,1.0,0.0,0.0,14.0,9.0,0.9091,0.9231,0.0,0.0,0.0,0.0,0.0,0.0,0.0,0.0,1.0,0.0,1.0,1.0,10.0,12.0,1.0,1.0,0.0,0.0,0.0,0.0,2.0,7.0,2.0,7.0,2.0,5.0,0.0,1.0,0.0,0.0,0.0,1.0,507.0,274.0,4.0,0.0,4.0,0.0,0.0,0.0,26.0,27.0,10.0,12.0,34.0,35.0,13.0,12.0,164.0,210.0,12.0,7.0,0.0,0.0,0.0,1.0,0.0,1.0,1.0,1.0,0.0,0.0,1.0,0.0,0.0,1.0,0.0,0.0,4.0,1.0,1.0,0.0,0.0,0.0,0.0,0.0,41.0,14.0,41.0,14.0,0.4483,0.5517,0.0,0.0,0.0,0.0,0.0,0.0,0.0,0.0,0.0,0.0,3.0,8.0,1.0,1.0,0.0,0.0,0.2,0.25,5.0,2.0,0.9459,0.949,1.0,3.0,68.0,89.0,0.0,0.0,0.0,0.0,0.0,0.0,0.0,0.0,0.0,0.0,1.0,1.0,1.0,1.0,4.0,7.0,0.0,2.0,3.0,3.0,1.0,2.0,0.7725,0.6687000000000001,163.0,109.0,0.3804999999999999,0.6195,7.0,2.0,3.0,2.0,11.0,13.0,7.0,2.0,4.0,1.0,0.0,0.0,0.0,1.0,0.0,2.0,0.0,0.0,1.0,0.0,0.0,1.0
2026-04-25,Scarlets,Bulls,21.0,23.0,7.0,7.0,12.0,16.0,21.0,23.0,10.0,14.0,100.0,92.0,35.0,39.0,46.0,28.0,6.0,9.0,0.0,2.0,14.0,11.0,0.0,0.0,0.0,0.0,0.0,0.0,2.0,5.0,945.0,882.0,945.0,882.0,0.4,1.0,0.0,0.0,32.0,32.0,0.8181999999999999,0.7692,0.0,1.0,0.0,0.0,0.0,0.0,1.0,1.0,0.0,0.0,2.0,2.0,9.0,10.0,0.5,0.5,1.0,1.0,1.0,0.0,2.0,2.0,1.0,1.0,0.0,0.0,0.0,1.0,0.0,0.0,0.0,0.0,278.0,437.0,3.0,0.0,3.0,0.0,0.0,0.0,11.0,14.0,7.0,5.0,48.0,45.0,4.0,12.0,118.0,104.0,9.0,9.0,1.0,0.0,0.0,0.0,0.0,2.0,0.0,0.0,1.0,1.0,0.0,1.0,0.0,2.0,0.0,0.0,5.0,2.0,1.0,0.0,2.0,3.0,0.0,0.0,21.0,23.0,18.0,17.0,0.5388000000000001,0.4612,0.0,0.0,0.0,0.0,0.0,0.0,0.0,0.0,0.0,0.0,6.0,6.0,0.0,0.0,0.0,0.0,0.125,0.0,3.0,4.0,0.9722,0.9333,1.0,1.0,69.0,54.0,3.0,0.0,0.0,0.0,0.0,0.0,3.0,0.0,0.0,0.0,2.0,0.0,0.7,1.0,7.0,3.0,1.0,1.0,5.0,1.0,1.0,1.0,0.7704000000000001,0.7812,104.0,100.0,0.6095,0.3904999999999999,5.0,5.0,2.0,5.0,11.0,13.0,3.0,2.0,3.0,2.0,0.0,0.0,1.0,0.0,0.0,0.0,0.0,2.0,1.0,2.0,0.0,2.0
2026-04-25,Stormers,Glasgow,48.0,12.0,7.0,4.0,6.0,17.0,48.0,12.0,24.0,12.0,86.0,98.0,54.0,36.0,18.0,43.0,8.0,6.0,6.0,1.0,21.0,26.0,0.0,0.0,0.0,0.0,0.0,0.0,8.0,1.0,796.0,478.0,796.0,478.0,0.8889,0.5,0.0,0.0,28.0,18.0,0.8824,0.8667,0.0,0.0,0.0,0.0,0.0,0.0,3.0,1.0,0.0,2.0,2.0,2.0,15.0,13.0,1.0,0.75,0.0,1.0,0.0,0.0,11.0,4.0,11.0,3.0,9.0,3.0,1.0,0.0,0.0,0.0,1.0,0.0,357.0,399.0,0.0,1.0,1.0,1.0,1.0,0.0,26.0,21.0,14.0,9.0,46.0,39.0,3.0,2.0,76.0,119.0,13.0,15.0,0.0,0.0,0.0,0.0,2.0,1.0,0.0,0.0,1.0,3.0,0.0,0.0,2.0,2.0,0.0,0.0,3.0,3.0,0.0,0.0,2.0,0.0,0.0,0.0,48.0,12.0,42.0,12.0,0.493,0.507,0.0,0.0,0.0,0.0,0.0,1.0,0.0,0.0,0.0,0.0,3.0,9.0,1.0,0.0,1.0,1.0,0.3333,0.0909,4.0,4.0,0.9365,0.9583,1.0,0.0,55.0,67.0,1.0,1.0,0.0,0.0,0.0,0.0,1.0,1.0,0.0,0.0,1.0,1.0,0.8332999999999999,0.8,5.0,4.0,1.0,0.0,3.0,2.0,1.0,2.0,0.7843000000000001,0.7759999999999999,120.0,97.0,0.5112,0.4888,9.0,2.0,8.0,1.0,17.0,15.0,6.0,2.0,4.0,1.0,1.0,0.0,0.0,2.0,0.0,0.0,0.0,1.0,0.0,1.0,1.0,2.0
2026-05-08,Glasgow,Cardiff,40.0,17.0,2.0,5.0,16.0,12.0,40.0,17.0,21.0,7.0,174.0,118.0,86.0,51.0,68.0,55.0,15.0,10.0,5.0,1.0,51.0,29.0,0.0,0.0,0.0,0.0,0.0,0.0,5.0,1.0,579.0,653.0,579.0,653.0,0.8332999999999999,0.5,0.0,0.0,22.0,27.0,0.9412,0.8571,0.0,1.0,0.0,0.0,0.0,0.0,0.0,0.0,0.0,0.0,1.0,1.0,16.0,12.0,0.7778,1.0,2.0,0.0,0.0,0.0,9.0,2.0,7.0,2.0,5.0,2.0,1.0,0.0,0.0,0.0,1.0,0.0,638.0,458.0,1.0,1.0,1.0,1.0,0.0,0.0,29.0,51.0,13.0,7.0,47.0,39.0,12.0,4.0,215.0,180.0,9.0,9.0,0.0,0.0,0.0,0.0,1.0,1.0,0.0,0.0,0.0,0.0,0.0,0.0,3.0,1.0,0.0,0.0,2.0,3.0,0.0,2.0,0.0,0.0,0.0,0.0,40.0,17.0,40.0,17.0,0.5952000000000001,0.4048,0.0,0.0,0.0,0.0,0.0,0.0,0.0,0.0,0.0,0.0,4.0,7.0,0.0,0.0,0.0,1.0,0.0,0.0,0.0,6.0,0.9766,0.963,1.0,1.0,122.0,77.0,0.0,2.0,0.0,1.0,0.0,0.0,0.0,1.0,0.0,0.0,1.0,0.0,1.0,0.75,5.0,6.0,0.0,0.0,4.0,4.0,1.0,2.0,0.7484000000000001,0.7304999999999999,116.0,206.0,0.5945,0.4054999999999999,6.0,2.0,5.0,1.0,17.0,14.0,6.0,3.0,4.0,3.0,0.0,0.0,0.0,2.0,2.0,0.0,0.0,1.0,0.0,0.0,0.0,0.0
2026-05-08,Ulster,Stormers,38.0,38.0,4.0,7.0,10.0,14.0,38.0,38.0,21.0,17.0,125.0,141.0,58.0,85.0,49.0,39.0,14.0,7.0,4.0,4.0,36.0,31.0,0.0,1.0,0.0,0.0,0.0,0.0,4.0,5.0,428.0,361.0,428.0,361.0,0.6667000000000001,1.0,0.0,0.0,17.0,15.0,1.0,1.0,0.0,0.0,0.0,0.0,0.0,0.0,0.0,0.0,0.0,1.0,0.0,0.0,7.0,12.0,0.75,0.8332999999999999,1.0,1.0,0.0,0.0,4.0,6.0,3.0,5.0,3.0,4.0,0.0,1.0,0.0,0.0,0.0,0.0,486.0,449.0,2.0,0.0,2.0,0.0,0.0,0.0,31.0,36.0,9.0,13.0,35.0,30.0,8.0,8.0,138.0,134.0,8.0,8.0,0.0,0.0,0.0,0.0,3.0,1.0,0.0,0.0,0.0,0.0,0.0,1.0,0.0,2.0,0.0,0.0,2.0,1.0,1.0,1.0,0.0,1.0,0.0,1.0,38.0,38.0,38.0,38.0,0.4733,0.5267000000000001,0.0,0.0,1.0,0.0,1.0,0.0,0.0,0.0,0.0,0.0,7.0,7.0,2.0,0.0,0.0,0.0,0.375,0.0,3.0,5.0,0.9468,0.973,2.0,1.0,87.0,108.0,2.0,0.0,2.0,0.0,0.0,0.0,0.0,0.0,0.0,0.0,3.0,0.0,0.8181999999999999,0.0,9.0,0.0,1.0,0.0,8.0,0.0,0.0,0.0,0.8033,0.7371,196.0,157.0,0.4335,0.5665,6.0,5.0,4.0,5.0,7.0,12.0,6.0,5.0,6.0,2.0,0.0,0.0,1.0,0.0,2.0,0.0,1.0,1.0,0.0,0.0,1.0,1.0
2026-05-09,Bulls,Zebre,54.0,19.0,2.0,7.0,22.0,14.0,54.0,19.0,26.0,12.0,142.0,86.0,82.0,36.0,40.0,41.0,20.0,6.0,7.0,2.0,29.0,13.0,0.0,0.0,0.0,0.0,0.0,0.0,7.0,2.0,384.0,489.0,384.0,489.0,0.875,0.6667000000000001,0.0,0.0,17.0,19.0,1.0,0.9,0.0,0.0,0.0,0.0,0.0,0.0,0.0,0.0,1.0,2.0,0.0,1.0,14.0,9.0,1.0,1.0,0.0,0.0,0.0,0.0,2.0,4.0,2.0,4.0,2.0,3.0,0.0,1.0,0.0,0.0,0.0,0.0,820.0,222.0,1.0,1.0,1.0,1.0,0.0,0.0,13.0,29.0,13.0,8.0,39.0,32.0,16.0,6.0,174.0,100.0,9.0,6.0,0.0,0.0,0.0,0.0,1.0,0.0,1.0,0.0,0.0,0.0,0.0,0.0,1.0,2.0,0.0,0.0,2.0,4.0,1.0,0.0,0.0,0.0,0.0,0.0,54.0,19.0,54.0,19.0,0.5756,0.4244,0.0,0.0,0.0,0.0,1.0,1.0,0.0,0.0,0.0,1.0,3.0,9.0,0.0,1.0,0.0,2.0,0.25,0.1667,5.0,2.0,0.9634,1.0,1.0,0.0,79.0,52.0,1.0,4.0,0.0,0.0,0.0,1.0,1.0,3.0,0.0,0.0,0.0,2.0,0.8571,0.6923,6.0,9.0,0.0,0.0,5.0,8.0,1.0,1.0,0.75,0.7165,87.0,139.0,0.5497,0.4503,8.0,3.0,7.0,2.0,14.0,10.0,8.0,3.0,7.0,1.0,1.0,0.0,1.0,2.0,0.0,0.0,1.0,1.0,1.0,1.0,0.0,0.0
2026-05-09,Connacht,Munster,26.0,7.0,11.0,8.0,8.0,16.0,26.0,7.0,19.0,0.0,178.0,144.0,85.0,82.0,86.0,54.0,12.0,4.0,3.0,1.0,31.0,12.0,0.0,0.0,0.0,0.0,0.0,0.0,3.0,1.0,369.0,143.0,369.0,143.0,0.75,1.0,0.0,0.0,15.0,9.0,1.0,0.8125,0.0,0.0,0.0,0.0,0.0,0.0,0.0,0.0,0.0,2.0,0.0,3.0,9.0,13.0,0.5,1.0,1.0,0.0,1.0,0.0,2.0,3.0,1.0,3.0,0.0,3.0,0.0,0.0,0.0,0.0,1.0,0.0,538.0,377.0,1.0,0.0,1.0,0.0,0.0,0.0,12.0,31.0,12.0,10.0,39.0,34.0,10.0,4.0,212.0,167.0,14.0,8.0,0.0,0.0,0.0,0.0,2.0,1.0,0.0,0.0,0.0,0.0,1.0,0.0,4.0,2.0,0.0,0.0,1.0,0.0,0.0,1.0,0.0,0.0,0.0,0.0,26.0,7.0,26.0,7.0,0.5587,0.4413,0.0,0.0,0.0,1.0,0.0,0.0,0.0,0.0,0.0,0.0,1.0,5.0,0.0,0.0,0.0,0.0,0.0,0.0,0.0,1.0,0.958,0.9459,0.0,3.0,133.0,103.0,0.0,0.0,0.0,0.0,0.0,0.0,0.0,0.0,0.0,0.0,2.0,0.0,1.0,1.0,5.0,6.0,0.0,0.0,5.0,5.0,0.0,1.0,0.9091,0.8321,200.0,223.0,0.4946,0.5054,4.0,1.0,3.0,1.0,9.0,16.0,4.0,1.0,1.0,1.0,0.0,0.0,0.0,1.0,1.0,1.0,0.0,0.0,0.0,0.0,0.0,0.0
2026-05-09,Dragons,Edinburgh,15.0,24.0,5.0,5.0,8.0,11.0,15.0,24.0,10.0,14.0,130.0,126.0,58.0,63.0,60.0,44.0,5.0,2.0,1.0,2.0,26.0,16.0,0.0,0.0,0.0,0.0,0.0,0.0,2.0,2.0,536.0,495.0,536.0,495.0,0.6667000000000001,0.5,0.0,0.0,17.0,20.0,0.7143,0.8234999999999999,0.0,0.0,0.0,0.0,0.0,1.0,0.0,1.0,0.0,1.0,2.0,2.0,5.0,14.0,1.0,1.0,0.0,0.0,0.0,0.0,4.0,6.0,4.0,6.0,4.0,6.0,0.0,0.0,0.0,0.0,0.0,0.0,325.0,390.0,1.0,2.0,1.0,2.0,0.0,0.0,16.0,26.0,11.0,11.0,36.0,38.0,4.0,6.0,124.0,149.0,12.0,9.0,0.0,0.0,0.0,0.0,0.0,1.0,1.0,1.0,1.0,0.0,0.0,0.0,0.0,3.0,1.0,0.0,5.0,2.0,0.0,0.0,1.0,0.0,0.0,0.0,15.0,24.0,15.0,24.0,0.5246999999999999,0.4753,0.0,0.0,0.0,0.0,0.0,0.0,0.0,1.0,0.0,0.0,5.0,4.0,0.0,0.0,0.0,1.0,0.2,0.0,1.0,3.0,0.9623,0.956,0.0,2.0,101.0,85.0,0.0,1.0,0.0,0.0,0.0,0.0,0.0,1.0,0.0,0.0,1.0,2.0,1.0,0.875,9.0,7.0,0.0,1.0,8.0,2.0,1.0,4.0,0.8197,0.8168000000000001,150.0,165.0,0.5385,0.4614999999999999,3.0,4.0,2.0,2.0,7.0,17.0,2.0,4.0,1.0,4.0,0.0,0.0,0.0,0.0,0.0,0.0,1.0,1.0,2.0,0.0,0.0,2.0
2026-05-09,Leinster,Lions,31.0,7.0,3.0,6.0,14.0,12.0,31.0,7.0,14.0,7.0,159.0,104.0,81.0,31.0,51.0,60.0,14.0,5.0,3.0,1.0,23.0,31.0,0.0,0.0,0.0,0.0,0.0,0.0,3.0,1.0,830.0,837.0,830.0,837.0,0.6,0.5,0.0,0.0,35.0,30.0,1.0,0.8889,0.0,0.0,0.0,0.0,0.0,0.0,0.0,0.0,2.0,0.0,0.0,2.0,9.0,16.0,0.0,1.0,0.0,0.0,0.0,0.0,0.0,3.0,0.0,3.0,0.0,3.0,0.0,0.0,0.0,0.0,0.0,0.0,564.0,283.0,2.0,0.0,2.0,1.0,0.0,1.0,31.0,23.0,14.0,5.0,47.0,39.0,12.0,8.0,190.0,141.0,5.0,5.0,0.0,0.0,0.0,0.0,0.0,0.0,0.0,0.0,0.0,0.0,0.0,0.0,1.0,2.0,0.0,0.0,3.0,0.0,0.0,0.0,0.0,0.0,0.0,0.0,31.0,7.0,31.0,7.0,0.586,0.414,0.0,0.0,0.0,0.0,1.0,0.0,0.0,0.0,0.0,0.0,2.0,5.0,0.0,0.0,0.0,0.0,0.0,0.0,11.0,2.0,0.9677,0.9753,2.0,0.0,117.0,78.0,1.0,0.0,1.0,0.0,0.0,0.0,0.0,0.0,0.0,0.0,0.0,1.0,0.8,1.0,4.0,6.0,0.0,1.0,4.0,4.0,0.0,1.0,0.7419,0.8106,138.0,184.0,0.5913,0.4086999999999999,5.0,2.0,3.0,1.0,9.0,18.0,5.0,1.0,3.0,1.0,0.0,0.0,0.0,0.0,0.0,0.0,0.0,0.0,1.0,0.0,0.0,0.0
2026-05-09,Ospreys,Scarlets,27.0,20.0,9.0,8.0,14.0,11.0,27.0,20.0,17.0,5.0,90.0,98.0,50.0,45.0,29.0,37.0,5.0,9.0,3.0,1.0,16.0,21.0,0.0,0.0,0.0,0.0,0.0,0.0,5.0,2.0,391.0,708.0,391.0,708.0,1.0,0.5,0.0,0.0,17.0,28.0,0.7143,1.0,1.0,0.0,0.0,0.0,1.0,0.0,1.0,0.0,1.0,1.0,4.0,0.0,15.0,6.0,1.0,0.5,0.0,1.0,0.0,0.0,6.0,2.0,6.0,1.0,5.0,1.0,1.0,0.0,0.0,0.0,0.0,0.0,347.0,429.0,0.0,2.0,0.0,2.0,0.0,0.0,21.0,16.0,10.0,8.0,36.0,38.0,1.0,11.0,90.0,110.0,4.0,19.0,0.0,0.0,0.0,0.0,0.0,1.0,0.0,1.0,0.0,2.0,0.0,0.0,1.0,0.0,0.0,0.0,0.0,9.0,0.0,1.0,2.0,1.0,0.0,0.0,27.0,20.0,24.0,17.0,0.5,0.5,0.0,0.0,0.0,0.0,0.0,0.0,0.0,0.0,0.0,1.0,5.0,5.0,0.0,1.0,0.0,2.0,0.0,0.1667,1.0,5.0,0.9538,0.9091,2.0,2.0,57.0,58.0,0.0,2.0,0.0,0.0,0.0,0.0,0.0,2.0,0.0,0.0,4.0,2.0,1.0,0.6,8.0,3.0,1.0,0.0,1.0,3.0,6.0,0.0,0.7303000000000001,0.8195,111.0,109.0,0.5145000000000001,0.4855,5.0,4.0,5.0,2.0,21.0,6.0,3.0,3.0,2.0,2.0,0.0,0.0,0.0,0.0,0.0,1.0,0.0,0.0,0.0,1.0,1.0,2.0
2026-05-09,Sharks,Benetton,46.0,7.0,5.0,4.0,9.0,18.0,46.0,7.0,20.0,0.0,133.0,81.0,70.0,31.0,47.0,37.0,17.0,8.0,3.0,1.0,31.0,14.0,0.0,0.0,0.0,0.0,0.0,0.0,3.0,1.0,764.0,621.0,764.0,621.0,0.375,1.0,0.0,0.0,31.0,24.0,0.8889,0.75,0.0,0.0,1.0,0.0,0.0,0.0,0.0,1.0,1.0,1.0,1.0,3.0,16.0,9.0,1.0,1.0,0.0,0.0,0.0,0.0,3.0,1.0,3.0,1.0,1.0,1.0,1.0,0.0,0.0,0.0,1.0,0.0,688.0,269.0,5.0,0.0,5.0,0.0,0.0,0.0,14.0,31.0,20.0,5.0,52.0,35.0,13.0,8.0,188.0,84.0,7.0,14.0,0.0,1.0,0.0,0.0,0.0,3.0,0.0,0.0,2.0,0.0,0.0,0.0,0.0,5.0,0.0,0.0,1.0,2.0,0.0,0.0,0.0,0.0,0.0,0.0,46.0,7.0,46.0,7.0,0.6256,0.3743999999999999,0.0,0.0,0.0,1.0,0.0,2.0,0.0,0.0,0.0,0.0,2.0,7.0,1.0,0.0,0.0,0.0,0.3333,0.0,5.0,6.0,0.9551,0.9216,0.0,1.0,85.0,45.0,0.0,0.0,0.0,0.0,0.0,0.0,0.0,0.0,0.0,0.0,4.0,0.0,1.0,1.0,8.0,2.0,0.0,1.0,6.0,1.0,2.0,0.0,0.6970000000000001,0.6995,69.0,128.0,0.6927,0.3073,8.0,1.0,3.0,1.0,18.0,12.0,8.0,1.0,7.0,1.0,0.0,0.0,2.0,1.0,0.0,1.0,0.0,1.0,0.0,1.0,0.0,1.0
2026-05-15,Cardiff,Stormers,22.0,16.0,8.0,1.0,7.0,13.0,22.0,16.0,17.0,10.0,130.0,114.0,60.0,62.0,61.0,37.0,7.0,8.0,1.0,1.0,31.0,33.0,0.0,0.0,0.0,0.0,0.0,0.0,1.0,4.0,602.0,305.0,602.0,305.0,0.25,1.0,0.0,0.0,23.0,15.0,1.0,0.8181999999999999,0.0,0.0,0.0,1.0,0.0,1.0,0.0,1.0,0.0,0.0,0.0,0.0,13.0,9.0,1.0,0.7778,0.0,2.0,0.0,0.0,4.0,9.0,4.0,7.0,4.0,6.0,0.0,1.0,0.0,0.0,0.0,0.0,265.0,327.0,3.0,0.0,3.0,0.0,0.0,0.0,33.0,31.0,11.0,11.0,38.0,40.0,5.0,5.0,146.0,115.0,14.0,11.0,1.0,0.0,0.0,0.0,2.0,4.0,0.0,0.0,1.0,1.0,0.0,0.0,1.0,1.0,0.0,0.0,5.0,1.0,1.0,1.0,0.0,3.0,0.0,0.0,22.0,16.0,22.0,13.0,0.5169,0.4831,0.0,0.0,0.0,0.0,0.0,0.0,1.0,1.0,0.0,0.0,4.0,4.0,0.0,0.0,1.0,1.0,0.0,0.0,1.0,2.0,0.9709,0.9175,1.0,2.0,100.0,86.0,1.0,1.0,0.0,1.0,0.0,0.0,1.0,0.0,0.0,0.0,1.0,0.0,0.8332999999999999,0.875,5.0,7.0,0.0,0.0,5.0,3.0,0.0,4.0,0.7716,0.7805,152.0,160.0,0.4832,0.5168,4.0,4.0,1.0,4.0,13.0,11.0,4.0,1.0,4.0,0.0,1.0,0.0,0.0,0.0,0.0,2.0,1.0,1.0,0.0,0.0,2.0,1.0
2026-05-15,Edinburgh,Connacht,5.0,26.0,5.0,6.0,19.0,14.0,5.0,26.0,0.0,19.0,175.0,119.0,70.0,64.0,88.0,45.0,7.0,11.0,0.0,3.0,40.0,24.0,0.0,0.0,0.0,0.0,0.0,0.0,0.0,3.0,437.0,487.0,437.0,487.0,0.0,0.75,0.0,0.0,22.0,18.0,0.95,0.7143,0.0,0.0,0.0,0.0,0.0,1.0,0.0,0.0,1.0,0.0,1.0,1.0,19.0,5.0,0.7,1.0,3.0,0.0,0.0,0.0,10.0,1.0,7.0,1.0,6.0,0.0,1.0,1.0,0.0,0.0,0.0,0.0,446.0,468.0,1.0,1.0,1.0,1.0,0.0,0.0,24.0,40.0,19.0,9.0,43.0,35.0,13.0,11.0,240.0,106.0,4.0,13.0,0.0,1.0,0.0,0.0,0.0,2.0,0.0,0.0,0.0,0.0,0.0,1.0,0.0,2.0,0.0,0.0,2.0,4.0,1.0,0.0,0.0,0.0,0.0,0.0,5.0,26.0,5.0,26.0,0.6145,0.3854999999999999,0.0,0.0,0.0,0.0,0.0,1.0,0.0,0.0,0.0,0.0,4.0,2.0,0.0,0.0,0.0,0.0,0.5,0.0,5.0,3.0,0.9921,0.9861,1.0,0.0,123.0,69.0,0.0,1.0,0.0,0.0,0.0,0.0,0.0,1.0,0.0,0.0,1.0,1.0,1.0,0.8889,8.0,8.0,1.0,1.0,5.0,6.0,2.0,1.0,0.7337,0.777,124.0,223.0,0.6596,0.3404,1.0,4.0,0.0,3.0,20.0,7.0,1.0,4.0,1.0,1.0,0.0,0.0,3.0,0.0,0.0,1.0,2.0,0.0,0.0,1.0,0.0,0.0
2026-05-15,Ulster,Glasgow,22.0,26.0,10.0,7.0,11.0,11.0,22.0,26.0,12.0,21.0,96.0,235.0,41.0,107.0,36.0,110.0,10.0,18.0,1.0,3.0,18.0,34.0,0.0,0.0,0.0,0.0,0.0,0.0,1.0,3.0,577.0,688.0,577.0,688.0,0.25,0.75,0.0,0.0,20.0,25.0,0.6429,0.8571,0.0,0.0,0.0,0.0,1.0,0.0,0.0,0.0,0.0,1.0,4.0,2.0,9.0,12.0,1.0,0.8571,0.0,1.0,0.0,0.0,4.0,7.0,4.0,6.0,4.0,6.0,0.0,0.0,0.0,0.0,0.0,0.0,519.0,664.0,3.0,1.0,3.0,1.0,0.0,0.0,34.0,18.0,9.0,15.0,37.0,44.0,5.0,6.0,115.0,266.0,7.0,10.0,0.0,0.0,0.0,0.0,0.0,4.0,0.0,0.0,0.0,0.0,0.0,0.0,0.0,0.0,0.0,0.0,3.0,0.0,0.0,0.0,0.0,0.0,0.0,0.0,22.0,26.0,22.0,26.0,0.3041,0.6959000000000001,0.0,0.0,0.0,0.0,0.0,0.0,0.0,0.0,0.0,0.0,4.0,5.0,0.0,0.0,0.0,0.0,0.0,0.0,3.0,5.0,0.9298,0.9759,1.0,1.0,51.0,160.0,1.0,0.0,1.0,0.0,0.0,0.0,0.0,0.0,0.0,0.0,0.0,1.0,0.6667000000000001,1.0,2.0,6.0,0.0,0.0,2.0,4.0,0.0,2.0,0.8467,0.7459,254.0,91.0,0.2634,0.7365999999999999,4.0,4.0,1.0,3.0,14.0,14.0,4.0,4.0,3.0,2.0,1.0,0.0,1.0,0.0,1.0,1.0,0.0,0.0,1.0,0.0,0.0,2.0
2026-05-16,Bulls,Benetton,45.0,19.0,7.0,6.0,17.0,16.0,45.0,19.0,26.0,12.0,104.0,102.0,54.0,42.0,35.0,42.0,6.0,12.0,5.0,2.0,20.0,26.0,0.0,1.0,0.0,0.0,1.0,0.0,5.0,2.0,557.0,412.0,557.0,412.0,0.7143,0.6667000000000001,0.0,0.0,22.0,20.0,0.9333,0.8889,0.0,0.0,0.0,0.0,0.0,0.0,0.0,0.0,0.0,0.0,0.0,2.0,14.0,16.0,1.0,1.0,0.0,0.0,0.0,0.0,4.0,7.0,4.0,7.0,3.0,5.0,0.0,2.0,0.0,0.0,1.0,0.0,421.0,382.0,2.0,1.0,2.0,1.0,0.0,0.0,26.0,20.0,11.0,15.0,45.0,42.0,8.0,15.0,106.0,94.0,12.0,13.0,2.0,0.0,0.0,0.0,2.0,0.0,0.0,1.0,1.0,0.0,0.0,1.0,1.0,1.0,0.0,0.0,5.0,6.0,0.0,0.0,0.0,0.0,0.0,0.0,45.0,19.0,45.0,19.0,0.5355,0.4645,0.0,0.0,0.0,0.0,1.0,0.0,0.0,0.0,1.0,0.0,3.0,8.0,0.0,1.0,2.0,0.0,0.0,0.1110999999999999,3.0,2.0,0.9464,0.8957999999999999,0.0,3.0,50.0,42.0,0.0,2.0,0.0,0.0,0.0,0.0,0.0,2.0,0.0,0.0,2.0,0.0,1.0,0.75,7.0,6.0,0.0,1.0,3.0,1.0,4.0,4.0,0.6111,0.6807,77.0,81.0,0.4311,0.5689,7.0,3.0,5.0,2.0,15.0,18.0,7.0,3.0,4.0,2.0,0.0,0.0,2.0,2.0,1.0,0.0,2.0,2.0,0.0,0.0,0.0,1.0
2026-05-16,Leinster,Ospreys,68.0,14.0,10.0,10.0,13.0,18.0,68.0,14.0,28.0,7.0,137.0,135.0,67.0,41.0,44.0,82.0,28.0,9.0,9.0,2.0,30.0,28.0,0.0,0.0,0.0,0.0,0.0,0.0,9.0,2.0,689.0,507.0,689.0,507.0,0.9,1.0,0.0,0.0,28.0,22.0,0.9091,0.9,0.0,0.0,0.0,0.0,0.0,1.0,0.0,1.0,1.0,1.0,1.0,1.0,10.0,18.0,1.0,1.0,0.0,0.0,0.0,0.0,1.0,5.0,1.0,5.0,1.0,4.0,0.0,1.0,0.0,0.0,0.0,0.0,749.0,287.0,1.0,0.0,1.0,0.0,0.0,0.0,28.0,30.0,16.0,11.0,49.0,42.0,15.0,10.0,163.0,175.0,10.0,4.0,1.0,0.0,0.0,0.0,0.0,0.0,1.0,0.0,1.0,0.0,0.0,0.0,2.0,0.0,0.0,0.0,2.0,2.0,0.0,0.0,0.0,0.0,0.0,0.0,68.0,14.0,68.0,14.0,0.4696,0.5304,0.0,0.0,0.0,0.0,0.0,0.0,0.0,0.0,0.0,0.0,3.0,11.0,1.0,0.0,0.0,0.0,0.5,0.0909,8.0,2.0,0.9437,0.9674,2.0,1.0,66.0,85.0,1.0,1.0,0.0,0.0,0.0,1.0,1.0,0.0,0.0,0.0,1.0,1.0,0.75,0.8,3.0,4.0,0.0,1.0,1.0,3.0,2.0,0.0,0.7581,0.6647,141.0,115.0,0.4454999999999999,0.5545,10.0,2.0,9.0,2.0,11.0,20.0,10.0,2.0,7.0,2.0,1.0,0.0,0.0,0.0,2.0,2.0,1.0,0.0,0.0,1.0,0.0,0.0
2026-05-16,Munster,Lions,24.0,17.0,7.0,7.0,10.0,15.0,24.0,17.0,17.0,14.0,142.0,133.0,60.0,50.0,63.0,60.0,5.0,11.0,3.0,2.0,24.0,37.0,0.0,0.0,0.0,0.0,0.0,0.0,4.0,3.0,1050.0,998.0,1050.0,998.0,1.0,1.0,0.0,0.0,37.0,33.0,0.9167,0.85,0.0,0.0,0.0,0.0,0.0,0.0,0.0,0.0,1.0,2.0,1.0,3.0,11.0,17.0,1.0,0.8,0.0,1.0,0.0,0.0,2.0,5.0,2.0,4.0,2.0,3.0,0.0,1.0,0.0,0.0,0.0,0.0,452.0,500.0,0.0,0.0,0.0,0.0,0.0,0.0,37.0,24.0,10.0,13.0,47.0,48.0,5.0,12.0,175.0,162.0,11.0,6.0,1.0,0.0,3.0,1.0,2.0,1.0,0.0,0.0,0.0,0.0,0.0,1.0,1.0,0.0,0.0,0.0,2.0,0.0,0.0,0.0,1.0,1.0,0.0,0.0,24.0,17.0,21.0,17.0,0.5709000000000001,0.4291,0.0,0.0,0.0,0.0,0.0,0.0,0.0,0.0,0.0,0.0,4.0,4.0,0.0,0.0,0.0,0.0,0.0,0.0,7.0,5.0,0.9593,0.9744,3.0,1.0,116.0,75.0,0.0,0.0,0.0,0.0,0.0,0.0,0.0,0.0,0.0,0.0,0.0,2.0,1.0,1.0,1.0,2.0,0.0,1.0,1.0,0.0,0.0,1.0,0.7065,0.8,142.0,168.0,0.5444,0.4556,4.0,3.0,4.0,3.0,12.0,20.0,3.0,2.0,2.0,1.0,0.0,0.0,0.0,0.0,0.0,1.0,0.0,0.0,1.0,0.0,2.0,0.0
2026-05-16,Scarlets,Dragons,35.0,35.0,8.0,4.0,9.0,14.0,35.0,35.0,14.0,22.0,101.0,111.0,35.0,44.0,52.0,48.0,5.0,4.0,5.0,2.0,12.0,22.0,0.0,0.0,0.0,0.0,0.0,0.0,5.0,5.0,832.0,910.0,832.0,910.0,0.7143,0.8332999999999999,0.0,0.0,30.0,28.0,1.0,0.8332999999999999,0.0,1.0,0.0,0.0,0.0,0.0,0.0,0.0,1.0,0.0,0.0,2.0,16.0,15.0,1.0,1.0,0.0,0.0,0.0,0.0,4.0,9.0,4.0,9.0,3.0,7.0,1.0,2.0,0.0,0.0,0.0,0.0,252.0,303.0,0.0,1.0,2.0,1.0,2.0,0.0,22.0,12.0,10.0,8.0,42.0,46.0,3.0,1.0,85.0,93.0,10.0,8.0,0.0,1.0,1.0,0.0,1.0,2.0,0.0,0.0,0.0,0.0,1.0,0.0,1.0,0.0,0.0,0.0,0.0,3.0,2.0,1.0,0.0,3.0,0.0,1.0,35.0,35.0,35.0,26.0,0.4813,0.5186999999999999,0.0,0.0,0.0,0.0,0.0,1.0,0.0,0.0,0.0,0.0,8.0,6.0,1.0,1.0,0.0,0.0,0.125,0.375,4.0,3.0,0.9487,0.9634,3.0,1.0,72.0,76.0,1.0,0.0,0.0,0.0,1.0,0.0,0.0,0.0,0.0,0.0,4.0,0.0,0.8332999999999999,1.0,5.0,2.0,1.0,0.0,2.0,2.0,2.0,0.0,0.8421,0.8332999999999999,128.0,115.0,0.4747,0.5253,7.0,6.0,5.0,5.0,16.0,18.0,5.0,4.0,3.0,2.0,1.0,0.0,0.0,0.0,2.0,1.0,0.0,0.0,0.0,0.0,2.0,0.0
2026-05-16,Sharks,Zebre,54.0,19.0,9.0,11.0,22.0,13.0,54.0,19.0,26.0,7.0,160.0,76.0,70.0,23.0,72.0,40.0,13.0,4.0,7.0,2.0,32.0,15.0,0.0,0.0,0.0,0.0,0.0,0.0,7.0,2.0,667.0,678.0,667.0,678.0,0.875,0.6667000000000001,0.0,0.0,28.0,25.0,1.0,0.6667000000000001,0.0,0.0,0.0,0.0,0.0,0.0,0.0,0.0,1.0,1.0,0.0,4.0,17.0,8.0,1.0,0.5,0.0,1.0,0.0,1.0,3.0,2.0,3.0,1.0,2.0,0.0,0.0,0.0,0.0,0.0,1.0,1.0,635.0,226.0,1.0,1.0,1.0,1.0,0.0,0.0,15.0,32.0,21.0,5.0,54.0,38.0,10.0,7.0,173.0,72.0,8.0,7.0,0.0,0.0,0.0,0.0,3.0,1.0,0.0,0.0,0.0,0.0,1.0,0.0,1.0,2.0,0.0,0.0,1.0,3.0,0.0,1.0,0.0,0.0,0.0,0.0,54.0,19.0,54.0,19.0,0.6402,0.3597999999999999,0.0,0.0,0.0,0.0,0.0,0.0,0.0,0.0,0.0,0.0,4.0,8.0,0.0,0.0,0.0,0.0,0.0,0.0,5.0,3.0,0.9612,0.8889,2.0,4.0,97.0,48.0,0.0,2.0,0.0,2.0,0.0,0.0,0.0,0.0,0.0,0.0,0.0,0.0,1.0,0.6667000000000001,3.0,4.0,0.0,0.0,2.0,3.0,1.0,1.0,0.7525,0.7523000000000001,76.0,161.0,0.7268000000000001,0.2732,8.0,3.0,7.0,2.0,17.0,12.0,8.0,3.0,6.0,1.0,0.0,0.0,1.0,1.0,0.0,0.0,1.0,1.0,0.0,1.0,0.0,1.0
2026-05-29,Glasgow,Connacht,33.0,21.0,6.0,2.0,11.0,11.0,33.0,21.0,7.0,7.0,153.0,147.0,70.0,78.0,73.0,57.0,6.0,7.0,4.0,3.0,29.0,22.0,0.0,0.0,0.0,0.0,0.0,0.0,4.0,3.0,567.0,394.0,567.0,394.0,0.8,1.0,0.0,0.0,22.0,14.0,1.0,0.9286,0.0,0.0,0.0,0.0,0.0,0.0,2.0,1.0,0.0,1.0,0.0,1.0,16.0,13.0,1.0,1.0,0.0,0.0,0.0,0.0,10.0,1.0,10.0,1.0,8.0,1.0,2.0,0.0,0.0,0.0,0.0,0.0,378.0,457.0,1.0,0.0,1.0,0.0,0.0,0.0,22.0,29.0,10.0,12.0,38.0,38.0,5.0,6.0,166.0,157.0,7.0,11.0,0.0,0.0,1.0,0.0,0.0,0.0,0.0,0.0,1.0,2.0,1.0,0.0,2.0,2.0,0.0,0.0,1.0,2.0,0.0,0.0,0.0,0.0,0.0,0.0,33.0,21.0,33.0,21.0,0.5017,0.4982999999999999,0.0,0.0,0.0,0.0,0.0,0.0,0.0,0.0,0.0,0.0,4.0,6.0,1.0,1.0,0.0,0.0,0.2,0.1667,4.0,1.0,0.9741,0.9492,2.0,2.0,113.0,110.0,0.0,0.0,0.0,0.0,0.0,0.0,0.0,0.0,0.0,0.0,2.0,1.0,1.0,1.0,5.0,5.0,0.0,1.0,3.0,4.0,2.0,0.0,0.8298000000000001,0.8319,195.0,188.0,0.516,0.484,5.0,3.0,4.0,3.0,16.0,14.0,5.0,3.0,3.0,1.0,0.0,0.0,0.0,0.0,0.0,1.0,2.0,2.0,0.0,0.0,1.0,1.0
2026-05-30,Bulls,Munster,45.0,14.0,10.0,8.0,17.0,21.0,45.0,14.0,31.0,14.0,138.0,140.0,73.0,68.0,54.0,62.0,21.0,6.0,6.0,2.0,38.0,22.0,0.0,0.0,0.0,0.0,0.0,0.0,7.0,2.0,390.0,244.0,390.0,244.0,0.875,1.0,0.0,0.0,17.0,9.0,1.0,0.9,0.0,0.0,0.0,0.0,0.0,0.0,0.0,0.0,1.0,0.0,0.0,1.0,10.0,9.0,1.0,0.75,0.0,1.0,0.0,1.0,2.0,4.0,2.0,3.0,2.0,3.0,0.0,0.0,0.0,0.0,0.0,0.0,646.0,327.0,0.0,0.0,1.0,0.0,1.0,0.0,22.0,38.0,14.0,10.0,39.0,36.0,21.0,6.0,137.0,165.0,9.0,7.0,0.0,0.0,0.0,0.0,0.0,0.0,0.0,0.0,0.0,0.0,3.0,0.0,2.0,0.0,0.0,0.0,2.0,5.0,0.0,0.0,1.0,0.0,0.0,0.0,45.0,14.0,42.0,14.0,0.4609,0.5390999999999999,0.0,0.0,0.0,0.0,0.0,1.0,0.0,0.0,0.0,0.0,3.0,8.0,0.0,0.0,0.0,0.0,0.0,0.0,7.0,1.0,0.9518,0.9714,2.0,2.0,77.0,100.0,0.0,3.0,0.0,0.0,0.0,1.0,0.0,2.0,0.0,0.0,1.0,2.0,1.0,0.7,7.0,7.0,1.0,1.0,4.0,5.0,2.0,1.0,0.8195,0.5909,168.0,117.0,0.4698,0.5302,8.0,2.0,7.0,2.0,10.0,10.0,6.0,2.0,4.0,0.0,0.0,0.0,0.0,1.0,1.0,0.0,3.0,2.0,2.0,0.0,0.0,0.0
2026-05-30,Leinster,Lions,59.0,10.0,6.0,3.0,12.0,17.0,59.0,10.0,21.0,5.0,143.0,75.0,76.0,33.0,48.0,32.0,17.0,4.0,7.0,0.0,31.0,18.0,0.0,0.0,0.0,0.0,0.0,0.0,7.0,0.0,710.0,546.0,710.0,546.0,0.7778,0.0,0.0,0.0,21.0,27.0,0.875,0.8,0.0,1.0,0.0,0.0,1.0,0.0,0.0,0.0,2.0,1.0,1.0,2.0,14.0,12.0,0.75,1.0,1.0,0.0,0.0,0.0,4.0,3.0,3.0,3.0,3.0,2.0,0.0,1.0,0.0,0.0,0.0,0.0,483.0,186.0,2.0,2.0,2.0,2.0,0.0,0.0,18.0,31.0,16.0,9.0,45.0,36.0,9.0,4.0,200.0,90.0,6.0,6.0,0.0,0.0,0.0,1.0,1.0,1.0,0.0,0.0,0.0,0.0,0.0,0.0,0.0,0.0,0.0,0.0,3.0,2.0,0.0,0.0,0.0,0.0,0.0,0.0,59.0,10.0,59.0,10.0,0.614,0.386,0.0,0.0,0.0,0.0,0.0,0.0,0.0,0.0,0.0,0.0,3.0,8.0,1.0,0.0,0.0,0.0,0.3333,0.0,4.0,4.0,0.9896,0.9811,0.0,0.0,94.0,51.0,0.0,0.0,0.0,0.0,0.0,0.0,0.0,0.0,0.0,0.0,1.0,0.0,1.0,1.0,6.0,7.0,0.0,1.0,4.0,4.0,2.0,2.0,0.7476999999999999,0.7437999999999999,83.0,151.0,0.6345000000000001,0.3655,9.0,2.0,7.0,0.0,16.0,15.0,9.0,2.0,7.0,0.0,0.0,0.0,2.0,0.0,0.0,1.0,0.0,2.0,0.0,1.0,1.0,1.0
2026-05-30,Stormers,Cardiff,44.0,21.0,3.0,6.0,11.0,10.0,44.0,21.0,21.0,7.0,124.0,78.0,59.0,25.0,35.0,37.0,9.0,6.0,4.0,3.0,45.0,16.0,1.0,0.0,0.0,0.0,0.0,0.0,6.0,3.0,701.0,687.0,701.0,687.0,0.75,1.0,0.0,0.0,26.0,26.0,1.0,0.9091,0.0,0.0,0.0,0.0,0.0,0.0,3.0,0.0,0.0,0.0,0.0,1.0,17.0,10.0,0.7778,1.0,2.0,0.0,0.0,0.0,9.0,2.0,7.0,2.0,3.0,2.0,2.0,0.0,0.0,0.0,2.0,0.0,547.0,295.0,2.0,0.0,2.0,0.0,0.0,0.0,16.0,45.0,20.0,5.0,51.0,38.0,14.0,2.0,114.0,90.0,8.0,15.0,0.0,1.0,0.0,0.0,1.0,0.0,0.0,0.0,0.0,3.0,1.0,0.0,1.0,3.0,0.0,0.0,1.0,5.0,1.0,1.0,2.0,0.0,0.0,0.0,44.0,21.0,38.0,21.0,0.5764,0.4236,0.0,0.0,0.0,0.0,0.0,0.0,0.0,0.0,0.0,0.0,4.0,8.0,0.0,0.0,0.0,0.0,0.0,0.0,9.0,4.0,0.9878,0.9672,0.0,1.0,79.0,56.0,0.0,2.0,0.0,0.0,0.0,0.0,0.0,2.0,0.0,0.0,1.0,0.0,1.0,0.6667000000000001,6.0,4.0,1.0,1.0,3.0,3.0,2.0,0.0,0.8125,0.7,91.0,147.0,0.6865000000000001,0.3135,8.0,3.0,6.0,3.0,17.0,11.0,6.0,3.0,4.0,1.0,0.0,0.0,1.0,0.0,1.0,0.0,0.0,1.0,0.0,1.0,0.0,2.0
2026-06-06,Glasgow,Bulls,21.0,22.0,6.0,7.0,10.0,12.0,21.0,22.0,21.0,10.0,118.0,118.0,46.0,69.0,53.0,28.0,12.0,3.0,2.0,2.0,14.0,20.0,0.0,0.0,0.0,0.0,0.0,0.0,2.0,3.0,706.0,759.0,706.0,759.0,1.0,0.4286,0.0,0.0,26.0,28.0,1.0,0.9231,0.0,0.0,0.0,0.0,0.0,1.0,0.0,0.0,0.0,2.0,0.0,0.0,14.0,12.0,0.6667000000000001,1.0,1.0,0.0,0.0,0.0,3.0,3.0,2.0,3.0,1.0,3.0,0.0,0.0,1.0,0.0,0.0,0.0,453.0,387.0,0.0,1.0,0.0,4.0,0.0,3.0,20.0,14.0,6.0,11.0,48.0,45.0,6.0,5.0,170.0,111.0,13.0,9.0,0.0,0.0,0.0,1.0,0.0,0.0,0.0,0.0,0.0,0.0,0.0,0.0,1.0,1.0,0.0,0.0,3.0,0.0,0.0,2.0,0.0,1.0,1.0,0.0,21.0,22.0,21.0,19.0,0.4821,0.5179,0.0,0.0,0.0,0.0,1.0,0.0,0.0,0.0,0.0,0.0,5.0,4.0,0.0,0.0,0.0,0.0,0.0,0.0,1.0,4.0,0.9241,0.9551,0.0,2.0,70.0,81.0,1.0,0.0,0.0,0.0,0.0,0.0,1.0,0.0,0.0,0.0,0.0,1.0,0.8571,1.0,6.0,6.0,0.0,1.0,6.0,4.0,0.0,1.0,0.8075,0.8120999999999999,151.0,121.0,0.4146,0.5854,2.0,7.0,2.0,3.0,14.0,13.0,3.0,3.0,2.0,0.0,0.0,0.0,0.0,0.0,0.0,1.0,2.0,0.0,0.0,0.0,1.0,2.0
2026-06-06,Leinster,Stormers,20.0,11.0,6.0,7.0,14.0,16.0,20.0,11.0,13.0,8.0,163.0,83.0,79.0,29.0,67.0,36.0,13.0,5.0,2.0,0.0,27.0,15.0,0.0,0.0,0.0,0.0,0.0,0.0,4.0,2.0,799.0,818.0,799.0,818.0,1.0,0.6667000000000001,0.0,0.0,31.0,30.0,0.9286,0.75,0.0,0.0,0.0,0.0,0.0,0.0,0.0,1.0,1.0,0.0,1.0,3.0,13.0,9.0,1.0,1.0,0.0,0.0,0.0,0.0,3.0,3.0,3.0,3.0,3.0,3.0,0.0,0.0,0.0,0.0,0.0,0.0,467.0,298.0,0.0,1.0,0.0,1.0,0.0,0.0,15.0,27.0,17.0,7.0,50.0,38.0,8.0,9.0,182.0,84.0,7.0,11.0,0.0,0.0,0.0,1.0,1.0,3.0,0.0,0.0,1.0,0.0,0.0,0.0,1.0,2.0,0.0,0.0,4.0,2.0,0.0,0.0,2.0,2.0,0.0,0.0,20.0,11.0,20.0,8.0,0.6642,0.3358,0.0,0.0,0.0,1.0,0.0,0.0,0.0,0.0,0.0,1.0,4.0,5.0,1.0,0.0,0.0,1.0,0.25,0.0,4.0,7.0,0.9701,0.9636,2.0,0.0,128.0,53.0,1.0,0.0,0.0,0.0,0.0,0.0,1.0,0.0,0.0,0.0,1.0,3.0,0.8,1.0,4.0,4.0,0.0,1.0,2.0,1.0,2.0,2.0,0.7479,0.8167,89.0,205.0,0.6694,0.3306,4.0,3.0,4.0,2.0,14.0,12.0,2.0,1.0,1.0,0.0,0.0,0.0,0.0,0.0,1.0,1.0,0.0,0.0,1.0,1.0,0.0,2.0
2026-06-19,Leinster,Bulls,36.0,7.0,8.0,5.0,14.0,21.0,36.0,7.0,22.0,0.0,160.0,114.0,74.0,56.0,70.0,40.0,13.0,10.0,4.0,1.0,31.0,29.0,0.0,0.0,0.0,0.0,0.0,0.0,5.0,1.0,930.0,642.0,930.0,642.0,0.8332999999999999,1.0,0.0,0.0,31.0,30.0,1.0,0.8421,0.0,0.0,0.0,0.0,0.0,1.0,0.0,1.0,1.0,3.0,0.0,2.0,10.0,16.0,1.0,1.0,0.0,0.0,0.0,0.0,2.0,5.0,2.0,5.0,2.0,5.0,0.0,0.0,0.0,0.0,0.0,0.0,421.0,429.0,1.0,0.0,1.0,0.0,0.0,0.0,29.0,31.0,12.0,10.0,47.0,44.0,3.0,12.0,137.0,113.0,12.0,6.0,0.0,0.0,2.0,2.0,0.0,0.0,0.0,0.0,1.0,0.0,1.0,0.0,2.0,0.0,0.0,0.0,3.0,1.0,0.0,1.0,1.0,0.0,0.0,0.0,36.0,7.0,36.0,7.0,0.5895,0.4105,0.0,0.0,0.0,0.0,0.0,0.0,0.0,0.0,0.0,0.0,2.0,7.0,0.0,0.0,0.0,0.0,0.0,0.0,8.0,11.0,0.968,0.9359,1.0,3.0,119.0,72.0,1.0,1.0,1.0,1.0,0.0,0.0,0.0,0.0,0.0,0.0,1.0,1.0,0.8571,0.8571,6.0,6.0,0.0,0.0,6.0,4.0,0.0,2.0,0.7206999999999999,0.8167,129.0,205.0,0.5672999999999999,0.4327,6.0,1.0,5.0,1.0,10.0,19.0,5.0,1.0,2.0,1.0,0.0,0.0,0.0,0.0,1.0,1.0,0.0,1.0,1.0,0.0,1.0,2.0
