season,game_type,week,gameday,away_team,away_score,home_team,home_score,location,spread_line
2018,REG,1,06/09/2018,ATL,12.0,PHI,18.0,Home,1.0
2018,REG,1,09/09/2018,BUF,3.0,BAL,47.0,Home,7.5
2018,REG,1,09/09/2018,PIT,21.0,CLE,21.0,Home,-3.5
2018,REG,1,09/09/2018,CIN,34.0,IND,23.0,Home,-1.0
2018,REG,1,09/09/2018,TEN,20.0,MIA,27.0,Home,-1.0
2018,REG,1,09/09/2018,SF,16.0,MIN,24.0,Home,6.0
2018,REG,1,09/09/2018,HOU,20.0,NE,27.0,Home,6.0
2018,REG,1,09/09/2018,TB,48.0,NO,40.0,Home,10.0
2018,REG,1,09/09/2018,JAX,20.0,NYG,15.0,Home,-2.5
2018,REG,1,09/09/2018,KC,38.0,LAC,28.0,Home,3.5
2018,REG,1,09/09/2018,WAS,24.0,ARI,6.0,Home,2.0
2018,REG,1,09/09/2018,DAL,8.0,CAR,16.0,Home,2.5
2018,REG,1,09/09/2018,SEA,24.0,DEN,27.0,Home,3.0
2018,REG,1,09/09/2018,CHI,23.0,GB,24.0,Home,6.5
2018,REG,1,10/09/2018,NYJ,48.0,DET,17.0,Home,7.0
2018,REG,1,10/09/2018,LA,33.0,OAK,13.0,Home,-6.0
2018,REG,2,13/09/2018,BAL,23.0,CIN,34.0,Home,1.0
2018,REG,2,16/09/2018,CAR,24.0,ATL,31.0,Home,5.5
2018,REG,2,16/09/2018,LAC,31.0,BUF,20.0,Home,-7.5
2018,REG,2,16/09/2018,MIN,29.0,GB,29.0,Home,-2.0
2018,REG,2,16/09/2018,CLE,18.0,NO,21.0,Home,10.0
2018,REG,2,16/09/2018,MIA,20.0,NYJ,12.0,Home,3.0
2018,REG,2,16/09/2018,KC,42.0,PIT,37.0,Home,4.5
2018,REG,2,16/09/2018,PHI,21.0,TB,27.0,Home,-3.0
2018,REG,2,16/09/2018,HOU,17.0,TEN,20.0,Home,-3.5
2018,REG,2,16/09/2018,IND,21.0,WAS,9.0,Home,6.0
2018,REG,2,16/09/2018,ARI,0.0,LA,34.0,Home,13.5
2018,REG,2,16/09/2018,DET,27.0,SF,30.0,Home,6.0
2018,REG,2,16/09/2018,OAK,19.0,DEN,20.0,Home,5.5
2018,REG,2,16/09/2018,NE,20.0,JAX,31.0,Home,-2.0
2018,REG,2,16/09/2018,NYG,13.0,DAL,20.0,Home,3.0
2018,REG,2,17/09/2018,SEA,17.0,CHI,24.0,Home,5.0
2018,REG,3,20/09/2018,NYJ,17.0,CLE,21.0,Home,3.0
2018,REG,3,23/09/2018,NO,43.0,ATL,37.0,Home,1.5
2018,REG,3,23/09/2018,DEN,14.0,BAL,27.0,Home,5.5
2018,REG,3,23/09/2018,CIN,21.0,CAR,31.0,Home,2.5
2018,REG,3,23/09/2018,NYG,27.0,HOU,22.0,Home,6.5
2018,REG,3,23/09/2018,TEN,9.0,JAX,6.0,Home,10.0
2018,REG,3,23/09/2018,SF,27.0,KC,38.0,Home,6.0
2018,REG,3,23/09/2018,OAK,20.0,MIA,28.0,Home,3.0
2018,REG,3,23/09/2018,BUF,27.0,MIN,6.0,Home,16.5
2018,REG,3,23/09/2018,IND,16.0,PHI,20.0,Home,6.5
2018,REG,3,23/09/2018,GB,17.0,WAS,31.0,Home,-2.5
2018,REG,3,23/09/2018,LAC,23.0,LA,35.0,Home,7.5
2018,REG,3,23/09/2018,CHI,16.0,ARI,14.0,Home,-6.0
2018,REG,3,23/09/2018,DAL,13.0,SEA,24.0,Home,1.0
2018,REG,3,23/09/2018,NE,10.0,DET,26.0,Home,-7.0
2018,REG,3,24/09/2018,PIT,30.0,TB,27.0,Home,1.0
2018,REG,4,27/09/2018,MIN,31.0,LA,38.0,Home,7.5
2018,REG,4,30/09/2018,CIN,37.0,ATL,36.0,Home,3.5
2018,REG,4,30/09/2018,TB,10.0,CHI,48.0,Home,3.0
2018,REG,4,30/09/2018,DET,24.0,DAL,26.0,Home,2.5
2018,REG,4,30/09/2018,BUF,0.0,GB,22.0,Home,8.5
2018,REG,4,30/09/2018,HOU,37.0,IND,34.0,Home,-1.0
2018,REG,4,30/09/2018,NYJ,12.0,JAX,31.0,Home,7.5
2018,REG,4,30/09/2018,MIA,7.0,NE,38.0,Home,6.5
2018,REG,4,30/09/2018,PHI,23.0,TEN,26.0,Home,-3.0
2018,REG,4,30/09/2018,SEA,20.0,ARI,17.0,Home,-3.5
2018,REG,4,30/09/2018,CLE,42.0,OAK,45.0,Home,2.5
2018,REG,4,30/09/2018,SF,27.0,LAC,29.0,Home,10.0
2018,REG,4,30/09/2018,NO,33.0,NYG,18.0,Home,-3.5
2018,REG,4,30/09/2018,BAL,26.0,PIT,14.0,Home,3.0
2018,REG,4,01/10/2018,KC,27.0,DEN,23.0,Home,-3.5
2018,REG,5,04/10/2018,IND,24.0,NE,38.0,Home,10.5
2018,REG,5,07/10/2018,TEN,12.0,BUF,13.0,Home,-6.0
2018,REG,5,07/10/2018,NYG,31.0,CAR,33.0,Home,7.0
2018,REG,5,07/10/2018,MIA,17.0,CIN,27.0,Home,6.0
2018,REG,5,07/10/2018,BAL,9.0,CLE,12.0,Home,-3.0
2018,REG,5,07/10/2018,GB,23.0,DET,31.0,Home,1.0
2018,REG,5,07/10/2018,JAX,14.0,KC,30.0,Home,3.0
2018,REG,5,07/10/2018,DEN,16.0,NYJ,34.0,Home,-1.0
2018,REG,5,07/10/2018,ATL,17.0,PIT,41.0,Home,3.5
2018,REG,5,07/10/2018,OAK,10.0,LAC,26.0,Home,5.5
2018,REG,5,07/10/2018,MIN,23.0,PHI,21.0,Home,3.5
2018,REG,5,07/10/2018,LA,33.0,SEA,31.0,Home,-7.5
2018,REG,5,07/10/2018,ARI,28.0,SF,18.0,Home,3.0
2018,REG,5,07/10/2018,DAL,16.0,HOU,19.0,Home,3.5
2018,REG,5,08/10/2018,WAS,19.0,NO,43.0,Home,5.5
2018,REG,6,11/10/2018,PHI,34.0,NYG,13.0,Home,-1.5
2018,REG,6,14/10/2018,TB,29.0,ATL,34.0,Home,3.0
2018,REG,6,14/10/2018,PIT,28.0,CIN,21.0,Home,1.0
2018,REG,6,14/10/2018,LAC,38.0,CLE,14.0,Home,1.0
2018,REG,6,14/10/2018,BUF,13.0,HOU,20.0,Home,10.5
2018,REG,6,14/10/2018,CHI,28.0,MIA,31.0,Home,-7.5
2018,REG,6,14/10/2018,ARI,17.0,MIN,27.0,Home,10.0
2018,REG,6,14/10/2018,IND,34.0,NYJ,42.0,Home,2.5
2018,REG,6,14/10/2018,SEA,27.0,OAK,3.0,Neutral,-3.0
2018,REG,6,14/10/2018,CAR,17.0,WAS,23.0,Home,-1.0
2018,REG,6,14/10/2018,LA,23.0,DEN,20.0,Home,-7.0
2018,REG,6,14/10/2018,JAX,7.0,DAL,40.0,Home,-3.0
2018,REG,6,14/10/2018,BAL,21.0,TEN,0.0,Home,-2.5
2018,REG,6,14/10/2018,KC,40.0,NE,43.0,Home,4.0
2018,REG,6,15/10/2018,SF,30.0,GB,33.0,Home,9.0
2018,REG,7,18/10/2018,DEN,45.0,ARI,10.0,Home,-1.0
2018,REG,7,21/10/2018,NE,38.0,CHI,31.0,Home,-1.0
2018,REG,7,21/10/2018,BUF,5.0,IND,37.0,Home,7.0
2018,REG,7,21/10/2018,HOU,20.0,JAX,7.0,Home,4.0
2018,REG,7,21/10/2018,DET,32.0,MIA,21.0,Home,-3.0
2018,REG,7,21/10/2018,MIN,37.0,NYJ,17.0,Home,-3.5
2018,REG,7,21/10/2018,CAR,21.0,PHI,17.0,Home,5.0
2018,REG,7,21/10/2018,CLE,23.0,TB,26.0,Home,3.5
2018,REG,7,21/10/2018,NO,24.0,BAL,23.0,Home,2.5
2018,REG,7,21/10/2018,LA,39.0,SF,10.0,Home,-8.0
2018,REG,7,21/10/2018,DAL,17.0,WAS,20.0,Home,-1.5
2018,REG,7,21/10/2018,CIN,10.0,KC,45.0,Home,6.5
2018,REG,7,21/10/2018,TEN,19.0,LAC,20.0,Neutral,6.5
2018,REG,7,22/10/2018,NYG,20.0,ATL,23.0,Home,4.5
2018,REG,8,25/10/2018,MIA,23.0,HOU,42.0,Home,7.5
2018,REG,8,28/10/2018,BAL,21.0,CAR,36.0,Home,-2.5
2018,REG,8,28/10/2018,NYJ,10.0,CHI,24.0,Home,8.5
2018,REG,8,28/10/2018,TB,34.0,CIN,37.0,Home,3.5
2018,REG,8,28/10/2018,SEA,28.0,DET,14.0,Home,3.0
2018,REG,8,28/10/2018,DEN,23.0,KC,30.0,Home,8.5
2018,REG,8,28/10/2018,WAS,20.0,NYG,13.0,Home,-1.0
2018,REG,8,28/10/2018,CLE,18.0,PIT,33.0,Home,8.5
2018,REG,8,28/10/2018,IND,42.0,OAK,28.0,Home,-3.5
2018,REG,8,28/10/2018,SF,15.0,ARI,18.0,Home,-2.5
2018,REG,8,28/10/2018,GB,27.0,LA,29.0,Home,7.5
2018,REG,8,28/10/2018,NO,30.0,MIN,20.0,Home,-2.5
2018,REG,8,28/10/2018,PHI,24.0,JAX,18.0,Neutral,-4.0
2018,REG,8,29/10/2018,NE,25.0,BUF,6.0,Home,-13.5
2018,REG,9,01/11/2018,OAK,3.0,SF,34.0,Home,-1.5
2018,REG,9,04/11/2018,PIT,23.0,BAL,16.0,Home,1.5
2018,REG,9,04/11/2018,CHI,41.0,BUF,9.0,Home,-10.5
2018,REG,9,04/11/2018,TB,28.0,CAR,42.0,Home,6.0
2018,REG,9,04/11/2018,KC,37.0,CLE,21.0,Home,-7.5
2018,REG,9,04/11/2018,NYJ,6.0,MIA,13.0,Home,3.0
2018,REG,9,04/11/2018,DET,9.0,MIN,24.0,Home,4.5
2018,REG,9,04/11/2018,ATL,38.0,WAS,14.0,Home,1.5
2018,REG,9,04/11/2018,HOU,19.0,DEN,17.0,Home,1.0
2018,REG,9,04/11/2018,LAC,25.0,SEA,17.0,Home,1.0
2018,REG,9,04/11/2018,LA,35.0,NO,45.0,Home,-2.5
2018,REG,9,04/11/2018,GB,17.0,NE,31.0,Home,5.0
2018,REG,9,05/11/2018,TEN,28.0,DAL,14.0,Home,4.5
2018,REG,10,08/11/2018,CAR,21.0,PIT,52.0,Home,3.5
2018,REG,10,11/11/2018,DET,22.0,CHI,34.0,Home,7.5
2018,REG,10,11/11/2018,NO,51.0,CIN,14.0,Home,-5.5
2018,REG,10,11/11/2018,ATL,16.0,CLE,28.0,Home,-5.5
2018,REG,10,11/11/2018,JAX,26.0,IND,29.0,Home,3.0
2018,REG,10,11/11/2018,ARI,14.0,KC,26.0,Home,16.5
2018,REG,10,11/11/2018,BUF,41.0,NYJ,10.0,Home,6.5
2018,REG,10,11/11/2018,WAS,16.0,TB,3.0,Home,3.5
2018,REG,10,11/11/2018,NE,10.0,TEN,34.0,Home,-6.0
2018,REG,10,11/11/2018,LAC,20.0,OAK,6.0,Home,-10.5
2018,REG,10,11/11/2018,MIA,12.0,GB,31.0,Home,13.0
2018,REG,10,11/11/2018,SEA,31.0,LA,36.0,Home,10.0
2018,REG,10,11/11/2018,DAL,27.0,PHI,20.0,Home,7.5
2018,REG,10,12/11/2018,NYG,27.0,SF,23.0,Home,3.0
2018,REG,11,15/11/2018,GB,24.0,SEA,27.0,Home,3.0
2018,REG,11,18/11/2018,DAL,22.0,ATL,19.0,Home,3.5
2018,REG,11,18/11/2018,CIN,21.0,BAL,24.0,Home,6.5
2018,REG,11,18/11/2018,CAR,19.0,DET,20.0,Home,-4.0
2018,REG,11,18/11/2018,TEN,10.0,IND,38.0,Home,2.0
2018,REG,11,18/11/2018,PIT,20.0,JAX,16.0,Home,-4.0
2018,REG,11,18/11/2018,TB,35.0,NYG,38.0,Home,3.0
2018,REG,11,18/11/2018,HOU,23.0,WAS,21.0,Home,-3.0
2018,REG,11,18/11/2018,OAK,23.0,ARI,21.0,Home,4.5
2018,REG,11,18/11/2018,DEN,23.0,LAC,22.0,Home,7.5
2018,REG,11,18/11/2018,PHI,7.0,NO,48.0,Home,7.0
2018,REG,11,18/11/2018,MIN,20.0,CHI,25.0,Home,2.5
2018,REG,11,19/11/2018,KC,51.0,LA,54.0,Home,3.0
2018,REG,12,22/11/2018,CHI,23.0,DET,16.0,Home,-3.0
2018,REG,12,22/11/2018,WAS,23.0,DAL,31.0,Home,7.0
2018,REG,12,22/11/2018,ATL,17.0,NO,31.0,Home,11.5
2018,REG,12,25/11/2018,OAK,17.0,BAL,34.0,Home,13.0
2018,REG,12,25/11/2018,JAX,21.0,BUF,24.0,Home,-3.0
2018,REG,12,25/11/2018,SEA,30.0,CAR,27.0,Home,3.0
2018,REG,12,25/11/2018,CLE,35.0,CIN,20.0,Home,-1.0
2018,REG,12,25/11/2018,NE,27.0,NYJ,13.0,Home,-13.0
2018,REG,12,25/11/2018,NYG,22.0,PHI,25.0,Home,4.5
2018,REG,12,25/11/2018,SF,9.0,TB,27.0,Home,1.5
2018,REG,12,25/11/2018,ARI,10.0,LAC,45.0,Home,14.0
2018,REG,12,25/11/2018,PIT,17.0,DEN,24.0,Home,-3.0
2018,REG,12,25/11/2018,MIA,24.0,IND,27.0,Home,9.0
2018,REG,12,25/11/2018,GB,17.0,MIN,24.0,Home,4.0
2018,REG,12,26/11/2018,TEN,17.0,HOU,34.0,Home,3.5
2018,REG,13,29/11/2018,NO,10.0,DAL,13.0,Home,-7.0
2018,REG,13,02/12/2018,BAL,26.0,ATL,16.0,Home,2.5
2018,REG,13,02/12/2018,DEN,24.0,CIN,10.0,Home,-3.5
2018,REG,13,02/12/2018,LA,30.0,DET,16.0,Home,-10.5
2018,REG,13,02/12/2018,ARI,20.0,GB,17.0,Home,13.5
2018,REG,13,02/12/2018,CLE,13.0,HOU,29.0,Home,5.0
2018,REG,13,02/12/2018,IND,0.0,JAX,6.0,Home,-4.0
2018,REG,13,02/12/2018,BUF,17.0,MIA,21.0,Home,3.5
2018,REG,13,02/12/2018,CHI,27.0,NYG,30.0,Home,-3.5
2018,REG,13,02/12/2018,CAR,17.0,TB,24.0,Home,-3.5
2018,REG,13,02/12/2018,KC,40.0,OAK,33.0,Home,-14.0
2018,REG,13,02/12/2018,NYJ,22.0,TEN,26.0,Home,10.5
2018,REG,13,02/12/2018,MIN,10.0,NE,24.0,Home,6.0
2018,REG,13,02/12/2018,SF,16.0,SEA,43.0,Home,10.0
2018,REG,13,02/12/2018,LAC,33.0,PIT,30.0,Home,3.5
2018,REG,13,03/12/2018,WAS,13.0,PHI,28.0,Home,5.5
2018,REG,14,06/12/2018,JAX,9.0,TEN,30.0,Home,5.5
2018,REG,14,09/12/2018,NYJ,27.0,BUF,23.0,Home,4.5
2018,REG,14,09/12/2018,CAR,20.0,CLE,26.0,Home,-1.0
2018,REG,14,09/12/2018,ATL,20.0,GB,34.0,Home,4.0
2018,REG,14,09/12/2018,IND,24.0,HOU,21.0,Home,4.0
2018,REG,14,09/12/2018,BAL,24.0,KC,27.0,Home,6.5
2018,REG,14,09/12/2018,NE,33.0,MIA,34.0,Home,-8.5
2018,REG,14,09/12/2018,NO,28.0,TB,14.0,Home,-8.5
2018,REG,14,09/12/2018,NYG,40.0,WAS,16.0,Home,-3.0
2018,REG,14,09/12/2018,CIN,21.0,LAC,26.0,Home,17.0
2018,REG,14,09/12/2018,DEN,14.0,SF,20.0,Home,-3.0
2018,REG,14,09/12/2018,DET,17.0,ARI,3.0,Home,-2.5
2018,REG,14,09/12/2018,PHI,23.0,DAL,29.0,Home,3.5
2018,REG,14,09/12/2018,PIT,21.0,OAK,24.0,Home,-10.5
2018,REG,14,09/12/2018,LA,6.0,CHI,15.0,Home,-3.0
2018,REG,14,10/12/2018,MIN,7.0,SEA,21.0,Home,3.0
2018,REG,15,13/12/2018,LAC,29.0,KC,28.0,Home,3.5
2018,REG,15,15/12/2018,HOU,29.0,NYJ,22.0,Home,-7.0
2018,REG,15,15/12/2018,CLE,17.0,DEN,16.0,Home,1.0
2018,REG,15,16/12/2018,ARI,14.0,ATL,40.0,Home,10.0
2018,REG,15,16/12/2018,TB,12.0,BAL,20.0,Home,8.5
2018,REG,15,16/12/2018,DET,13.0,BUF,14.0,Home,2.5
2018,REG,15,16/12/2018,GB,17.0,CHI,24.0,Home,6.0
2018,REG,15,16/12/2018,OAK,16.0,CIN,30.0,Home,3.0
2018,REG,15,16/12/2018,DAL,0.0,IND,23.0,Home,3.0
2018,REG,15,16/12/2018,WAS,16.0,JAX,13.0,Home,7.5
2018,REG,15,16/12/2018,MIA,17.0,MIN,41.0,Home,7.5
2018,REG,15,16/12/2018,TEN,17.0,NYG,0.0,Home,-2.5
2018,REG,15,16/12/2018,SEA,23.0,SF,26.0,Home,-3.5
2018,REG,15,16/12/2018,NE,10.0,PIT,17.0,Home,-2.5
2018,REG,15,16/12/2018,PHI,30.0,LA,23.0,Home,13.5
2018,REG,15,17/12/2018,NO,12.0,CAR,9.0,Home,-6.0
2018,REG,16,22/12/2018,WAS,16.0,TEN,25.0,Home,12.5
2018,REG,16,22/12/2018,BAL,22.0,LAC,10.0,Home,4.0
2018,REG,16,23/12/2018,ATL,24.0,CAR,10.0,Home,-2.5
2018,REG,16,23/12/2018,CIN,18.0,CLE,26.0,Home,10.0
2018,REG,16,23/12/2018,TB,20.0,DAL,27.0,Home,7.0
2018,REG,16,23/12/2018,MIN,27.0,DET,9.0,Home,-6.5
2018,REG,16,23/12/2018,NYG,27.0,IND,28.0,Home,10.0
2018,REG,16,23/12/2018,JAX,17.0,MIA,7.0,Home,3.0
2018,REG,16,23/12/2018,BUF,12.0,NE,24.0,Home,14.0
2018,REG,16,23/12/2018,GB,44.0,NYJ,38.0,Home,-3.0
2018,REG,16,23/12/2018,HOU,30.0,PHI,32.0,Home,1.0
2018,REG,16,23/12/2018,LA,31.0,ARI,9.0,Home,-14.5
2018,REG,16,23/12/2018,CHI,14.0,SF,9.0,Home,-3.5
2018,REG,16,23/12/2018,PIT,28.0,NO,31.0,Home,6.5
2018,REG,16,23/12/2018,KC,31.0,SEA,38.0,Home,-1.0
2018,REG,16,24/12/2018,DEN,14.0,OAK,27.0,Home,-2.5
2018,REG,17,30/12/2018,MIA,17.0,BUF,42.0,Home,5.5
2018,REG,17,30/12/2018,DET,31.0,GB,0.0,Home,7.5
2018,REG,17,30/12/2018,JAX,3.0,HOU,20.0,Home,7.0
2018,REG,17,30/12/2018,NYJ,3.0,NE,38.0,Home,14.0
2018,REG,17,30/12/2018,CAR,33.0,NO,14.0,Home,8.0
2018,REG,17,30/12/2018,DAL,36.0,NYG,35.0,Home,7.5
2018,REG,17,30/12/2018,ATL,34.0,TB,32.0,Home,-2.5
2018,REG,17,30/12/2018,CLE,24.0,BAL,26.0,Home,7.0
2018,REG,17,30/12/2018,LAC,23.0,DEN,9.0,Home,-7.0
2018,REG,17,30/12/2018,OAK,3.0,KC,35.0,Home,14.5
2018,REG,17,30/12/2018,SF,32.0,LA,48.0,Home,10.5
2018,REG,17,30/12/2018,CHI,24.0,MIN,10.0,Home,6.0
2018,REG,17,30/12/2018,CIN,13.0,PIT,16.0,Home,14.0
2018,REG,17,30/12/2018,ARI,24.0,SEA,27.0,Home,15.5
2018,REG,17,30/12/2018,PHI,24.0,WAS,0.0,Home,-6.0
2018,REG,17,30/12/2018,IND,33.0,TEN,17.0,Home,-5.0
2018,WC,18,05/01/2019,IND,21.0,HOU,7.0,Home,2.0
2018,WC,18,05/01/2019,SEA,22.0,DAL,24.0,Home,2.5
2018,WC,18,06/01/2019,LAC,23.0,BAL,17.0,Home,3.0
2018,WC,18,06/01/2019,PHI,16.0,CHI,15.0,Home,6.5
2018,DIV,19,12/01/2019,IND,13.0,KC,31.0,Home,4.0
2018,DIV,19,12/01/2019,DAL,22.0,LA,30.0,Home,7.5
2018,DIV,19,13/01/2019,LAC,28.0,NE,41.0,Home,4.0
2018,DIV,19,13/01/2019,PHI,14.0,NO,20.0,Home,8.5
2018,CON,20,20/01/2019,LA,26.0,NO,23.0,Home,3.0
2018,CON,20,20/01/2019,NE,37.0,KC,31.0,Home,3.0
2018,SB,21,03/02/2019,NE,13.0,LA,3.0,Neutral,-2.0
2019,REG,1,05/09/2019,GB,10.0,CHI,3.0,Home,3.5
2019,REG,1,08/09/2019,LA,30.0,CAR,27.0,Home,-1.5
2019,REG,1,08/09/2019,TEN,43.0,CLE,13.0,Home,5.5
2019,REG,1,08/09/2019,KC,40.0,JAX,26.0,Home,-3.5
2019,REG,1,08/09/2019,BAL,59.0,MIA,10.0,Home,-7.0
2019,REG,1,08/09/2019,ATL,12.0,MIN,28.0,Home,3.5
2019,REG,1,08/09/2019,BUF,17.0,NYJ,16.0,Home,2.5
2019,REG,1,08/09/2019,WAS,27.0,PHI,32.0,Home,10.5
2019,REG,1,08/09/2019,IND,24.0,LAC,30.0,Home,6.0
2019,REG,1,08/09/2019,CIN,20.0,SEA,21.0,Home,9.5
2019,REG,1,08/09/2019,DET,27.0,ARI,27.0,Home,-2.5
2019,REG,1,08/09/2019,NYG,17.0,DAL,35.0,Home,7.0
2019,REG,1,08/09/2019,SF,31.0,TB,17.0,Home,1.0
2019,REG,1,08/09/2019,PIT,3.0,NE,33.0,Home,5.5
2019,REG,1,09/09/2019,HOU,28.0,NO,30.0,Home,6.5
2019,REG,1,09/09/2019,DEN,16.0,OAK,24.0,Home,-3.0
2019,REG,2,12/09/2019,TB,20.0,CAR,14.0,Home,6.5
2019,REG,2,15/09/2019,ARI,17.0,BAL,23.0,Home,13.0
2019,REG,2,15/09/2019,SF,41.0,CIN,17.0,Home,1.0
2019,REG,2,15/09/2019,LAC,10.0,DET,13.0,Home,-1.0
2019,REG,2,15/09/2019,MIN,16.0,GB,21.0,Home,3.0
2019,REG,2,15/09/2019,JAX,12.0,HOU,13.0,Home,7.5
2019,REG,2,15/09/2019,NE,43.0,MIA,0.0,Home,-18.0
2019,REG,2,15/09/2019,BUF,28.0,NYG,14.0,Home,-1.0
2019,REG,2,15/09/2019,SEA,28.0,PIT,26.0,Home,4.0
2019,REG,2,15/09/2019,IND,19.0,TEN,17.0,Home,3.0
2019,REG,2,15/09/2019,DAL,31.0,WAS,21.0,Home,-6.0
2019,REG,2,15/09/2019,KC,28.0,OAK,10.0,Home,-7.0
2019,REG,2,15/09/2019,CHI,16.0,DEN,14.0,Home,-3.0
2019,REG,2,15/09/2019,NO,9.0,LA,27.0,Home,2.0
2019,REG,2,15/09/2019,PHI,20.0,ATL,24.0,Home,-1.0
2019,REG,2,16/09/2019,CLE,23.0,NYJ,3.0,Home,-6.5
2019,REG,3,19/09/2019,TEN,7.0,JAX,20.0,Home,-1.5
2019,REG,3,22/09/2019,CIN,17.0,BUF,21.0,Home,5.5
2019,REG,3,22/09/2019,MIA,6.0,DAL,31.0,Home,22.0
2019,REG,3,22/09/2019,DEN,16.0,GB,27.0,Home,7.0
2019,REG,3,22/09/2019,ATL,24.0,IND,27.0,Home,1.0
2019,REG,3,22/09/2019,BAL,28.0,KC,33.0,Home,4.5
2019,REG,3,22/09/2019,OAK,14.0,MIN,34.0,Home,8.5
2019,REG,3,22/09/2019,NYJ,14.0,NE,30.0,Home,20.5
2019,REG,3,22/09/2019,DET,27.0,PHI,24.0,Home,4.0
2019,REG,3,22/09/2019,CAR,38.0,ARI,20.0,Home,2.5
2019,REG,3,22/09/2019,NYG,32.0,TB,31.0,Home,5.0
2019,REG,3,22/09/2019,HOU,27.0,LAC,20.0,Home,3.0
2019,REG,3,22/09/2019,NO,33.0,SEA,27.0,Home,5.0
2019,REG,3,22/09/2019,PIT,20.0,SF,24.0,Home,6.0
2019,REG,3,22/09/2019,LA,20.0,CLE,13.0,Home,-4.0
2019,REG,3,23/09/2019,CHI,31.0,WAS,15.0,Home,-5.0
2019,REG,4,26/09/2019,PHI,34.0,GB,27.0,Home,3.5
2019,REG,4,29/09/2019,TEN,24.0,ATL,10.0,Home,3.5
2019,REG,4,29/09/2019,CLE,40.0,BAL,25.0,Home,7.5
2019,REG,4,29/09/2019,NE,16.0,BUF,10.0,Home,-7.0
2019,REG,4,29/09/2019,KC,34.0,DET,30.0,Home,-7.5
2019,REG,4,29/09/2019,CAR,16.0,HOU,10.0,Home,5.5
2019,REG,4,29/09/2019,OAK,31.0,IND,24.0,Home,5.5
2019,REG,4,29/09/2019,LAC,30.0,MIA,10.0,Home,-15.0
2019,REG,4,29/09/2019,WAS,3.0,NYG,24.0,Home,3.0
2019,REG,4,29/09/2019,SEA,27.0,ARI,10.0,Home,-5.5
2019,REG,4,29/09/2019,TB,55.0,LA,40.0,Home,9.0
2019,REG,4,29/09/2019,MIN,6.0,CHI,16.0,Home,-1.0
2019,REG,4,29/09/2019,JAX,26.0,DEN,24.0,Home,2.5
2019,REG,4,29/09/2019,DAL,10.0,NO,12.0,Home,-2.5
2019,REG,4,30/09/2019,CIN,3.0,PIT,27.0,Home,3.5
2019,REG,5,03/10/2019,LA,29.0,SEA,30.0,Home,1.5
2019,REG,5,06/10/2019,JAX,27.0,CAR,34.0,Home,3.0
2019,REG,5,06/10/2019,ARI,26.0,CIN,23.0,Home,3.0
2019,REG,5,06/10/2019,ATL,32.0,HOU,53.0,Home,4.0
2019,REG,5,06/10/2019,TB,24.0,NO,31.0,Home,3.0
2019,REG,5,06/10/2019,MIN,28.0,NYG,10.0,Home,-5.5
2019,REG,5,06/10/2019,CHI,21.0,OAK,24.0,Neutral,-6.5
2019,REG,5,06/10/2019,NYJ,6.0,PHI,31.0,Home,14.0
2019,REG,5,06/10/2019,BAL,26.0,PIT,23.0,Home,-3.5
2019,REG,5,06/10/2019,BUF,14.0,TEN,7.0,Home,3.5
2019,REG,5,06/10/2019,NE,33.0,WAS,7.0,Home,-15.5
2019,REG,5,06/10/2019,DEN,20.0,LAC,13.0,Home,4.0
2019,REG,5,06/10/2019,GB,34.0,DAL,24.0,Home,3.5
2019,REG,5,06/10/2019,IND,19.0,KC,13.0,Home,10.5
2019,REG,5,07/10/2019,CLE,3.0,SF,31.0,Home,5.0
2019,REG,6,10/10/2019,NYG,14.0,NE,35.0,Home,16.5
2019,REG,6,13/10/2019,CAR,37.0,TB,26.0,Neutral,-2.0
2019,REG,6,13/10/2019,CIN,17.0,BAL,23.0,Home,10.5
2019,REG,6,13/10/2019,SEA,32.0,CLE,28.0,Home,1.0
2019,REG,6,13/10/2019,NO,13.0,JAX,6.0,Home,2.5
2019,REG,6,13/10/2019,HOU,31.0,KC,24.0,Home,3.5
2019,REG,6,13/10/2019,WAS,17.0,MIA,16.0,Home,-6.0
2019,REG,6,13/10/2019,PHI,20.0,MIN,38.0,Home,3.5
2019,REG,6,13/10/2019,ATL,33.0,ARI,34.0,Home,-3.0
2019,REG,6,13/10/2019,SF,20.0,LA,7.0,Home,3.0
2019,REG,6,13/10/2019,TEN,0.0,DEN,16.0,Home,1.0
2019,REG,6,13/10/2019,DAL,22.0,NYJ,24.0,Home,-7.0
2019,REG,6,13/10/2019,PIT,24.0,LAC,17.0,Home,6.0
2019,REG,6,14/10/2019,DET,22.0,GB,23.0,Home,3.5
2019,REG,7,17/10/2019,KC,30.0,DEN,6.0,Home,-3.0
2019,REG,7,20/10/2019,LA,37.0,ATL,10.0,Home,-3.0
2019,REG,7,20/10/2019,MIA,21.0,BUF,31.0,Home,17.0
2019,REG,7,20/10/2019,JAX,27.0,CIN,17.0,Home,-4.0
2019,REG,7,20/10/2019,MIN,42.0,DET,30.0,Home,-2.5
2019,REG,7,20/10/2019,OAK,24.0,GB,42.0,Home,5.5
2019,REG,7,20/10/2019,HOU,23.0,IND,30.0,Home,1.5
2019,REG,7,20/10/2019,ARI,27.0,NYG,21.0,Home,3.5
2019,REG,7,20/10/2019,SF,9.0,WAS,0.0,Home,-10.0
2019,REG,7,20/10/2019,LAC,20.0,TEN,23.0,Home,3.0
2019,REG,7,20/10/2019,NO,36.0,CHI,25.0,Home,4.0
2019,REG,7,20/10/2019,BAL,30.0,SEA,16.0,Home,3.0
2019,REG,7,20/10/2019,PHI,10.0,DAL,37.0,Home,3.0
2019,REG,7,21/10/2019,NE,33.0,NYJ,0.0,Home,-9.5
2019,REG,8,24/10/2019,WAS,9.0,MIN,19.0,Home,16.5
2019,REG,8,27/10/2019,SEA,27.0,ATL,20.0,Home,-7.5
2019,REG,8,27/10/2019,PHI,31.0,BUF,13.0,Home,1.0
2019,REG,8,27/10/2019,LAC,17.0,CHI,16.0,Home,3.5
2019,REG,8,27/10/2019,NYG,26.0,DET,31.0,Home,6.5
2019,REG,8,27/10/2019,DEN,13.0,IND,15.0,Home,6.0
2019,REG,8,27/10/2019,NYJ,15.0,JAX,29.0,Home,7.0
2019,REG,8,27/10/2019,CIN,10.0,LA,24.0,Neutral,12.0
2019,REG,8,27/10/2019,ARI,9.0,NO,31.0,Home,12.5
2019,REG,8,27/10/2019,TB,23.0,TEN,27.0,Home,2.0
2019,REG,8,27/10/2019,CAR,13.0,SF,51.0,Home,4.5
2019,REG,8,27/10/2019,OAK,24.0,HOU,27.0,Home,5.0
2019,REG,8,27/10/2019,CLE,13.0,NE,27.0,Home,9.5
2019,REG,8,27/10/2019,GB,31.0,KC,24.0,Home,-5.0
2019,REG,8,28/10/2019,MIA,14.0,PIT,27.0,Home,14.0
2019,REG,9,31/10/2019,SF,28.0,ARI,25.0,Home,-10.5
2019,REG,9,03/11/2019,HOU,26.0,JAX,3.0,Neutral,1.0
2019,REG,9,03/11/2019,WAS,9.0,BUF,24.0,Home,10.5
2019,REG,9,03/11/2019,TEN,20.0,CAR,30.0,Home,3.5
2019,REG,9,03/11/2019,MIN,23.0,KC,26.0,Home,-5.5
2019,REG,9,03/11/2019,NYJ,18.0,MIA,26.0,Home,-3.5
2019,REG,9,03/11/2019,CHI,14.0,PHI,22.0,Home,5.0
2019,REG,9,03/11/2019,IND,24.0,PIT,26.0,Home,1.0
2019,REG,9,03/11/2019,DET,24.0,OAK,31.0,Home,2.5
2019,REG,9,03/11/2019,TB,34.0,SEA,40.0,Home,4.0
2019,REG,9,03/11/2019,CLE,19.0,DEN,24.0,Home,-4.0
2019,REG,9,03/11/2019,GB,11.0,LAC,26.0,Home,-4.0
2019,REG,9,03/11/2019,NE,20.0,BAL,37.0,Home,-3.0
2019,REG,9,04/11/2019,DAL,37.0,NYG,18.0,Home,-6.5
2019,REG,10,07/11/2019,LAC,24.0,OAK,26.0,Home,-1.0
2019,REG,10,10/11/2019,DET,13.0,CHI,20.0,Home,6.0
2019,REG,10,10/11/2019,BAL,49.0,CIN,13.0,Home,-10.5
2019,REG,10,10/11/2019,BUF,16.0,CLE,19.0,Home,3.0
2019,REG,10,10/11/2019,ATL,26.0,NO,9.0,Home,14.0
2019,REG,10,10/11/2019,NYG,27.0,NYJ,34.0,Home,-3.0
2019,REG,10,10/11/2019,ARI,27.0,TB,30.0,Home,5.5
2019,REG,10,10/11/2019,KC,32.0,TEN,35.0,Home,-5.0
2019,REG,10,10/11/2019,MIA,16.0,IND,12.0,Home,11.0
2019,REG,10,10/11/2019,CAR,16.0,GB,24.0,Home,5.0
2019,REG,10,10/11/2019,LA,12.0,PIT,17.0,Home,-4.0
2019,REG,10,10/11/2019,MIN,28.0,DAL,24.0,Home,3.5
2019,REG,10,11/11/2019,SEA,27.0,SF,24.0,Home,6.5
2019,REG,11,14/11/2019,PIT,7.0,CLE,21.0,Home,3.0
2019,REG,11,17/11/2019,HOU,7.0,BAL,41.0,Home,4.0
2019,REG,11,17/11/2019,ATL,29.0,CAR,3.0,Home,3.5
2019,REG,11,17/11/2019,DAL,35.0,DET,27.0,Home,-7.5
2019,REG,11,17/11/2019,JAX,13.0,IND,33.0,Home,2.5
2019,REG,11,17/11/2019,BUF,37.0,MIA,20.0,Home,-7.0
2019,REG,11,17/11/2019,DEN,23.0,MIN,27.0,Home,10.0
2019,REG,11,17/11/2019,NO,34.0,TB,17.0,Home,-5.0
2019,REG,11,17/11/2019,NYJ,34.0,WAS,17.0,Home,1.0
2019,REG,11,17/11/2019,ARI,26.0,SF,36.0,Home,10.0
2019,REG,11,17/11/2019,CIN,10.0,OAK,17.0,Home,13.0
2019,REG,11,17/11/2019,NE,17.0,PHI,10.0,Home,-4.5
2019,REG,11,17/11/2019,CHI,7.0,LA,17.0,Home,5.0
2019,REG,11,18/11/2019,KC,24.0,LAC,17.0,Neutral,-5.5
2019,REG,12,21/11/2019,IND,17.0,HOU,20.0,Home,3.5
2019,REG,12,24/11/2019,TB,35.0,ATL,22.0,Home,3.5
2019,REG,12,24/11/2019,DEN,3.0,BUF,20.0,Home,3.5
2019,REG,12,24/11/2019,NYG,14.0,CHI,19.0,Home,6.0
2019,REG,12,24/11/2019,PIT,16.0,CIN,10.0,Home,-5.5
2019,REG,12,24/11/2019,MIA,24.0,CLE,41.0,Home,11.0
2019,REG,12,24/11/2019,CAR,31.0,NO,34.0,Home,10.0
2019,REG,12,24/11/2019,OAK,3.0,NYJ,34.0,Home,-3.5
2019,REG,12,24/11/2019,SEA,17.0,PHI,9.0,Home,-1.0
2019,REG,12,24/11/2019,DET,16.0,WAS,19.0,Home,-4.0
2019,REG,12,24/11/2019,JAX,20.0,TEN,42.0,Home,4.5
2019,REG,12,24/11/2019,DAL,9.0,NE,13.0,Home,5.5
2019,REG,12,24/11/2019,GB,8.0,SF,37.0,Home,3.0
2019,REG,12,25/11/2019,BAL,45.0,LA,6.0,Home,-3.5
2019,REG,13,28/11/2019,CHI,24.0,DET,20.0,Home,-5.5
2019,REG,13,28/11/2019,BUF,26.0,DAL,15.0,Home,6.5
2019,REG,13,28/11/2019,NO,26.0,ATL,18.0,Home,-7.0
2019,REG,13,01/12/2019,SF,17.0,BAL,20.0,Home,5.5
2019,REG,13,01/12/2019,WAS,29.0,CAR,21.0,Home,10.5
2019,REG,13,01/12/2019,NYJ,6.0,CIN,22.0,Home,-2.5
2019,REG,13,01/12/2019,TEN,31.0,IND,17.0,Home,-1.0
2019,REG,13,01/12/2019,TB,28.0,JAX,11.0,Home,-3.0
2019,REG,13,01/12/2019,PHI,31.0,MIA,37.0,Home,-10.5
2019,REG,13,01/12/2019,GB,31.0,NYG,13.0,Home,-6.5
2019,REG,13,01/12/2019,CLE,13.0,PIT,20.0,Home,-1.0
2019,REG,13,01/12/2019,LA,34.0,ARI,7.0,Home,-2.5
2019,REG,13,01/12/2019,LAC,20.0,DEN,23.0,Home,-4.5
2019,REG,13,01/12/2019,OAK,9.0,KC,40.0,Home,11.5
2019,REG,13,01/12/2019,NE,22.0,HOU,28.0,Home,-3.5
2019,REG,13,02/12/2019,MIN,30.0,SEA,37.0,Home,2.5
2019,REG,14,05/12/2019,DAL,24.0,CHI,31.0,Home,-3.0
2019,REG,14,08/12/2019,CAR,20.0,ATL,40.0,Home,3.5
2019,REG,14,08/12/2019,BAL,24.0,BUF,17.0,Home,-6.5
2019,REG,14,08/12/2019,CIN,19.0,CLE,27.0,Home,6.5
2019,REG,14,08/12/2019,WAS,15.0,GB,20.0,Home,13.0
2019,REG,14,08/12/2019,DEN,38.0,HOU,24.0,Home,8.0
2019,REG,14,08/12/2019,DET,7.0,MIN,20.0,Home,12.0
2019,REG,14,08/12/2019,SF,48.0,NO,46.0,Home,1.0
2019,REG,14,08/12/2019,MIA,21.0,NYJ,22.0,Home,5.0
2019,REG,14,08/12/2019,IND,35.0,TB,38.0,Home,3.0
2019,REG,14,08/12/2019,LAC,45.0,JAX,10.0,Home,-3.5
2019,REG,14,08/12/2019,PIT,23.0,ARI,17.0,Home,-2.5
2019,REG,14,08/12/2019,KC,23.0,NE,16.0,Home,3.0
2019,REG,14,08/12/2019,TEN,42.0,OAK,21.0,Home,-3.0
2019,REG,14,08/12/2019,SEA,12.0,LA,28.0,Home,1.0
2019,REG,14,09/12/2019,NYG,17.0,PHI,23.0,Home,9.5
2019,REG,15,12/12/2019,NYJ,21.0,BAL,42.0,Home,17.0
2019,REG,15,15/12/2019,SEA,30.0,CAR,24.0,Home,-6.0
2019,REG,15,15/12/2019,NE,34.0,CIN,13.0,Home,-10.5
2019,REG,15,15/12/2019,TB,38.0,DET,17.0,Home,-5.5
2019,REG,15,15/12/2019,CHI,13.0,GB,21.0,Home,4.0
2019,REG,15,15/12/2019,DEN,3.0,KC,23.0,Home,10.0
2019,REG,15,15/12/2019,MIA,20.0,NYG,36.0,Home,3.5
2019,REG,15,15/12/2019,HOU,24.0,TEN,21.0,Home,3.0
2019,REG,15,15/12/2019,PHI,37.0,WAS,27.0,Home,-7.0
2019,REG,15,15/12/2019,CLE,24.0,ARI,38.0,Home,-3.0
2019,REG,15,15/12/2019,MIN,39.0,LAC,10.0,Home,-1.0
2019,REG,15,15/12/2019,JAX,20.0,OAK,16.0,Home,7.0
2019,REG,15,15/12/2019,LA,21.0,DAL,44.0,Home,-1.0
2019,REG,15,15/12/2019,ATL,29.0,SF,22.0,Home,10.5
2019,REG,15,15/12/2019,BUF,17.0,PIT,10.0,Home,1.0
2019,REG,15,16/12/2019,IND,7.0,NO,34.0,Home,8.0
2019,REG,16,21/12/2019,HOU,23.0,TB,20.0,Home,-3.0
2019,REG,16,21/12/2019,BUF,17.0,NE,24.0,Home,7.0
2019,REG,16,21/12/2019,LA,31.0,SF,34.0,Home,7.0
2019,REG,16,22/12/2019,JAX,12.0,ATL,24.0,Home,7.5
2019,REG,16,22/12/2019,BAL,31.0,CLE,15.0,Home,-9.5
2019,REG,16,22/12/2019,CAR,6.0,IND,38.0,Home,7.5
2019,REG,16,22/12/2019,CIN,35.0,MIA,38.0,Home,-1.5
2019,REG,16,22/12/2019,PIT,10.0,NYJ,16.0,Home,-3.0
2019,REG,16,22/12/2019,NO,38.0,TEN,28.0,Home,-3.5
2019,REG,16,22/12/2019,NYG,41.0,WAS,35.0,Home,-1.0
2019,REG,16,22/12/2019,DET,17.0,DEN,27.0,Home,9.5
2019,REG,16,22/12/2019,OAK,24.0,LAC,17.0,Home,7.5
2019,REG,16,22/12/2019,DAL,9.0,PHI,17.0,Home,-2.0
2019,REG,16,22/12/2019,ARI,27.0,SEA,13.0,Home,8.0
2019,REG,16,22/12/2019,KC,26.0,CHI,3.0,Home,-6.5
2019,REG,16,23/12/2019,GB,23.0,MIN,10.0,Home,4.0
2019,REG,17,29/12/2019,NYJ,13.0,BUF,6.0,Home,-1.5
2019,REG,17,29/12/2019,NO,42.0,CAR,10.0,Home,-13.5
2019,REG,17,29/12/2019,CLE,23.0,CIN,33.0,Home,-2.5
2019,REG,17,29/12/2019,GB,23.0,DET,20.0,Home,-13.5
2019,REG,17,29/12/2019,LAC,21.0,KC,31.0,Home,10.0
2019,REG,17,29/12/2019,CHI,21.0,MIN,19.0,Home,-5.5
2019,REG,17,29/12/2019,MIA,27.0,NE,24.0,Home,17.5
2019,REG,17,29/12/2019,ATL,28.0,TB,22.0,Home,1.0
2019,REG,17,29/12/2019,PIT,10.0,BAL,28.0,Home,-2.0
2019,REG,17,29/12/2019,WAS,16.0,DAL,47.0,Home,13.0
2019,REG,17,29/12/2019,OAK,15.0,DEN,16.0,Home,5.5
2019,REG,17,29/12/2019,TEN,35.0,HOU,14.0,Home,-10.0
2019,REG,17,29/12/2019,IND,20.0,JAX,38.0,Home,-5.0
2019,REG,17,29/12/2019,ARI,24.0,LA,31.0,Home,7.0
2019,REG,17,29/12/2019,PHI,34.0,NYG,17.0,Home,-4.0
2019,REG,17,29/12/2019,SF,26.0,SEA,21.0,Home,-3.5
2019,WC,18,04/01/2020,BUF,19.0,HOU,22.0,Home,2.5
2019,WC,18,04/01/2020,TEN,20.0,NE,13.0,Home,4.5
2019,WC,18,05/01/2020,MIN,26.0,NO,20.0,Home,7.5
2019,WC,18,05/01/2020,SEA,17.0,PHI,9.0,Home,1.0
2019,DIV,19,11/01/2020,MIN,10.0,SF,27.0,Home,7.0
2019,DIV,19,11/01/2020,TEN,28.0,BAL,12.0,Home,10.0
2019,DIV,19,12/01/2020,HOU,31.0,KC,51.0,Home,10.0
2019,DIV,19,12/01/2020,SEA,23.0,GB,28.0,Home,4.5
2019,CON,20,19/01/2020,TEN,24.0,KC,35.0,Home,7.5
2019,CON,20,19/01/2020,GB,20.0,SF,37.0,Home,8.0
2019,SB,21,02/02/2020,SF,20.0,KC,31.0,Neutral,1.5
2020,REG,1,10/09/2020,HOU,20.0,KC,34.0,Home,9.5
2020,REG,1,13/09/2020,SEA,38.0,ATL,25.0,Home,1.0
2020,REG,1,13/09/2020,CLE,6.0,BAL,38.0,Home,7.0
2020,REG,1,13/09/2020,NYJ,17.0,BUF,27.0,Home,6.5
2020,REG,1,13/09/2020,LV,34.0,CAR,30.0,Home,-3.0
2020,REG,1,13/09/2020,CHI,27.0,DET,23.0,Home,2.5
2020,REG,1,13/09/2020,IND,20.0,JAX,27.0,Home,-7.0
2020,REG,1,13/09/2020,GB,43.0,MIN,34.0,Home,1.0
2020,REG,1,13/09/2020,MIA,11.0,NE,21.0,Home,7.5
2020,REG,1,13/09/2020,PHI,17.0,WAS,27.0,Home,-5.5
2020,REG,1,13/09/2020,LAC,16.0,CIN,13.0,Home,-2.5
2020,REG,1,13/09/2020,TB,23.0,NO,34.0,Home,4.0
2020,REG,1,13/09/2020,ARI,24.0,SF,20.0,Home,7.0
2020,REG,1,13/09/2020,DAL,17.0,LA,20.0,Home,1.0
2020,REG,1,14/09/2020,PIT,26.0,NYG,16.0,Home,-6.0
2020,REG,1,14/09/2020,TEN,16.0,DEN,14.0,Home,-3.0
2020,REG,2,17/09/2020,CIN,30.0,CLE,35.0,Home,6.0
2020,REG,2,20/09/2020,NYG,13.0,CHI,17.0,Home,4.5
2020,REG,2,20/09/2020,ATL,39.0,DAL,40.0,Home,3.0
2020,REG,2,20/09/2020,DET,21.0,GB,42.0,Home,7.0
2020,REG,2,20/09/2020,MIN,11.0,IND,28.0,Home,3.5
2020,REG,2,20/09/2020,BUF,31.0,MIA,28.0,Home,-5.5
2020,REG,2,20/09/2020,SF,31.0,NYJ,13.0,Home,-7.0
2020,REG,2,20/09/2020,LA,37.0,PHI,19.0,Home,2.0
2020,REG,2,20/09/2020,DEN,21.0,PIT,26.0,Home,6.0
2020,REG,2,20/09/2020,CAR,17.0,TB,31.0,Home,7.5
2020,REG,2,20/09/2020,JAX,30.0,TEN,33.0,Home,7.0
2020,REG,2,20/09/2020,WAS,15.0,ARI,30.0,Home,7.5
2020,REG,2,20/09/2020,BAL,33.0,HOU,16.0,Home,-7.5
2020,REG,2,20/09/2020,KC,23.0,LAC,20.0,Home,-8.5
2020,REG,2,20/09/2020,NE,30.0,SEA,35.0,Home,4.0
2020,REG,2,21/09/2020,NO,24.0,LV,34.0,Home,-4.0
2020,REG,3,24/09/2020,MIA,31.0,JAX,13.0,Home,3.0
2020,REG,3,27/09/2020,CHI,30.0,ATL,26.0,Home,2.5
2020,REG,3,27/09/2020,LA,32.0,BUF,35.0,Home,1.5
2020,REG,3,27/09/2020,WAS,20.0,CLE,34.0,Home,7.5
2020,REG,3,27/09/2020,TEN,31.0,MIN,30.0,Home,-3.0
2020,REG,3,27/09/2020,LV,20.0,NE,36.0,Home,7.0
2020,REG,3,27/09/2020,SF,36.0,NYG,9.0,Home,-3.0
2020,REG,3,27/09/2020,CIN,23.0,PHI,23.0,Home,5.5
2020,REG,3,27/09/2020,HOU,21.0,PIT,28.0,Home,4.0
2020,REG,3,27/09/2020,NYJ,7.0,IND,36.0,Home,12.5
2020,REG,3,27/09/2020,CAR,21.0,LAC,16.0,Home,6.0
2020,REG,3,27/09/2020,DET,26.0,ARI,23.0,Home,4.5
2020,REG,3,27/09/2020,TB,28.0,DEN,10.0,Home,-6.0
2020,REG,3,27/09/2020,DAL,31.0,SEA,38.0,Home,5.5
2020,REG,3,27/09/2020,GB,37.0,NO,30.0,Home,3.5
2020,REG,3,28/09/2020,KC,34.0,BAL,20.0,Home,3.5
2020,REG,4,01/10/2020,DEN,37.0,NYJ,28.0,Home,1.0
2020,REG,4,04/10/2020,ARI,21.0,CAR,31.0,Home,-3.0
2020,REG,4,04/10/2020,JAX,25.0,CIN,33.0,Home,1.0
2020,REG,4,04/10/2020,CLE,49.0,DAL,38.0,Home,3.5
2020,REG,4,04/10/2020,NO,35.0,DET,29.0,Home,-3.0
2020,REG,4,04/10/2020,MIN,31.0,HOU,23.0,Home,3.5
2020,REG,4,04/10/2020,SEA,31.0,MIA,23.0,Home,-4.5
2020,REG,4,04/10/2020,LAC,31.0,TB,38.0,Home,7.5
2020,REG,4,04/10/2020,BAL,31.0,WAS,17.0,Home,-14.5
2020,REG,4,04/10/2020,NYG,9.0,LA,17.0,Home,13.5
2020,REG,4,04/10/2020,IND,19.0,CHI,11.0,Home,-3.5
2020,REG,4,04/10/2020,BUF,30.0,LV,23.0,Home,-3.0
2020,REG,4,04/10/2020,PHI,25.0,SF,20.0,Home,8.5
2020,REG,4,05/10/2020,NE,10.0,KC,26.0,Home,7.0
2020,REG,4,05/10/2020,ATL,16.0,GB,30.0,Home,5.0
2020,REG,5,08/10/2020,TB,19.0,CHI,20.0,Home,-3.5
2020,REG,5,11/10/2020,CAR,23.0,ATL,16.0,Home,2.5
2020,REG,5,11/10/2020,CIN,3.0,BAL,27.0,Home,12.5
2020,REG,5,11/10/2020,JAX,14.0,HOU,30.0,Home,6.5
2020,REG,5,11/10/2020,LV,40.0,KC,32.0,Home,11.0
2020,REG,5,11/10/2020,ARI,30.0,NYJ,10.0,Home,-7.0
2020,REG,5,11/10/2020,PHI,29.0,PIT,38.0,Home,7.5
2020,REG,5,11/10/2020,LA,30.0,WAS,10.0,Home,-7.0
2020,REG,5,11/10/2020,MIA,43.0,SF,17.0,Home,8.5
2020,REG,5,11/10/2020,IND,23.0,CLE,32.0,Home,1.0
2020,REG,5,11/10/2020,NYG,34.0,DAL,37.0,Home,7.5
2020,REG,5,11/10/2020,MIN,26.0,SEA,27.0,Home,6.5
2020,REG,5,12/10/2020,LAC,27.0,NO,30.0,Home,7.0
2020,REG,5,13/10/2020,BUF,16.0,TEN,42.0,Home,-3.0
2020,REG,6,18/10/2020,CHI,23.0,CAR,16.0,Home,2.0
2020,REG,6,18/10/2020,CIN,27.0,IND,31.0,Home,7.5
2020,REG,6,18/10/2020,DET,34.0,JAX,16.0,Home,-3.0
2020,REG,6,18/10/2020,ATL,40.0,MIN,23.0,Home,3.5
2020,REG,6,18/10/2020,DEN,18.0,NE,12.0,Home,7.0
2020,REG,6,18/10/2020,WAS,19.0,NYG,20.0,Home,2.0
2020,REG,6,18/10/2020,BAL,30.0,PHI,28.0,Home,-10.5
2020,REG,6,18/10/2020,CLE,7.0,PIT,38.0,Home,3.0
2020,REG,6,18/10/2020,HOU,36.0,TEN,42.0,Home,4.0
2020,REG,6,18/10/2020,NYJ,0.0,MIA,24.0,Home,9.5
2020,REG,6,18/10/2020,GB,10.0,TB,38.0,Home,-3.0
2020,REG,6,18/10/2020,LA,16.0,SF,24.0,Home,-2.0
2020,REG,6,19/10/2020,KC,26.0,BUF,17.0,Home,-5.5
2020,REG,6,19/10/2020,ARI,38.0,DAL,10.0,Home,1.0
2020,REG,7,22/10/2020,NYG,21.0,PHI,22.0,Home,5.0
2020,REG,7,25/10/2020,DET,23.0,ATL,22.0,Home,1.0
2020,REG,7,25/10/2020,CLE,37.0,CIN,34.0,Home,-4.5
2020,REG,7,25/10/2020,GB,35.0,HOU,20.0,Home,-2.5
2020,REG,7,25/10/2020,CAR,24.0,NO,27.0,Home,7.0
2020,REG,7,25/10/2020,BUF,18.0,NYJ,10.0,Home,-9.5
2020,REG,7,25/10/2020,PIT,27.0,TEN,24.0,Home,1.0
2020,REG,7,25/10/2020,DAL,3.0,WAS,25.0,Home,-1.0
2020,REG,7,25/10/2020,TB,45.0,LV,20.0,Home,-3.5
2020,REG,7,25/10/2020,KC,43.0,DEN,16.0,Home,-7.0
2020,REG,7,25/10/2020,JAX,29.0,LAC,39.0,Home,8.0
2020,REG,7,25/10/2020,SF,33.0,NE,6.0,Home,3.0
2020,REG,7,25/10/2020,SEA,34.0,ARI,37.0,Home,-3.5
2020,REG,7,26/10/2020,CHI,10.0,LA,24.0,Home,6.5
2020,REG,8,29/10/2020,ATL,25.0,CAR,17.0,Home,1.5
2020,REG,8,01/11/2020,PIT,28.0,BAL,24.0,Home,4.0
2020,REG,8,01/11/2020,NE,21.0,BUF,24.0,Home,4.0
2020,REG,8,01/11/2020,TEN,20.0,CIN,31.0,Home,-7.5
2020,REG,8,01/11/2020,LV,16.0,CLE,6.0,Home,1.0
2020,REG,8,01/11/2020,IND,41.0,DET,21.0,Home,-3.5
2020,REG,8,01/11/2020,MIN,28.0,GB,22.0,Home,5.5
2020,REG,8,01/11/2020,NYJ,9.0,KC,35.0,Home,20.0
2020,REG,8,01/11/2020,LA,17.0,MIA,28.0,Home,-3.5
2020,REG,8,01/11/2020,LAC,30.0,DEN,31.0,Home,-3.0
2020,REG,8,01/11/2020,NO,26.0,CHI,23.0,Home,-5.5
2020,REG,8,01/11/2020,SF,27.0,SEA,37.0,Home,1.0
2020,REG,8,01/11/2020,DAL,9.0,PHI,23.0,Home,10.0
2020,REG,8,02/11/2020,TB,25.0,NYG,23.0,Home,-13.0
2020,REG,9,05/11/2020,GB,34.0,SF,17.0,Home,-6.0
2020,REG,9,08/11/2020,DEN,27.0,ATL,34.0,Home,4.5
2020,REG,9,08/11/2020,SEA,34.0,BUF,44.0,Home,-3.0
2020,REG,9,08/11/2020,BAL,24.0,IND,10.0,Home,1.0
2020,REG,9,08/11/2020,HOU,27.0,JAX,25.0,Home,-7.0
2020,REG,9,08/11/2020,CAR,31.0,KC,33.0,Home,10.0
2020,REG,9,08/11/2020,DET,20.0,MIN,34.0,Home,3.0
2020,REG,9,08/11/2020,CHI,17.0,TEN,24.0,Home,6.5
2020,REG,9,08/11/2020,NYG,23.0,WAS,20.0,Home,3.0
2020,REG,9,08/11/2020,LV,31.0,LAC,26.0,Home,-1.0
2020,REG,9,08/11/2020,MIA,34.0,ARI,31.0,Home,6.0
2020,REG,9,08/11/2020,PIT,24.0,DAL,19.0,Home,-14.0
2020,REG,9,08/11/2020,NO,38.0,TB,3.0,Home,3.0
2020,REG,9,09/11/2020,NE,30.0,NYJ,27.0,Home,-9.5
2020,REG,10,12/11/2020,IND,34.0,TEN,17.0,Home,-1.0
2020,REG,10,15/11/2020,TB,46.0,CAR,23.0,Home,-6.0
2020,REG,10,15/11/2020,HOU,7.0,CLE,10.0,Home,4.5
2020,REG,10,15/11/2020,WAS,27.0,DET,30.0,Home,2.5
2020,REG,10,15/11/2020,JAX,20.0,GB,24.0,Home,13.5
2020,REG,10,15/11/2020,PHI,17.0,NYG,27.0,Home,-4.5
2020,REG,10,15/11/2020,BUF,30.0,ARI,32.0,Home,3.0
2020,REG,10,15/11/2020,DEN,12.0,LV,37.0,Home,3.5
2020,REG,10,15/11/2020,LAC,21.0,MIA,29.0,Home,1.0
2020,REG,10,15/11/2020,SEA,16.0,LA,23.0,Home,3.0
2020,REG,10,15/11/2020,SF,13.0,NO,27.0,Home,9.5
2020,REG,10,15/11/2020,CIN,10.0,PIT,36.0,Home,6.5
2020,REG,10,15/11/2020,BAL,17.0,NE,23.0,Home,-7.0
2020,REG,10,16/11/2020,MIN,19.0,CHI,13.0,Home,-3.5
2020,REG,11,19/11/2020,ARI,21.0,SEA,28.0,Home,3.0
2020,REG,11,22/11/2020,TEN,30.0,BAL,24.0,Home,6.0
2020,REG,11,22/11/2020,DET,0.0,CAR,20.0,Home,-3.0
2020,REG,11,22/11/2020,PHI,17.0,CLE,22.0,Home,2.5
2020,REG,11,22/11/2020,NE,20.0,HOU,27.0,Home,-2.5
2020,REG,11,22/11/2020,PIT,27.0,JAX,3.0,Home,-11.0
2020,REG,11,22/11/2020,ATL,9.0,NO,24.0,Home,3.5
2020,REG,11,22/11/2020,CIN,9.0,WAS,20.0,Home,2.0
2020,REG,11,22/11/2020,MIA,13.0,DEN,20.0,Home,-4.0
2020,REG,11,22/11/2020,NYJ,28.0,LAC,34.0,Home,10.0
2020,REG,11,22/11/2020,GB,31.0,IND,34.0,Home,1.5
2020,REG,11,22/11/2020,DAL,31.0,MIN,28.0,Home,7.0
2020,REG,11,22/11/2020,KC,35.0,LV,31.0,Home,-7.5
2020,REG,11,23/11/2020,LA,27.0,TB,24.0,Home,4.0
2020,REG,12,26/11/2020,HOU,41.0,DET,25.0,Home,-3.0
2020,REG,12,26/11/2020,WAS,41.0,DAL,16.0,Home,2.5
2020,REG,12,29/11/2020,LV,6.0,ATL,43.0,Home,-3.5
2020,REG,12,29/11/2020,LAC,17.0,BUF,27.0,Home,4.5
2020,REG,12,29/11/2020,NYG,19.0,CIN,17.0,Home,-6.5
2020,REG,12,29/11/2020,TEN,45.0,IND,26.0,Home,3.0
2020,REG,12,29/11/2020,CLE,27.0,JAX,25.0,Home,-7.5
2020,REG,12,29/11/2020,CAR,27.0,MIN,28.0,Home,3.0
2020,REG,12,29/11/2020,ARI,17.0,NE,20.0,Home,-1.0
2020,REG,12,29/11/2020,MIA,20.0,NYJ,3.0,Home,-7.5
2020,REG,12,29/11/2020,NO,31.0,DEN,3.0,Home,-17.0
2020,REG,12,29/11/2020,SF,23.0,LA,20.0,Home,5.0
2020,REG,12,29/11/2020,KC,27.0,TB,24.0,Home,-3.5
2020,REG,12,29/11/2020,CHI,25.0,GB,41.0,Home,7.5
2020,REG,12,30/11/2020,SEA,23.0,PHI,17.0,Home,-6.5
2020,REG,12,02/12/2020,BAL,14.0,PIT,19.0,Home,10.5
2020,REG,13,06/12/2020,NO,21.0,ATL,16.0,Home,-2.5
2020,REG,13,06/12/2020,DET,34.0,CHI,30.0,Home,3.0
2020,REG,13,06/12/2020,IND,26.0,HOU,20.0,Home,-3.5
2020,REG,13,06/12/2020,CIN,7.0,MIA,19.0,Home,10.5
2020,REG,13,06/12/2020,JAX,24.0,MIN,27.0,Home,10.5
2020,REG,13,06/12/2020,LV,31.0,NYJ,28.0,Home,-7.5
2020,REG,13,06/12/2020,CLE,41.0,TEN,35.0,Home,4.0
2020,REG,13,06/12/2020,LA,38.0,ARI,28.0,Home,-2.5
2020,REG,13,06/12/2020,NYG,17.0,SEA,12.0,Home,11.0
2020,REG,13,06/12/2020,PHI,16.0,GB,30.0,Home,8.0
2020,REG,13,06/12/2020,NE,45.0,LAC,0.0,Home,2.5
2020,REG,13,06/12/2020,DEN,16.0,KC,22.0,Home,13.0
2020,REG,13,07/12/2020,WAS,23.0,PIT,17.0,Home,5.5
2020,REG,13,07/12/2020,BUF,34.0,SF,24.0,Neutral,1.5
2020,REG,13,08/12/2020,DAL,17.0,BAL,34.0,Home,8.5
2020,REG,14,10/12/2020,NE,3.0,LA,24.0,Home,5.0
2020,REG,14,13/12/2020,DEN,32.0,CAR,27.0,Home,4.0
2020,REG,14,13/12/2020,HOU,7.0,CHI,36.0,Home,-1.0
2020,REG,14,13/12/2020,DAL,30.0,CIN,7.0,Home,-3.0
2020,REG,14,13/12/2020,TEN,31.0,JAX,10.0,Home,-7.5
2020,REG,14,13/12/2020,KC,33.0,MIA,27.0,Home,-7.5
2020,REG,14,13/12/2020,ARI,26.0,NYG,7.0,Home,-3.0
2020,REG,14,13/12/2020,MIN,14.0,TB,26.0,Home,7.0
2020,REG,14,13/12/2020,IND,44.0,LV,27.0,Home,-2.5
2020,REG,14,13/12/2020,NYJ,3.0,SEA,40.0,Home,16.5
2020,REG,14,13/12/2020,GB,31.0,DET,24.0,Home,-9.5
2020,REG,14,13/12/2020,ATL,17.0,LAC,20.0,Home,1.0
2020,REG,14,13/12/2020,NO,21.0,PHI,24.0,Home,-7.5
2020,REG,14,13/12/2020,WAS,23.0,SF,15.0,Neutral,3.0
2020,REG,14,13/12/2020,PIT,15.0,BUF,26.0,Home,2.0
2020,REG,14,14/12/2020,BAL,47.0,CLE,42.0,Home,-3.0
2020,REG,15,17/12/2020,LAC,30.0,LV,27.0,Home,3.5
2020,REG,15,19/12/2020,BUF,48.0,DEN,19.0,Home,-5.5
2020,REG,15,19/12/2020,CAR,16.0,GB,24.0,Home,9.5
2020,REG,15,20/12/2020,TB,31.0,ATL,27.0,Home,-6.0
2020,REG,15,20/12/2020,JAX,14.0,BAL,40.0,Home,13.0
2020,REG,15,20/12/2020,SF,33.0,DAL,41.0,Home,-4.0
2020,REG,15,20/12/2020,HOU,20.0,IND,27.0,Home,7.5
2020,REG,15,20/12/2020,NE,12.0,MIA,22.0,Home,-1.5
2020,REG,15,20/12/2020,CHI,33.0,MIN,27.0,Home,2.5
2020,REG,15,20/12/2020,DET,25.0,TEN,46.0,Home,9.5
2020,REG,15,20/12/2020,SEA,20.0,WAS,15.0,Home,-6.0
2020,REG,15,20/12/2020,PHI,26.0,ARI,33.0,Home,6.5
2020,REG,15,20/12/2020,NYJ,23.0,LA,20.0,Home,17.5
2020,REG,15,20/12/2020,KC,32.0,NO,29.0,Home,-2.5
2020,REG,15,20/12/2020,CLE,20.0,NYG,6.0,Home,-6.0
2020,REG,15,21/12/2020,PIT,17.0,CIN,27.0,Home,-14.5
2020,REG,16,25/12/2020,MIN,33.0,NO,52.0,Home,6.5
2020,REG,16,26/12/2020,TB,47.0,DET,7.0,Home,-12.0
2020,REG,16,26/12/2020,SF,20.0,ARI,12.0,Home,6.0
2020,REG,16,26/12/2020,MIA,26.0,LV,25.0,Home,-2.0
2020,REG,16,27/12/2020,NYG,13.0,BAL,27.0,Home,10.0
2020,REG,16,27/12/2020,CIN,37.0,HOU,31.0,Home,7.5
2020,REG,16,27/12/2020,CHI,41.0,JAX,17.0,Home,-9.5
2020,REG,16,27/12/2020,ATL,14.0,KC,17.0,Home,11.0
2020,REG,16,27/12/2020,CLE,16.0,NYJ,23.0,Home,-6.5
2020,REG,16,27/12/2020,IND,24.0,PIT,28.0,Home,-1.0
2020,REG,16,27/12/2020,DEN,16.0,LAC,19.0,Home,2.5
2020,REG,16,27/12/2020,CAR,20.0,WAS,13.0,Home,-1.0
2020,REG,16,27/12/2020,PHI,17.0,DAL,37.0,Home,-3.0
2020,REG,16,27/12/2020,LA,9.0,SEA,20.0,Home,1.5
2020,REG,16,27/12/2020,TEN,14.0,GB,40.0,Home,3.0
2020,REG,16,28/12/2020,BUF,38.0,NE,9.0,Home,-7.0
2020,REG,17,03/01/2021,MIA,26.0,BUF,56.0,Home,-3.5
2020,REG,17,03/01/2021,BAL,38.0,CIN,3.0,Home,-13.5
2020,REG,17,03/01/2021,PIT,22.0,CLE,24.0,Home,10.5
2020,REG,17,03/01/2021,MIN,37.0,DET,35.0,Home,-3.0
2020,REG,17,03/01/2021,NYJ,14.0,NE,28.0,Home,3.0
2020,REG,17,03/01/2021,DAL,19.0,NYG,23.0,Home,-1.5
2020,REG,17,03/01/2021,ATL,27.0,TB,44.0,Home,7.5
2020,REG,17,03/01/2021,NO,33.0,CAR,7.0,Home,-6.0
2020,REG,17,03/01/2021,GB,35.0,CHI,16.0,Home,-4.5
2020,REG,17,03/01/2021,LV,32.0,DEN,31.0,Home,-2.5
2020,REG,17,03/01/2021,TEN,41.0,HOU,38.0,Home,-7.0
2020,REG,17,03/01/2021,JAX,14.0,IND,28.0,Home,15.5
2020,REG,17,03/01/2021,LAC,38.0,KC,21.0,Home,-7.0
2020,REG,17,03/01/2021,ARI,7.0,LA,18.0,Home,1.0
2020,REG,17,03/01/2021,SEA,26.0,SF,23.0,Neutral,-7.0
2020,REG,17,03/01/2021,WAS,20.0,PHI,14.0,Home,-6.5
2020,WC,18,09/01/2021,IND,24.0,BUF,27.0,Home,7.0
2020,WC,18,09/01/2021,LA,30.0,SEA,20.0,Home,3.0
2020,WC,18,09/01/2021,TB,31.0,WAS,23.0,Home,-10.0
2020,WC,18,10/01/2021,BAL,20.0,TEN,13.0,Home,-3.5
2020,WC,18,10/01/2021,CHI,9.0,NO,21.0,Home,11.0
2020,WC,18,10/01/2021,CLE,48.0,PIT,37.0,Home,5.0
2020,DIV,19,16/01/2021,LA,18.0,GB,32.0,Home,7.0
2020,DIV,19,16/01/2021,BAL,3.0,BUF,17.0,Home,2.5
2020,DIV,19,17/01/2021,CLE,17.0,KC,22.0,Home,7.5
2020,DIV,19,17/01/2021,TB,30.0,NO,20.0,Home,2.5
2020,CON,20,24/01/2021,TB,31.0,GB,26.0,Home,3.0
2020,CON,20,24/01/2021,BUF,24.0,KC,38.0,Home,3.0
2020,SB,21,07/02/2021,KC,9.0,TB,31.0,Neutral,-3.0
2021,REG,1,09/09/2021,DAL,29.0,TB,31.0,Home,10.0
2021,REG,1,12/09/2021,PHI,32.0,ATL,6.0,Home,3.5
2021,REG,1,12/09/2021,PIT,23.0,BUF,16.0,Home,6.5
2021,REG,1,12/09/2021,NYJ,14.0,CAR,19.0,Home,3.5
2021,REG,1,12/09/2021,MIN,24.0,CIN,27.0,Home,-3.0
2021,REG,1,12/09/2021,SF,41.0,DET,33.0,Home,-9.5
2021,REG,1,12/09/2021,JAX,21.0,HOU,37.0,Home,-3.5
2021,REG,1,12/09/2021,SEA,28.0,IND,16.0,Home,-3.0
2021,REG,1,12/09/2021,ARI,38.0,TEN,13.0,Home,2.5
2021,REG,1,12/09/2021,LAC,20.0,WAS,16.0,Home,2.5
2021,REG,1,12/09/2021,CLE,29.0,KC,33.0,Home,5.5
2021,REG,1,12/09/2021,MIA,17.0,NE,16.0,Home,3.5
2021,REG,1,12/09/2021,GB,3.0,NO,38.0,Neutral,-4.0
2021,REG,1,12/09/2021,DEN,27.0,NYG,13.0,Home,-3.0
2021,REG,1,12/09/2021,CHI,14.0,LA,34.0,Home,9.5
2021,REG,1,13/09/2021,BAL,27.0,LV,33.0,Home,-3.0
2021,REG,2,16/09/2021,NYG,29.0,WAS,30.0,Home,4.0
2021,REG,2,19/09/2021,NO,7.0,CAR,26.0,Home,-3.0
2021,REG,2,19/09/2021,CIN,17.0,CHI,20.0,Home,2.0
2021,REG,2,19/09/2021,HOU,21.0,CLE,31.0,Home,13.5
2021,REG,2,19/09/2021,LA,27.0,IND,24.0,Home,-4.0
2021,REG,2,19/09/2021,DEN,23.0,JAX,13.0,Home,-6.0
2021,REG,2,19/09/2021,BUF,35.0,MIA,0.0,Home,-3.5
2021,REG,2,19/09/2021,NE,25.0,NYJ,6.0,Home,-5.5
2021,REG,2,19/09/2021,SF,17.0,PHI,11.0,Home,-3.0
2021,REG,2,19/09/2021,LV,26.0,PIT,17.0,Home,5.5
2021,REG,2,19/09/2021,MIN,33.0,ARI,34.0,Home,4.0
2021,REG,2,19/09/2021,ATL,25.0,TB,48.0,Home,13.5
2021,REG,2,19/09/2021,DAL,20.0,LAC,17.0,Home,3.0
2021,REG,2,19/09/2021,TEN,33.0,SEA,30.0,Home,6.5
2021,REG,2,19/09/2021,KC,35.0,BAL,36.0,Home,-3.5
2021,REG,2,20/09/2021,DET,17.0,GB,35.0,Home,11.5
2021,REG,3,23/09/2021,CAR,24.0,HOU,9.0,Home,-8.0
2021,REG,3,26/09/2021,WAS,21.0,BUF,43.0,Home,7.5
2021,REG,3,26/09/2021,CHI,6.0,CLE,26.0,Home,7.5
2021,REG,3,26/09/2021,BAL,19.0,DET,17.0,Home,-7.5
2021,REG,3,26/09/2021,ARI,31.0,JAX,19.0,Home,-8.0
2021,REG,3,26/09/2021,LAC,30.0,KC,24.0,Home,6.5
2021,REG,3,26/09/2021,NO,28.0,NE,13.0,Home,3.0
2021,REG,3,26/09/2021,ATL,17.0,NYG,14.0,Home,3.0
2021,REG,3,26/09/2021,CIN,24.0,PIT,10.0,Home,2.5
2021,REG,3,26/09/2021,IND,16.0,TEN,25.0,Home,4.5
2021,REG,3,26/09/2021,NYJ,0.0,DEN,26.0,Home,10.5
2021,REG,3,26/09/2021,MIA,28.0,LV,31.0,Home,4.0
2021,REG,3,26/09/2021,TB,24.0,LA,34.0,Home,-1.0
2021,REG,3,26/09/2021,SEA,17.0,MIN,30.0,Home,-2.0
2021,REG,3,26/09/2021,GB,30.0,SF,28.0,Home,3.5
2021,REG,3,27/09/2021,PHI,21.0,DAL,41.0,Home,3.5
2021,REG,4,30/09/2021,JAX,21.0,CIN,24.0,Home,7.5
2021,REG,4,03/10/2021,WAS,34.0,ATL,30.0,Home,-1.0
2021,REG,4,03/10/2021,HOU,0.0,BUF,40.0,Home,19.0
2021,REG,4,03/10/2021,DET,14.0,CHI,24.0,Home,3.0
2021,REG,4,03/10/2021,CAR,28.0,DAL,36.0,Home,4.5
2021,REG,4,03/10/2021,IND,27.0,MIA,17.0,Home,2.5
2021,REG,4,03/10/2021,CLE,14.0,MIN,7.0,Home,-1.0
2021,REG,4,03/10/2021,NYG,27.0,NO,21.0,Home,7.5
2021,REG,4,03/10/2021,TEN,24.0,NYJ,27.0,Home,-5.5
2021,REG,4,03/10/2021,KC,42.0,PHI,30.0,Home,-7.5
2021,REG,4,03/10/2021,ARI,37.0,LA,20.0,Home,3.5
2021,REG,4,03/10/2021,SEA,28.0,SF,21.0,Home,2.5
2021,REG,4,03/10/2021,BAL,23.0,DEN,7.0,Home,1.0
2021,REG,4,03/10/2021,PIT,17.0,GB,27.0,Home,6.5
2021,REG,4,03/10/2021,TB,19.0,NE,17.0,Home,-6.0
2021,REG,4,04/10/2021,LV,14.0,LAC,28.0,Home,3.0
2021,REG,5,07/10/2021,LA,26.0,SEA,17.0,Home,-2.5
2021,REG,5,10/10/2021,NYJ,20.0,ATL,27.0,Neutral,3.0
2021,REG,5,10/10/2021,PHI,21.0,CAR,18.0,Home,2.5
2021,REG,5,10/10/2021,GB,25.0,CIN,22.0,Home,-2.0
2021,REG,5,10/10/2021,NE,25.0,HOU,22.0,Home,-8.0
2021,REG,5,10/10/2021,TEN,37.0,JAX,19.0,Home,-4.0
2021,REG,5,10/10/2021,DET,17.0,MIN,19.0,Home,10.0
2021,REG,5,10/10/2021,DEN,19.0,PIT,27.0,Home,-2.0
2021,REG,5,10/10/2021,MIA,17.0,TB,45.0,Home,11.0
2021,REG,5,10/10/2021,NO,33.0,WAS,22.0,Home,-2.5
2021,REG,5,10/10/2021,CLE,42.0,LAC,47.0,Home,2.5
2021,REG,5,10/10/2021,CHI,20.0,LV,9.0,Home,5.5
2021,REG,5,10/10/2021,SF,10.0,ARI,17.0,Home,6.0
2021,REG,5,10/10/2021,NYG,20.0,DAL,44.0,Home,7.5
2021,REG,5,10/10/2021,BUF,38.0,KC,20.0,Home,2.5
2021,REG,5,11/10/2021,IND,25.0,BAL,31.0,Home,7.5
2021,REG,6,14/10/2021,TB,28.0,PHI,22.0,Home,-7.0
2021,REG,6,17/10/2021,MIA,20.0,JAX,23.0,Neutral,-2.5
2021,REG,6,17/10/2021,LAC,6.0,BAL,34.0,Home,3.0
2021,REG,6,17/10/2021,MIN,34.0,CAR,28.0,Home,-2.5
2021,REG,6,17/10/2021,GB,24.0,CHI,14.0,Home,-5.5
2021,REG,6,17/10/2021,CIN,34.0,DET,11.0,Home,-3.5
2021,REG,6,17/10/2021,HOU,3.0,IND,31.0,Home,10.5
2021,REG,6,17/10/2021,LA,38.0,NYG,11.0,Home,-7.5
2021,REG,6,17/10/2021,KC,31.0,WAS,13.0,Home,-6.0
2021,REG,6,17/10/2021,ARI,37.0,CLE,14.0,Home,3.0
2021,REG,6,17/10/2021,LV,34.0,DEN,24.0,Home,5.0
2021,REG,6,17/10/2021,DAL,35.0,NE,29.0,Home,-3.5
2021,REG,6,17/10/2021,SEA,20.0,PIT,23.0,Home,5.5
2021,REG,6,18/10/2021,BUF,31.0,TEN,34.0,Home,-6.0
2021,REG,7,21/10/2021,DEN,14.0,CLE,17.0,Home,2.0
2021,REG,7,24/10/2021,CIN,41.0,BAL,17.0,Home,6.5
2021,REG,7,24/10/2021,WAS,10.0,GB,24.0,Home,8.5
2021,REG,7,24/10/2021,ATL,30.0,MIA,28.0,Home,-1.5
2021,REG,7,24/10/2021,NYJ,13.0,NE,54.0,Home,7.0
2021,REG,7,24/10/2021,CAR,3.0,NYG,25.0,Home,-3.0
2021,REG,7,24/10/2021,KC,3.0,TEN,27.0,Home,-4.0
2021,REG,7,24/10/2021,DET,19.0,LA,28.0,Home,17.0
2021,REG,7,24/10/2021,PHI,22.0,LV,33.0,Home,1.0
2021,REG,7,24/10/2021,HOU,5.0,ARI,31.0,Home,20.5
2021,REG,7,24/10/2021,CHI,3.0,TB,38.0,Home,12.5
2021,REG,7,24/10/2021,IND,30.0,SF,18.0,Home,3.5
2021,REG,7,25/10/2021,NO,13.0,SEA,10.0,Home,-6.0
2021,REG,8,28/10/2021,GB,24.0,ARI,21.0,Home,6.5
2021,REG,8,31/10/2021,CAR,19.0,ATL,13.0,Home,2.5
2021,REG,8,31/10/2021,MIA,11.0,BUF,26.0,Home,15.0
2021,REG,8,31/10/2021,SF,33.0,CHI,22.0,Home,-4.5
2021,REG,8,31/10/2021,PIT,15.0,CLE,10.0,Home,5.5
2021,REG,8,31/10/2021,PHI,44.0,DET,6.0,Home,-3.0
2021,REG,8,31/10/2021,LA,38.0,HOU,22.0,Home,-17.0
2021,REG,8,31/10/2021,TEN,34.0,IND,31.0,Home,3.0
2021,REG,8,31/10/2021,CIN,31.0,NYJ,34.0,Home,-11.5
2021,REG,8,31/10/2021,NE,27.0,LAC,24.0,Home,3.5
2021,REG,8,31/10/2021,JAX,7.0,SEA,31.0,Home,4.0
2021,REG,8,31/10/2021,WAS,10.0,DEN,17.0,Home,4.0
2021,REG,8,31/10/2021,TB,27.0,NO,36.0,Home,-4.0
2021,REG,8,31/10/2021,DAL,20.0,MIN,16.0,Home,4.5
2021,REG,8,01/11/2021,NYG,17.0,KC,20.0,Home,10.5
2021,REG,9,04/11/2021,NYJ,30.0,IND,45.0,Home,10.5
2021,REG,9,07/11/2021,MIN,31.0,BAL,34.0,Home,7.5
2021,REG,9,07/11/2021,NE,24.0,CAR,6.0,Home,-3.5
2021,REG,9,07/11/2021,CLE,41.0,CIN,16.0,Home,2.5
2021,REG,9,07/11/2021,DEN,30.0,DAL,16.0,Home,10.5
2021,REG,9,07/11/2021,BUF,6.0,JAX,9.0,Home,-14.5
2021,REG,9,07/11/2021,HOU,9.0,MIA,17.0,Home,4.0
2021,REG,9,07/11/2021,ATL,27.0,NO,25.0,Home,7.0
2021,REG,9,07/11/2021,LV,16.0,NYG,23.0,Home,-3.0
2021,REG,9,07/11/2021,LAC,27.0,PHI,24.0,Home,-1.0
2021,REG,9,07/11/2021,GB,7.0,KC,13.0,Home,7.0
2021,REG,9,07/11/2021,ARI,31.0,SF,17.0,Home,5.5
2021,REG,9,07/11/2021,TEN,28.0,LA,16.0,Home,7.0
2021,REG,9,08/11/2021,CHI,27.0,PIT,29.0,Home,7.0
2021,REG,10,11/11/2021,BAL,10.0,MIA,22.0,Home,-8.5
2021,REG,10,14/11/2021,ATL,3.0,DAL,43.0,Home,8.0
2021,REG,10,14/11/2021,JAX,17.0,IND,23.0,Home,10.5
2021,REG,10,14/11/2021,CLE,7.0,NE,45.0,Home,2.5
2021,REG,10,14/11/2021,BUF,45.0,NYJ,17.0,Home,-13.0
2021,REG,10,14/11/2021,DET,16.0,PIT,16.0,Home,9.0
2021,REG,10,14/11/2021,NO,21.0,TEN,23.0,Home,3.0
2021,REG,10,14/11/2021,TB,19.0,WAS,29.0,Home,-10.0
2021,REG,10,14/11/2021,CAR,34.0,ARI,10.0,Home,7.0
2021,REG,10,14/11/2021,MIN,27.0,LAC,20.0,Home,3.0
2021,REG,10,14/11/2021,PHI,30.0,DEN,13.0,Home,1.0
2021,REG,10,14/11/2021,SEA,0.0,GB,17.0,Home,3.0
2021,REG,10,14/11/2021,KC,41.0,LV,14.0,Home,-2.5
2021,REG,10,15/11/2021,LA,10.0,SF,31.0,Home,-3.5
2021,REG,11,18/11/2021,NE,25.0,ATL,0.0,Home,-7.0
2021,REG,11,21/11/2021,IND,41.0,BUF,15.0,Home,7.5
2021,REG,11,21/11/2021,WAS,27.0,CAR,21.0,Home,3.5
2021,REG,11,21/11/2021,BAL,16.0,CHI,13.0,Home,-5.0
2021,REG,11,21/11/2021,DET,10.0,CLE,13.0,Home,13.0
2021,REG,11,21/11/2021,SF,30.0,JAX,10.0,Home,-6.5
2021,REG,11,21/11/2021,GB,31.0,MIN,34.0,Home,-1.0
2021,REG,11,21/11/2021,MIA,24.0,NYJ,17.0,Home,-3.5
2021,REG,11,21/11/2021,NO,29.0,PHI,40.0,Home,2.5
2021,REG,11,21/11/2021,HOU,22.0,TEN,13.0,Home,10.5
2021,REG,11,21/11/2021,CIN,32.0,LV,13.0,Home,-1.0
2021,REG,11,21/11/2021,DAL,9.0,KC,19.0,Home,2.5
2021,REG,11,21/11/2021,ARI,23.0,SEA,13.0,Home,2.5
2021,REG,11,21/11/2021,PIT,37.0,LAC,41.0,Home,5.5
2021,REG,11,22/11/2021,NYG,10.0,TB,30.0,Home,11.5
2021,REG,12,25/11/2021,CHI,16.0,DET,14.0,Home,-2.0
2021,REG,12,25/11/2021,LV,36.0,DAL,33.0,Home,7.0
2021,REG,12,25/11/2021,BUF,31.0,NO,6.0,Home,-7.0
2021,REG,12,28/11/2021,PIT,10.0,CIN,41.0,Home,3.5
2021,REG,12,28/11/2021,NYJ,21.0,HOU,14.0,Home,3.0
2021,REG,12,28/11/2021,TB,38.0,IND,31.0,Home,-3.0
2021,REG,12,28/11/2021,ATL,21.0,JAX,14.0,Home,-1.5
2021,REG,12,28/11/2021,CAR,10.0,MIA,33.0,Home,-1.0
2021,REG,12,28/11/2021,TEN,13.0,NE,36.0,Home,7.5
2021,REG,12,28/11/2021,PHI,7.0,NYG,13.0,Home,-4.0
2021,REG,12,28/11/2021,LAC,13.0,DEN,28.0,Home,-2.5
2021,REG,12,28/11/2021,LA,28.0,GB,36.0,Home,-2.0
2021,REG,12,28/11/2021,MIN,26.0,SF,34.0,Home,3.5
2021,REG,12,28/11/2021,CLE,10.0,BAL,16.0,Home,3.0
2021,REG,12,29/11/2021,SEA,15.0,WAS,17.0,Home,-1.0
2021,REG,13,02/12/2021,DAL,27.0,NO,17.0,Home,-6.0
2021,REG,13,05/12/2021,TB,30.0,ATL,17.0,Home,-11.0
2021,REG,13,05/12/2021,ARI,33.0,CHI,22.0,Home,-7.5
2021,REG,13,05/12/2021,LAC,41.0,CIN,22.0,Home,2.5
2021,REG,13,05/12/2021,MIN,27.0,DET,29.0,Home,-7.0
2021,REG,13,05/12/2021,IND,31.0,HOU,0.0,Home,-10.0
2021,REG,13,05/12/2021,NYG,9.0,MIA,20.0,Home,6.5
2021,REG,13,05/12/2021,PHI,33.0,NYJ,18.0,Home,-5.0
2021,REG,13,05/12/2021,JAX,7.0,LA,37.0,Home,14.0
2021,REG,13,05/12/2021,WAS,17.0,LV,15.0,Home,1.0
2021,REG,13,05/12/2021,BAL,19.0,PIT,20.0,Home,-4.0
2021,REG,13,05/12/2021,SF,23.0,SEA,30.0,Home,-3.0
2021,REG,13,05/12/2021,DEN,9.0,KC,22.0,Home,8.5
2021,REG,13,06/12/2021,NE,14.0,BUF,10.0,Home,3.0
2021,REG,14,09/12/2021,PIT,28.0,MIN,36.0,Home,3.5
2021,REG,14,12/12/2021,ATL,29.0,CAR,21.0,Home,2.5
2021,REG,14,12/12/2021,BAL,22.0,CLE,24.0,Home,3.0
2021,REG,14,12/12/2021,SEA,33.0,HOU,13.0,Home,-10.0
2021,REG,14,12/12/2021,LV,9.0,KC,48.0,Home,10.0
2021,REG,14,12/12/2021,NO,30.0,NYJ,9.0,Home,-4.5
2021,REG,14,12/12/2021,JAX,0.0,TEN,20.0,Home,8.5
2021,REG,14,12/12/2021,DAL,27.0,WAS,20.0,Home,-6.5
2021,REG,14,12/12/2021,DET,10.0,DEN,38.0,Home,13.0
2021,REG,14,12/12/2021,NYG,21.0,LAC,37.0,Home,9.5
2021,REG,14,12/12/2021,SF,26.0,CIN,23.0,Home,-2.5
2021,REG,14,12/12/2021,BUF,27.0,TB,33.0,Home,3.5
2021,REG,14,12/12/2021,CHI,30.0,GB,45.0,Home,11.5
2021,REG,14,13/12/2021,LA,30.0,ARI,23.0,Home,3.0
2021,REG,15,16/12/2021,KC,34.0,LAC,28.0,Home,-3.0
2021,REG,15,18/12/2021,NE,17.0,IND,27.0,Home,-1.0
2021,REG,15,19/12/2021,CAR,14.0,BUF,31.0,Home,14.0
2021,REG,15,19/12/2021,ARI,12.0,DET,30.0,Home,-13.0
2021,REG,15,19/12/2021,HOU,30.0,JAX,16.0,Home,6.0
2021,REG,15,19/12/2021,NYJ,24.0,MIA,31.0,Home,10.5
2021,REG,15,19/12/2021,DAL,21.0,NYG,6.0,Home,-11.5
2021,REG,15,19/12/2021,TEN,13.0,PIT,19.0,Home,1.0
2021,REG,15,19/12/2021,CIN,15.0,DEN,10.0,Home,3.0
2021,REG,15,19/12/2021,ATL,13.0,SF,31.0,Home,9.5
2021,REG,15,19/12/2021,GB,31.0,BAL,30.0,Home,-9.5
2021,REG,15,19/12/2021,NO,9.0,TB,0.0,Home,11.5
2021,REG,15,20/12/2021,LV,16.0,CLE,14.0,Home,-3.0
2021,REG,15,20/12/2021,MIN,17.0,CHI,9.0,Home,-7.0
2021,REG,15,21/12/2021,SEA,10.0,LA,20.0,Home,7.5
2021,REG,15,21/12/2021,WAS,17.0,PHI,27.0,Home,10.0
2021,REG,16,23/12/2021,SF,17.0,TEN,20.0,Home,-3.5
2021,REG,16,25/12/2021,CLE,22.0,GB,24.0,Home,7.5
2021,REG,16,25/12/2021,IND,22.0,ARI,16.0,Home,3.0
2021,REG,16,26/12/2021,DET,16.0,ATL,20.0,Home,7.5
2021,REG,16,26/12/2021,TB,32.0,CAR,6.0,Home,-11.5
2021,REG,16,26/12/2021,BAL,21.0,CIN,41.0,Home,7.5
2021,REG,16,26/12/2021,LAC,29.0,HOU,41.0,Home,-13.5
2021,REG,16,26/12/2021,LA,30.0,MIN,23.0,Home,-3.5
2021,REG,16,26/12/2021,BUF,33.0,NE,21.0,Home,1.0
2021,REG,16,26/12/2021,JAX,21.0,NYJ,26.0,Home,2.5
2021,REG,16,26/12/2021,NYG,10.0,PHI,34.0,Home,11.0
2021,REG,16,26/12/2021,CHI,25.0,SEA,24.0,Home,7.0
2021,REG,16,26/12/2021,PIT,10.0,KC,36.0,Home,10.5
2021,REG,16,26/12/2021,DEN,13.0,LV,17.0,Home,-1.0
2021,REG,16,26/12/2021,WAS,14.0,DAL,56.0,Home,10.5
2021,REG,16,27/12/2021,MIA,20.0,NO,3.0,Home,-3.0
2021,REG,17,02/01/2022,LA,20.0,BAL,19.0,Home,-7.0
2021,REG,17,02/01/2022,ATL,15.0,BUF,29.0,Home,14.0
2021,REG,17,02/01/2022,NYG,3.0,CHI,29.0,Home,7.0
2021,REG,17,02/01/2022,KC,31.0,CIN,34.0,Home,-3.5
2021,REG,17,02/01/2022,LV,23.0,IND,20.0,Home,8.5
2021,REG,17,02/01/2022,JAX,10.0,NE,50.0,Home,17.5
2021,REG,17,02/01/2022,TB,28.0,NYJ,24.0,Home,-14.5
2021,REG,17,02/01/2022,MIA,3.0,TEN,34.0,Home,3.0
2021,REG,17,02/01/2022,PHI,20.0,WAS,16.0,Home,-6.5
2021,REG,17,02/01/2022,DEN,13.0,LAC,34.0,Home,8.0
2021,REG,17,02/01/2022,HOU,7.0,SF,23.0,Home,14.0
2021,REG,17,02/01/2022,ARI,25.0,DAL,22.0,Home,6.5
2021,REG,17,02/01/2022,CAR,10.0,NO,18.0,Home,7.0
2021,REG,17,02/01/2022,DET,29.0,SEA,51.0,Home,8.5
2021,REG,17,02/01/2022,MIN,10.0,GB,37.0,Home,13.0
2021,REG,17,03/01/2022,CLE,14.0,PIT,26.0,Home,-1.0
2021,REG,18,08/01/2022,KC,28.0,DEN,24.0,Home,-11.5
2021,REG,18,08/01/2022,DAL,51.0,PHI,26.0,Home,-6.5
2021,REG,18,09/01/2022,PIT,16.0,BAL,13.0,Home,3.0
2021,REG,18,09/01/2022,CIN,16.0,CLE,21.0,Home,6.5
2021,REG,18,09/01/2022,GB,30.0,DET,37.0,Home,-4.0
2021,REG,18,09/01/2022,TEN,28.0,HOU,25.0,Home,-10.5
2021,REG,18,09/01/2022,IND,11.0,JAX,26.0,Home,-14.0
2021,REG,18,09/01/2022,CHI,17.0,MIN,31.0,Home,3.5
2021,REG,18,09/01/2022,WAS,22.0,NYG,7.0,Home,-6.0
2021,REG,18,09/01/2022,SEA,38.0,ARI,30.0,Home,5.5
2021,REG,18,09/01/2022,NO,30.0,ATL,20.0,Home,-4.5
2021,REG,18,09/01/2022,NYJ,10.0,BUF,27.0,Home,16.0
2021,REG,18,09/01/2022,SF,27.0,LA,24.0,Home,3.0
2021,REG,18,09/01/2022,NE,24.0,MIA,33.0,Home,-6.0
2021,REG,18,09/01/2022,CAR,17.0,TB,41.0,Home,11.0
2021,REG,18,09/01/2022,LAC,32.0,LV,35.0,Home,-3.5
2021,WC,19,15/01/2022,LV,19.0,CIN,26.0,Home,6.0
2021,WC,19,15/01/2022,NE,17.0,BUF,47.0,Home,4.5
2021,WC,19,16/01/2022,PHI,15.0,TB,31.0,Home,7.5
2021,WC,19,16/01/2022,SF,23.0,DAL,17.0,Home,3.0
2021,WC,19,16/01/2022,PIT,21.0,KC,42.0,Home,13.0
2021,WC,19,17/01/2022,ARI,11.0,LA,34.0,Home,4.0
2021,DIV,20,22/01/2022,CIN,19.0,TEN,16.0,Home,4.0
2021,DIV,20,22/01/2022,SF,13.0,GB,10.0,Home,5.5
2021,DIV,20,23/01/2022,LA,30.0,TB,27.0,Home,2.5
2021,DIV,20,23/01/2022,BUF,36.0,KC,42.0,Home,2.5
2021,CON,21,30/01/2022,CIN,27.0,KC,24.0,Home,7.0
2021,CON,21,30/01/2022,SF,17.0,LA,20.0,Home,3.5
2021,SB,22,13/02/2022,LA,23.0,CIN,20.0,Neutral,-4.5
2022,REG,1,08/09/2022,BUF,31.0,LA,10.0,Home,-1.0
2022,REG,1,11/09/2022,NO,27.0,ATL,26.0,Home,-6.0
2022,REG,1,11/09/2022,CLE,26.0,CAR,24.0,Home,2.5
2022,REG,1,11/09/2022,SF,10.0,CHI,19.0,Home,-6.5
2022,REG,1,11/09/2022,PIT,23.0,CIN,20.0,Home,7.5
2022,REG,1,11/09/2022,PHI,38.0,DET,35.0,Home,-6.0
2022,REG,1,11/09/2022,IND,20.0,HOU,20.0,Home,-7.0
2022,REG,1,11/09/2022,NE,7.0,MIA,20.0,Home,3.0
2022,REG,1,11/09/2022,BAL,24.0,NYJ,9.0,Home,-6.5
2022,REG,1,11/09/2022,JAX,22.0,WAS,28.0,Home,3.0
2022,REG,1,11/09/2022,KC,44.0,ARI,21.0,Home,-6.0
2022,REG,1,11/09/2022,LV,19.0,LAC,24.0,Home,3.5
2022,REG,1,11/09/2022,GB,7.0,MIN,23.0,Home,2.5
2022,REG,1,11/09/2022,NYG,21.0,TEN,20.0,Home,5.5
2022,REG,1,11/09/2022,TB,19.0,DAL,3.0,Home,-2.5
2022,REG,1,12/09/2022,DEN,16.0,SEA,17.0,Home,-6.0
2022,REG,2,15/09/2022,LAC,24.0,KC,27.0,Home,4.0
2022,REG,2,18/09/2022,MIA,42.0,BAL,38.0,Home,3.0
2022,REG,2,18/09/2022,NYJ,31.0,CLE,30.0,Home,6.5
2022,REG,2,18/09/2022,WAS,27.0,DET,36.0,Home,-1.0
2022,REG,2,18/09/2022,IND,0.0,JAX,24.0,Home,-3.0
2022,REG,2,18/09/2022,TB,20.0,NO,10.0,Home,-2.5
2022,REG,2,18/09/2022,CAR,16.0,NYG,19.0,Home,-1.0
2022,REG,2,18/09/2022,NE,17.0,PIT,14.0,Home,-3.0
2022,REG,2,18/09/2022,ATL,27.0,LA,31.0,Home,10.5
2022,REG,2,18/09/2022,SEA,7.0,SF,27.0,Home,8.5
2022,REG,2,18/09/2022,CIN,17.0,DAL,20.0,Home,-7.5
2022,REG,2,18/09/2022,HOU,9.0,DEN,16.0,Home,10.5
2022,REG,2,18/09/2022,ARI,29.0,LV,23.0,Home,5.5
2022,REG,2,18/09/2022,CHI,10.0,GB,27.0,Home,10.5
2022,REG,2,19/09/2022,TEN,7.0,BUF,41.0,Home,10.0
2022,REG,2,19/09/2022,MIN,7.0,PHI,24.0,Home,2.5
2022,REG,3,22/09/2022,PIT,17.0,CLE,29.0,Home,4.5
2022,REG,3,25/09/2022,NO,14.0,CAR,22.0,Home,-2.0
2022,REG,3,25/09/2022,HOU,20.0,CHI,23.0,Home,3.0
2022,REG,3,25/09/2022,KC,17.0,IND,20.0,Home,-4.5
2022,REG,3,25/09/2022,BUF,19.0,MIA,21.0,Home,-4.0
2022,REG,3,25/09/2022,DET,24.0,MIN,28.0,Home,6.5
2022,REG,3,25/09/2022,BAL,37.0,NE,26.0,Home,-2.5
2022,REG,3,25/09/2022,CIN,27.0,NYJ,12.0,Home,-6.5
2022,REG,3,25/09/2022,LV,22.0,TEN,24.0,Home,-1.5
2022,REG,3,25/09/2022,PHI,24.0,WAS,8.0,Home,-6.0
2022,REG,3,25/09/2022,JAX,38.0,LAC,10.0,Home,6.5
2022,REG,3,25/09/2022,LA,20.0,ARI,12.0,Home,-3.5
2022,REG,3,25/09/2022,ATL,27.0,SEA,23.0,Home,1.0
2022,REG,3,25/09/2022,GB,14.0,TB,12.0,Home,1.0
2022,REG,3,25/09/2022,SF,10.0,DEN,11.0,Home,-1.0
2022,REG,3,26/09/2022,DAL,23.0,NYG,16.0,Home,1.0
2022,REG,4,29/09/2022,MIA,15.0,CIN,27.0,Home,4.0
2022,REG,4,02/10/2022,MIN,28.0,NO,25.0,Neutral,-4.0
2022,REG,4,02/10/2022,CLE,20.0,ATL,23.0,Home,-1.0
2022,REG,4,02/10/2022,BUF,23.0,BAL,20.0,Home,-3.0
2022,REG,4,02/10/2022,WAS,10.0,DAL,25.0,Home,3.0
2022,REG,4,02/10/2022,SEA,48.0,DET,45.0,Home,3.0
2022,REG,4,02/10/2022,LAC,34.0,HOU,24.0,Home,-5.5
2022,REG,4,02/10/2022,TEN,24.0,IND,17.0,Home,4.5
2022,REG,4,02/10/2022,CHI,12.0,NYG,20.0,Home,3.0
2022,REG,4,02/10/2022,JAX,21.0,PHI,29.0,Home,6.5
2022,REG,4,02/10/2022,NYJ,24.0,PIT,20.0,Home,3.0
2022,REG,4,02/10/2022,ARI,26.0,CAR,16.0,Home,1.0
2022,REG,4,02/10/2022,NE,24.0,GB,27.0,Home,10.0
2022,REG,4,02/10/2022,DEN,23.0,LV,32.0,Home,2.5
2022,REG,4,02/10/2022,KC,41.0,TB,31.0,Home,1.0
2022,REG,4,03/10/2022,LA,9.0,SF,24.0,Home,1.0
2022,REG,5,06/10/2022,IND,12.0,DEN,9.0,Home,3.5
2022,REG,5,09/10/2022,NYG,27.0,GB,22.0,Neutral,8.5
2022,REG,5,09/10/2022,PIT,3.0,BUF,38.0,Home,14.0
2022,REG,5,09/10/2022,LAC,30.0,CLE,28.0,Home,-1.0
2022,REG,5,09/10/2022,HOU,13.0,JAX,6.0,Home,7.0
2022,REG,5,09/10/2022,CHI,22.0,MIN,29.0,Home,10.0
2022,REG,5,09/10/2022,DET,0.0,NE,29.0,Home,3.0
2022,REG,5,09/10/2022,SEA,32.0,NO,39.0,Home,5.5
2022,REG,5,09/10/2022,MIA,17.0,NYJ,40.0,Home,-3.0
2022,REG,5,09/10/2022,ATL,15.0,TB,21.0,Home,10.5
2022,REG,5,09/10/2022,TEN,21.0,WAS,17.0,Home,-1.0
2022,REG,5,09/10/2022,SF,37.0,CAR,15.0,Home,-6.0
2022,REG,5,09/10/2022,PHI,20.0,ARI,17.0,Home,-5.5
2022,REG,5,09/10/2022,DAL,22.0,LA,10.0,Home,5.5
2022,REG,5,09/10/2022,CIN,17.0,BAL,19.0,Home,3.0
2022,REG,5,10/10/2022,LV,29.0,KC,30.0,Home,7.5
2022,REG,6,13/10/2022,WAS,12.0,CHI,7.0,Home,-1.0
2022,REG,6,16/10/2022,SF,14.0,ATL,28.0,Home,-3.5
2022,REG,6,16/10/2022,NE,38.0,CLE,15.0,Home,2.5
2022,REG,6,16/10/2022,NYJ,27.0,GB,10.0,Home,7.5
2022,REG,6,16/10/2022,JAX,27.0,IND,34.0,Home,1.0
2022,REG,6,16/10/2022,MIN,24.0,MIA,16.0,Home,-3.0
2022,REG,6,16/10/2022,CIN,30.0,NO,26.0,Home,-3.0
2022,REG,6,16/10/2022,BAL,20.0,NYG,24.0,Home,-5.5
2022,REG,6,16/10/2022,TB,18.0,PIT,20.0,Home,-10.0
2022,REG,6,16/10/2022,CAR,10.0,LA,24.0,Home,10.0
2022,REG,6,16/10/2022,ARI,9.0,SEA,19.0,Home,-2.5
2022,REG,6,16/10/2022,BUF,24.0,KC,20.0,Home,-2.5
2022,REG,6,16/10/2022,DAL,17.0,PHI,26.0,Home,6.5
2022,REG,6,17/10/2022,DEN,16.0,LAC,19.0,Home,3.5
2022,REG,7,20/10/2022,NO,34.0,ARI,42.0,Home,2.5
2022,REG,7,23/10/2022,CLE,20.0,BAL,23.0,Home,6.5
2022,REG,7,23/10/2022,TB,3.0,CAR,21.0,Home,-13.0
2022,REG,7,23/10/2022,ATL,17.0,CIN,35.0,Home,6.5
2022,REG,7,23/10/2022,DET,6.0,DAL,24.0,Home,7.0
2022,REG,7,23/10/2022,NYG,23.0,JAX,17.0,Home,3.0
2022,REG,7,23/10/2022,IND,10.0,TEN,19.0,Home,2.5
2022,REG,7,23/10/2022,GB,21.0,WAS,23.0,Home,-4.0
2022,REG,7,23/10/2022,NYJ,16.0,DEN,9.0,Home,-2.0
2022,REG,7,23/10/2022,HOU,20.0,LV,38.0,Home,7.0
2022,REG,7,23/10/2022,SEA,37.0,LAC,23.0,Home,5.5
2022,REG,7,23/10/2022,KC,44.0,SF,23.0,Home,-1.0
2022,REG,7,23/10/2022,PIT,10.0,MIA,16.0,Home,7.5
2022,REG,7,24/10/2022,CHI,33.0,NE,14.0,Home,9.5
2022,REG,8,27/10/2022,BAL,27.0,TB,22.0,Home,2.0
2022,REG,8,30/10/2022,DEN,21.0,JAX,17.0,Neutral,1.0
2022,REG,8,30/10/2022,CAR,34.0,ATL,37.0,Home,4.5
2022,REG,8,30/10/2022,CHI,29.0,DAL,49.0,Home,10.5
2022,REG,8,30/10/2022,MIA,31.0,DET,27.0,Home,-3.5
2022,REG,8,30/10/2022,ARI,26.0,MIN,34.0,Home,4.0
2022,REG,8,30/10/2022,LV,0.0,NO,24.0,Home,-1.0
2022,REG,8,30/10/2022,NE,22.0,NYJ,17.0,Home,-3.0
2022,REG,8,30/10/2022,PIT,13.0,PHI,35.0,Home,11.0
2022,REG,8,30/10/2022,TEN,17.0,HOU,10.0,Home,-1.0
2022,REG,8,30/10/2022,WAS,17.0,IND,16.0,Home,3.0
2022,REG,8,30/10/2022,SF,31.0,LA,14.0,Home,-1.0
2022,REG,8,30/10/2022,NYG,13.0,SEA,27.0,Home,3.0
2022,REG,8,30/10/2022,GB,17.0,BUF,27.0,Home,10.5
2022,REG,8,31/10/2022,CIN,13.0,CLE,32.0,Home,-3.0
2022,REG,9,03/11/2022,PHI,29.0,HOU,17.0,Home,-14.0
2022,REG,9,06/11/2022,LAC,20.0,ATL,17.0,Home,-2.5
2022,REG,9,06/11/2022,MIA,35.0,CHI,32.0,Home,-4.0
2022,REG,9,06/11/2022,CAR,21.0,CIN,42.0,Home,7.0
2022,REG,9,06/11/2022,GB,9.0,DET,15.0,Home,-4.0
2022,REG,9,06/11/2022,LV,20.0,JAX,27.0,Home,-2.5
2022,REG,9,06/11/2022,IND,3.0,NE,26.0,Home,5.0
2022,REG,9,06/11/2022,BUF,17.0,NYJ,20.0,Home,-11.0
2022,REG,9,06/11/2022,MIN,20.0,WAS,17.0,Home,-3.0
2022,REG,9,06/11/2022,SEA,31.0,ARI,21.0,Home,1.5
2022,REG,9,06/11/2022,LA,13.0,TB,16.0,Home,3.0
2022,REG,9,06/11/2022,TEN,17.0,KC,20.0,Home,14.0
2022,REG,9,07/11/2022,BAL,27.0,NO,13.0,Home,-1.0
2022,REG,10,10/11/2022,ATL,15.0,CAR,25.0,Home,-2.5
2022,REG,10,13/11/2022,SEA,16.0,TB,21.0,Neutral,2.5
2022,REG,10,13/11/2022,MIN,33.0,BUF,30.0,Home,6.5
2022,REG,10,13/11/2022,DET,31.0,CHI,30.0,Home,3.0
2022,REG,10,13/11/2022,JAX,17.0,KC,27.0,Home,10.0
2022,REG,10,13/11/2022,CLE,17.0,MIA,39.0,Home,3.0
2022,REG,10,13/11/2022,HOU,16.0,NYG,24.0,Home,5.5
2022,REG,10,13/11/2022,NO,10.0,PIT,20.0,Home,1.0
2022,REG,10,13/11/2022,DEN,10.0,TEN,17.0,Home,2.5
2022,REG,10,13/11/2022,IND,25.0,LV,20.0,Home,4.5
2022,REG,10,13/11/2022,DAL,28.0,GB,31.0,Home,-3.5
2022,REG,10,13/11/2022,ARI,27.0,LA,17.0,Home,3.5
2022,REG,10,13/11/2022,LAC,16.0,SF,22.0,Home,8.5
2022,REG,10,14/11/2022,WAS,32.0,PHI,21.0,Home,11.0
2022,REG,11,17/11/2022,TEN,27.0,GB,17.0,Home,3.0
2022,REG,11,20/11/2022,CHI,24.0,ATL,27.0,Home,3.0
2022,REG,11,20/11/2022,CAR,3.0,BAL,13.0,Home,13.0
2022,REG,11,20/11/2022,CLE,23.0,BUF,31.0,Neutral,7.5
2022,REG,11,20/11/2022,WAS,23.0,HOU,10.0,Home,-3.0
2022,REG,11,20/11/2022,PHI,17.0,IND,16.0,Home,-6.5
2022,REG,11,20/11/2022,NYJ,3.0,NE,10.0,Home,3.5
2022,REG,11,20/11/2022,LA,20.0,NO,27.0,Home,2.5
2022,REG,11,20/11/2022,DET,31.0,NYG,18.0,Home,3.0
2022,REG,11,20/11/2022,LV,22.0,DEN,16.0,Home,2.5
2022,REG,11,20/11/2022,DAL,40.0,MIN,3.0,Home,-1.5
2022,REG,11,20/11/2022,CIN,37.0,PIT,30.0,Home,-3.5
2022,REG,11,20/11/2022,KC,30.0,LAC,27.0,Home,-5.5
2022,REG,11,21/11/2022,SF,38.0,ARI,10.0,Neutral,-10.0
2022,REG,12,24/11/2022,BUF,28.0,DET,25.0,Home,-10.0
2022,REG,12,24/11/2022,NYG,20.0,DAL,28.0,Home,10.5
2022,REG,12,24/11/2022,NE,26.0,MIN,33.0,Home,2.5
2022,REG,12,27/11/2022,DEN,10.0,CAR,23.0,Home,-1.0
2022,REG,12,27/11/2022,TB,17.0,CLE,23.0,Home,-3.0
2022,REG,12,27/11/2022,BAL,27.0,JAX,28.0,Home,-3.5
2022,REG,12,27/11/2022,HOU,15.0,MIA,30.0,Home,14.0
2022,REG,12,27/11/2022,CHI,10.0,NYJ,31.0,Home,8.5
2022,REG,12,27/11/2022,CIN,20.0,TEN,16.0,Home,-1.0
2022,REG,12,27/11/2022,ATL,13.0,WAS,19.0,Home,3.5
2022,REG,12,27/11/2022,LAC,25.0,ARI,24.0,Home,-2.5
2022,REG,12,27/11/2022,LV,40.0,SEA,34.0,Home,4.0
2022,REG,12,27/11/2022,LA,10.0,KC,26.0,Home,16.5
2022,REG,12,27/11/2022,NO,0.0,SF,13.0,Home,9.5
2022,REG,12,27/11/2022,GB,33.0,PHI,40.0,Home,6.5
2022,REG,12,28/11/2022,PIT,24.0,IND,17.0,Home,2.5
2022,REG,13,01/12/2022,BUF,24.0,NE,10.0,Home,-3.5
2022,REG,13,04/12/2022,PIT,19.0,ATL,16.0,Home,-1.0
2022,REG,13,04/12/2022,DEN,9.0,BAL,10.0,Home,9.5
2022,REG,13,04/12/2022,GB,28.0,CHI,19.0,Home,-4.0
2022,REG,13,04/12/2022,JAX,14.0,DET,40.0,Home,1.0
2022,REG,13,04/12/2022,CLE,27.0,HOU,14.0,Home,-7.5
2022,REG,13,04/12/2022,NYJ,22.0,MIN,27.0,Home,3.0
2022,REG,13,04/12/2022,WAS,20.0,NYG,20.0,Home,-2.5
2022,REG,13,04/12/2022,TEN,10.0,PHI,35.0,Home,5.0
2022,REG,13,04/12/2022,SEA,27.0,LA,23.0,Home,-7.0
2022,REG,13,04/12/2022,MIA,17.0,SF,33.0,Home,4.5
2022,REG,13,04/12/2022,KC,24.0,CIN,27.0,Home,-2.5
2022,REG,13,04/12/2022,LAC,20.0,LV,27.0,Home,2.5
2022,REG,13,04/12/2022,IND,19.0,DAL,54.0,Home,11.0
2022,REG,13,05/12/2022,NO,16.0,TB,17.0,Home,3.5
2022,REG,14,08/12/2022,LV,16.0,LA,17.0,Home,-6.5
2022,REG,14,11/12/2022,NYJ,12.0,BUF,20.0,Home,10.0
2022,REG,14,11/12/2022,CLE,10.0,CIN,23.0,Home,4.5
2022,REG,14,11/12/2022,HOU,23.0,DAL,27.0,Home,17.0
2022,REG,14,11/12/2022,MIN,23.0,DET,34.0,Home,2.5
2022,REG,14,11/12/2022,PHI,48.0,NYG,22.0,Home,-7.5
2022,REG,14,11/12/2022,BAL,16.0,PIT,14.0,Home,1.5
2022,REG,14,11/12/2022,JAX,36.0,TEN,22.0,Home,3.0
2022,REG,14,11/12/2022,KC,34.0,DEN,28.0,Home,-8.5
2022,REG,14,11/12/2022,CAR,30.0,SEA,24.0,Home,3.5
2022,REG,14,11/12/2022,TB,7.0,SF,35.0,Home,3.5
2022,REG,14,11/12/2022,MIA,17.0,LAC,23.0,Home,-3.0
2022,REG,14,12/12/2022,NE,27.0,ARI,13.0,Home,-2.0
2022,REG,15,15/12/2022,SF,21.0,SEA,13.0,Home,-3.0
2022,REG,15,17/12/2022,IND,36.0,MIN,39.0,Home,3.5
2022,REG,15,17/12/2022,BAL,3.0,CLE,13.0,Home,2.5
2022,REG,15,17/12/2022,MIA,29.0,BUF,32.0,Home,7.0
2022,REG,15,18/12/2022,PIT,24.0,CAR,16.0,Home,2.5
2022,REG,15,18/12/2022,PHI,25.0,CHI,20.0,Home,-8.5
2022,REG,15,18/12/2022,KC,30.0,HOU,24.0,Home,-14.5
2022,REG,15,18/12/2022,DAL,34.0,JAX,40.0,Home,-4.0
2022,REG,15,18/12/2022,ATL,18.0,NO,21.0,Home,5.0
2022,REG,15,18/12/2022,DET,20.0,NYJ,17.0,Home,2.0
2022,REG,15,18/12/2022,ARI,15.0,DEN,24.0,Home,1.5
2022,REG,15,18/12/2022,NE,24.0,LV,30.0,Home,1.0
2022,REG,15,18/12/2022,TEN,14.0,LAC,17.0,Home,3.0
2022,REG,15,18/12/2022,CIN,34.0,TB,23.0,Home,-3.5
2022,REG,15,18/12/2022,NYG,20.0,WAS,12.0,Home,4.5
2022,REG,15,19/12/2022,LA,12.0,GB,24.0,Home,8.0
2022,REG,16,22/12/2022,JAX,19.0,NYJ,3.0,Home,2.5
2022,REG,16,24/12/2022,ATL,9.0,BAL,17.0,Home,6.5
2022,REG,16,24/12/2022,DET,23.0,CAR,37.0,Home,-2.5
2022,REG,16,24/12/2022,BUF,35.0,CHI,13.0,Home,-8.0
2022,REG,16,24/12/2022,NO,17.0,CLE,10.0,Home,3.0
2022,REG,16,24/12/2022,SEA,10.0,KC,24.0,Home,10.5
2022,REG,16,24/12/2022,NYG,24.0,MIN,27.0,Home,4.5
2022,REG,16,24/12/2022,CIN,22.0,NE,18.0,Home,-3.0
2022,REG,16,24/12/2022,HOU,19.0,TEN,14.0,Home,3.0
2022,REG,16,24/12/2022,WAS,20.0,SF,37.0,Home,6.5
2022,REG,16,24/12/2022,PHI,34.0,DAL,40.0,Home,4.0
2022,REG,16,24/12/2022,LV,10.0,PIT,13.0,Home,2.5
2022,REG,16,25/12/2022,GB,26.0,MIA,20.0,Home,3.5
2022,REG,16,25/12/2022,DEN,14.0,LA,51.0,Home,-3.0
2022,REG,16,25/12/2022,TB,19.0,ARI,16.0,Home,-7.5
2022,REG,16,26/12/2022,LAC,20.0,IND,3.0,Home,-3.5
2022,REG,17,29/12/2022,DAL,27.0,TEN,13.0,Home,-14.0
2022,REG,17,01/01/2023,ARI,19.0,ATL,20.0,Home,7.0
2022,REG,17,01/01/2023,CHI,10.0,DET,41.0,Home,4.5
2022,REG,17,01/01/2023,JAX,31.0,HOU,3.0,Home,-3.5
2022,REG,17,01/01/2023,DEN,24.0,KC,27.0,Home,13.5
2022,REG,17,01/01/2023,MIA,21.0,NE,23.0,Home,3.0
2022,REG,17,01/01/2023,IND,10.0,NYG,38.0,Home,5.5
2022,REG,17,01/01/2023,NO,20.0,PHI,10.0,Home,5.5
2022,REG,17,01/01/2023,CAR,24.0,TB,30.0,Home,3.5
2022,REG,17,01/01/2023,CLE,24.0,WAS,10.0,Home,1.0
2022,REG,17,01/01/2023,SF,37.0,LV,34.0,Home,-10.0
2022,REG,17,01/01/2023,NYJ,6.0,SEA,23.0,Home,-1.0
2022,REG,17,01/01/2023,MIN,17.0,GB,41.0,Home,3.0
2022,REG,17,01/01/2023,LA,10.0,LAC,31.0,Home,6.5
2022,REG,17,01/01/2023,PIT,16.0,BAL,13.0,Home,1.0
2022,REG,18,07/01/2023,KC,31.0,LV,13.0,Home,-9.0
2022,REG,18,07/01/2023,TEN,16.0,JAX,20.0,Home,6.0
2022,REG,18,08/01/2023,TB,17.0,ATL,30.0,Home,6.0
2022,REG,18,08/01/2023,NE,23.0,BUF,35.0,Home,8.0
2022,REG,18,08/01/2023,MIN,29.0,CHI,13.0,Home,-6.5
2022,REG,18,08/01/2023,BAL,16.0,CIN,27.0,Home,11.0
2022,REG,18,08/01/2023,HOU,32.0,IND,31.0,Home,3.0
2022,REG,18,08/01/2023,NYJ,6.0,MIA,11.0,Home,3.5
2022,REG,18,08/01/2023,CAR,10.0,NO,7.0,Home,3.5
2022,REG,18,08/01/2023,CLE,14.0,PIT,28.0,Home,2.5
2022,REG,18,08/01/2023,LAC,28.0,DEN,31.0,Home,6.0
2022,REG,18,08/01/2023,NYG,16.0,PHI,22.0,Home,16.5
2022,REG,18,08/01/2023,LA,16.0,SEA,19.0,Home,5.5
2022,REG,18,08/01/2023,ARI,13.0,SF,38.0,Home,14.0
2022,REG,18,08/01/2023,DAL,6.0,WAS,26.0,Home,-7.5
2022,REG,18,08/01/2023,DET,20.0,GB,16.0,Home,5.5
2022,WC,19,14/01/2023,SEA,23.0,SF,41.0,Home,10.0
2022,WC,19,14/01/2023,LAC,30.0,JAX,31.0,Home,-2.0
2022,WC,19,15/01/2023,MIA,31.0,BUF,34.0,Home,14.0
2022,WC,19,15/01/2023,NYG,31.0,MIN,24.0,Home,2.5
2022,WC,19,15/01/2023,BAL,17.0,CIN,24.0,Home,7.5
2022,WC,19,16/01/2023,DAL,31.0,TB,14.0,Home,-2.5
2022,DIV,20,21/01/2023,JAX,20.0,KC,27.0,Home,10.0
2022,DIV,20,21/01/2023,NYG,7.0,PHI,38.0,Home,8.0
2022,DIV,20,22/01/2023,CIN,27.0,BUF,10.0,Home,6.0
2022,DIV,20,22/01/2023,DAL,12.0,SF,19.0,Home,3.5
2022,CON,21,29/01/2023,SF,7.0,PHI,31.0,Home,2.5
2022,CON,21,29/01/2023,CIN,20.0,KC,23.0,Home,2.0
2022,SB,22,12/02/2023,KC,38.0,PHI,35.0,Neutral,1.0
2023,REG,1,07/09/2023,DET,21.0,KC,20.0,Home,4.0
2023,REG,1,10/09/2023,CAR,10.0,ATL,24.0,Home,3.5
2023,REG,1,10/09/2023,HOU,9.0,BAL,25.0,Home,9.5
2023,REG,1,10/09/2023,CIN,3.0,CLE,24.0,Home,-1.0
2023,REG,1,10/09/2023,JAX,31.0,IND,21.0,Home,-4.0
2023,REG,1,10/09/2023,TB,20.0,MIN,17.0,Home,4.0
2023,REG,1,10/09/2023,TEN,15.0,NO,16.0,Home,3.0
2023,REG,1,10/09/2023,SF,30.0,PIT,7.0,Home,-1.5
2023,REG,1,10/09/2023,ARI,16.0,WAS,20.0,Home,7.0
2023,REG,1,10/09/2023,GB,38.0,CHI,20.0,Home,1.0
2023,REG,1,10/09/2023,LV,17.0,DEN,16.0,Home,3.0
2023,REG,1,10/09/2023,MIA,36.0,LAC,34.0,Home,3.0
2023,REG,1,10/09/2023,PHI,25.0,NE,20.0,Home,-3.5
2023,REG,1,10/09/2023,LA,30.0,SEA,13.0,Home,4.5
2023,REG,1,10/09/2023,DAL,40.0,NYG,0.0,Home,-3.5
2023,REG,1,11/09/2023,BUF,16.0,NYJ,22.0,Home,-2.5
2023,REG,2,14/09/2023,MIN,28.0,PHI,34.0,Home,6.0
2023,REG,2,17/09/2023,GB,24.0,ATL,25.0,Home,3.0
2023,REG,2,17/09/2023,LV,10.0,BUF,38.0,Home,7.5
2023,REG,2,17/09/2023,BAL,27.0,CIN,24.0,Home,3.5
2023,REG,2,17/09/2023,SEA,37.0,DET,31.0,Home,4.5
2023,REG,2,17/09/2023,IND,31.0,HOU,20.0,Home,-1.0
2023,REG,2,17/09/2023,KC,17.0,JAX,9.0,Home,-3.5
2023,REG,2,17/09/2023,CHI,17.0,TB,27.0,Home,2.5
2023,REG,2,17/09/2023,LAC,24.0,TEN,27.0,Home,-2.5
2023,REG,2,17/09/2023,NYG,31.0,ARI,28.0,Home,-5.0
2023,REG,2,17/09/2023,SF,30.0,LA,23.0,Home,-7.5
2023,REG,2,17/09/2023,NYJ,10.0,DAL,30.0,Home,8.5
2023,REG,2,17/09/2023,WAS,35.0,DEN,33.0,Home,4.0
2023,REG,2,17/09/2023,MIA,24.0,NE,17.0,Home,-2.0
2023,REG,2,18/09/2023,NO,20.0,CAR,17.0,Home,-3.0
2023,REG,2,18/09/2023,CLE,22.0,PIT,26.0,Home,-2.5
2023,REG,3,21/09/2023,NYG,12.0,SF,30.0,Home,10.5
2023,REG,3,24/09/2023,IND,22.0,BAL,19.0,Home,7.5
2023,REG,3,24/09/2023,TEN,3.0,CLE,27.0,Home,3.5
2023,REG,3,24/09/2023,ATL,6.0,DET,20.0,Home,3.0
2023,REG,3,24/09/2023,NO,17.0,GB,18.0,Home,-1.5
2023,REG,3,24/09/2023,HOU,37.0,JAX,17.0,Home,7.5
2023,REG,3,24/09/2023,DEN,20.0,MIA,70.0,Home,6.0
2023,REG,3,24/09/2023,LAC,28.0,MIN,24.0,Home,1.0
2023,REG,3,24/09/2023,NE,15.0,NYJ,10.0,Home,-2.5
2023,REG,3,24/09/2023,BUF,37.0,WAS,3.0,Home,-5.5
2023,REG,3,24/09/2023,CAR,27.0,SEA,37.0,Home,5.0
2023,REG,3,24/09/2023,DAL,16.0,ARI,28.0,Home,-11.5
2023,REG,3,24/09/2023,CHI,10.0,KC,41.0,Home,13.0
2023,REG,3,24/09/2023,PIT,23.0,LV,18.0,Home,3.0
2023,REG,3,25/09/2023,PHI,25.0,TB,11.0,Home,-6.0
2023,REG,3,25/09/2023,LA,16.0,CIN,19.0,Home,3.0
2023,REG,4,28/09/2023,DET,34.0,GB,20.0,Home,-2.5
2023,REG,4,01/10/2023,ATL,7.0,JAX,23.0,Neutral,3.5
2023,REG,4,01/10/2023,MIA,20.0,BUF,48.0,Home,2.5
2023,REG,4,01/10/2023,MIN,21.0,CAR,13.0,Home,-4.5
2023,REG,4,01/10/2023,DEN,31.0,CHI,28.0,Home,-3.0
2023,REG,4,01/10/2023,BAL,28.0,CLE,3.0,Home,-2.0
2023,REG,4,01/10/2023,PIT,6.0,HOU,30.0,Home,-3.0
2023,REG,4,01/10/2023,LA,29.0,IND,23.0,Home,-1.0
2023,REG,4,01/10/2023,TB,26.0,NO,9.0,Home,4.0
2023,REG,4,01/10/2023,WAS,31.0,PHI,34.0,Home,9.5
2023,REG,4,01/10/2023,CIN,3.0,TEN,27.0,Home,-2.5
2023,REG,4,01/10/2023,LV,17.0,LAC,24.0,Home,7.0
2023,REG,4,01/10/2023,NE,3.0,DAL,38.0,Home,6.5
2023,REG,4,01/10/2023,ARI,16.0,SF,35.0,Home,15.0
2023,REG,4,01/10/2023,KC,23.0,NYJ,20.0,Home,-9.5
2023,REG,4,02/10/2023,SEA,24.0,NYG,3.0,Home,-2.5
2023,REG,5,05/10/2023,CHI,40.0,WAS,20.0,Home,6.0
2023,REG,5,08/10/2023,JAX,25.0,BUF,20.0,Neutral,5.5
2023,REG,5,08/10/2023,HOU,19.0,ATL,21.0,Home,2.5
2023,REG,5,08/10/2023,CAR,24.0,DET,42.0,Home,9.5
2023,REG,5,08/10/2023,TEN,16.0,IND,23.0,Home,-2.5
2023,REG,5,08/10/2023,NYG,16.0,MIA,31.0,Home,12.5
2023,REG,5,08/10/2023,NO,34.0,NE,0.0,Home,2.5
2023,REG,5,08/10/2023,BAL,10.0,PIT,17.0,Home,-4.5
2023,REG,5,08/10/2023,CIN,34.0,ARI,20.0,Home,-3.0
2023,REG,5,08/10/2023,PHI,23.0,LA,14.0,Home,-3.5
2023,REG,5,08/10/2023,NYJ,31.0,DEN,21.0,Home,2.5
2023,REG,5,08/10/2023,KC,27.0,MIN,20.0,Home,-3.5
2023,REG,5,08/10/2023,DAL,10.0,SF,42.0,Home,3.5
2023,REG,5,09/10/2023,GB,13.0,LV,17.0,Home,1.0
2023,REG,6,12/10/2023,DEN,8.0,KC,19.0,Home,10.5
2023,REG,6,15/10/2023,BAL,24.0,TEN,16.0,Neutral,-5.5
2023,REG,6,15/10/2023,WAS,24.0,ATL,16.0,Home,1.5
2023,REG,6,15/10/2023,MIN,19.0,CHI,13.0,Home,-3.0
2023,REG,6,15/10/2023,SEA,13.0,CIN,17.0,Home,3.0
2023,REG,6,15/10/2023,SF,17.0,CLE,19.0,Home,-9.5
2023,REG,6,15/10/2023,NO,13.0,HOU,20.0,Home,-2.0
2023,REG,6,15/10/2023,IND,20.0,JAX,37.0,Home,4.0
2023,REG,6,15/10/2023,CAR,21.0,MIA,42.0,Home,14.0
2023,REG,6,15/10/2023,NE,17.0,LV,21.0,Home,3.0
2023,REG,6,15/10/2023,ARI,9.0,LA,26.0,Home,7.0
2023,REG,6,15/10/2023,PHI,14.0,NYJ,20.0,Home,-6.5
2023,REG,6,15/10/2023,DET,20.0,TB,6.0,Home,-3.0
2023,REG,6,15/10/2023,NYG,9.0,BUF,14.0,Home,15.5
2023,REG,6,16/10/2023,DAL,20.0,LAC,17.0,Home,-1.5
2023,REG,7,19/10/2023,JAX,31.0,NO,24.0,Home,2.5
2023,REG,7,22/10/2023,DET,6.0,BAL,38.0,Home,3.0
2023,REG,7,22/10/2023,LV,12.0,CHI,30.0,Home,-2.5
2023,REG,7,22/10/2023,CLE,39.0,IND,38.0,Home,-3.5
2023,REG,7,22/10/2023,BUF,25.0,NE,29.0,Home,-7.5
2023,REG,7,22/10/2023,WAS,7.0,NYG,14.0,Home,-3.0
2023,REG,7,22/10/2023,ATL,16.0,TB,13.0,Home,3.0
2023,REG,7,22/10/2023,PIT,24.0,LA,17.0,Home,3.5
2023,REG,7,22/10/2023,ARI,10.0,SEA,20.0,Home,9.5
2023,REG,7,22/10/2023,GB,17.0,DEN,19.0,Home,1.5
2023,REG,7,22/10/2023,LAC,17.0,KC,31.0,Home,5.5
2023,REG,7,22/10/2023,MIA,17.0,PHI,31.0,Home,3.0
2023,REG,7,23/10/2023,SF,17.0,MIN,22.0,Home,-7.0
2023,REG,8,26/10/2023,TB,18.0,BUF,24.0,Home,10.0
2023,REG,8,29/10/2023,HOU,13.0,CAR,15.0,Home,-3.0
2023,REG,8,29/10/2023,LA,20.0,DAL,43.0,Home,6.5
2023,REG,8,29/10/2023,MIN,24.0,GB,10.0,Home,-1.0
2023,REG,8,29/10/2023,NO,38.0,IND,27.0,Home,-2.0
2023,REG,8,29/10/2023,NE,17.0,MIA,31.0,Home,7.5
2023,REG,8,29/10/2023,NYJ,13.0,NYG,10.0,Home,-3.0
2023,REG,8,29/10/2023,JAX,20.0,PIT,10.0,Home,-2.5
2023,REG,8,29/10/2023,ATL,23.0,TEN,28.0,Home,-2.5
2023,REG,8,29/10/2023,PHI,38.0,WAS,31.0,Home,-7.0
2023,REG,8,29/10/2023,CLE,20.0,SEA,24.0,Home,4.0
2023,REG,8,29/10/2023,BAL,31.0,ARI,24.0,Home,-9.5
2023,REG,8,29/10/2023,KC,9.0,DEN,24.0,Home,-7.0
2023,REG,8,29/10/2023,CIN,31.0,SF,17.0,Home,4.0
2023,REG,8,29/10/2023,CHI,13.0,LAC,30.0,Home,9.5
2023,REG,8,30/10/2023,LV,14.0,DET,26.0,Home,7.0
2023,REG,9,02/11/2023,TEN,16.0,PIT,20.0,Home,3.5
2023,REG,9,05/11/2023,MIA,14.0,KC,21.0,Neutral,1.0
2023,REG,9,05/11/2023,MIN,31.0,ATL,28.0,Home,3.5
2023,REG,9,05/11/2023,SEA,3.0,BAL,37.0,Home,6.0
2023,REG,9,05/11/2023,ARI,0.0,CLE,27.0,Home,13.0
2023,REG,9,05/11/2023,LA,3.0,GB,20.0,Home,3.5
2023,REG,9,05/11/2023,TB,37.0,HOU,39.0,Home,2.5
2023,REG,9,05/11/2023,WAS,20.0,NE,17.0,Home,2.5
2023,REG,9,05/11/2023,CHI,17.0,NO,24.0,Home,9.0
2023,REG,9,05/11/2023,IND,27.0,CAR,13.0,Home,-1.5
2023,REG,9,05/11/2023,NYG,6.0,LV,30.0,Home,1.0
2023,REG,9,05/11/2023,DAL,23.0,PHI,28.0,Home,3.5
2023,REG,9,05/11/2023,BUF,18.0,CIN,24.0,Home,1.5
2023,REG,9,06/11/2023,LAC,27.0,NYJ,6.0,Home,-3.0
2023,REG,10,09/11/2023,CAR,13.0,CHI,16.0,Home,3.0
2023,REG,10,12/11/2023,IND,10.0,NE,6.0,Neutral,-1.0
2023,REG,10,12/11/2023,CLE,33.0,BAL,31.0,Home,6.0
2023,REG,10,12/11/2023,HOU,30.0,CIN,27.0,Home,5.5
2023,REG,10,12/11/2023,SF,34.0,JAX,3.0,Home,-3.0
2023,REG,10,12/11/2023,NO,19.0,MIN,27.0,Home,-3.0
2023,REG,10,12/11/2023,GB,19.0,PIT,23.0,Home,3.0
2023,REG,10,12/11/2023,TEN,6.0,TB,20.0,Home,2.5
2023,REG,10,12/11/2023,ATL,23.0,ARI,25.0,Home,-2.0
2023,REG,10,12/11/2023,DET,41.0,LAC,38.0,Home,-2.5
2023,REG,10,12/11/2023,NYG,17.0,DAL,49.0,Home,17.5
2023,REG,10,12/11/2023,WAS,26.0,SEA,29.0,Home,6.0
2023,REG,10,12/11/2023,NYJ,12.0,LV,16.0,Home,-1.0
2023,REG,10,13/11/2023,DEN,24.0,BUF,22.0,Home,7.5
2023,REG,11,16/11/2023,CIN,20.0,BAL,34.0,Home,4.0
2023,REG,11,19/11/2023,DAL,33.0,CAR,10.0,Home,-11.0
2023,REG,11,19/11/2023,PIT,10.0,CLE,13.0,Home,2.5
2023,REG,11,19/11/2023,CHI,26.0,DET,31.0,Home,8.0
2023,REG,11,19/11/2023,LAC,20.0,GB,23.0,Home,-3.0
2023,REG,11,19/11/2023,ARI,16.0,HOU,21.0,Home,5.5
2023,REG,11,19/11/2023,TEN,14.0,JAX,34.0,Home,6.5
2023,REG,11,19/11/2023,LV,13.0,MIA,20.0,Home,14.0
2023,REG,11,19/11/2023,NYG,31.0,WAS,19.0,Home,7.5
2023,REG,11,19/11/2023,TB,14.0,SF,27.0,Home,13.5
2023,REG,11,19/11/2023,NYJ,6.0,BUF,32.0,Home,8.0
2023,REG,11,19/11/2023,SEA,16.0,LA,17.0,Home,2.5
2023,REG,11,19/11/2023,MIN,20.0,DEN,21.0,Home,2.5
2023,REG,11,20/11/2023,PHI,21.0,KC,17.0,Home,2.5
2023,REG,12,23/11/2023,GB,29.0,DET,22.0,Home,8.5
2023,REG,12,23/11/2023,WAS,10.0,DAL,45.0,Home,13.0
2023,REG,12,23/11/2023,SF,31.0,SEA,13.0,Home,-7.0
2023,REG,12,24/11/2023,MIA,34.0,NYJ,13.0,Home,-9.5
2023,REG,12,26/11/2023,NO,15.0,ATL,24.0,Home,-2.0
2023,REG,12,26/11/2023,PIT,16.0,CIN,10.0,Home,-2.0
2023,REG,12,26/11/2023,JAX,24.0,HOU,21.0,Home,-1.0
2023,REG,12,26/11/2023,TB,20.0,IND,27.0,Home,2.5
2023,REG,12,26/11/2023,NE,7.0,NYG,10.0,Home,-4.5
2023,REG,12,26/11/2023,CAR,10.0,TEN,17.0,Home,3.5
2023,REG,12,26/11/2023,LA,37.0,ARI,14.0,Home,-3.0
2023,REG,12,26/11/2023,CLE,12.0,DEN,29.0,Home,1.5
2023,REG,12,26/11/2023,KC,31.0,LV,17.0,Home,-9.0
2023,REG,12,26/11/2023,BUF,34.0,PHI,37.0,Home,2.5
2023,REG,12,26/11/2023,BAL,20.0,LAC,10.0,Home,-3.0
2023,REG,12,27/11/2023,CHI,12.0,MIN,10.0,Home,3.0
2023,REG,13,30/11/2023,SEA,35.0,DAL,41.0,Home,9.5
2023,REG,13,03/12/2023,DEN,17.0,HOU,22.0,Home,3.5
2023,REG,13,03/12/2023,LAC,6.0,NE,0.0,Home,-4.5
2023,REG,13,03/12/2023,DET,33.0,NO,28.0,Home,-4.0
2023,REG,13,03/12/2023,ATL,13.0,NYJ,8.0,Home,-2.0
2023,REG,13,03/12/2023,ARI,24.0,PIT,10.0,Home,6.0
2023,REG,13,03/12/2023,IND,31.0,TEN,28.0,Home,-1.5
2023,REG,13,03/12/2023,MIA,45.0,WAS,15.0,Home,-8.5
2023,REG,13,03/12/2023,CAR,18.0,TB,21.0,Home,4.0
2023,REG,13,03/12/2023,CLE,19.0,LA,36.0,Home,3.5
2023,REG,13,03/12/2023,SF,42.0,PHI,19.0,Home,-3.0
2023,REG,13,03/12/2023,KC,19.0,GB,27.0,Home,-5.5
2023,REG,13,04/12/2023,CIN,34.0,JAX,31.0,Home,10.0
2023,REG,14,07/12/2023,NE,21.0,PIT,18.0,Home,6.0
2023,REG,14,10/12/2023,TB,29.0,ATL,25.0,Home,1.5
2023,REG,14,10/12/2023,LA,31.0,BAL,37.0,Home,7.5
2023,REG,14,10/12/2023,DET,13.0,CHI,28.0,Home,-3.0
2023,REG,14,10/12/2023,IND,14.0,CIN,34.0,Home,3.0
2023,REG,14,10/12/2023,JAX,27.0,CLE,31.0,Home,2.5
2023,REG,14,10/12/2023,CAR,6.0,NO,28.0,Home,5.5
2023,REG,14,10/12/2023,HOU,6.0,NYJ,30.0,Home,-3.5
2023,REG,14,10/12/2023,MIN,3.0,LV,0.0,Home,-3.0
2023,REG,14,10/12/2023,SEA,16.0,SF,28.0,Home,14.5
2023,REG,14,10/12/2023,BUF,20.0,KC,17.0,Home,2.0
2023,REG,14,10/12/2023,DEN,24.0,LAC,7.0,Home,3.0
2023,REG,14,10/12/2023,PHI,13.0,DAL,33.0,Home,3.5
2023,REG,14,11/12/2023,TEN,28.0,MIA,27.0,Home,14.0
2023,REG,14,11/12/2023,GB,22.0,NYG,24.0,Home,-6.0
2023,REG,15,14/12/2023,LAC,21.0,LV,63.0,Home,3.0
2023,REG,15,16/12/2023,MIN,24.0,CIN,27.0,Home,3.0
2023,REG,15,16/12/2023,PIT,13.0,IND,30.0,Home,1.5
2023,REG,15,16/12/2023,DEN,17.0,DET,42.0,Home,5.5
2023,REG,15,17/12/2023,ATL,7.0,CAR,9.0,Home,-3.0
2023,REG,15,17/12/2023,CHI,17.0,CLE,20.0,Home,3.0
2023,REG,15,17/12/2023,TB,34.0,GB,20.0,Home,4.0
2023,REG,15,17/12/2023,NYJ,0.0,MIA,30.0,Home,7.5
2023,REG,15,17/12/2023,KC,27.0,NE,17.0,Home,-10.0
2023,REG,15,17/12/2023,NYG,6.0,NO,24.0,Home,6.0
2023,REG,15,17/12/2023,HOU,19.0,TEN,16.0,Home,3.0
2023,REG,15,17/12/2023,SF,45.0,ARI,29.0,Home,-12.5
2023,REG,15,17/12/2023,WAS,20.0,LA,28.0,Home,6.5
2023,REG,15,17/12/2023,DAL,10.0,BUF,31.0,Home,2.0
2023,REG,15,17/12/2023,BAL,23.0,JAX,7.0,Home,-4.0
2023,REG,15,18/12/2023,PHI,17.0,SEA,20.0,Home,-5.0
2023,REG,16,21/12/2023,NO,22.0,LA,30.0,Home,4.0
2023,REG,16,23/12/2023,CIN,11.0,PIT,34.0,Home,-3.0
2023,REG,16,23/12/2023,BUF,24.0,LAC,22.0,Home,-13.0
2023,REG,16,24/12/2023,IND,10.0,ATL,29.0,Home,3.0
2023,REG,16,24/12/2023,GB,33.0,CAR,30.0,Home,-3.5
2023,REG,16,24/12/2023,CLE,36.0,HOU,22.0,Home,-3.0
2023,REG,16,24/12/2023,DET,30.0,MIN,24.0,Home,-2.5
2023,REG,16,24/12/2023,WAS,28.0,NYJ,30.0,Home,3.0
2023,REG,16,24/12/2023,SEA,20.0,TEN,17.0,Home,-3.0
2023,REG,16,24/12/2023,JAX,12.0,TB,30.0,Home,-2.0
2023,REG,16,24/12/2023,ARI,16.0,CHI,27.0,Home,4.5
2023,REG,16,24/12/2023,DAL,20.0,MIA,22.0,Home,1.5
2023,REG,16,24/12/2023,NE,26.0,DEN,23.0,Home,7.0
2023,REG,16,25/12/2023,LV,20.0,KC,14.0,Home,11.0
2023,REG,16,25/12/2023,NYG,25.0,PHI,33.0,Home,14.0
2023,REG,16,25/12/2023,BAL,33.0,SF,19.0,Home,6.5
2023,REG,17,28/12/2023,NYJ,20.0,CLE,37.0,Home,6.5
2023,REG,17,30/12/2023,DET,19.0,DAL,20.0,Home,5.5
2023,REG,17,31/12/2023,MIA,19.0,BAL,56.0,Home,3.0
2023,REG,17,31/12/2023,NE,21.0,BUF,27.0,Home,15.0
2023,REG,17,31/12/2023,ATL,17.0,CHI,37.0,Home,3.0
2023,REG,17,31/12/2023,TEN,3.0,HOU,26.0,Home,5.0
2023,REG,17,31/12/2023,LV,20.0,IND,23.0,Home,3.5
2023,REG,17,31/12/2023,CAR,0.0,JAX,26.0,Home,3.5
2023,REG,17,31/12/2023,LA,26.0,NYG,25.0,Home,-6.0
2023,REG,17,31/12/2023,ARI,35.0,PHI,31.0,Home,12.0
2023,REG,17,31/12/2023,NO,23.0,TB,13.0,Home,2.5
2023,REG,17,31/12/2023,SF,27.0,WAS,10.0,Home,-14.0
2023,REG,17,31/12/2023,PIT,30.0,SEA,23.0,Home,4.5
2023,REG,17,31/12/2023,LAC,9.0,DEN,16.0,Home,3.5
2023,REG,17,31/12/2023,CIN,17.0,KC,25.0,Home,7.5
2023,REG,17,31/12/2023,GB,33.0,MIN,10.0,Home,1.0
2023,REG,18,06/01/2024,PIT,17.0,BAL,10.0,Home,-3.0
2023,REG,18,06/01/2024,HOU,23.0,IND,19.0,Home,-1.5
2023,REG,18,07/01/2024,TB,9.0,CAR,0.0,Home,-5.0
2023,REG,18,07/01/2024,CLE,14.0,CIN,31.0,Home,7.5
2023,REG,18,07/01/2024,MIN,20.0,DET,30.0,Home,3.5
2023,REG,18,07/01/2024,NYJ,17.0,NE,3.0,Home,2.5
2023,REG,18,07/01/2024,ATL,17.0,NO,48.0,Home,3.5
2023,REG,18,07/01/2024,JAX,20.0,TEN,28.0,Home,-3.5
2023,REG,18,07/01/2024,SEA,21.0,ARI,20.0,Home,-2.5
2023,REG,18,07/01/2024,CHI,9.0,GB,17.0,Home,2.5
2023,REG,18,07/01/2024,KC,13.0,LAC,12.0,Home,3.5
2023,REG,18,07/01/2024,DEN,14.0,LV,27.0,Home,3.5
2023,REG,18,07/01/2024,PHI,10.0,NYG,27.0,Home,-4.5
2023,REG,18,07/01/2024,LA,21.0,SF,20.0,Home,5.5
2023,REG,18,07/01/2024,DAL,38.0,WAS,10.0,Home,-13.0
2023,REG,18,07/01/2024,BUF,21.0,MIA,14.0,Home,-2.5
2023,WC,19,13/01/2024,CLE,14.0,HOU,45.0,Home,-2.5
2023,WC,19,13/01/2024,MIA,7.0,KC,26.0,Home,4.5
2023,WC,19,14/01/2024,GB,48.0,DAL,32.0,Home,7.0
2023,WC,19,14/01/2024,LA,23.0,DET,24.0,Home,3.5
2023,WC,19,15/01/2024,PIT,17.0,BUF,31.0,Home,10.0
2023,WC,19,15/01/2024,PHI,9.0,TB,32.0,Home,-2.5
2023,DIV,20,20/01/2024,HOU,10.0,BAL,34.0,Home,10.0
2023,DIV,20,20/01/2024,GB,21.0,SF,24.0,Home,10.5
2023,DIV,20,21/01/2024,TB,23.0,DET,31.0,Home,6.0
2023,DIV,20,21/01/2024,KC,27.0,BUF,24.0,Home,2.5
2023,CON,21,28/01/2024,KC,17.0,BAL,10.0,Home,4.5
2023,CON,21,28/01/2024,DET,31.0,SF,34.0,Home,7.5
2023,SB,22,11/02/2024,SF,22.0,KC,25.0,Neutral,-1.5
2024,REG,1,05/09/2024,BAL,20.0,KC,27.0,Home,3.0
2024,REG,1,06/09/2024,GB,29.0,PHI,34.0,Neutral,2.0
2024,REG,1,08/09/2024,PIT,18.0,ATL,10.0,Home,4.0
2024,REG,1,08/09/2024,ARI,28.0,BUF,34.0,Home,6.5
2024,REG,1,08/09/2024,TEN,17.0,CHI,24.0,Home,4.0
2024,REG,1,08/09/2024,NE,16.0,CIN,10.0,Home,8.0
2024,REG,1,08/09/2024,HOU,29.0,IND,27.0,Home,-3.0
2024,REG,1,08/09/2024,JAX,17.0,MIA,20.0,Home,3.5
2024,REG,1,08/09/2024,CAR,10.0,NO,47.0,Home,3.5
2024,REG,1,08/09/2024,MIN,28.0,NYG,6.0,Home,-1.0
2024,REG,1,08/09/2024,LV,10.0,LAC,22.0,Home,3.0
2024,REG,1,08/09/2024,DEN,20.0,SEA,26.0,Home,6.5
2024,REG,1,08/09/2024,DAL,33.0,CLE,17.0,Home,2.5
2024,REG,1,08/09/2024,WAS,20.0,TB,37.0,Home,4.0
2024,REG,1,08/09/2024,LA,20.0,DET,26.0,Home,5.0
2024,REG,1,09/09/2024,NYJ,19.0,SF,32.0,Home,3.5
2024,REG,2,12/09/2024,BUF,31.0,MIA,10.0,Home,2.5
2024,REG,2,15/09/2024,LV,26.0,BAL,23.0,Home,9.0
2024,REG,2,15/09/2024,LAC,26.0,CAR,3.0,Home,-5.0
2024,REG,2,15/09/2024,NO,44.0,DAL,19.0,Home,6.5
2024,REG,2,15/09/2024,TB,20.0,DET,16.0,Home,7.5
2024,REG,2,15/09/2024,IND,10.0,GB,16.0,Home,-3.0
2024,REG,2,15/09/2024,CLE,18.0,JAX,13.0,Home,3.0
2024,REG,2,15/09/2024,SF,17.0,MIN,23.0,Home,-4.5
2024,REG,2,15/09/2024,SEA,23.0,NE,20.0,Home,-3.5
2024,REG,2,15/09/2024,NYJ,24.0,TEN,17.0,Home,-3.5
2024,REG,2,15/09/2024,NYG,18.0,WAS,21.0,Home,1.5
2024,REG,2,15/09/2024,LA,10.0,ARI,41.0,Home,-1.0
2024,REG,2,15/09/2024,PIT,13.0,DEN,6.0,Home,-3.0
2024,REG,2,15/09/2024,CIN,25.0,KC,26.0,Home,6.5
2024,REG,2,15/09/2024,CHI,13.0,HOU,19.0,Home,6.0
2024,REG,2,16/09/2024,ATL,22.0,PHI,21.0,Home,5.5
2024,REG,3,19/09/2024,NE,3.0,NYJ,24.0,Home,6.5
2024,REG,3,22/09/2024,NYG,21.0,CLE,15.0,Home,6.5
2024,REG,3,22/09/2024,CHI,16.0,IND,21.0,Home,1.5
2024,REG,3,22/09/2024,HOU,7.0,MIN,34.0,Home,-2.0
2024,REG,3,22/09/2024,PHI,15.0,NO,12.0,Home,2.5
2024,REG,3,22/09/2024,LAC,10.0,PIT,20.0,Home,3.0
2024,REG,3,22/09/2024,DEN,26.0,TB,7.0,Home,6.0
2024,REG,3,22/09/2024,GB,30.0,TEN,14.0,Home,3.0
2024,REG,3,22/09/2024,CAR,36.0,LV,22.0,Home,5.5
2024,REG,3,22/09/2024,MIA,3.0,SEA,24.0,Home,4.0
2024,REG,3,22/09/2024,DET,20.0,ARI,13.0,Home,-3.0
2024,REG,3,22/09/2024,BAL,28.0,DAL,25.0,Home,-1.5
2024,REG,3,22/09/2024,SF,24.0,LA,27.0,Home,-6.0
2024,REG,3,22/09/2024,KC,22.0,ATL,17.0,Home,-3.0
2024,REG,3,23/09/2024,JAX,10.0,BUF,47.0,Home,4.0
2024,REG,3,23/09/2024,WAS,38.0,CIN,33.0,Home,7.5
2024,REG,4,26/09/2024,DAL,20.0,NYG,15.0,Home,-5.5
2024,REG,4,29/09/2024,NO,24.0,ATL,26.0,Home,2.5
2024,REG,4,29/09/2024,CIN,34.0,CAR,24.0,Home,-4.5
2024,REG,4,29/09/2024,LA,18.0,CHI,24.0,Home,3.0
2024,REG,4,29/09/2024,MIN,31.0,GB,29.0,Home,2.5
2024,REG,4,29/09/2024,JAX,20.0,HOU,24.0,Home,5.5
2024,REG,4,29/09/2024,PIT,24.0,IND,27.0,Home,-2.5
2024,REG,4,29/09/2024,DEN,10.0,NYJ,9.0,Home,7.5
2024,REG,4,29/09/2024,PHI,16.0,TB,33.0,Home,-1.0
2024,REG,4,29/09/2024,WAS,42.0,ARI,14.0,Home,3.5
2024,REG,4,29/09/2024,NE,13.0,SF,30.0,Home,10.5
2024,REG,4,29/09/2024,KC,17.0,LAC,10.0,Home,-7.5
2024,REG,4,29/09/2024,CLE,16.0,LV,20.0,Home,-2.5
2024,REG,4,29/09/2024,BUF,10.0,BAL,35.0,Home,2.5
2024,REG,4,30/09/2024,TEN,31.0,MIA,12.0,Home,2.5
2024,REG,4,30/09/2024,SEA,29.0,DET,42.0,Home,3.5
2024,REG,5,03/10/2024,TB,30.0,ATL,36.0,Home,2.5
2024,REG,5,06/10/2024,NYJ,17.0,MIN,23.0,Neutral,2.5
2024,REG,5,06/10/2024,CAR,10.0,CHI,36.0,Home,4.0
2024,REG,5,06/10/2024,BAL,41.0,CIN,38.0,Home,-2.5
2024,REG,5,06/10/2024,BUF,20.0,HOU,23.0,Home,1.0
2024,REG,5,06/10/2024,IND,34.0,JAX,37.0,Home,3.5
2024,REG,5,06/10/2024,MIA,15.0,NE,10.0,Home,-2.0
2024,REG,5,06/10/2024,CLE,13.0,WAS,34.0,Home,3.0
2024,REG,5,06/10/2024,LV,18.0,DEN,34.0,Home,3.0
2024,REG,5,06/10/2024,ARI,24.0,SF,23.0,Home,7.0
2024,REG,5,06/10/2024,GB,24.0,LA,19.0,Home,-3.0
2024,REG,5,06/10/2024,NYG,29.0,SEA,20.0,Home,7.0
2024,REG,5,06/10/2024,DAL,20.0,PIT,17.0,Home,2.5
2024,REG,5,07/10/2024,NO,13.0,KC,26.0,Home,5.5
2024,REG,6,10/10/2024,SF,36.0,SEA,24.0,Home,-3.5
2024,REG,6,13/10/2024,JAX,16.0,CHI,35.0,Neutral,-1.5
2024,REG,6,13/10/2024,WAS,23.0,BAL,30.0,Home,6.5
2024,REG,6,13/10/2024,ARI,13.0,GB,34.0,Home,5.5
2024,REG,6,13/10/2024,HOU,41.0,NE,21.0,Home,-6.5
2024,REG,6,13/10/2024,TB,51.0,NO,27.0,Home,-3.5
2024,REG,6,13/10/2024,CLE,16.0,PHI,20.0,Home,8.0
2024,REG,6,13/10/2024,IND,20.0,TEN,17.0,Home,2.5
2024,REG,6,13/10/2024,LAC,23.0,DEN,16.0,Home,-3.0
2024,REG,6,13/10/2024,PIT,32.0,LV,13.0,Home,-3.5
2024,REG,6,13/10/2024,ATL,38.0,CAR,20.0,Home,-6.0
2024,REG,6,13/10/2024,DET,47.0,DAL,9.0,Home,-3.5
2024,REG,6,13/10/2024,CIN,17.0,NYG,7.0,Home,-4.5
2024,REG,6,14/10/2024,BUF,23.0,NYJ,20.0,Home,-1.0
2024,REG,7,17/10/2024,DEN,33.0,NO,10.0,Home,-2.5
2024,REG,7,20/10/2024,NE,16.0,JAX,32.0,Neutral,6.5
2024,REG,7,20/10/2024,SEA,34.0,ATL,14.0,Home,3.0
2024,REG,7,20/10/2024,TEN,10.0,BUF,34.0,Home,9.5
2024,REG,7,20/10/2024,CIN,21.0,CLE,14.0,Home,-5.5
2024,REG,7,20/10/2024,HOU,22.0,GB,24.0,Home,3.0
2024,REG,7,20/10/2024,MIA,10.0,IND,16.0,Home,3.0
2024,REG,7,20/10/2024,DET,31.0,MIN,29.0,Home,1.0
2024,REG,7,20/10/2024,PHI,28.0,NYG,3.0,Home,-3.0
2024,REG,7,20/10/2024,LV,15.0,LA,20.0,Home,7.0
2024,REG,7,20/10/2024,CAR,7.0,WAS,40.0,Home,10.0
2024,REG,7,20/10/2024,KC,28.0,SF,18.0,Home,2.5
2024,REG,7,20/10/2024,NYJ,15.0,PIT,37.0,Home,-3.0
2024,REG,7,21/10/2024,BAL,41.0,TB,31.0,Home,-4.5
2024,REG,7,21/10/2024,LAC,15.0,ARI,17.0,Home,-1.0
2024,REG,8,24/10/2024,MIN,20.0,LA,30.0,Home,-3.0
2024,REG,8,27/10/2024,PHI,37.0,CIN,17.0,Home,2.5
2024,REG,8,27/10/2024,BAL,24.0,CLE,29.0,Home,-7.5
2024,REG,8,27/10/2024,TEN,14.0,DET,52.0,Home,12.5
2024,REG,8,27/10/2024,IND,20.0,HOU,23.0,Home,5.0
2024,REG,8,27/10/2024,GB,30.0,JAX,27.0,Home,-3.5
2024,REG,8,27/10/2024,ARI,28.0,MIA,27.0,Home,4.0
2024,REG,8,27/10/2024,NYJ,22.0,NE,25.0,Home,-7.0
2024,REG,8,27/10/2024,ATL,31.0,TB,26.0,Home,-1.5
2024,REG,8,27/10/2024,NO,8.0,LAC,26.0,Home,7.0
2024,REG,8,27/10/2024,BUF,31.0,SEA,10.0,Home,-3.0
2024,REG,8,27/10/2024,CAR,14.0,DEN,28.0,Home,13.0
2024,REG,8,27/10/2024,KC,27.0,LV,20.0,Home,-9.0
2024,REG,8,27/10/2024,CHI,15.0,WAS,18.0,Home,1.5
2024,REG,8,27/10/2024,DAL,24.0,SF,30.0,Home,5.5
2024,REG,8,28/10/2024,NYG,18.0,PIT,26.0,Home,6.0
2024,REG,9,31/10/2024,HOU,13.0,NYJ,21.0,Home,2.5
2024,REG,9,03/11/2024,DAL,21.0,ATL,27.0,Home,3.0
2024,REG,9,03/11/2024,DEN,10.0,BAL,41.0,Home,9.0
2024,REG,9,03/11/2024,MIA,27.0,BUF,30.0,Home,6.5
2024,REG,9,03/11/2024,NO,22.0,CAR,23.0,Home,-7.0
2024,REG,9,03/11/2024,LV,24.0,CIN,41.0,Home,8.0
2024,REG,9,03/11/2024,LAC,27.0,CLE,10.0,Home,-2.0
2024,REG,9,03/11/2024,WAS,27.0,NYG,22.0,Home,-4.5
2024,REG,9,03/11/2024,NE,17.0,TEN,20.0,Home,3.0
2024,REG,9,03/11/2024,CHI,9.0,ARI,29.0,Home,1.5
2024,REG,9,03/11/2024,JAX,23.0,PHI,28.0,Home,7.5
2024,REG,9,03/11/2024,DET,24.0,GB,14.0,Home,-2.5
2024,REG,9,03/11/2024,LA,26.0,SEA,20.0,Home,-1.5
2024,REG,9,03/11/2024,IND,13.0,MIN,21.0,Home,6.5
2024,REG,9,04/11/2024,TB,24.0,KC,30.0,Home,9.0
2024,REG,10,07/11/2024,CIN,34.0,BAL,35.0,Home,6.0
2024,REG,10,10/11/2024,NYG,17.0,CAR,20.0,Neutral,-6.5
2024,REG,10,10/11/2024,NE,19.0,CHI,3.0,Home,6.5
2024,REG,10,10/11/2024,BUF,30.0,IND,20.0,Home,-4.5
2024,REG,10,10/11/2024,MIN,12.0,JAX,7.0,Home,-7.0
2024,REG,10,10/11/2024,DEN,14.0,KC,16.0,Home,7.5
2024,REG,10,10/11/2024,ATL,17.0,NO,20.0,Home,-3.5
2024,REG,10,10/11/2024,SF,23.0,TB,20.0,Home,-6.5
2024,REG,10,10/11/2024,PIT,28.0,WAS,27.0,Home,1.5
2024,REG,10,10/11/2024,TEN,17.0,LAC,27.0,Home,8.0
2024,REG,10,10/11/2024,NYJ,6.0,ARI,31.0,Home,-2.0
2024,REG,10,10/11/2024,PHI,34.0,DAL,6.0,Home,-7.5
2024,REG,10,10/11/2024,DET,26.0,HOU,23.0,Home,-4.5
2024,REG,10,11/11/2024,MIA,23.0,LA,15.0,Home,2.5
2024,REG,11,14/11/2024,WAS,18.0,PHI,26.0,Home,4.5
2024,REG,11,17/11/2024,GB,20.0,CHI,19.0,Home,-6.0
2024,REG,11,17/11/2024,JAX,6.0,DET,52.0,Home,14.0
2024,REG,11,17/11/2024,LV,19.0,MIA,34.0,Home,8.0
2024,REG,11,17/11/2024,LA,28.0,NE,22.0,Home,-4.0
2024,REG,11,17/11/2024,CLE,14.0,NO,35.0,Home,-1.0
2024,REG,11,17/11/2024,IND,28.0,NYJ,27.0,Home,4.0
2024,REG,11,17/11/2024,BAL,16.0,PIT,18.0,Home,-3.0
2024,REG,11,17/11/2024,MIN,23.0,TEN,13.0,Home,-6.0
2024,REG,11,17/11/2024,ATL,6.0,DEN,38.0,Home,2.0
2024,REG,11,17/11/2024,SEA,20.0,SF,17.0,Home,6.0
2024,REG,11,17/11/2024,KC,21.0,BUF,30.0,Home,2.5
2024,REG,11,17/11/2024,CIN,27.0,LAC,34.0,Home,1.0
2024,REG,11,18/11/2024,HOU,34.0,DAL,10.0,Home,-7.5
2024,REG,12,21/11/2024,PIT,19.0,CLE,24.0,Home,-3.5
2024,REG,12,24/11/2024,KC,30.0,CAR,27.0,Home,-11.0
2024,REG,12,24/11/2024,MIN,30.0,CHI,27.0,Home,-3.0
2024,REG,12,24/11/2024,TEN,32.0,HOU,27.0,Home,8.0
2024,REG,12,24/11/2024,DET,24.0,IND,6.0,Home,-7.0
2024,REG,12,24/11/2024,NE,15.0,MIA,34.0,Home,7.5
2024,REG,12,24/11/2024,TB,30.0,NYG,7.0,Home,-6.5
2024,REG,12,24/11/2024,DAL,34.0,WAS,26.0,Home,10.5
2024,REG,12,24/11/2024,DEN,29.0,LV,19.0,Home,-6.5
2024,REG,12,24/11/2024,SF,10.0,GB,38.0,Home,6.5
2024,REG,12,24/11/2024,ARI,6.0,SEA,16.0,Home,-1.0
2024,REG,12,24/11/2024,PHI,37.0,LA,20.0,Home,-3.0
2024,REG,12,25/11/2024,BAL,30.0,LAC,23.0,Home,-3.0
2024,REG,13,28/11/2024,CHI,20.0,DET,23.0,Home,9.5
2024,REG,13,28/11/2024,NYG,20.0,DAL,27.0,Home,4.5
2024,REG,13,28/11/2024,MIA,17.0,GB,30.0,Home,3.5
2024,REG,13,29/11/2024,LV,17.0,KC,19.0,Home,13.5
2024,REG,13,01/12/2024,LAC,17.0,ATL,13.0,Home,-1.0
2024,REG,13,01/12/2024,PIT,44.0,CIN,38.0,Home,3.0
2024,REG,13,01/12/2024,HOU,23.0,JAX,20.0,Home,-3.5
2024,REG,13,01/12/2024,ARI,22.0,MIN,23.0,Home,3.5
2024,REG,13,01/12/2024,IND,25.0,NE,24.0,Home,-2.5
2024,REG,13,01/12/2024,SEA,26.0,NYJ,21.0,Home,1.0
2024,REG,13,01/12/2024,TEN,19.0,WAS,42.0,Home,6.0
2024,REG,13,01/12/2024,TB,26.0,CAR,23.0,Home,-6.5
2024,REG,13,01/12/2024,LA,21.0,NO,14.0,Home,-2.5
2024,REG,13,01/12/2024,PHI,24.0,BAL,19.0,Home,3.0
2024,REG,13,01/12/2024,SF,10.0,BUF,35.0,Home,6.5
2024,REG,13,02/12/2024,CLE,32.0,DEN,41.0,Home,6.5
2024,REG,14,05/12/2024,GB,31.0,DET,34.0,Home,3.0
2024,REG,14,08/12/2024,NYJ,26.0,MIA,32.0,Home,6.5
2024,REG,14,08/12/2024,ATL,21.0,MIN,42.0,Home,6.0
2024,REG,14,08/12/2024,NO,14.0,NYG,11.0,Home,-5.5
2024,REG,14,08/12/2024,CAR,16.0,PHI,22.0,Home,14.0
2024,REG,14,08/12/2024,CLE,14.0,PIT,27.0,Home,6.0
2024,REG,14,08/12/2024,LV,13.0,TB,28.0,Home,7.0
2024,REG,14,08/12/2024,JAX,10.0,TEN,6.0,Home,3.0
2024,REG,14,08/12/2024,SEA,30.0,ARI,18.0,Home,3.0
2024,REG,14,08/12/2024,BUF,42.0,LA,44.0,Home,-3.5
2024,REG,14,08/12/2024,CHI,13.0,SF,38.0,Home,3.0
2024,REG,14,08/12/2024,LAC,17.0,KC,19.0,Home,5.0
2024,REG,14,09/12/2024,CIN,27.0,DAL,20.0,Home,-5.0
2024,REG,15,12/12/2024,LA,12.0,SF,6.0,Home,3.0
2024,REG,15,15/12/2024,DAL,30.0,CAR,14.0,Home,2.5
2024,REG,15,15/12/2024,KC,21.0,CLE,7.0,Home,-4.5
2024,REG,15,15/12/2024,MIA,12.0,HOU,20.0,Home,2.5
2024,REG,15,15/12/2024,NYJ,32.0,JAX,25.0,Home,-3.5
2024,REG,15,15/12/2024,WAS,20.0,NO,19.0,Home,-7.5
2024,REG,15,15/12/2024,BAL,35.0,NYG,14.0,Home,-16.5
2024,REG,15,15/12/2024,CIN,37.0,TEN,27.0,Home,-6.0
2024,REG,15,15/12/2024,NE,17.0,ARI,30.0,Home,6.0
2024,REG,15,15/12/2024,IND,13.0,DEN,31.0,Home,4.5
2024,REG,15,15/12/2024,BUF,48.0,DET,42.0,Home,2.5
2024,REG,15,15/12/2024,TB,40.0,LAC,17.0,Home,3.0
2024,REG,15,15/12/2024,PIT,13.0,PHI,27.0,Home,5.5
2024,REG,15,15/12/2024,GB,30.0,SEA,13.0,Home,-3.0
2024,REG,15,16/12/2024,CHI,12.0,MIN,30.0,Home,7.0
2024,REG,15,16/12/2024,ATL,15.0,LV,9.0,Home,-6.5
2024,REG,16,19/12/2024,DEN,27.0,LAC,34.0,Home,3.0
2024,REG,16,21/12/2024,HOU,19.0,KC,27.0,Home,3.5
2024,REG,16,21/12/2024,PIT,17.0,BAL,34.0,Home,7.0
2024,REG,16,22/12/2024,NYG,7.0,ATL,34.0,Home,9.5
2024,REG,16,22/12/2024,ARI,30.0,CAR,36.0,Home,-5.5
2024,REG,16,22/12/2024,DET,34.0,CHI,17.0,Home,-7.0
2024,REG,16,22/12/2024,CLE,6.0,CIN,24.0,Home,10.0
2024,REG,16,22/12/2024,TEN,30.0,IND,38.0,Home,4.0
2024,REG,16,22/12/2024,LA,19.0,NYJ,9.0,Home,-3.0
2024,REG,16,22/12/2024,PHI,33.0,WAS,36.0,Home,-4.0
2024,REG,16,22/12/2024,MIN,27.0,SEA,24.0,Home,-2.5
2024,REG,16,22/12/2024,NE,21.0,BUF,24.0,Home,14.0
2024,REG,16,22/12/2024,JAX,14.0,LV,19.0,Home,2.5
2024,REG,16,22/12/2024,SF,17.0,MIA,29.0,Home,-2.0
2024,REG,16,22/12/2024,TB,24.0,DAL,26.0,Home,-4.5
2024,REG,16,23/12/2024,NO,0.0,GB,34.0,Home,14.0
2024,REG,17,25/12/2024,KC,29.0,PIT,10.0,Home,-3.0
2024,REG,17,25/12/2024,BAL,31.0,HOU,2.0,Home,-5.5
2024,REG,17,26/12/2024,SEA,6.0,CHI,3.0,Home,-3.5
2024,REG,17,28/12/2024,LAC,40.0,NE,7.0,Home,-6.0
2024,REG,17,28/12/2024,DEN,24.0,CIN,30.0,Home,3.5
2024,REG,17,28/12/2024,ARI,9.0,LA,13.0,Home,6.5
2024,REG,17,29/12/2024,NYJ,14.0,BUF,40.0,Home,10.0
2024,REG,17,29/12/2024,TEN,13.0,JAX,20.0,Home,-1.0
2024,REG,17,29/12/2024,LV,25.0,NO,10.0,Home,-2.0
2024,REG,17,29/12/2024,IND,33.0,NYG,45.0,Home,-7.5
2024,REG,17,29/12/2024,DAL,7.0,PHI,41.0,Home,7.5
2024,REG,17,29/12/2024,CAR,14.0,TB,48.0,Home,9.5
2024,REG,17,29/12/2024,MIA,20.0,CLE,3.0,Home,-3.0
2024,REG,17,29/12/2024,GB,25.0,MIN,27.0,Home,-1.0
2024,REG,17,29/12/2024,ATL,24.0,WAS,30.0,Home,3.5
2024,REG,17,30/12/2024,DET,40.0,SF,34.0,Home,-4.0
2024,REG,18,04/01/2025,CLE,10.0,BAL,35.0,Home,19.5
2024,REG,18,04/01/2025,CIN,19.0,PIT,17.0,Home,-2.5
2024,REG,18,05/01/2025,CAR,44.0,ATL,38.0,Home,7.5
2024,REG,18,05/01/2025,WAS,23.0,DAL,19.0,Home,-7.0
2024,REG,18,05/01/2025,CHI,24.0,GB,22.0,Home,10.0
2024,REG,18,05/01/2025,JAX,23.0,IND,26.0,Home,3.5
2024,REG,18,05/01/2025,BUF,16.0,NE,23.0,Home,-3.0
2024,REG,18,05/01/2025,NYG,13.0,PHI,20.0,Home,3.0
2024,REG,18,05/01/2025,NO,19.0,TB,27.0,Home,14.5
2024,REG,18,05/01/2025,HOU,23.0,TEN,14.0,Home,2.5
2024,REG,18,05/01/2025,SF,24.0,ARI,47.0,Home,4.5
2024,REG,18,05/01/2025,KC,0.0,DEN,38.0,Home,10.5
2024,REG,18,05/01/2025,SEA,30.0,LA,25.0,Home,-7.5
2024,REG,18,05/01/2025,LAC,34.0,LV,20.0,Home,-7.0
2024,REG,18,05/01/2025,MIA,20.0,NYJ,32.0,Home,1.5
2024,REG,18,05/01/2025,MIN,9.0,DET,31.0,Home,3.0
2024,WC,19,11/01/2025,LAC,12.0,HOU,32.0,Home,-3.0
2024,WC,19,11/01/2025,PIT,14.0,BAL,28.0,Home,9.5
2024,WC,19,12/01/2025,DEN,7.0,BUF,31.0,Home,7.5
2024,WC,19,12/01/2025,GB,10.0,PHI,22.0,Home,5.5
2024,WC,19,12/01/2025,WAS,23.0,TB,20.0,Home,3.0
2024,WC,19,13/01/2025,MIN,9.0,LA,27.0,Neutral,-2.5
2024,DIV,20,18/01/2025,HOU,14.0,KC,23.0,Home,9.5
2024,DIV,20,18/01/2025,WAS,45.0,DET,31.0,Home,8.5
2024,DIV,20,19/01/2025,LA,22.0,PHI,28.0,Home,7.0
2024,DIV,20,19/01/2025,BAL,25.0,BUF,27.0,Home,-1.5
2024,CON,21,26/01/2025,WAS,23.0,PHI,55.0,Home,6.0
2024,CON,21,26/01/2025,BUF,29.0,KC,32.0,Home,1.5
2024,SB,22,09/02/2025,KC,22.0,PHI,40.0,Neutral,-1.5
2025,REG,1,04/09/2025,DAL,20.0,PHI,24.0,Home,8.5
2025,REG,1,05/09/2025,KC,21.0,LAC,27.0,Neutral,-3.0
2025,REG,1,07/09/2025,TB,23.0,ATL,20.0,Home,-1.5
2025,REG,1,07/09/2025,CIN,17.0,CLE,16.0,Home,-5.5
2025,REG,1,07/09/2025,MIA,8.0,IND,33.0,Home,1.5
2025,REG,1,07/09/2025,CAR,10.0,JAX,26.0,Home,4.5
2025,REG,1,07/09/2025,LV,20.0,NE,13.0,Home,2.5
2025,REG,1,07/09/2025,ARI,20.0,NO,13.0,Home,-6.0
2025,REG,1,07/09/2025,PIT,34.0,NYJ,32.0,Home,-3.0
2025,REG,1,07/09/2025,NYG,6.0,WAS,21.0,Home,6.0
2025,REG,1,07/09/2025,TEN,12.0,DEN,20.0,Home,8.5
2025,REG,1,07/09/2025,SF,17.0,SEA,13.0,Home,-2.5
2025,REG,1,07/09/2025,DET,13.0,GB,27.0,Home,1.5
2025,REG,1,07/09/2025,HOU,9.0,LA,14.0,Home,3.5
2025,REG,1,07/09/2025,BAL,40.0,BUF,41.0,Home,-1.5
2025,REG,1,08/09/2025,MIN,27.0,CHI,24.0,Home,-1.5
2025,REG,2,11/09/2025,WAS,18.0,GB,27.0,Home,3.5
2025,REG,2,14/09/2025,CLE,17.0,BAL,41.0,Home,12.5
2025,REG,2,14/09/2025,JAX,27.0,CIN,31.0,Home,3.5
2025,REG,2,14/09/2025,NYG,37.0,DAL,40.0,Home,4.5
2025,REG,2,14/09/2025,CHI,21.0,DET,52.0,Home,6.0
2025,REG,2,14/09/2025,NE,33.0,MIA,27.0,Home,1.5
2025,REG,2,14/09/2025,SF,26.0,NO,21.0,Home,-3.0
2025,REG,2,14/09/2025,BUF,30.0,NYJ,10.0,Home,-6.0
2025,REG,2,14/09/2025,SEA,31.0,PIT,17.0,Home,3.5
2025,REG,2,14/09/2025,LA,33.0,TEN,19.0,Home,-5.5
2025,REG,2,14/09/2025,CAR,22.0,ARI,27.0,Home,7.0
2025,REG,2,14/09/2025,DEN,28.0,IND,29.0,Home,-2.5
2025,REG,2,14/09/2025,PHI,20.0,KC,17.0,Home,-1.5
2025,REG,2,14/09/2025,ATL,22.0,MIN,6.0,Home,3.5
2025,REG,2,15/09/2025,TB,20.0,HOU,19.0,Home,2.5
2025,REG,2,15/09/2025,LAC,20.0,LV,9.0,Home,-3.5
2025,REG,3,18/09/2025,MIA,21.0,BUF,31.0,Home,12.5
2025,REG,3,21/09/2025,ATL,0.0,CAR,30.0,Home,-5.5
2025,REG,3,21/09/2025,GB,10.0,CLE,13.0,Home,-8.5
2025,REG,3,21/09/2025,HOU,10.0,JAX,17.0,Home,1.5
2025,REG,3,21/09/2025,CIN,10.0,MIN,48.0,Home,3.0
2025,REG,3,21/09/2025,PIT,21.0,NE,14.0,Home,-1.5
2025,REG,3,21/09/2025,LA,26.0,PHI,33.0,Home,3.5
2025,REG,3,21/09/2025,NYJ,27.0,TB,29.0,Home,6.5
2025,REG,3,21/09/2025,IND,41.0,TEN,20.0,Home,-6.0
2025,REG,3,21/09/2025,LV,24.0,WAS,41.0,Home,2.5
2025,REG,3,21/09/2025,DEN,20.0,LAC,23.0,Home,2.5
2025,REG,3,21/09/2025,NO,13.0,SEA,44.0,Home,7.5
2025,REG,3,21/09/2025,DAL,14.0,CHI,31.0,Home,-1.5
2025,REG,3,21/09/2025,ARI,15.0,SF,16.0,Home,1.5
2025,REG,3,21/09/2025,KC,22.0,NYG,9.0,Home,-6.0
2025,REG,3,22/09/2025,DET,38.0,BAL,30.0,Home,4.5
2025,REG,4,25/09/2025,SEA,23.0,ARI,20.0,Home,-1.5
2025,REG,4,28/09/2025,MIN,21.0,PIT,24.0,Neutral,-2.5
2025,REG,4,28/09/2025,WAS,27.0,ATL,34.0,Home,2.5
2025,REG,4,28/09/2025,NO,19.0,BUF,31.0,Home,15.5
2025,REG,4,28/09/2025,CLE,10.0,DET,34.0,Home,10.0
2025,REG,4,28/09/2025,TEN,0.0,HOU,26.0,Home,7.5
2025,REG,4,28/09/2025,CAR,13.0,NE,42.0,Home,5.5
2025,REG,4,28/09/2025,LAC,18.0,NYG,21.0,Home,-6.0
2025,REG,4,28/09/2025,PHI,31.0,TB,25.0,Home,-3.5
2025,REG,4,28/09/2025,IND,20.0,LA,27.0,Home,3.5
2025,REG,4,28/09/2025,JAX,26.0,SF,21.0,Home,3.5
2025,REG,4,28/09/2025,BAL,20.0,KC,37.0,Home,-2.5
2025,REG,4,28/09/2025,CHI,25.0,LV,24.0,Home,1.5
2025,REG,4,28/09/2025,GB,40.0,DAL,40.0,Home,-7.0
2025,REG,4,29/09/2025,NYJ,21.0,MIA,27.0,Home,2.5
2025,REG,4,29/09/2025,CIN,3.0,DEN,28.0,Home,7.5
2025,REG,5,02/10/2025,SF,26.0,LA,23.0,Home,8.5
2025,REG,5,05/10/2025,MIN,21.0,CLE,17.0,Neutral,-3.5
2025,REG,5,05/10/2025,HOU,44.0,BAL,10.0,Home,-2.5
2025,REG,5,05/10/2025,MIA,24.0,CAR,27.0,Home,-1.5
2025,REG,5,05/10/2025,LV,6.0,IND,40.0,Home,7.0
2025,REG,5,05/10/2025,NYG,14.0,NO,26.0,Home,1.5
2025,REG,5,05/10/2025,DAL,37.0,NYJ,22.0,Home,1.5
2025,REG,5,05/10/2025,DEN,21.0,PHI,17.0,Home,3.5
2025,REG,5,05/10/2025,TEN,22.0,ARI,21.0,Home,7.5
2025,REG,5,05/10/2025,TB,38.0,SEA,35.0,Home,3.5
2025,REG,5,05/10/2025,DET,37.0,CIN,24.0,Home,-10.5
2025,REG,5,05/10/2025,WAS,27.0,LAC,10.0,Home,2.5
2025,REG,5,05/10/2025,NE,23.0,BUF,20.0,Home,7.5
2025,REG,5,06/10/2025,KC,28.0,JAX,31.0,Home,-3.5
2025,REG,6,09/10/2025,PHI,17.0,NYG,34.0,Home,-7.0
2025,REG,6,12/10/2025,DEN,13.0,NYJ,11.0,Neutral,-7.5
2025,REG,6,12/10/2025,LA,17.0,BAL,3.0,Home,-7.0
2025,REG,6,12/10/2025,DAL,27.0,CAR,30.0,Home,-3.0
2025,REG,6,12/10/2025,ARI,27.0,IND,31.0,Home,8.5
2025,REG,6,12/10/2025,SEA,20.0,JAX,12.0,Home,-1.5
2025,REG,6,12/10/2025,LAC,29.0,MIA,27.0,Home,-3.5
2025,REG,6,12/10/2025,NE,25.0,NO,19.0,Home,-3.5
2025,REG,6,12/10/2025,CLE,9.0,PIT,23.0,Home,5.5
2025,REG,6,12/10/2025,TEN,10.0,LV,20.0,Home,3.5
2025,REG,6,12/10/2025,CIN,18.0,GB,27.0,Home,14.0
2025,REG,6,12/10/2025,SF,19.0,TB,30.0,Home,3.5
2025,REG,6,12/10/2025,DET,17.0,KC,30.0,Home,2.5
2025,REG,6,13/10/2025,BUF,14.0,ATL,24.0,Home,-3.5
2025,REG,6,13/10/2025,CHI,25.0,WAS,24.0,Home,5.5
2025,REG,7,16/10/2025,PIT,31.0,CIN,33.0,Home,-5.5
2025,REG,7,19/10/2025,LA,35.0,JAX,7.0,Neutral,-3.0
2025,REG,7,19/10/2025,NO,14.0,CHI,26.0,Home,4.5
2025,REG,7,19/10/2025,MIA,6.0,CLE,31.0,Home,2.5
2025,REG,7,19/10/2025,LV,0.0,KC,31.0,Home,13.5
2025,REG,7,19/10/2025,PHI,28.0,MIN,22.0,Home,-2.5
2025,REG,7,19/10/2025,CAR,13.0,NYJ,6.0,Home,1.5
2025,REG,7,19/10/2025,NE,31.0,TEN,13.0,Home,-6.5
2025,REG,7,19/10/2025,NYG,32.0,DEN,33.0,Home,7.5
2025,REG,7,19/10/2025,IND,38.0,LAC,24.0,Home,2.5
2025,REG,7,19/10/2025,GB,27.0,ARI,23.0,Home,-7.0
2025,REG,7,19/10/2025,WAS,22.0,DAL,44.0,Home,1.5
2025,REG,7,19/10/2025,ATL,10.0,SF,20.0,Home,1.5
2025,REG,7,20/10/2025,TB,9.0,DET,24.0,Home,6.0
2025,REG,7,20/10/2025,HOU,19.0,SEA,27.0,Home,3.0
2025,REG,8,23/10/2025,MIN,10.0,LAC,37.0,Home,3.0
2025,REG,8,26/10/2025,MIA,34.0,ATL,10.0,Home,7.0
2025,REG,8,26/10/2025,CHI,16.0,BAL,30.0,Home,2.5
2025,REG,8,26/10/2025,BUF,40.0,CAR,9.0,Home,-7.0
2025,REG,8,26/10/2025,NYJ,39.0,CIN,38.0,Home,5.5
2025,REG,8,26/10/2025,SF,15.0,HOU,26.0,Home,2.5
2025,REG,8,26/10/2025,CLE,13.0,NE,32.0,Home,7.0
2025,REG,8,26/10/2025,NYG,20.0,PHI,38.0,Home,7.0
2025,REG,8,26/10/2025,TB,23.0,NO,3.0,Home,-4.5
2025,REG,8,26/10/2025,DAL,24.0,DEN,44.0,Home,3.5
2025,REG,8,26/10/2025,TEN,14.0,IND,38.0,Home,15.5
2025,REG,8,26/10/2025,GB,35.0,PIT,25.0,Home,-3.0
2025,REG,8,27/10/2025,WAS,7.0,KC,28.0,Home,10.5
2025,REG,9,30/10/2025,BAL,28.0,MIA,6.0,Home,-7.5
2025,REG,9,02/11/2025,CHI,47.0,CIN,42.0,Home,-3.0
2025,REG,9,02/11/2025,MIN,27.0,DET,24.0,Home,9.5
2025,REG,9,02/11/2025,CAR,16.0,GB,13.0,Home,12.5
2025,REG,9,02/11/2025,DEN,18.0,HOU,15.0,Home,1.5
2025,REG,9,02/11/2025,ATL,23.0,NE,24.0,Home,5.5
2025,REG,9,02/11/2025,SF,34.0,NYG,24.0,Home,-2.5
2025,REG,9,02/11/2025,IND,20.0,PIT,27.0,Home,-3.5
2025,REG,9,02/11/2025,LAC,27.0,TEN,20.0,Home,-10.0
2025,REG,9,02/11/2025,NO,10.0,LA,34.0,Home,14.0
2025,REG,9,02/11/2025,JAX,30.0,LV,29.0,Home,-2.5
2025,REG,9,02/11/2025,KC,21.0,BUF,28.0,Home,-2.5
2025,REG,9,02/11/2025,SEA,38.0,WAS,14.0,Home,-2.5
2025,REG,9,03/11/2025,ARI,27.0,DAL,17.0,Home,3.5
2025,REG,10,06/11/2025,LV,7.0,DEN,10.0,Home,9.5
2025,REG,10,09/11/2025,ATL,25.0,IND,31.0,Neutral,6.5
2025,REG,10,09/11/2025,NO,17.0,CAR,7.0,Home,5.5
2025,REG,10,09/11/2025,NYG,20.0,CHI,24.0,Home,4.5
2025,REG,10,09/11/2025,JAX,29.0,HOU,36.0,Home,-1.5
2025,REG,10,09/11/2025,BUF,13.0,MIA,30.0,Home,-8.5
2025,REG,10,09/11/2025,BAL,27.0,MIN,19.0,Home,-4.5
2025,REG,10,09/11/2025,CLE,20.0,NYJ,27.0,Home,-1.5
2025,REG,10,09/11/2025,NE,28.0,TB,23.0,Home,2.5
2025,REG,10,09/11/2025,ARI,22.0,SEA,44.0,Home,7.0
2025,REG,10,09/11/2025,LA,42.0,SF,26.0,Home,-5.5
2025,REG,10,09/11/2025,DET,44.0,WAS,22.0,Home,-8.5
2025,REG,10,09/11/2025,PIT,10.0,LAC,25.0,Home,3.0
2025,REG,10,10/11/2025,PHI,10.0,GB,7.0,Home,1.5
2025,REG,11,13/11/2025,NYJ,14.0,NE,27.0,Home,12.5
2025,REG,11,16/11/2025,WAS,13.0,MIA,16.0,Neutral,2.5
2025,REG,11,16/11/2025,CAR,30.0,ATL,27.0,Home,4.5
2025,REG,11,16/11/2025,TB,32.0,BUF,44.0,Home,6.0
2025,REG,11,16/11/2025,LAC,6.0,JAX,35.0,Home,-3.0
2025,REG,11,16/11/2025,CHI,19.0,MIN,17.0,Home,3.0
2025,REG,11,16/11/2025,GB,27.0,NYG,20.0,Home,-7.5
2025,REG,11,16/11/2025,CIN,12.0,PIT,34.0,Home,5.5
2025,REG,11,16/11/2025,HOU,16.0,TEN,13.0,Home,-5.5
2025,REG,11,16/11/2025,SF,41.0,ARI,22.0,Home,-3.5
2025,REG,11,16/11/2025,SEA,19.0,LA,21.0,Home,3.0
2025,REG,11,16/11/2025,BAL,23.0,CLE,16.0,Home,-7.5
2025,REG,11,16/11/2025,KC,19.0,DEN,22.0,Home,-3.5
2025,REG,11,16/11/2025,DET,9.0,PHI,16.0,Home,2.5
2025,REG,11,17/11/2025,DAL,33.0,LV,16.0,Home,-3.5
2025,REG,12,20/11/2025,BUF,19.0,HOU,23.0,Home,-5.5
2025,REG,12,23/11/2025,NYJ,10.0,BAL,23.0,Home,14.0
2025,REG,12,23/11/2025,PIT,28.0,CHI,31.0,Home,3.0
2025,REG,12,23/11/2025,NE,26.0,CIN,20.0,Home,-7.5
2025,REG,12,23/11/2025,NYG,27.0,DET,34.0,Home,14.0
2025,REG,12,23/11/2025,MIN,6.0,GB,23.0,Home,6.5
2025,REG,12,23/11/2025,IND,20.0,KC,23.0,Home,3.5
2025,REG,12,23/11/2025,SEA,30.0,TEN,24.0,Home,-12.5
2025,REG,12,23/11/2025,JAX,27.0,ARI,24.0,Home,-2.5
2025,REG,12,23/11/2025,CLE,24.0,LV,10.0,Home,3.0
2025,REG,12,23/11/2025,PHI,21.0,DAL,24.0,Home,-3.0
2025,REG,12,23/11/2025,ATL,24.0,NO,10.0,Home,1.5
2025,REG,12,23/11/2025,TB,7.0,LA,34.0,Home,7.0
2025,REG,12,24/11/2025,CAR,9.0,SF,20.0,Home,7.5
2025,REG,13,27/11/2025,GB,31.0,DET,24.0,Home,2.5
2025,REG,13,27/11/2025,KC,28.0,DAL,31.0,Home,-3.5
2025,REG,13,27/11/2025,CIN,32.0,BAL,14.0,Home,7.0
2025,REG,13,28/11/2025,CHI,24.0,PHI,15.0,Home,7.0
2025,REG,13,30/11/2025,LA,28.0,CAR,31.0,Home,-10.0
2025,REG,13,30/11/2025,SF,26.0,CLE,8.0,Home,-5.5
2025,REG,13,30/11/2025,HOU,20.0,IND,16.0,Home,3.0
2025,REG,13,30/11/2025,NO,17.0,MIA,21.0,Home,5.5
2025,REG,13,30/11/2025,ATL,24.0,NYJ,27.0,Home,-3.0
2025,REG,13,30/11/2025,ARI,17.0,TB,20.0,Home,4.5
2025,REG,13,30/11/2025,JAX,25.0,TEN,3.0,Home,-6.0
2025,REG,13,30/11/2025,MIN,0.0,SEA,26.0,Home,12.5
2025,REG,13,30/11/2025,LV,14.0,LAC,31.0,Home,10.0
2025,REG,13,30/11/2025,BUF,26.0,PIT,7.0,Home,-3.0
2025,REG,13,30/11/2025,DEN,27.0,WAS,26.0,Home,-6.5
2025,REG,13,01/12/2025,NYG,15.0,NE,33.0,Home,7.0
2025,REG,14,04/12/2025,DAL,30.0,DET,44.0,Home,3.5
2025,REG,14,07/12/2025,SEA,37.0,ATL,9.0,Home,-7.0
2025,REG,14,07/12/2025,PIT,27.0,BAL,22.0,Home,5.5
2025,REG,14,07/12/2025,CIN,34.0,BUF,39.0,Home,6.0
2025,REG,14,07/12/2025,TEN,31.0,CLE,29.0,Home,4.5
2025,REG,14,07/12/2025,IND,19.0,JAX,36.0,Home,-2.5
2025,REG,14,07/12/2025,WAS,0.0,MIN,31.0,Home,-1.5
2025,REG,14,07/12/2025,MIA,34.0,NYJ,10.0,Home,-2.5
2025,REG,14,07/12/2025,NO,24.0,TB,20.0,Home,7.5
2025,REG,14,07/12/2025,DEN,24.0,LV,17.0,Home,-8.5
2025,REG,14,07/12/2025,LA,45.0,ARI,17.0,Home,-9.5
2025,REG,14,07/12/2025,CHI,21.0,GB,28.0,Home,6.5
2025,REG,14,07/12/2025,HOU,20.0,KC,10.0,Home,4.5
2025,REG,14,08/12/2025,PHI,19.0,LAC,22.0,Home,-1.5
2025,REG,15,11/12/2025,ATL,29.0,TB,28.0,Home,6.0
2025,REG,15,14/12/2025,CLE,3.0,CHI,31.0,Home,7.5
2025,REG,15,14/12/2025,BAL,24.0,CIN,0.0,Home,-2.5
2025,REG,15,14/12/2025,ARI,20.0,HOU,40.0,Home,10.5
2025,REG,15,14/12/2025,NYJ,20.0,JAX,48.0,Home,13.5
2025,REG,15,14/12/2025,LAC,16.0,KC,13.0,Home,5.5
2025,REG,15,14/12/2025,BUF,35.0,NE,31.0,Home,-2.5
2025,REG,15,14/12/2025,WAS,29.0,NYG,21.0,Home,2.5
2025,REG,15,14/12/2025,LV,0.0,PHI,31.0,Home,12.5
2025,REG,15,14/12/2025,GB,26.0,DEN,34.0,Home,-1.5
2025,REG,15,14/12/2025,DET,34.0,LA,41.0,Home,5.5
2025,REG,15,14/12/2025,CAR,17.0,NO,20.0,Home,-2.5
2025,REG,15,14/12/2025,IND,16.0,SEA,18.0,Home,13.5
2025,REG,15,14/12/2025,TEN,24.0,SF,37.0,Home,12.5
2025,REG,15,14/12/2025,MIN,34.0,DAL,26.0,Home,5.5
2025,REG,15,15/12/2025,MIA,15.0,PIT,28.0,Home,3.0
2025,REG,16,18/12/2025,LA,37.0,SEA,38.0,Home,1.5
2025,REG,16,20/12/2025,PHI,29.0,WAS,18.0,Home,-7.0
2025,REG,16,20/12/2025,GB,16.0,CHI,22.0,Home,1.5
2025,REG,16,21/12/2025,TB,20.0,CAR,23.0,Home,-3.0
2025,REG,16,21/12/2025,BUF,23.0,CLE,20.0,Home,-10.5
2025,REG,16,21/12/2025,LAC,34.0,DAL,17.0,Home,1.5
2025,REG,16,21/12/2025,CIN,45.0,MIA,21.0,Home,-3.5
2025,REG,16,21/12/2025,NYJ,6.0,NO,29.0,Home,6.5
2025,REG,16,21/12/2025,MIN,16.0,NYG,13.0,Home,-2.5
2025,REG,16,21/12/2025,KC,9.0,TEN,26.0,Home,-3.5
2025,REG,16,21/12/2025,ATL,26.0,ARI,19.0,Home,-2.5
2025,REG,16,21/12/2025,JAX,34.0,DEN,20.0,Home,3.5
2025,REG,16,21/12/2025,PIT,29.0,DET,24.0,Home,7.5
2025,REG,16,21/12/2025,LV,21.0,HOU,23.0,Home,14.5
2025,REG,16,21/12/2025,NE,28.0,BAL,24.0,Home,3.5
2025,REG,16,22/12/2025,SF,48.0,IND,27.0,Home,-4.5
2025,REG,17,25/12/2025,DAL,30.0,WAS,23.0,Home,-8.5
2025,REG,17,25/12/2025,DET,10.0,MIN,23.0,Home,-7.0
2025,REG,17,25/12/2025,DEN,20.0,KC,13.0,Home,-13.5
2025,REG,17,27/12/2025,HOU,20.0,LAC,16.0,Home,1.5
2025,REG,17,27/12/2025,BAL,41.0,GB,24.0,Home,2.5
2025,REG,17,28/12/2025,SEA,27.0,CAR,10.0,Home,-6.5
2025,REG,17,28/12/2025,ARI,14.0,CIN,37.0,Home,7.0
2025,REG,17,28/12/2025,PIT,6.0,CLE,13.0,Home,-4.5
2025,REG,17,28/12/2025,JAX,23.0,IND,17.0,Home,-3.5
2025,REG,17,28/12/2025,TB,17.0,MIA,20.0,Home,-5.5
2025,REG,17,28/12/2025,NE,42.0,NYJ,10.0,Home,-12.5
2025,REG,17,28/12/2025,NO,34.0,TEN,26.0,Home,-1.5
2025,REG,17,28/12/2025,NYG,34.0,LV,10.0,Home,-3.0
2025,REG,17,28/12/2025,PHI,13.0,BUF,12.0,Home,3.0
2025,REG,17,28/12/2025,CHI,38.0,SF,42.0,Home,3.5
2025,REG,17,29/12/2025,LA,24.0,ATL,27.0,Home,-7.5
2025,REG,18,03/01/2026,CAR,14.0,TB,16.0,Home,3.0
2025,REG,18,03/01/2026,SEA,13.0,SF,3.0,Home,-2.5
2025,REG,18,04/01/2026,NO,17.0,ATL,19.0,Home,4.5
2025,REG,18,04/01/2026,CLE,20.0,CIN,18.0,Home,9.5
2025,REG,18,04/01/2026,IND,30.0,HOU,38.0,Home,9.5
2025,REG,18,04/01/2026,TEN,7.0,JAX,41.0,Home,12.5
2025,REG,18,04/01/2026,GB,3.0,MIN,16.0,Home,12.5
2025,REG,18,04/01/2026,DAL,17.0,NYG,34.0,Home,-3.0
2025,REG,18,04/01/2026,NYJ,8.0,BUF,35.0,Home,12.5
2025,REG,18,04/01/2026,DET,19.0,CHI,16.0,Home,3.5
2025,REG,18,04/01/2026,LAC,3.0,DEN,19.0,Home,14.5
2025,REG,18,04/01/2026,ARI,20.0,LA,37.0,Home,14.5
2025,REG,18,04/01/2026,KC,12.0,LV,14.0,Home,-3.5
2025,REG,18,04/01/2026,MIA,10.0,NE,38.0,Home,14.0
2025,REG,18,04/01/2026,WAS,24.0,PHI,17.0,Home,3.0
2025,REG,18,04/01/2026,BAL,24.0,PIT,26.0,Home,-4.5
2025,WC,19,10/01/2026,LA,34.0,CAR,31.0,Home,-10.0
2025,WC,19,10/01/2026,GB,27.0,CHI,31.0,Home,-2.5
2025,WC,19,11/01/2026,BUF,27.0,JAX,24.0,Home,1.5
2025,WC,19,11/01/2026,SF,23.0,PHI,19.0,Home,6.0
2025,WC,19,11/01/2026,LAC,3.0,NE,16.0,Home,3.5
2025,WC,19,12/01/2026,HOU,30.0,PIT,6.0,Home,-3.0
2025,DIV,20,17/01/2026,BUF,30.0,DEN,33.0,Home,1.5
2025,DIV,20,17/01/2026,SF,6.0,SEA,41.0,Home,6.5
2025,DIV,20,18/01/2026,HOU,16.0,NE,28.0,Home,3.0
2025,DIV,20,18/01/2026,LA,20.0,CHI,17.0,Home,-3.5
2025,CON,21,25/01/2026,NE,10.0,DEN,7.0,Home,-3.5
2025,CON,21,25/01/2026,LA,27.0,SEA,31.0,Home,2.5
2025,SB,22,08/02/2026,SEA,29.0,NE,13.0,Neutral,-4.5
2026,REG,1,09/09/2026,NE,10.0,SEA,13.0,Home,3.0
2026,REG,1,10/09/2026,SF,27.0,LA,7.0,Neutral,3.5
2026,REG,1,13/09/2026,CHI,59.0,CAR,37.0,Home,-3.0
2026,REG,1,13/09/2026,TB,27.0,CIN,33.0,Home,3.5
2026,REG,1,13/09/2026,NO,30.0,DET,31.0,Home,7.0
2026,REG,1,13/09/2026,BUF,36.0,HOU,31.0,Home,-1.5
2026,REG,1,13/09/2026,BAL,41.0,IND,23.0,Home,-3.0
2026,REG,1,13/09/2026,CLE,10.0,JAX,34.0,Home,8.5
2026,REG,1,13/09/2026,ATL,13.0,PIT,20.0,Home,6.5
2026,REG,1,13/09/2026,NYJ,23.0,TEN,10.0,Home,1.5
2026,REG,1,13/09/2026,ARI,,LAC,,Home,8.5
2026,REG,1,13/09/2026,MIA,,LV,,Home,3.0
2026,REG,1,13/09/2026,GB,,MIN,,Home,1.5
2026,REG,1,13/09/2026,WAS,,PHI,,Home,6.0
2026,REG,1,13/09/2026,DAL,,NYG,,Home,-3.0
2026,REG,1,14/09/2026,DEN,,KC,,Home,2.5
2026,REG,2,17/09/2026,DET,,BUF,,Home,
2026,REG,2,20/09/2026,CAR,,ATL,,Home,
2026,REG,2,20/09/2026,NO,,BAL,,Home,
2026,REG,2,20/09/2026,MIN,,CHI,,Home,
2026,REG,2,20/09/2026,CIN,,HOU,,Home,
2026,REG,2,20/09/2026,PIT,,NE,,Home,
2026,REG,2,20/09/2026,GB,,NYJ,,Home,
2026,REG,2,20/09/2026,CLE,,TB,,Home,
2026,REG,2,20/09/2026,PHI,,TEN,,Home,
2026,REG,2,20/09/2026,JAX,,DEN,,Home,
2026,REG,2,20/09/2026,LV,,LAC,,Home,
2026,REG,2,20/09/2026,SEA,,ARI,,Home,
2026,REG,2,20/09/2026,WAS,,DAL,,Home,
2026,REG,2,20/09/2026,MIA,,SF,,Home,
2026,REG,2,20/09/2026,IND,,KC,,Home,
2026,REG,2,21/09/2026,NYG,,LA,,Home,
2026,REG,3,24/09/2026,ATL,,GB,,Home,
2026,REG,3,27/09/2026,LAC,,BUF,,Home,
2026,REG,3,27/09/2026,CAR,,CLE,,Home,
2026,REG,3,27/09/2026,NYJ,,DET,,Home,
2026,REG,3,27/09/2026,HOU,,IND,,Home,
2026,REG,3,27/09/2026,NE,,JAX,,Home,
2026,REG,3,27/09/2026,KC,,MIA,,Home,
2026,REG,3,27/09/2026,TEN,,NYG,,Home,
2026,REG,3,27/09/2026,CIN,,PIT,,Home,
2026,REG,3,27/09/2026,SEA,,WAS,,Home,
2026,REG,3,27/09/2026,ARI,,SF,,Home,
2026,REG,3,27/09/2026,MIN,,TB,,Home,
2026,REG,3,27/09/2026,BAL,,DAL,,Neutral,
2026,REG,3,27/09/2026,LV,,NO,,Home,
2026,REG,3,27/09/2026,LA,,DEN,,Home,
2026,REG,3,28/09/2026,PHI,,CHI,,Home,
2026,REG,4,01/10/2026,PIT,,CLE,,Home,
2026,REG,4,04/10/2026,IND,,WAS,,Neutral,
2026,REG,4,04/10/2026,TEN,,BAL,,Home,
2026,REG,4,04/10/2026,NE,,BUF,,Home,
2026,REG,4,04/10/2026,NYJ,,CHI,,Home,
2026,REG,4,04/10/2026,JAX,,CIN,,Home,
2026,REG,4,04/10/2026,DAL,,HOU,,Home,
2026,REG,4,04/10/2026,ARI,,NYG,,Home,
2026,REG,4,04/10/2026,LA,,PHI,,Home,
2026,REG,4,04/10/2026,GB,,TB,,Home,
2026,REG,4,04/10/2026,MIA,,MIN,,Home,
2026,REG,4,04/10/2026,KC,,LV,,Home,
2026,REG,4,04/10/2026,LAC,,SEA,,Home,
2026,REG,4,04/10/2026,DEN,,SF,,Home,
2026,REG,4,04/10/2026,DET,,CAR,,Home,
2026,REG,4,05/10/2026,ATL,,NO,,Home,
2026,REG,5,08/10/2026,TB,,DAL,,Home,
2026,REG,5,11/10/2026,PHI,,JAX,,Home,
2026,REG,5,11/10/2026,CIN,,MIA,,Home,
2026,REG,5,11/10/2026,LV,,NE,,Home,
2026,REG,5,11/10/2026,MIN,,NO,,Home,
2026,REG,5,11/10/2026,CLE,,NYJ,,Home,
2026,REG,5,11/10/2026,IND,,PIT,,Home,
2026,REG,5,11/10/2026,HOU,,TEN,,Home,
2026,REG,5,11/10/2026,NYG,,WAS,,Home,
2026,REG,5,11/10/2026,DEN,,LAC,,Home,
2026,REG,5,11/10/2026,DET,,ARI,,Home,
2026,REG,5,11/10/2026,CHI,,GB,,Home,
2026,REG,5,11/10/2026,SF,,SEA,,Home,
2026,REG,5,11/10/2026,BAL,,ATL,,Home,
2026,REG,5,12/10/2026,BUF,,LA,,Home,
2026,REG,6,15/10/2026,SEA,,DEN,,Home,
2026,REG,6,18/10/2026,HOU,,JAX,,Neutral,
2026,REG,6,18/10/2026,CHI,,ATL,,Home,
2026,REG,6,18/10/2026,BAL,,CLE,,Home,
2026,REG,6,18/10/2026,TEN,,IND,,Home,
2026,REG,6,18/10/2026,NYJ,,NE,,Home,
2026,REG,6,18/10/2026,NO,,NYG,,Home,
2026,REG,6,18/10/2026,CAR,,PHI,,Home,
2026,REG,6,18/10/2026,PIT,,TB,,Home,
2026,REG,6,18/10/2026,ARI,,LA,,Home,
2026,REG,6,18/10/2026,LAC,,KC,,Home,
2026,REG,6,18/10/2026,BUF,,LV,,Home,
2026,REG,6,18/10/2026,DAL,,GB,,Home,
2026,REG,6,19/10/2026,WAS,,SF,,Home,
2026,REG,7,22/10/2026,NE,,CHI,,Home,
2026,REG,7,25/10/2026,PIT,,NO,,Neutral,
2026,REG,7,25/10/2026,SF,,ATL,,Home,
2026,REG,7,25/10/2026,CIN,,BAL,,Home,
2026,REG,7,25/10/2026,TB,,CAR,,Home,
2026,REG,7,25/10/2026,NYG,,HOU,,Home,
2026,REG,7,25/10/2026,IND,,MIN,,Home,
2026,REG,7,25/10/2026,MIA,,NYJ,,Home,
2026,REG,7,25/10/2026,CLE,,TEN,,Home,
2026,REG,7,25/10/2026,DEN,,ARI,,Home,
2026,REG,7,25/10/2026,GB,,DET,,Home,
2026,REG,7,25/10/2026,LA,,LV,,Home,
2026,REG,7,25/10/2026,KC,,SEA,,Home,
2026,REG,7,26/10/2026,DAL,,PHI,,Home,
2026,REG,8,29/10/2026,CAR,,GB,,Home,
2026,REG,8,01/11/2026,BAL,,BUF,,Home,
2026,REG,8,01/11/2026,TEN,,CIN,,Home,
2026,REG,8,01/11/2026,ARI,,DAL,,Home,
2026,REG,8,01/11/2026,MIN,,DET,,Home,
2026,REG,8,01/11/2026,IND,,JAX,,Home,
2026,REG,8,01/11/2026,LV,,NYJ,,Home,
2026,REG,8,01/11/2026,CLE,,PIT,,Home,
2026,REG,8,01/11/2026,ATL,,TB,,Home,
2026,REG,8,01/11/2026,LAC,,LA,,Home,
2026,REG,8,01/11/2026,KC,,DEN,,Home,
2026,REG,8,01/11/2026,NE,,MIA,,Home,
2026,REG,8,01/11/2026,PHI,,WAS,,Home,
2026,REG,8,02/11/2026,CHI,,SEA,,Home,
2026,REG,9,05/11/2026,JAX,,BAL,,Home,
2026,REG,9,08/11/2026,CIN,,ATL,,Neutral,
2026,REG,9,08/11/2026,DEN,,CAR,,Home,
2026,REG,9,08/11/2026,DAL,,IND,,Home,
2026,REG,9,08/11/2026,NYJ,,KC,,Home,
2026,REG,9,08/11/2026,DET,,MIA,,Home,
2026,REG,9,08/11/2026,CLE,,NO,,Home,
2026,REG,9,08/11/2026,NYG,,PHI,,Home,
2026,REG,9,08/11/2026,LA,,WAS,,Home,
2026,REG,9,08/11/2026,HOU,,LAC,,Home,
2026,REG,9,08/11/2026,LV,,SF,,Home,
2026,REG,9,08/11/2026,GB,,NE,,Home,
2026,REG,9,08/11/2026,ARI,,SEA,,Home,
2026,REG,9,08/11/2026,TB,,CHI,,Home,
2026,REG,9,09/11/2026,BUF,,MIN,,Home,
2026,REG,10,12/11/2026,WAS,,NYG,,Home,
2026,REG,10,15/11/2026,NE,,DET,,Neutral,
2026,REG,10,15/11/2026,KC,,ATL,,Home,
2026,REG,10,15/11/2026,HOU,,CLE,,Home,
2026,REG,10,15/11/2026,MIN,,GB,,Home,
2026,REG,10,15/11/2026,MIA,,IND,,Home,
2026,REG,10,15/11/2026,CAR,,NO,,Home,
2026,REG,10,15/11/2026,BUF,,NYJ,,Home,
2026,REG,10,15/11/2026,JAX,,TEN,,Home,
2026,REG,10,15/11/2026,LA,,ARI,,Home,
2026,REG,10,15/11/2026,SEA,,LV,,Home,
2026,REG,10,15/11/2026,SF,,DAL,,Home,
2026,REG,10,15/11/2026,PIT,,CIN,,Home,
2026,REG,10,16/11/2026,LAC,,BAL,,Home,
2026,REG,11,19/11/2026,IND,,HOU,,Home,
2026,REG,11,22/11/2026,MIA,,BUF,,Home,
2026,REG,11,22/11/2026,BAL,,CAR,,Home,
2026,REG,11,22/11/2026,NO,,CHI,,Home,
2026,REG,11,22/11/2026,TEN,,DAL,,Home,
2026,REG,11,22/11/2026,TB,,DET,,Home,
2026,REG,11,22/11/2026,ARI,,KC,,Home,
2026,REG,11,22/11/2026,JAX,,NYG,,Home,
2026,REG,11,22/11/2026,NYJ,,LAC,,Home,
2026,REG,11,22/11/2026,LV,,DEN,,Home,
2026,REG,11,22/11/2026,PIT,,PHI,,Home,
2026,REG,11,22/11/2026,MIN,,SF,,Neutral,
2026,REG,11,23/11/2026,CIN,,WAS,,Home,
2026,REG,12,25/11/2026,GB,,LA,,Home,
2026,REG,12,26/11/2026,CHI,,DET,,Home,
2026,REG,12,26/11/2026,PHI,,DAL,,Home,
2026,REG,12,26/11/2026,KC,,BUF,,Home,
2026,REG,12,27/11/2026,DEN,,PIT,,Home,
2026,REG,12,29/11/2026,NO,,CIN,,Home,
2026,REG,12,29/11/2026,LV,,CLE,,Home,
2026,REG,12,29/11/2026,BAL,,HOU,,Home,
2026,REG,12,29/11/2026,NYG,,IND,,Home,
2026,REG,12,29/11/2026,NYJ,,MIA,,Home,
2026,REG,12,29/11/2026,ATL,,MIN,,Home,
2026,REG,12,29/11/2026,TEN,,JAX,,Home,
2026,REG,12,29/11/2026,WAS,,ARI,,Home,
2026,REG,12,29/11/2026,SEA,,SF,,Home,
2026,REG,12,29/11/2026,NE,,LAC,,Home,
2026,REG,12,30/11/2026,CAR,,TB,,Home,
2026,REG,13,03/12/2026,KC,,LA,,Home,
2026,REG,13,06/12/2026,DET,,ATL,,Home,
2026,REG,13,06/12/2026,JAX,,CHI,,Home,
2026,REG,13,06/12/2026,CIN,,CLE,,Home,
2026,REG,13,06/12/2026,GB,,NO,,Home,
2026,REG,13,06/12/2026,SF,,NYG,,Home,
2026,REG,13,06/12/2026,LAC,,TB,,Home,
2026,REG,13,06/12/2026,WAS,,TEN,,Home,
2026,REG,13,06/12/2026,PHI,,ARI,,Home,
2026,REG,13,06/12/2026,MIA,,DEN,,Home,
2026,REG,13,06/12/2026,CAR,,MIN,,Home,
2026,REG,13,06/12/2026,BUF,,NE,,Home,
2026,REG,13,06/12/2026,HOU,,PIT,,Home,
2026,REG,13,07/12/2026,DAL,,SEA,,Home,
2026,REG,14,10/12/2026,MIN,,NE,,Home,
2026,REG,14,13/12/2026,TB,,BAL,,Home,
2026,REG,14,13/12/2026,NO,,CAR,,Home,
2026,REG,14,13/12/2026,ATL,,CLE,,Home,
2026,REG,14,13/12/2026,TEN,,DET,,Home,
2026,REG,14,13/12/2026,CHI,,MIA,,Home,
2026,REG,14,13/12/2026,DEN,,NYJ,,Home,
2026,REG,14,13/12/2026,IND,,PHI,,Home,
2026,REG,14,13/12/2026,HOU,,WAS,,Home,
2026,REG,14,13/12/2026,LAC,,LV,,Home,
2026,REG,14,13/12/2026,KC,,CIN,,Home,
2026,REG,14,13/12/2026,NYG,,SEA,,Home,
2026,REG,14,13/12/2026,LA,,SF,,Home,
2026,REG,14,13/12/2026,BUF,,GB,,Home,
2026,REG,14,14/12/2026,PIT,,JAX,,Home,
2026,REG,15,17/12/2026,SF,,LAC,,Home,
2026,REG,15,19/12/2026,SEA,,PHI,,Home,
2026,REG,15,19/12/2026,CHI,,BUF,,Home,
2026,REG,15,20/12/2026,CIN,,CAR,,Home,
2026,REG,15,20/12/2026,MIA,,GB,,Home,
2026,REG,15,20/12/2026,JAX,,HOU,,Home,
2026,REG,15,20/12/2026,CLE,,NYG,,Home,
2026,REG,15,20/12/2026,BAL,,PIT,,Home,
2026,REG,15,20/12/2026,NO,,TB,,Home,
2026,REG,15,20/12/2026,IND,,TEN,,Home,
2026,REG,15,20/12/2026,ATL,,WAS,,Home,
2026,REG,15,20/12/2026,NYJ,,ARI,,Home,
2026,REG,15,20/12/2026,DAL,,LA,,Home,
2026,REG,15,20/12/2026,DEN,,LV,,Home,
2026,REG,15,20/12/2026,DET,,MIN,,Home,
2026,REG,15,21/12/2026,NE,,KC,,Home,
2026,REG,16,24/12/2026,HOU,,PHI,,Home,
2026,REG,16,25/12/2026,GB,,CHI,,Home,
2026,REG,16,25/12/2026,BUF,,DEN,,Home,
2026,REG,16,25/12/2026,LA,,SEA,,Home,
2026,REG,16,27/12/2026,TB,,ATL,,Home,
2026,REG,16,27/12/2026,CLE,,BAL,,Home,
2026,REG,16,27/12/2026,CIN,,IND,,Home,
2026,REG,16,27/12/2026,LAC,,MIA,,Home,
2026,REG,16,27/12/2026,WAS,,MIN,,Home,
2026,REG,16,27/12/2026,ARI,,NO,,Home,
2026,REG,16,27/12/2026,NE,,NYJ,,Home,
2026,REG,16,27/12/2026,CAR,,PIT,,Home,
2026,REG,16,27/12/2026,TEN,,LV,,Home,
2026,REG,16,27/12/2026,SF,,KC,,Home,
2026,REG,16,27/12/2026,JAX,,DAL,,Home,
2026,REG,16,28/12/2026,NYG,,DET,,Home,
2026,REG,17,31/12/2026,BAL,,CIN,,Home,
2026,REG,17,03/01/2027,NO,,ATL,,Home,
2026,REG,17,03/01/2027,SEA,,CAR,,Home,
2026,REG,17,03/01/2027,IND,,CLE,,Home,
2026,REG,17,03/01/2027,NYG,,DAL,,Home,
2026,REG,17,03/01/2027,WAS,,JAX,,Home,
2026,REG,17,03/01/2027,KC,,LAC,,Home,
2026,REG,17,03/01/2027,BUF,,MIA,,Home,
2026,REG,17,03/01/2027,DEN,,NE,,Home,
2026,REG,17,03/01/2027,MIN,,NYJ,,Home,
2026,REG,17,03/01/2027,LA,,TB,,Home,
2026,REG,17,03/01/2027,PIT,,TEN,,Home,
2026,REG,17,03/01/2027,LV,,ARI,,Home,
2026,REG,17,03/01/2027,DET,,CHI,,Home,
2026,REG,17,03/01/2027,PHI,,SF,,Home,
2026,REG,17,04/01/2027,HOU,,GB,,Home,
2026,REG,18,10/01/2027,SF,,ARI,,Home,
2026,REG,18,10/01/2027,PIT,,BAL,,Home,
2026,REG,18,10/01/2027,NYJ,,BUF,,Home,
2026,REG,18,10/01/2027,ATL,,CAR,,Home,
2026,REG,18,10/01/2027,CLE,,CIN,,Home,
2026,REG,18,10/01/2027,LAC,,DEN,,Home,
2026,REG,18,10/01/2027,DET,,GB,,Home,
2026,REG,18,10/01/2027,TEN,,HOU,,Home,
2026,REG,18,10/01/2027,JAX,,IND,,Home,
2026,REG,18,10/01/2027,LV,,KC,,Home,
2026,REG,18,10/01/2027,SEA,,LA,,Home,
2026,REG,18,10/01/2027,CHI,,MIN,,Home,
2026,REG,18,10/01/2027,MIA,,NE,,Home,
2026,REG,18,10/01/2027,TB,,NO,,Home,
2026,REG,18,10/01/2027,PHI,,NYG,,Home,
2026,REG,18,10/01/2027,DAL,,WAS,,Home,
